ID,LegacySlotIndex,TriggerType,Charges,CoolDownMSec,CategoryCoolDownMSec,SpellCategoryID,SpellID,ChrSpecializationID,PlayerConditionID,ParentItemID
27737,0,1,0,-1,-1,0,52172,0,0,134017
27738,1,0,0,1500,-1,0,51149,0,0,134017
27740,0,0,0,1500,3000,1476,52172,0,0,134019
97043,0,2,0,-1,-1,0,18077,0,0,899
97045,0,0,0,-1,-1,0,472,0,0,903
97046,0,0,-1,-1,-1,0,483,0,0,1105
97049,0,0,0,0,0,0,581,0,0,1042
97050,0,0,0,0,0,0,580,0,0,1043
97051,0,0,0,0,0,0,579,0,0,1044
97053,0,0,-1,-1,-1,0,8176,0,0,1187
97054,0,0,-1,-1,-1,0,483,0,0,1101
97055,0,0,-1,1000,0,0,54497,0,0,1177
97056,0,0,-1,0,60000,24,1940,0,0,1178
97057,0,0,-1,-1,-1,0,483,0,0,986
97058,0,0,-1,-1,-1,0,483,0,0,989
97059,0,0,0,3600000,0,0,18831,0,0,1315
97060,0,2,0,-1,-1,0,13480,0,0,1318
97061,0,0,-1,-1,-1,0,483,0,0,1136
97062,0,0,-1,-1,-1,0,483,0,0,1138
97063,0,0,-1,-1,-1,0,483,0,0,1139
97064,0,0,-1,-1,-1,0,483,0,0,1108
97065,0,0,-1,-1,-1,0,483,0,0,1109
97066,0,0,-1,-1,-1,0,483,0,0,1111
97067,0,0,-1,0,0,0,483,0,0,1052
97068,0,0,-1,0,1000,11,5005,0,0,724
97069,0,0,-1,-1,-1,0,483,0,0,728
97070,0,2,0,-1,-1,0,17504,0,0,809
97071,0,2,0,-1,-1,0,13439,0,0,810
97072,0,0,-1,0,1000,11,435,0,0,733
97073,0,0,-1,300000,60000,4,3591,0,0,737
97075,1,1,0,-1,-1,0,5707,0,0,833
97076,0,0,-1,0,60000,24,8312,0,0,835
97077,0,0,-1,0,1000,11,433,0,0,787
97078,0,0,-1,-1,-1,0,29467,0,0,23545
97080,0,0,0,-1,-1,0,459,0,0,842
97081,0,0,-1,-1,-1,0,483,0,0,1093
97082,0,0,-1,-1,-1,0,483,0,0,1095
97083,0,0,-1,-1,-1,0,483,0,0,1096
97084,0,0,-1,-1,-1,0,483,0,0,1099
97086,0,0,-1,0,0,0,483,0,0,1048
97087,0,2,0,-1,-1,0,18797,0,0,871
97089,0,0,-1,-1,-1,0,458,0,0,875
97090,0,2,0,-1,-1,0,8552,0,0,880
97091,0,0,-1,0,0,0,483,0,0,1049
97092,0,0,-1,0,1000,11,5006,0,0,1082
97093,2,1,0,-1,-1,0,18074,0,0,867
97097,0,0,-1,-1,-1,0,483,0,0,1086
97098,0,0,-1,-1,-1,0,483,0,0,1141
97099,0,0,-1,-1,-1,0,483,0,0,1144
97100,0,0,-1,-1,-1,0,483,0,0,1146
97101,0,0,-1,-1,-1,0,483,0,0,1149
97102,0,0,-1,-1,-1,0,483,0,0,1150
97103,0,0,-1,-1,-1,0,483,0,0,1151
97104,0,0,-1,0,1000,11,434,0,0,414
97105,0,0,-1,0,1000,11,435,0,0,422
97106,0,0,-1,-1,-1,0,483,0,0,1087
97107,0,0,-1,-1,-1,0,483,0,0,1088
97108,0,0,-1,0,1000,11,5006,0,0,1017
97109,0,0,-1,0,0,11,7291,0,0,1165
97110,0,0,-1,0,1000,11,433,0,0,961
97111,0,1,0,-1,-1,0,18815,0,0,1168
97112,1,1,0,-1,-1,0,18816,0,0,1168
97113,0,0,-1,-1,-1,4,431,0,0,1267
97114,0,2,0,-1,-1,0,18208,0,0,1265
97115,0,0,-1,-1,-1,0,483,0,0,1084
97116,0,0,-1,-1,-1,0,483,0,0,1085
97117,0,0,-1,-1,-1,0,483,0,0,1089
97118,0,0,-1,-1,-1,0,483,0,0,966
97119,0,0,-1,-1,1000,11,434,0,0,1321
97120,0,0,-1,-1,120000,1153,7396,0,0,1322
97121,0,0,-1,0,1000,11,434,0,0,1113
97122,0,0,-1,0,1000,11,435,0,0,1114
97123,0,0,-1,-1,1000,11,435,0,0,1119
97125,0,0,-1,-1,-1,4,432,0,0,1268
97126,0,0,0,-1,-1,0,468,0,0,1122
97127,0,0,0,-1,-1,0,472,0,0,1123
97128,0,0,0,-1,-1,0,471,0,0,1124
97129,0,0,-1,0,60000,24,145727,0,0,1127
97131,0,0,-1,1000,-1,0,8118,0,0,954
97132,0,0,-1,-1,-1,0,483,0,0,976
97133,0,0,-1,1000,-1,0,8096,0,0,955
97134,0,0,-1,0,1000,11,433,0,0,761
97135,0,0,-1,-1,-1,0,483,0,0,967
97136,0,0,-1,-1,-1,0,483,0,0,968
97137,0,0,-1,-1,-1,0,483,0,0,973
97138,0,0,-1,-1,-1,0,483,0,0,974
97139,0,0,-1,-1,-1,0,483,0,0,1224
97140,0,0,-1,-1,-1,0,483,0,0,1228
97141,0,0,-1,1000,-1,0,145728,0,0,1176
97142,0,0,-1,-1,-1,0,483,0,0,1091
97143,0,0,-1,-1,-1,0,483,0,0,1092
97144,0,0,-1,-1,-1,0,483,0,0,975
97145,0,0,-1,0,0,0,483,0,0,1053
97146,0,0,-1,0,0,0,483,0,0,1057
97147,0,0,-1,0,0,0,483,0,0,1061
97148,0,0,-1,-1,120000,4,438,0,0,1072
97149,0,2,0,-1,-1,0,13524,0,0,934
97150,0,2,0,-1,-1,0,144252,0,0,937
97151,0,0,0,900000,0,0,18820,0,0,940
97152,0,2,0,-1,-1,0,13752,0,0,869
97153,0,0,-1,0,0,0,483,0,0,1038
97154,0,0,0,30000,-1,0,47,0,0,941
97155,1,1,0,-1,-1,0,18799,0,0,942
97160,0,0,0,-1,-1,0,458,0,0,823
97164,0,0,-1,60000,30000,29,1139,0,0,1704
97165,0,2,0,-1,-1,0,16401,0,0,1726
97166,0,2,0,-1,-1,0,13528,0,0,1727
97167,0,0,-1,0,60000,4,441,0,0,929
97168,0,0,-1,0,0,0,483,0,0,1029
97169,0,0,-1,0,0,0,483,0,0,1030
97170,0,0,-1,0,0,0,483,0,0,1031
97171,0,0,-1,0,0,0,483,0,0,1032
97172,0,0,-1,0,0,0,483,0,0,1033
97173,0,0,-1,0,0,0,483,0,0,1034
97174,0,0,-1,-1,-1,0,483,0,0,1559
97175,0,0,-1,-1,-1,0,483,0,0,1641
97176,0,0,-1,0,1000,59,1135,0,0,1645
97177,0,0,-1,-1,-1,0,483,0,0,1648
97179,0,0,-1,-1,-1,0,483,0,0,1568
97180,0,0,-1,-1,-1,0,483,0,0,1655
97181,0,0,-1,-1,-1,0,483,0,0,1657
97182,0,0,-1,0,0,0,483,0,0,1035
97183,0,0,-1,0,0,0,483,0,0,1037
97184,0,0,-1,-1,3000,330,55884,0,0,1132
97185,0,0,-1,-1,3000,330,55884,0,0,1133
97186,0,0,-1,-1,3000,330,55884,0,0,1134
97187,0,0,-1,0,120000,1153,8070,0,0,1970
97188,0,0,0,60000,-1,0,403,0,0,1914
97190,0,0,-1,0,60000,24,49512,0,0,1399
97191,0,0,-1,0,300000,28,65,0,0,1400
97193,0,0,0,300000,0,0,8736,0,0,1933
97194,0,0,-1,-1,-1,0,3366,0,0,2363
97195,0,0,-1,0,0,0,483,0,0,1603
97196,0,0,-1,-1,-1,0,483,0,0,1231
97197,0,0,-1,-1,-1,0,483,0,0,1232
97198,0,0,-1,-1,-1,0,483,0,0,1238
97199,0,0,-1,-1,-1,0,483,0,0,1239
97200,0,0,-1,-1,-1,0,483,0,0,1243
97201,0,0,-1,-1,-1,0,483,0,0,1245
97202,0,2,0,-1,-1,0,18090,0,0,1986
97203,0,0,-1,0,1000,11,433,0,0,2070
97204,0,0,-1,0,0,59,430,0,0,2071
97205,0,0,-1,0,1000,150,746,0,0,1251
97209,0,0,0,30000,0,0,4960,0,0,1352
97211,0,0,0,30000,30000,24,133,0,0,1258
97212,0,0,-1,-1,-1,0,483,0,0,1334
97213,0,0,-1,-1,-1,0,483,0,0,992
97214,0,0,-1,-1,-1,0,483,0,0,994
97215,0,0,0,-1,-1,0,133,0,0,996
97216,0,2,0,-1,-1,0,89,0,0,997
97217,0,0,-1,-1,-1,0,483,0,0,1004
97218,0,0,-1,0,1000,59,430,0,0,159
97219,0,0,-1,-1,-1,0,483,0,0,3114
97220,0,0,-1,-1,-1,0,483,0,0,1651
97221,0,0,-1,0,60000,24,13424,0,0,1434
97222,0,0,-1,-1,-1,0,483,0,0,1339
97223,0,0,-1,-1,-1,0,483,0,0,1341
97225,0,0,-1,-1,-1,0,483,0,0,1567
97226,0,2,0,-1,-1,0,13440,0,0,1481
97227,0,0,-10,0,60000,24,5917,0,0,1191
97228,0,0,-1,-1,-1,0,483,0,0,1246
97229,0,0,-1,-1,-1,0,483,0,0,1250
97230,0,0,-1,-1,-1,0,483,0,0,1554
97231,0,2,0,-1,-1,0,144268,0,0,1482
97233,0,0,-1,0,1000,11,1127,0,0,1487
97234,0,0,-1,-1,-1,0,483,0,0,985
97235,0,0,0,1800000,0,0,12257,0,0,744
97236,0,0,-3,60000,20000,29,370,0,0,1995
97237,0,0,-5,-1,1000,59,5257,0,0,1262
97238,0,0,-10,30000,30000,29,835,0,0,1472
97239,0,1,0,-1,-1,0,19409,0,0,1979
97243,0,0,-1,1000,-1,0,8116,0,0,1477
97244,0,0,-1,1000,-1,0,8094,0,0,1478
97245,0,0,-1,-1,-1,0,483,0,0,1658
97249,0,0,-1,-1,-1,0,483,0,0,1886
97250,0,0,-1,-1,1000,11,434,0,0,1326
97251,0,0,-1,0,1000,11,1127,0,0,1707
97252,0,0,-1,0,1000,59,1133,0,0,1708
97254,0,0,-1,-1,-1,0,483,0,0,1676
97255,0,0,-1,-1,-1,0,483,0,0,3090
97256,0,2,0,-1,-1,0,144250,0,0,1982
97258,0,0,-1,0,0,0,483,0,0,1619
97260,0,0,-1,0,0,0,483,0,0,1597
97261,0,2,0,-1,-1,0,18086,0,0,1728
97262,0,0,-1,-1,-1,0,483,0,0,1229
97263,0,0,-1,-1,-1,0,9437,0,0,7586
97265,0,0,-1,0,3000,79,2374,0,0,2457
97267,0,0,0,1800000,0,0,18826,0,0,1447
97268,0,0,-1,0,60000,4,806,0,0,1450
97269,0,0,-1,-1,-1,0,483,0,0,1112
97270,0,0,-1,0,1000,59,431,0,0,1179
97271,0,0,-1,1000,-1,0,8099,0,0,1180
97272,0,0,-1,1000,-1,0,8112,0,0,1181
97273,0,0,-1,-1,-1,0,29475,0,0,23547
97274,0,0,-1,0,1000,11,833,0,0,1401
97277,0,0,-1,-1,-1,0,29483,0,0,23548
97278,0,0,-1,-1,-1,0,483,0,0,1328
97279,0,1,0,0,0,0,18097,0,0,1204
97280,0,0,-1,0,1000,59,432,0,0,1205
97281,0,0,-1,0,60000,4,2024,0,0,1710
97282,0,0,-1,1000,-1,0,8100,0,0,1711
97283,0,0,-1,1000,-1,0,8113,0,0,1712
97284,0,0,0,300000,0,0,14053,0,0,1713
97286,0,0,-1,-1,-1,0,483,0,0,1681
97289,0,0,0,60000,-1,0,1139,0,0,1854
97290,0,0,-1,-1,-1,0,483,0,0,1877
97292,0,0,-1,-1,-1,0,483,0,0,1882
97293,0,0,-1,-1,-1,0,483,0,0,1534
97294,0,2,0,-1,-1,0,16409,0,0,3822
97295,0,0,-1,-1,-1,0,483,0,0,3612
97296,0,0,-1,0,60000,4,2379,0,0,2459
97297,0,0,-1,-1,-1,0,2006,0,0,3438
97298,0,0,-10,30000,-1,0,89,0,0,3441
97299,0,0,-1,0,0,0,483,0,0,4179
97301,0,0,-1,0,1000,11,5004,0,0,2680
97302,0,0,-1,0,1000,11,433,0,0,2681
97303,0,0,-1,0,1000,11,2639,0,0,2682
97304,0,0,-1,0,1000,11,5005,0,0,2683
97306,0,0,-1,-1,-1,0,3366,0,0,3499
97307,0,0,-1,0,1000,11,435,0,0,3770
97308,0,0,-1,0,1000,11,5005,0,0,2684
97309,0,0,-1,-1,-1,0,483,0,0,3118
97312,0,0,-1,0,-1,0,3112,0,0,3239
97314,0,0,-1,0,1000,11,1127,0,0,3771
97315,0,0,-1,0,1000,59,1133,0,0,3772
97316,0,0,-1,-1,-1,0,483,0,0,3146
97317,0,0,-1,-1,60000,24,700,0,0,3434
97318,0,0,0,-1,-1,0,8913,0,0,2808
97319,0,0,-1,-1,-1,0,3366,0,0,3467
97320,0,0,-1,-1,-1,0,483,0,0,3139
97322,0,0,-1,-1,-1,0,483,0,0,3096
97324,0,0,-1,0,0,0,2828,0,0,2862
97325,0,0,-1,0,0,0,2829,0,0,2863
97327,0,0,-1,0,1000,11,5006,0,0,3665
97328,0,0,-1,-1,-1,0,483,0,0,3097
97329,0,0,-1,-1,-1,0,483,0,0,3098
97330,0,2,0,0,0,0,144268,0,0,2256
97331,0,0,-1,-1,-1,0,483,0,0,3094
97332,0,0,-1,-1,-1,0,483,0,0,3095
97333,0,0,-1,-1,-1,0,483,0,0,3092
97334,0,0,-1,-1,-1,0,483,0,0,3093
97335,0,0,-1,0,0,0,483,0,0,4183
97336,0,0,-1,0,0,0,483,0,0,4185
97337,0,2,0,-1,-1,0,18199,0,0,2299
97338,0,0,-1,-1,-1,0,483,0,0,2406
97339,0,0,-1,-1,-1,0,483,0,0,2407
97340,0,0,-1,-1,-1,0,483,0,0,2408
97341,0,0,-1,-1,-1,0,483,0,0,2409
97342,0,2,0,-1,-1,0,9796,0,0,3687
97343,1,2,0,-1,-1,0,13441,0,0,3687
97344,2,2,0,-1,-1,0,13438,0,0,3687
97346,0,0,-1,0,3000,79,3164,0,0,3391
97348,0,0,-1,0,3000,79,3166,0,0,3383
97350,0,0,-1,0,60000,4,438,0,0,3385
97351,0,0,-10,1800000,-1,0,1459,0,0,1912
97352,0,0,-1,-1,-1,0,483,0,0,4211
97353,0,0,-1,0,0,0,483,0,0,4170
97355,0,0,-1,0,0,79,483,0,0,3394
97356,0,2,0,-1,-1,0,144272,0,0,1387
97357,0,0,-1,0,120000,1153,4071,0,0,4366
97358,0,0,-1,1000,-1,0,4056,0,0,4367
97359,0,0,-1,0,1000,59,11008,0,0,2596
97360,0,0,-1,-1,-1,0,483,0,0,2598
97363,0,0,-1,-1,-1,0,483,0,0,4217
97364,0,0,-1,-1,-1,0,483,0,0,1536
97365,0,0,0,900000,0,0,835,0,0,1404
97366,0,0,-1,-1,-1,0,483,0,0,1571
97367,0,0,-1,0,0,0,483,0,0,1589
97368,0,1,0,-1,-1,0,144317,0,0,3475
97369,0,0,-1,0,600000,4,3680,0,0,3823
97370,0,0,-1,-1,-1,0,483,0,0,3872
97371,0,0,-1,-1,-1,0,483,0,0,3873
97372,0,0,-1,0,0,0,483,0,0,1591
97373,0,0,-1,-1,-1,0,483,0,0,4355
97375,0,0,-1,-1,-1,0,483,0,0,3874
97377,0,0,-1,-1,-1,0,483,0,0,4216
97378,0,0,-1,0,3000,79,2381,0,0,2461
97379,0,0,-1,0,1000,11,5005,0,0,3662
97380,0,0,-1,0,0,0,483,0,0,4171
97381,0,0,-1,-1,-1,0,483,0,0,4356
97384,0,0,-1,-1,-1,0,483,0,0,2553
97386,0,0,-1,0,1000,59,432,0,0,2136
97387,0,0,-1,-1,-1,0,483,0,0,3119
97388,0,0,-1,-1,-1,0,483,0,0,3120
97389,0,0,-1,-1,-1,0,483,0,0,3121
97390,0,0,-1,-1,3000,330,55884,0,0,2411
97392,0,1,0,-1,-1,0,29625,0,0,2099
97394,0,0,-1,-1,-1,0,483,0,0,2601
97396,0,0,-1,-1,-1,0,483,0,0,3102
97397,0,0,-1,0,0,0,2830,0,0,2871
97398,0,0,-1,1000,-1,0,8119,0,0,2289
97399,0,0,-1,1000,-1,0,8097,0,0,2290
97401,0,0,-1,-1,-1,0,11007,0,0,2686
97402,0,0,-1,0,1000,11,5005,0,0,2687
97404,0,2,0,-1,-1,0,18091,0,0,2000
97406,0,0,-1,0,1000,11,433,0,0,2679
97407,0,0,-1,0,-1,0,11007,0,0,2894
97410,0,0,-1,0,0,0,483,0,0,3132
97411,0,0,-1,-1,-1,0,483,0,0,2881
97414,0,2,0,-1,-1,0,14119,0,0,2263
97415,0,0,-1,0,0,0,483,0,0,3130
97418,0,0,-1,-1,-1,0,483,0,0,2698
97419,0,0,-1,0,0,0,483,0,0,3127
97420,0,0,-1,0,1000,59,431,0,0,2288
97422,0,2,0,-1,-1,0,18217,0,0,2205
97423,0,2,0,-1,-1,0,17153,0,0,2291
97424,0,0,-1,0,0,0,483,0,0,3129
97425,0,0,-1,-1,-1,0,483,0,0,2404
97426,0,0,-1,-1,-1,0,483,0,0,2405
97427,0,0,-1,0,0,0,483,0,0,3133
97428,0,0,-1,-1,-1,0,483,0,0,3134
97430,0,0,-1,0,1000,59,11007,0,0,2723
97431,0,0,-1,-1,-1,0,483,0,0,3089
97432,0,0,-1,-1,-1,0,483,0,0,3611
97433,0,1,0,-1,-1,0,29501,0,0,2824
97434,0,1,0,-1,-1,0,29624,0,0,2825
97435,0,2,0,-1,-1,0,144271,0,0,3194
97437,0,0,0,1800000,0,0,14530,0,0,2820
97438,0,0,-1,-1,-1,0,483,0,0,3866
97439,0,0,-1,-1,-1,0,483,0,0,3868
97440,0,0,-1,-1,-1,0,483,0,0,3123
97441,0,0,-1,-1,-1,0,483,0,0,3124
97442,0,0,-1,0,0,0,483,0,0,3125
97443,0,0,-1,0,0,0,483,0,0,3126
97444,0,0,0,600000,0,0,13744,0,0,2802
97446,0,0,-1,-1,-1,0,483,0,0,3140
97447,0,0,-1,0,1000,11,5004,0,0,2888
97448,0,0,-1,-1,-1,0,483,0,0,3141
97449,0,0,-1,-1,-1,0,483,0,0,3144
97450,0,0,-1,-1,60000,4,29236,0,0,3087
97451,0,0,-1,-1,-1,0,483,0,0,3088
97453,0,0,-1,-1,-1,0,483,0,0,3875
97454,0,0,-1,-1,-1,0,483,0,0,2882
97455,0,2,0,-1,-1,0,144246,0,0,2163
97456,0,0,-1,-1,-1,0,483,0,0,3869
97457,0,0,-1,-1,-1,0,483,0,0,3870
97458,0,0,-1,-1,-1,0,483,0,0,3871
97459,0,0,-1,-1,-1,0,483,0,0,3091
97460,0,0,-1,-1,-1,0,483,0,0,3678
97461,0,0,-1,-1,-1,0,483,0,0,3679
97462,0,0,-1,-1,-1,0,483,0,0,3832
97463,0,0,-1,-1,-1,0,483,0,0,3608
97466,0,0,0,60000,-1,0,437,0,0,2478
97467,0,0,-1,0,0,59,1135,0,0,3773
97469,0,0,-1,0,3000,79,2378,0,0,2458
97470,0,0,-1,1000,-1,0,8115,0,0,3012
97471,0,0,-1,0,-1,0,3408,0,0,3776
97472,0,0,-1,0,1000,59,11008,0,0,2593
97473,0,0,-1,0,1000,59,11009,0,0,2594
97474,0,0,-1,-1,-1,0,483,0,0,2883
97475,0,0,-1,1000,-1,0,8091,0,0,3013
97476,0,2,0,-1,-1,0,18107,0,0,2164
97477,0,0,-1,-1,-1,0,483,0,0,3099
97478,0,0,-1,-1,-1,0,483,0,0,3100
97479,0,0,-1,-1,3000,330,55884,0,0,2414
97480,0,0,-1,0,1000,59,11009,0,0,2595
97482,0,0,-1,0,1000,11,5006,0,0,3666
97483,0,0,-1,0,1000,11,435,0,0,2685
97484,0,2,0,-1,-1,0,16409,0,0,2912
97485,0,0,-1,0,60000,24,1090,0,0,2091
97488,0,0,-1,-1,-1,0,483,0,0,3113
97489,0,2,0,-1,-1,0,18803,0,0,2243
97491,0,0,-5,120000,-1,0,9489,0,0,7667
97492,0,0,-1,-1,3000,330,55884,0,0,2413
97493,0,2,0,-1,-1,0,16415,0,0,2915
97494,0,0,-1,-1,-1,0,483,0,0,2699
97495,0,0,-1,-1,-1,0,483,0,0,2701
97496,0,0,-1,0,1000,11,5005,0,0,3220
97497,0,0,-1,0,60000,4,4042,0,0,3928
97498,0,0,-1,-1,-1,0,483,0,0,5141
97500,0,0,-1,-1,-1,0,483,0,0,4223
97501,0,0,-1,1000,0,0,3594,0,0,3824
97502,0,0,-1,-1,-1,0,483,0,0,4226
97503,0,0,-1,-1,-1,0,483,0,0,4351
97504,0,0,-1,-1,-1,0,483,0,0,4352
97505,0,0,-1,-1,-1,0,483,0,0,4353
97506,0,0,-1,0,60000,24,4068,0,0,4390
97508,0,0,-1,-1,-1,0,483,0,0,5163
97509,0,0,-1,-1,-1,0,483,0,0,4411
97510,0,0,0,2000,-1,0,4954,0,0,4704
97511,0,0,-1,10000,-1,0,4130,0,0,4481
97512,0,0,-1,-1,0,0,55884,0,0,4401
97513,0,0,-1,0,0,0,483,0,0,4176
97514,0,0,-1,0,0,0,483,0,0,4177
97515,0,0,-1,0,0,0,483,0,0,4178
97516,0,0,-1,600000,60000,24,4078,0,0,4391
97517,0,0,-1,0,120000,1153,4072,0,0,4392
97518,0,0,-1,-1,-1,0,483,0,0,5126
97519,0,0,-1,-1,-1,0,483,0,0,5127
97520,0,0,-1,-1,-1,0,483,0,0,4218
97521,0,0,-1,-1,-1,0,483,0,0,4220
97522,0,0,-1,-1,-1,0,483,0,0,4221
97523,0,0,-1,-1,-1,0,483,0,0,5142
97524,0,0,-1,-1,-1,0,483,0,0,5153
97525,0,0,0,-1,-1,0,1538,0,0,3710
97526,0,0,-1,-1,-1,0,483,0,0,5129
97527,0,0,-1,-1,-1,0,483,0,0,4282
97528,0,0,-1,-1,-1,0,483,0,0,4283
97529,0,0,-1,10000,-1,0,5316,0,0,5165
97530,0,0,-1,-1,-1,0,483,0,0,4296
97531,0,0,-1,-1,-1,0,483,0,0,4297
97532,0,0,-1,-1,-1,0,483,0,0,4298
97533,0,0,-1,-1,-1,0,483,0,0,4300
97535,0,0,-1,-1,-1,0,3670,0,0,3930
97536,0,0,-3,1000,0,0,4318,0,0,4546
97538,0,0,-1,-1,-1,0,483,0,0,4225
97539,0,0,-1,600000,60000,24,6084,0,0,5332
97542,0,0,-1,0,1000,11,433,0,0,5349
97544,0,0,-1,0,1000,11,434,0,0,2287
97546,0,0,-1,-1,-1,0,3974,0,0,4405
97547,0,0,-1,1000,-1,0,3975,0,0,4406
97548,0,0,-1,-1,-1,0,483,0,0,4161
97549,0,0,-1,-1,-1,0,483,0,0,4162
97550,0,0,-1,0,1000,59,430,0,0,5350
97551,0,0,-1,0,1000,11,5006,0,0,3726
97554,0,2,0,-1,-1,0,18078,0,0,3336
97555,0,0,-1,0,0,0,483,0,0,4188
97556,0,0,-1,0,0,0,483,0,0,4189
97557,0,0,0,1200000,15000,1141,9174,0,0,4264
97558,0,0,-1,1000,-1,0,2833,0,0,4265
97559,0,0,-1,0,3000,79,2367,0,0,2454
97560,0,0,-1,0,60000,4,437,0,0,2455
97561,0,0,-1,0,60000,4,2370,0,0,2456
97562,0,0,-1,0,1000,11,5006,0,0,3727
97563,0,0,-1,-1,-1,0,483,0,0,3138
97564,0,0,-1,-1,-1,0,483,0,0,4267
97565,0,0,-1,0,1000,11,5007,0,0,4457
97566,0,0,-1,1000,-1,0,8101,0,0,4422
97567,0,0,-1,-1,-1,0,483,0,0,4165
97568,0,0,-1,-1,-1,0,483,0,0,4166
97569,0,0,-1,-1,-1,0,483,0,0,4167
97570,0,0,-1,0,0,0,483,0,0,4168
97571,0,0,-1,0,0,0,483,0,0,4169
97572,0,0,-1,-1,-1,0,483,0,0,4268
97574,0,0,-1,0,1000,11,435,0,0,4593
97575,0,0,-1,0,1000,11,1127,0,0,4594
97576,0,0,-1,0,1000,59,11009,0,0,4595
97578,0,0,-1,-1,-1,0,4975,0,0,4750
97579,0,0,-1,-1,-1,0,483,0,0,4141
97581,0,0,-1,-1,-1,0,483,0,0,4143
97582,0,0,-1,-1,-1,0,483,0,0,4301
97583,0,0,-1,-1,-1,0,483,0,0,4147
97586,0,0,-1,0,60000,24,4062,0,0,4598
97587,0,0,-1,0,1000,59,11009,0,0,4600
97588,0,0,-1,0,1000,11,1129,0,0,4601
97589,0,0,-1,0,1000,11,1129,0,0,4602
97590,0,0,-1,0,1000,11,1127,0,0,4603
97591,0,0,-1,-1,-1,0,483,0,0,4624
97592,0,0,-1,-1,-1,0,483,0,0,4416
97593,0,0,-1,-1,-1,0,483,0,0,4157
97594,0,0,-1,-1,-1,0,483,0,0,4158
97595,0,0,-1,0,1000,11,434,0,0,4592
97596,0,0,-1,-1,-1,0,483,0,0,4412
97597,0,0,-1,-1,-1,0,483,0,0,4413
97598,0,0,-1,-1,-1,0,483,0,0,4414
97599,0,0,-1,-1,-1,0,483,0,0,4415
97600,0,0,-1,10000,-1,0,4131,0,0,4480
97601,0,2,0,-1,-1,0,13496,0,0,4090
97602,0,0,-1,-1,-1,0,483,0,0,5484
97603,0,0,-1,-1,-1,0,483,0,0,5485
97604,0,1,0,-1,-1,0,9133,0,0,4248
97605,0,0,-1,-1,-1,0,483,0,0,4409
97606,0,0,-1,-1,-1,0,483,0,0,4410
97609,0,0,-1,-1,-1,0,483,0,0,3115
97610,0,0,-1,0,60000,24,4065,0,0,4370
97611,0,0,-1,0,60000,4,440,0,0,4596
97612,0,0,-1,-1,-1,0,483,0,0,4597
97613,0,0,-1,-1,-1,0,483,0,0,4163
97614,0,0,-1,-1,-1,0,483,0,0,4345
97615,0,0,-1,-1,-1,0,483,0,0,4202
97616,0,0,-1,0,-1,0,3113,0,0,3240
97617,0,0,-1,0,-1,0,3114,0,0,3241
97618,0,0,-1,-1,-1,0,483,0,0,4198
97619,0,0,-1,-1,-1,0,483,0,0,4199
97620,0,0,-10,300000,120000,1153,18805,0,0,4381
97621,0,0,-5,5000,-1,0,65,0,0,3507
97622,0,0,-1,-1,-1,0,483,0,0,3682
97623,0,0,-1,0,1000,11,1127,0,0,4544
97624,0,0,-1,-1,-1,0,483,0,0,4354
97625,0,0,-1,60000,60000,24,4054,0,0,4358
97626,0,0,-1,-1,-1,0,483,0,0,3395
97627,0,0,-1,-1,-1,0,483,0,0,4293
97628,0,0,-1,-1,-1,0,483,0,0,4294
97629,0,0,-1,-1,-1,0,483,0,0,4295
97630,0,0,-1,0,1000,11,5006,0,0,3663
97631,0,0,-1,0,1000,11,5006,0,0,3664
97633,0,0,0,3600000,0,0,4079,0,0,4397
97634,0,0,-1,1000,-1,0,4075,0,0,4398
97635,0,0,-1,-1,-1,0,483,0,0,4347
97636,0,0,-1,-1,-1,0,483,0,0,2554
97637,0,2,0,-1,-1,0,3742,0,0,3278
97638,0,0,-1,-1,-1,0,483,0,0,4212
97639,0,0,-1,-1,-1,0,483,0,0,3116
97640,0,0,-1,-1,-1,0,483,0,0,4348
97641,0,0,-1,-1,-1,0,483,0,0,4350
97642,0,0,-1,-1,-1,0,483,0,0,4152
97643,0,0,-1,-1,-1,0,483,0,0,4153
97648,0,0,-1,-1,-1,0,483,0,0,4154
97649,0,0,-1,-1,-1,0,483,0,0,4155
97650,0,0,-1,-1,-1,0,483,0,0,4156
97651,0,0,-1,0,1000,11,434,0,0,4605
97652,0,0,-1,0,1000,11,435,0,0,4606
97653,0,0,-1,0,1000,11,1127,0,0,4607
97654,0,0,0,600000,60000,1141,9515,0,0,3456
97655,0,0,-1,-1,-1,0,483,0,0,3609
97656,0,0,-1,1000,0,0,3595,0,0,3829
97657,0,0,-1,-1,-1,0,483,0,0,3830
97658,0,0,-1,0,1000,11,5007,0,0,3728
97659,0,0,-1,0,1000,11,5007,0,0,3729
97660,0,0,-1,-1,-1,0,483,0,0,4207
97661,0,0,-1,-1,-1,0,483,0,0,4208
97662,0,0,-1,-1,-1,0,483,0,0,4209
97663,1,0,-3,0,120000,100,5405,0,0,5513
97664,1,0,-3,0,120000,100,5405,0,0,5514
97665,0,0,-1,0,0,0,483,0,0,4172
97666,0,0,-1,-1,-1,0,483,0,0,3396
97667,0,0,-5,900000,0,0,4077,0,0,4386
97668,0,0,-1,-1,-1,0,483,0,0,3610
97669,0,0,-1,-1,-1,0,483,0,0,4215
97670,0,0,-1,0,1000,59,6114,0,0,5342
97671,0,0,-1,-1,-1,0,483,0,0,4417
97672,0,0,-1,0,1000,11,1129,0,0,4418
97673,0,0,-1,1000,-1,0,8098,0,0,4419
97675,0,0,-1,-1,1000,11,2639,0,0,3448
97676,0,0,-1,0,3000,79,3220,0,0,3389
97677,0,0,-1,0,3000,79,3160,0,0,3390
97678,0,0,-1,1000,-1,0,8095,0,0,4421
97679,0,0,-1,-1,-1,0,483,0,0,4210
97680,0,0,-1,0,60000,24,4066,0,0,4374
97681,0,0,-5,900000,0,0,4057,0,0,4376
97682,0,0,-1,0,0,0,483,0,0,4173
97683,0,0,-1,1000,-1,0,2831,0,0,2304
97684,0,0,-1,0,60000,24,4074,0,0,4384
97685,0,0,-1,-1,-1,0,4239,0,0,4529
97686,0,0,-1,0,60000,24,4062,0,0,4378
97687,0,0,-1,-1,-1,0,483,0,0,3735
97688,0,0,-1,-1,-1,0,483,0,0,3736
97689,0,0,-1,-1,-1,0,483,0,0,3737
97690,0,0,-1,-1,-1,0,483,0,0,4164
97691,0,0,-1,0,3000,79,6512,0,0,3828
97692,0,0,-1,0,60000,24,4069,0,0,4394
97693,0,0,-1,0,0,0,483,0,0,4180
97694,0,0,-1,-1,-1,0,483,0,0,3680
97695,0,0,-1,-1,-1,0,483,0,0,3681
97696,0,0,-1,-1,-1,0,4977,0,0,4760
97697,1,1,0,-1,-1,0,4977,0,0,4760
97698,0,0,-8,0,60000,24,4067,0,0,4403
97699,0,0,-1,0,0,0,483,0,0,4181
97700,0,0,-1,0,60000,79,26677,0,0,3386
97701,0,0,-1,0,3000,79,3219,0,0,3382
97702,0,0,-1,0,60000,24,4061,0,0,4365
97703,0,0,-1,-1,-1,0,483,0,0,4609
97704,0,0,-1,-1,-1,0,483,0,0,4206
97705,0,0,-1,0,1000,11,434,0,0,4537
97706,0,0,-1,0,1000,11,435,0,0,4538
97707,0,0,-1,0,1000,11,1127,0,0,4539
97708,0,0,-1,0,1000,11,433,0,0,4540
97709,1,2,0,-1,-1,0,144251,0,0,3854
97711,0,1,0,-1,-1,0,14565,0,0,3566
97712,0,0,-1,0,3000,79,3593,0,0,3825
97713,0,0,-1,0,3000,79,3223,0,0,3826
97714,0,0,-10,30000,0,0,7669,0,0,3251
97715,0,0,-1,0,1000,11,433,0,0,4536
97716,0,0,-1,-1,-1,0,483,0,0,4200
97717,0,0,-1,-1,-1,0,483,0,0,4201
97718,0,0,-1,0,1000,11,435,0,0,4542
97722,0,0,-1,0,60000,24,4100,0,0,4395
97723,0,0,0,300000,60000,94,4073,0,0,4396
97724,0,0,-1,0,60000,24,4064,0,0,4360
97725,0,0,-1,-1,-1,0,3407,0,0,3745
97726,0,0,-1,1000,-1,0,2832,0,0,2313
97728,0,0,-1,-1,-1,0,483,0,0,2555
97729,0,0,-1,0,0,0,483,0,0,4182
97730,0,0,0,1000,-1,0,3678,0,0,4027
97731,0,0,-1,-1,-1,0,483,0,0,4292
97733,0,0,-1,-1,-1,0,483,0,0,4228
97735,0,0,0,120000,0,0,3607,0,0,3912
97736,0,0,-1,-1,-1,0,483,0,0,2556
97739,0,0,-1,-1,-1,0,483,0,0,7613
97740,0,0,-1,0,0,0,483,0,0,5715
97742,0,0,-1,-1,-1,0,483,0,0,5973
97743,0,0,-1,0,0,0,483,0,0,5711
97744,0,0,-1,0,1000,11,5004,0,0,5472
97745,0,0,-1,-1,-1,0,4976,0,0,5185
97749,0,0,-1,-1,-1,0,483,0,0,5679
97750,0,0,-1,-1,3000,330,55884,0,0,5872
97751,0,0,-1,-1,3000,330,55884,0,0,5873
97752,0,0,-1,-1,3000,330,55884,0,0,5874
97753,0,0,-1,-1,3000,330,55884,0,0,5875
97754,0,0,-1,0,1000,11,7737,0,0,6299
97756,0,0,-1,-1,3000,330,55884,0,0,5655
97757,0,0,-1,-1,-1,0,483,0,0,5577
97758,0,0,-1,-1,-1,0,483,0,0,5578
97759,0,0,0,-1,-1,0,6249,0,0,5396
97760,0,0,-1,-1,-1,0,6250,0,0,5397
97761,0,0,-1,0,1000,59,5909,0,0,5265
97762,0,0,-1,-1,-1,0,483,0,0,6132
97763,0,0,-1,-1,-1,0,483,0,0,5786
97764,0,0,-1,0,60000,4,6724,0,0,5816
97765,0,0,-1,-1,-1,0,483,0,0,5666
97766,0,0,-1,-1,-1,0,483,0,0,5667
97767,0,0,-1,-1,3000,330,55884,0,0,5668
97769,0,0,0,-1,-1,0,3366,0,0,6893
97770,0,0,-1,-1,-1,0,8616,0,0,6897
97771,2,0,0,1800000,0,0,18956,0,0,6898
97775,0,0,-1,-1,-1,0,483,0,0,5727
97781,0,0,-1,-1,-1,0,483,0,0,6211
97782,0,0,-1,1000,-1,0,7407,0,0,6213
97783,0,0,-1,-1,-1,0,483,0,0,5719
97784,0,0,-1,-1,-1,0,483,0,0,5729
97785,0,0,-1,-1,-1,0,483,0,0,5730
97786,0,0,-1,-1,-1,0,483,0,0,5724
97787,0,0,-1,-1,-1,0,483,0,0,5725
97788,0,0,-1,-1,-1,0,483,0,0,5726
97789,0,0,-1,0,1000,11,5006,0,0,5527
97790,0,0,-1,-1,-1,0,483,0,0,5528
97791,0,0,-1,0,1000,11,433,0,0,5057
97792,0,0,-1,-1,-1,0,6902,0,0,5878
97793,0,0,-1,1000,0,0,5140,0,0,5021
97795,0,0,-1,-1,-1,0,483,0,0,5083
97797,0,2,0,-1,-1,0,18197,0,0,5426
97798,0,0,-1,0,60000,24,5134,0,0,4852
97799,0,0,-1,-1,-1,0,4977,0,0,5415
97800,0,0,-1,-1,-1,0,4978,0,0,5416
97801,0,0,-1,0,1000,150,1159,0,0,2581
97802,0,0,-1,-1,-1,0,483,0,0,3683
97803,0,0,-1,0,1000,11,1129,0,0,3927
97804,0,0,-5,0,60000,24,4060,0,0,4388
97805,0,0,0,-1,-1,0,8001,0,0,6145
97806,0,0,-1,-1,-1,0,483,0,0,5789
97807,0,0,-1,-1,-1,0,483,0,0,6330
97808,0,2,0,-1,-1,0,13490,0,0,6331
97809,0,0,-1,-1,-1,0,483,0,0,5685
97810,0,0,-1,0,0,0,483,0,0,5709
97811,0,0,-1,0,0,0,483,0,0,5710
97812,0,0,3,300000,0,0,14134,0,0,5613
97813,0,0,-1,-1,-1,0,483,0,0,6329
97814,0,0,-1,0,1000,11,434,0,0,5066
97815,1,0,-1,-1,-1,0,5206,0,0,5068
97818,0,0,-1,0,60000,4,3169,0,0,3387
97819,0,0,-1,0,3000,79,3222,0,0,3388
97820,0,2,0,-1,-1,0,13491,0,0,2942
97821,0,0,-1,-1,-1,0,483,0,0,5670
97822,0,0,-1,-1,-1,0,483,0,0,5671
97823,0,0,-1,0,0,0,483,0,0,5702
97824,0,2,0,-1,-1,0,18092,0,0,5182
97826,0,0,0,300000,0,0,1139,0,0,5079
97827,0,0,-1,0,1000,11,435,0,0,5526
97828,0,0,-1,0,0,0,5665,0,0,5206
97829,0,0,-1,0,0,0,483,0,0,5703
97830,0,0,-1,1000,0,0,5161,0,0,5052
97831,0,0,-1,0,1000,11,6410,0,0,5473
97832,0,0,-1,0,1000,11,5004,0,0,5474
97833,0,0,-1,-1,-1,0,6527,0,0,5475
97835,0,0,-1,0,0,0,483,0,0,5708
97836,0,0,-1,1000,-1,0,6296,0,0,5421
97837,0,0,0,180000,0,0,7728,0,0,6928
97838,0,0,-5,30000,-1,0,6918,0,0,5880
97839,0,0,-1,0,1000,11,435,0,0,6362
97840,0,0,-1,-1,-1,0,483,0,0,6326
97841,0,0,-1,-1,-1,0,7285,0,0,6074
97842,0,0,-1,0,60000,4,6613,0,0,5633
97843,0,0,-1,-1,-1,0,5666,0,0,5218
97845,0,0,-1,-1,-1,0,6620,0,0,5638
97846,0,0,-1,-1,-1,0,483,0,0,5640
97847,0,0,-1,0,1000,11,6727,0,0,5823
97848,0,0,-1,-1,-1,0,483,0,0,5641
97849,0,0,-1,0,60000,4,6615,0,0,5634
97850,0,0,-1,0,1000,11,5005,0,0,5525
97851,0,0,-1,0,0,0,483,0,0,5698
97852,0,0,-1,0,0,0,483,0,0,5699
97853,0,0,-1,0,0,0,483,0,0,5700
97854,0,0,-1,0,0,0,483,0,0,5701
97855,0,0,-1,0,1000,11,1127,0,0,6807
97856,0,0,-1,-1,-1,0,483,0,0,4280
97857,0,0,-1,-1,-1,0,483,0,0,4281
97858,0,0,-1,0,0,0,483,0,0,5704
97859,0,0,-1,0,0,0,483,0,0,5705
97860,0,0,-1,0,0,0,483,0,0,5706
97861,0,0,-1,0,0,0,483,0,0,5707
97862,0,0,-1,0,1000,11,5005,0,0,5476
97863,0,0,-1,-1,-1,0,483,0,0,5728
97866,0,0,-1,-1,-1,0,4975,0,0,5411
97867,0,0,-1,-1,-1,0,6529,0,0,4882
97868,0,0,0,10000,-1,0,9095,0,0,7308
97869,0,0,-1,-1,-1,0,483,0,0,6401
97870,0,0,-1,-1,-1,0,483,0,0,6348
97871,0,0,-1,-1,-1,0,483,0,0,5156
97873,0,0,-1,-1,-1,0,483,0,0,5158
97874,0,2,0,-1,-1,0,20869,0,0,5815
97875,1,0,-3,0,120000,30,6262,0,0,5512
97876,0,0,-1,-1,-1,0,483,0,0,6376
97877,0,0,-1,-1,-1,0,483,0,0,5677
97878,0,0,-1,0,1000,11,7737,0,0,6303
97879,0,0,0,180000,0,0,8674,0,0,6913
97880,0,0,-1,-1,-1,0,483,0,0,5673
97881,0,0,-1,-1,-1,0,483,0,0,5674
97883,0,2,-1,0,-1,0,2607,0,0,4985
97884,0,0,-1,0,0,0,483,0,0,5154
97885,0,0,-1,0,0,0,483,0,0,5713
97886,0,0,-1,-1,-1,0,483,0,0,5684
97888,0,0,-1,-1,-1,0,483,0,0,5482
97889,0,0,-1,1000,-1,0,8114,0,0,4424
97891,0,0,-1,0,0,0,483,0,0,5139
97892,0,0,-1,-1,-1,0,6630,0,0,5694
97893,0,0,0,600000,1000,59,1135,0,0,4696
97894,0,0,0,-1,-1,0,6974,0,0,5916
97895,0,0,0,1800000,0,0,14053,0,0,5323
97896,0,0,-1,-1,-1,0,483,0,0,5486
97897,0,0,-1,0,1000,59,5020,0,0,4952
97900,0,0,-1,-1,-1,0,483,0,0,5682
97901,0,0,-1,0,1000,11,433,0,0,4604
97902,0,0,-1,-1,-1,0,483,0,0,4284
97903,0,0,-1,-1,-1,0,483,0,0,4285
97904,0,0,0,300000,0,0,5024,0,0,4984
97907,0,0,-1,-1,-1,0,6234,0,0,5338
97908,0,0,-1,-1,-1,0,483,0,0,5683
97909,0,0,-1,-1,-1,0,6310,0,0,5456
97911,0,0,-1,-1,-1,0,5107,0,0,5020
97912,0,0,-1,-1,-1,0,5099,0,0,4986
97913,0,0,-1,-1,-1,0,483,0,0,5974
97914,0,0,-1,0,60000,24,8277,0,0,5457
97915,0,0,-1,0,1000,150,3267,0,0,3530
97916,0,0,-1,0,1000,150,3268,0,0,3531
97917,0,0,-1,-1,-1,0,483,0,0,4287
97918,0,0,-1,-1,-1,0,483,0,0,4288
97920,0,0,-1,1000,-1,0,47004,0,0,5740
97921,0,0,-1,0,0,1153,434,0,0,5205
97922,0,0,1,1000,-1,0,6298,0,0,5387
97923,0,0,-1,10000,-1,0,4132,0,0,4479
97924,0,0,-1,-1,-1,0,483,0,0,6390
97925,0,0,-1,-1,-1,0,6627,0,0,5692
97926,0,0,-1,-1,-1,0,6656,0,0,5693
97927,0,0,-1,0,1000,11,433,0,0,4656
97928,0,0,-1,-1,-1,0,483,0,0,6325
97929,0,0,-1,-1,-1,0,483,0,0,5787
97930,0,0,-1,-1,-1,0,483,0,0,4270
97931,0,0,-1,-1,-1,0,483,0,0,5720
97933,0,0,-1,-1,-1,0,483,0,0,4145
97934,0,0,0,0,0,0,12883,0,0,5507
97935,0,0,-1,-1,-1,0,483,0,0,5131
97936,0,0,-1,-1,-1,0,483,0,0,5132
97938,0,0,-1,-1,-1,0,483,0,0,5721
97939,0,0,-1,-1,-1,0,483,0,0,5722
97940,0,0,-1,-1,-1,0,4954,0,0,4702
97941,0,0,-1,-1,-1,0,4141,0,0,4472
97942,0,0,-1,-1,-1,0,483,0,0,5145
97944,0,0,-1,-1,-1,0,483,0,0,5147
97945,0,0,0,-1,-1,0,3366,0,0,5521
97946,0,2,0,-1,-1,0,16400,0,0,4449
97947,0,0,0,-1,-1,0,265,0,0,5417
97948,0,0,-1,-1,-1,0,4978,0,0,4762
97951,0,0,-1,-1,-1,0,483,0,0,4274
97952,0,0,-1,-1,-1,0,483,0,0,4275
97953,0,0,-1,-1,-1,0,483,0,0,4276
97954,0,0,-1,-1,-1,0,483,0,0,4279
97955,0,0,-1,-1,-1,0,483,0,0,5155
97956,0,0,-1,0,1000,11,5005,0,0,5477
97957,0,0,-1,0,1000,11,435,0,0,5478
97958,0,0,-1,-1,-1,0,483,0,0,5483
97960,0,0,-1,-1,-1,0,483,0,0,5149
97961,0,0,-1,-1,-1,0,483,0,0,5150
97962,0,0,-1,-1,-1,0,483,0,0,5152
97963,0,0,-1,-1,-1,0,483,0,0,4148
97964,0,0,0,300000,0,0,9163,0,0,4262
97965,0,0,-1,-1,-1,0,483,0,0,5488
97966,0,0,-1,-1,-1,0,4975,0,0,4956
97967,0,0,-1,-1,-1,0,483,0,0,4271
97968,0,0,0,-1,-1,0,5,0,0,5418
97969,0,0,-1,-1,-1,0,483,0,0,5489
97970,0,0,-1,-1,-1,0,20707,0,0,5232
97971,0,0,-1,0,1000,59,1133,0,0,4791
97972,0,0,-1,1000,-1,0,8117,0,0,4425
97973,0,0,-1,1000,-1,0,8120,0,0,4426
97974,0,0,-1,0,1000,11,5006,0,0,5479
97975,0,0,-1,-1,-1,0,483,0,0,6377
97976,0,0,5,300000,0,0,14253,0,0,4444
97977,0,2,0,-1,-1,0,13518,0,0,4446
97978,0,0,-1,-1,-1,0,483,0,0,4269
97979,0,1,0,-1,-1,0,4152,0,0,4491
97980,0,0,-1,-1,-1,0,4945,0,0,4639
97981,0,0,0,-1,-1,0,4982,0,0,4640
97982,0,0,-1,-1,-1,0,483,0,0,5680
97983,0,0,-1,-1,-1,0,483,0,0,4149
97984,0,0,-1,-1,-1,0,483,0,0,4150
97986,0,0,-1,-1,-1,0,483,0,0,6391
97987,0,0,-1,-1,-1,0,483,0,0,4272
97988,0,0,-1,-1,-1,0,483,0,0,4273
97989,0,0,-1,0,0,0,483,0,0,5148
97990,0,0,-1,0,60000,24,8312,0,0,4941
97992,0,0,-1,-1,-1,0,483,0,0,5160
97993,0,0,-1,0,0,0,483,0,0,5696
97994,0,0,0,60000,-1,0,6405,0,0,5462
97995,0,0,-1,0,1000,11,434,0,0,5095
97996,0,0,-1,-1,-1,0,16375,0,0,4945
97997,0,0,-1,0,1000,11,5006,0,0,5480
97998,0,0,-1,0,1000,59,5021,0,0,4953
98000,0,0,0,1800000,-1,0,9774,0,0,4328
98002,0,0,-1,-1,-1,0,483,0,0,8801
98007,0,0,-1,0,1000,59,1137,0,0,8766
98009,0,0,-1,-1,-1,0,483,0,0,8771
98010,0,0,-1,-1,-1,0,483,0,0,8772
98011,0,0,0,180000,0,0,8344,0,0,7506
98012,0,0,-1,-1,-1,0,483,0,0,8879
98013,0,0,-1,-1,-1,0,483,0,0,8880
98015,0,0,-1,-1,-1,0,8900,0,0,6638
98016,0,2,0,-1,-1,0,8191,0,0,6622
98017,0,0,-1,1000,-1,0,11544,0,0,9315
98018,0,0,-1,1000,-1,0,11543,0,0,9317
98019,0,0,-1,-1,-1,0,483,0,0,8744
98021,0,1,0,-1,-1,0,7619,0,0,7747
98022,0,0,-1,-1,-1,0,483,0,0,7983
98023,0,0,-1,-1,-1,0,483,0,0,8797
98024,0,2,0,0,0,0,18197,0,0,6472
98025,0,0,-1,1000,1000,11,8213,0,0,6657
98026,0,0,-1,-1,-1,0,6610,0,0,5621
98027,0,0,-1,-1,-1,0,483,0,0,6476
98028,0,0,0,180000,0,0,8913,0,0,7297
98029,0,0,-1,-1,-1,0,483,0,0,8884
98030,0,0,-1,-1,-1,0,483,0,0,8386
98031,0,0,-1,-1,-1,0,483,0,0,8895
98032,0,0,-1,-1,-1,0,9052,0,0,7269
98033,0,0,-1,-1,-1,0,483,0,0,6623
98037,0,0,0,-1,-1,0,9976,0,0,7970
98039,0,0,-1,-1,-1,0,483,0,0,8773
98040,0,0,-1,-1,-1,0,483,0,0,7979
98041,0,0,-1,-1,-1,0,483,0,0,7980
98042,0,0,0,1000,-1,0,8283,0,0,6684
98043,0,0,-1,-1,-1,0,483,0,0,6988
98044,0,0,-1,-1,-1,0,55884,0,0,8500
98045,0,0,-1,0,60000,24,5100,0,0,5013
98046,0,0,-1,-1,-1,0,8593,0,0,6866
98047,0,0,-1,1000,-1,0,6668,0,0,9318
98048,0,0,-1,-1,-1,0,483,0,0,8778
98049,0,0,-1,-1,-1,0,483,0,0,8886
98050,0,0,-1,-1,-1,0,483,0,0,8887
98051,0,0,-1,-1,-1,0,483,0,0,8888
98052,0,0,-1,-1,-1,0,483,0,0,7976
98053,0,0,-1,0,1000,11,435,0,0,8365
98054,0,0,-1,-1,-1,0,10723,0,0,8095
98055,0,0,-1,-1,-1,0,483,0,0,7981
98056,0,0,-1,-1,-1,0,483,0,0,5771
98057,0,0,-1,0,1000,11,1129,0,0,8075
98058,0,0,-1,0,1000,11,1131,0,0,8076
98059,0,0,0,1800000,1800000,1051,8342,0,0,7148
98060,0,2,0,-1,-1,0,144267,0,0,6909
98061,0,0,-1,-1,-1,0,483,0,0,9297
98062,0,0,10,-1,-1,0,10113,0,0,8051
98064,0,0,-1,-1,-1,0,8089,0,0,6533
98066,0,0,-1,0,1000,11,1127,0,0,8364
98067,0,0,-1,-1,-1,0,483,0,0,9219
98069,0,0,-1,-1,-1,0,483,0,0,7450
98070,0,0,-1,-1,-1,0,483,0,0,8821
98071,0,0,-1,-1,-1,0,483,0,0,8883
98073,0,0,-1,-1,-1,0,483,0,0,6892
98074,0,0,-1,60000,0,150,7932,0,0,6452
98075,0,0,-1,-1,-1,0,483,0,0,8779
98076,0,0,-1,-1,-1,0,483,0,0,9303
98077,0,0,-1,-1,-1,0,483,0,0,8835
98078,0,0,0,1200000,300000,1203,9175,0,0,7391
98079,0,0,-1,-1,-1,0,483,0,0,8837
98080,0,0,0,-1,-1,0,7914,0,0,6436
98081,0,1,0,10000,-1,0,9160,0,0,7375
98082,0,0,-1,0,3000,79,16589,0,0,8529
98083,0,0,-1,0,1000,11,1127,0,0,8543
98084,0,2,0,-1,-1,0,18204,0,0,7730
98085,0,0,-1,-1,-1,0,483,0,0,6272
98086,0,0,-1,-1,-1,0,483,0,0,6273
98087,0,0,-1,-1,-1,0,483,0,0,8882
98088,0,0,10,8000,-1,0,9082,0,0,7247
98089,0,0,-1,-1,-1,0,483,0,0,9218
98090,0,0,-1,0,1000,150,10838,0,0,8544
98091,0,0,-1,0,1000,150,10839,0,0,8545
98093,0,0,-1,0,60000,24,8331,0,0,6714
98094,0,0,-1,-1,-1,0,483,0,0,6716
98095,0,0,-1,-1,-1,0,483,0,0,7085
98096,0,0,0,180000,-1,0,8712,0,0,6999
98097,0,0,-1,-1,-1,0,483,0,0,6475
98098,0,0,-1,-1,-1,0,483,0,0,8816
98100,0,0,-1,0,1000,11,1129,0,0,6887
98101,0,0,-1,0,1000,11,5004,0,0,6888
98102,0,0,-1,-1,-1,0,483,0,0,7982
98103,0,0,-1,-1,-1,0,10772,0,0,8493
98104,0,0,-1,-1,-1,0,483,0,0,8398
98105,0,0,-1,-1,-1,0,483,0,0,6648
98106,0,0,-1,-1,-1,0,483,0,0,6649
98107,0,0,-1,-1,-1,0,8917,0,0,7208
98108,0,2,0,-1,-1,0,8348,0,0,6660
98109,0,0,-1,-1,-1,0,483,0,0,6661
98110,0,0,-1,-1,-1,0,483,0,0,7087
98111,0,0,-1,-1,-1,0,483,0,0,7088
98112,0,0,-1,-1,-1,0,483,0,0,7090
98113,0,2,0,-1,-1,0,9800,0,0,7960
98114,0,0,-1,-1,-1,0,8087,0,0,6529
98115,0,1,0,-1,-1,0,29636,0,0,6469
98116,0,0,-1,-1,-1,0,55884,0,0,8495
98117,0,0,-1,-1,-1,0,55884,0,0,8497
98118,0,0,-1,-1,-1,0,55884,0,0,8499
98120,0,0,-1,0,0,0,9900,0,0,7964
98121,0,0,-1,0,1000,150,7926,0,0,6450
98122,0,0,-1,-1,3000,330,55884,0,0,8588
98123,0,0,-1,-1,3000,330,55884,0,0,8589
98124,0,0,-1,-1,3000,330,55884,0,0,8590
98125,0,0,-1,-1,-1,0,483,0,0,8878
98126,0,0,0,180000,-1,0,8712,0,0,6931
98127,0,1,0,0,0,38,8299,0,0,6698
98128,0,0,-1,0,1000,150,7927,0,0,6451
98129,0,0,-1,-1,-1,0,483,0,0,6275
98131,0,0,-1,-1,-1,0,483,0,0,6710
98132,0,0,-1,-1,3000,330,55884,0,0,8591
98133,0,0,-1,-1,3000,330,55884,0,0,8592
98134,0,0,-1,0,1000,11,434,0,0,6890
98135,0,0,-1,0,3000,79,8212,0,0,6662
98136,0,0,-1,-1,-1,0,483,0,0,6663
98137,0,0,-1,-1,-1,0,483,0,0,6650
98138,0,0,-1,-1,-1,0,483,0,0,8389
98139,0,0,-1,-1,-1,0,483,0,0,8390
98141,0,0,-1,-1,-1,0,483,0,0,6621
98142,0,0,-1,-1,-1,0,483,0,0,7091
98143,0,0,-1,-1,-1,0,7364,0,0,6183
98144,0,0,-1,-1,-1,0,483,0,0,6672
98145,0,0,0,60000,-1,0,9712,0,0,7866
98146,0,0,0,180000,0,0,9224,0,0,6626
98147,0,0,-1,-1,-1,0,483,0,0,8788
98148,0,0,-1,-1,-1,0,8121,0,0,6619
98149,0,0,-1,0,1000,11,433,0,0,6289
98150,0,0,-1,0,1000,11,433,0,0,6290
98151,0,0,-1,-1,-1,0,483,0,0,6274
98152,0,0,-1,0,1000,11,5007,0,0,6038
98153,0,0,-1,0,60000,4,7254,0,0,6052
98154,0,0,-1,0,1000,11,434,0,0,6308
98155,0,0,-1,-1,-1,0,483,0,0,5672
98156,0,0,-1,-1,-1,0,483,0,0,8796
98157,0,0,0,180000,-1,0,8712,0,0,6997
98158,0,0,0,3600000,600000,0,10618,0,0,8367
98159,0,0,-1,-1,-1,0,483,0,0,6735
98160,0,1,0,-1,-1,0,9134,0,0,7349
98161,0,0,-1,-1,-1,0,483,0,0,8815
98163,0,0,0,10000,-1,0,9172,0,0,7388
98164,0,0,-1,0,1000,11,435,0,0,5845
98165,0,0,-1,0,60000,4,11903,0,0,6149
98166,0,0,-1,0,1000,11,433,0,0,6317
98167,0,0,-1,-1,-1,0,483,0,0,6133
98168,0,0,-1,-1,-1,0,8532,0,0,6811
98172,0,0,-1,1000,-1,0,6805,0,0,5868
98173,0,0,-1,-1,-1,0,483,0,0,5772
98174,0,0,-1,-1,-1,0,483,0,0,5773
98175,0,0,-1,0,1000,11,434,0,0,6316
98176,0,0,-1,-1,-1,0,483,0,0,6039
98177,0,0,-1,-1,-1,0,483,0,0,8802
98178,0,0,-1,-1,-1,0,483,0,0,8805
98179,0,0,-1,-1,-1,0,483,0,0,8806
98180,0,0,-1,-1,-1,0,483,0,0,8807
98181,0,0,-1,-1,-1,0,483,0,0,8808
98183,0,0,-1,-1,-1,0,483,0,0,6544
98184,0,0,-1,-1,-1,0,483,0,0,8395
98185,0,2,0,-1,-1,0,144265,0,0,5752
98186,0,0,-1,0,0,0,483,0,0,9043
98187,0,0,-1,-1,-1,0,483,0,0,8930
98188,0,0,-1,-1,-1,0,483,0,0,8939
98189,0,0,-1,-1,-1,0,483,0,0,9201
98190,0,0,-1,-1,-1,0,483,0,0,9202
98191,0,0,-1,0,3000,79,7844,0,0,6373
98192,0,2,0,-1,-1,0,16406,0,0,5616
98193,0,0,-1,-1,-1,0,483,0,0,5643
98194,0,0,-1,-1,-1,0,483,0,0,5644
98195,0,0,-1,-1,-1,0,483,0,0,5676
98196,0,0,-1,-1,-1,0,6758,0,0,5859
98197,0,0,-1,-1,-1,0,6611,0,0,5623
98198,0,0,-1,0,60000,4,7233,0,0,6049
98199,0,0,-1,-1,3000,330,55884,0,0,5656
98200,0,0,-1,0,0,0,483,0,0,9041
98201,0,0,-1,-1,-1,0,6609,0,0,5619
98202,0,0,-1,-1,-1,0,483,0,0,8397
98203,0,0,-1,-1,-1,0,483,0,0,8873
98204,0,0,-1,-1,-1,0,483,0,0,8876
98205,0,0,-1,-1,-1,0,483,0,0,6068
98206,0,1,0,-1,-1,0,9233,0,0,7284
98207,0,0,-1,0,3000,79,673,0,0,5997
98208,0,0,-1,-1,-1,0,483,0,0,8877
98209,0,0,-1,-1,-1,0,483,0,0,6046
98210,0,0,-1,-1,-1,0,483,0,0,8889
98211,0,0,-1,-1,-1,0,483,0,0,8891
98212,0,0,-1,-1,-1,0,483,0,0,8892
98213,0,0,-1,-1,-1,0,483,0,0,8893
98214,0,0,-1,-1,-1,0,483,0,0,8894
98215,0,0,-1,-1,-1,0,483,0,0,6270
98216,0,0,-1,-1,-1,0,483,0,0,6271
98217,0,1,0,0,0,38,8315,0,0,6707
98218,0,0,-1,-1,-1,0,8517,0,0,6783
98219,0,1,0,0,0,38,8357,0,0,6724
98220,0,0,-1,-1,-1,0,483,0,0,7092
98221,0,0,-1,-1,-1,0,483,0,0,7093
98222,0,0,-1,0,1000,11,433,0,0,7097
98223,0,0,-1,-1,-1,0,6717,0,0,5810
98224,0,0,-1,0,3600000,103,10668,0,0,8411
98225,0,0,0,300000,300000,1203,8892,0,0,7189
98226,0,0,-1,-1,-1,0,6803,0,0,5867
98227,0,0,-1,0,0,0,483,0,0,5657
98228,0,0,-1,-1,-1,0,8919,0,0,7207
98229,0,0,-1,-1,-1,0,483,0,0,6891
98230,0,0,-1,-1,-1,0,483,0,0,8871
98231,0,0,-1,-1,-1,0,483,0,0,6044
98232,0,0,-1,-1,-1,0,483,0,0,6222
98233,0,0,-1,-1,-1,0,483,0,0,6057
98234,0,1,0,-1,-1,0,7823,0,0,6365
98235,0,1,0,-1,-1,0,7825,0,0,6366
98236,0,1,0,-1,-1,0,7826,0,0,6367
98237,0,0,-1,60000,60000,4,7840,0,0,6372
98238,0,0,-1,-1,-1,0,483,0,0,6347
98239,0,1,0,0,0,38,8360,0,0,6728
98240,0,0,-1,-1,-1,0,483,0,0,6375
98241,0,0,-1,-1,-1,0,7216,0,0,6042
98242,0,0,-1,-1,-1,0,483,0,0,7288
98243,0,0,-1,-1,-1,0,483,0,0,7289
98244,0,0,-1,-1,-1,0,9092,0,0,7307
98245,0,0,-1,-1,-1,0,483,0,0,5647
98246,0,0,-1,-1,-1,0,483,0,0,5648
98247,0,0,-1,-1,-1,0,483,0,0,7084
98248,0,0,-1,-1,-1,0,483,0,0,7089
98249,0,2,0,-1,-1,0,8313,0,0,6904
98250,0,0,-1,0,1000,11,7737,0,0,6291
98251,0,0,-1,-1,-1,0,483,0,0,6053
98252,0,0,-1,-1,-1,0,483,0,0,6054
98253,0,0,-1,-1,-1,0,483,0,0,8399
98254,0,0,-1,-1,-1,0,483,0,0,8400
98255,0,0,-1,-1,-1,0,483,0,0,5775
98256,0,0,-1,0,3000,79,7178,0,0,5996
98258,0,0,-1,-1,-1,0,483,0,0,8799
98259,0,0,-1,-1,-1,0,483,0,0,5661
98260,0,0,-1,-1,-1,0,483,0,0,5662
98261,0,2,0,-1,-1,0,144254,0,0,5756
98262,0,0,-1,-1,-1,0,483,0,0,8872
98263,0,0,0,3600000,15000,1141,70537,0,0,6972
98264,0,0,0,1800000,1800000,1176,8690,0,0,6948
98267,0,0,0,180000,0,0,9222,0,0,7464
98268,0,0,-1,-1,-1,0,483,0,0,6342
98269,0,0,-1,-1,-1,0,483,0,0,6343
98270,0,0,-1,-1,-1,0,483,0,0,6345
98271,0,0,-1,-1,-1,0,483,0,0,6346
98272,0,0,-5,120000,-1,0,5809,0,0,5251
98273,0,2,0,-1,-1,0,13440,0,0,6831
98274,0,2,0,-1,-1,0,16403,0,0,6738
98275,0,0,-1,-1,-1,0,4981,0,0,4823
98276,0,0,-1,-1,-1,0,9055,0,0,7273
98277,0,0,-1,-1,-1,0,483,0,0,6368
98278,0,0,-1,-1,-1,0,483,0,0,6369
98279,0,0,-1,0,60000,4,7239,0,0,6050
98280,0,0,-1,0,60000,4,7245,0,0,6051
98281,0,0,0,-1,-1,0,10137,0,0,8066
98282,0,0,-1,-1,3000,330,55884,0,0,5665
98283,0,0,0,180000,0,0,9221,0,0,6284
98284,0,0,-1,-1,-1,0,483,0,0,6055
98285,0,0,-1,-1,-1,0,483,0,0,5650
98287,0,0,-1,-1,-1,0,483,0,0,8384
98288,0,0,-1,300000,120000,1153,9512,0,0,7676
98289,0,0,-1,-1,-1,0,483,0,0,8793
98290,0,0,-1,-1,-1,0,483,0,0,8794
98291,0,0,-1,-1,-1,0,483,0,0,8795
98292,0,0,-1,-1,-1,0,483,0,0,5642
98293,0,0,-1,-1,-1,0,7218,0,0,6043
98294,0,0,-1,-1,-1,0,483,0,0,5658
98295,0,0,-1,-1,-1,0,483,0,0,5660
98296,0,0,-1,-1,-1,0,483,0,0,8809
98297,0,0,-1,-1,-1,0,483,0,0,8811
98298,0,0,-1,-1,-1,0,483,0,0,8812
98299,0,0,-1,-1,-1,0,483,0,0,8814
98300,0,0,-1,-1,-1,0,11513,0,0,9283
98302,0,0,-1,-1,-1,0,483,0,0,9033
98304,0,0,-1,-1,-1,0,483,0,0,10304
98305,0,0,-1,1000,-1,0,12175,0,0,10305
98306,0,0,-1,1000,-1,0,12177,0,0,10306
98307,0,0,-1,1000,-1,0,12178,0,0,10307
98308,0,2,0,-1,-1,0,144261,0,0,9446
98309,0,0,-1,-1,-1,0,483,0,0,9367
98310,0,0,-1,0,1000,11,1131,0,0,8957
98311,0,0,-1,-1,-1,0,483,0,0,8804
98312,0,0,-1,-1,-1,0,483,0,0,8822
98313,0,0,-1,-1,-1,0,483,0,0,8824
98314,0,0,-1,-1,-1,0,483,0,0,8906
98315,0,0,-1,-1,-1,0,483,0,0,8907
98316,0,0,-1,-1,-1,0,483,0,0,8974
98317,0,0,-1,0,1000,11,435,0,0,7228
98318,0,0,-1,-1,-1,0,483,0,0,8898
98319,0,0,-1,-1,-1,0,483,0,0,8899
98320,0,0,-1,-1,-1,0,483,0,0,7993
98322,0,0,-1,0,1000,11,1129,0,0,8959
98323,0,0,-1,-1,-1,0,483,0,0,9018
98324,0,0,-1,0,0,0,483,0,0,9057
98325,0,0,-1,0,0,0,483,0,0,9058
98326,0,0,-1,-1,-1,0,10723,0,0,8432
98328,0,0,-1,-1,-1,0,483,0,0,7994
98330,0,1,0,-1,-1,0,18087,0,0,10698
98331,1,0,0,0,0,0,12938,0,0,10698
98332,0,0,-1,-1,-1,0,483,0,0,7995
98333,0,2,0,-1,-1,0,13482,0,0,8006
98334,1,0,-3,0,120000,100,5405,0,0,8007
98335,0,0,-1,0,0,0,483,0,0,9059
98336,0,2,0,-1,-1,0,11879,0,0,9608
98337,0,0,-1,-1,-1,0,483,0,0,8998
98338,0,0,-1,-1,-1,0,483,0,0,8999
98339,0,0,-1,-1,-1,0,483,0,0,9000
98340,0,0,-1,-1,-1,0,483,0,0,9002
98341,0,0,-1,-1,-1,0,483,0,0,8918
98344,0,0,-1,-1,-1,0,483,0,0,8980
98345,0,0,-1,-1,-1,0,483,0,0,9223
98346,0,0,-1,0,3000,79,11406,0,0,9224
98347,0,0,-1,-1,-1,0,483,0,0,9225
98348,0,0,-1,-1,-1,0,483,0,0,9193
98349,0,0,-1,-1,-1,0,483,0,0,8960
98350,0,0,-1,-1,-1,0,483,0,0,8961
98351,0,0,-1,-1,-1,0,483,0,0,8962
98354,0,0,0,900000,0,0,9252,0,0,7508
98355,1,0,-3,0,120000,100,5405,0,0,8008
98356,0,0,-1,-1,-1,0,483,0,0,8029
98358,0,0,-1,-1,-1,0,483,0,0,8954
98359,0,0,-1,0,0,0,483,0,0,9062
98360,0,0,-1,0,0,0,483,0,0,9166
98362,0,0,-1,-1,-1,0,483,0,0,8909
98363,0,0,-1,-1,-1,0,483,0,0,8912
98364,0,0,-1,0,0,0,483,0,0,9052
98365,0,0,-1,-1,-1,0,483,0,0,8388
98366,0,0,0,-1,-1,0,11923,0,0,9719
98367,0,0,-1,-1,-1,0,483,0,0,9023
98368,0,0,-1,-1,-1,0,483,0,0,9024
98369,0,0,-1,-1,-1,0,483,0,0,9025
98372,0,0,-1,-1,-1,0,11840,0,0,9530
98373,0,1,0,-1,-1,0,17746,0,0,7953
98374,0,0,-1,-1,-1,0,483,0,0,8917
98376,0,0,-1,-1,-1,0,483,0,0,8775
98377,0,0,-1,-1,-1,0,483,0,0,9204
98378,0,0,-1,-1,-1,0,483,0,0,9205
98379,0,0,-1,-1,-1,0,483,0,0,8780
98381,0,0,-1,-1,-1,0,483,0,0,8955
98382,0,0,-1,-1,-1,0,483,0,0,8958
98383,0,0,-1,-1,-1,0,483,0,0,8965
98384,0,0,0,1500,-1,0,11885,0,0,9606
98386,0,2,0,-1,-1,0,12731,0,0,9418
98389,0,2,0,-1,-1,0,13438,0,0,9386
98391,0,0,-1,-1,-1,0,483,0,0,9019
98392,0,0,-1,-1,-1,0,483,0,0,8404
98394,0,0,-1,0,0,0,483,0,0,9141
98395,0,0,-1,-1,-1,0,483,0,0,9195
98397,0,0,-1,-1,-1,0,11435,0,0,9241
98399,0,2,0,-1,-1,0,9796,0,0,7959
98400,0,0,-1,-1,-1,0,10617,0,0,8149
98401,0,0,-1,-1,-1,0,483,0,0,9003
98402,0,0,-1,-1,-1,0,483,0,0,9014
98404,0,0,-1,0,0,0,483,0,0,9139
98405,0,0,-1,0,0,0,483,0,0,9140
98406,0,0,-1,0,0,0,483,0,0,9142
98407,0,0,-1,0,60000,4,11387,0,0,9144
98408,0,0,-1,-1,-1,0,483,0,0,7560
98409,0,0,-1,0,1000,11,5004,0,0,7808
98410,0,0,-1,-1,-1,0,483,0,0,7992
98411,0,0,-1,-1,-1,0,483,0,0,9212
98414,0,0,-1,-1,-1,0,483,0,0,9216
98415,0,0,-1,-1,-1,0,483,0,0,9217
98416,0,0,-1,-1,-1,0,483,0,0,10301
98417,0,0,-1,0,0,0,483,0,0,9054
98418,0,0,-1,0,0,0,483,0,0,9185
98419,0,0,-1,-1,-1,0,483,0,0,9230
98420,0,0,-1,0,0,0,483,0,0,9055
98421,0,0,-1,0,0,0,483,0,0,9056
98422,0,0,0,5000,-1,0,12699,0,0,10699
98423,0,0,-1,-1,-1,0,483,0,0,8902
98424,0,0,-1,-1,-1,0,483,0,0,8904
98425,0,0,-1,-1,-1,0,483,0,0,8905
98426,0,0,-1,-1,-1,0,483,0,0,9008
98427,0,0,-1,-1,-1,0,483,0,0,8776
98428,0,0,-1,-1,3000,330,55884,0,0,8627
98429,0,0,-1,-1,-1,0,483,0,0,9231
98431,0,0,-1,0,3000,79,11407,0,0,9233
98432,0,0,-1,-1,-1,0,483,0,0,9198
98434,0,0,-1,-1,-1,0,483,0,0,9208
98435,0,0,-1,-1,-1,0,483,0,0,9209
98436,0,0,-1,-1,-1,0,483,0,0,8991
98437,0,2,0,-1,-1,0,18081,0,0,9651
98438,0,0,-1,0,0,0,483,0,0,9063
98439,0,0,-1,-1,-1,0,483,0,0,8981
98441,0,0,-1,-1,-1,0,483,0,0,8403
98442,0,0,-1,-1,-1,0,483,0,0,8405
98443,0,0,-1,-1,-1,0,483,0,0,8406
98445,0,0,-1,0,0,0,483,0,0,8782
98446,0,0,-1,0,0,0,483,0,0,9150
98447,0,0,-1,0,0,0,483,0,0,9152
98448,0,0,-1,1000,-1,0,11540,0,0,9312
98449,0,0,-1,1000,-1,0,11541,0,0,9313
98450,0,0,-1,0,0,0,483,0,0,9165
98451,0,0,-1,-1,-1,0,483,0,0,8992
98452,0,0,-1,-1,-1,0,483,0,0,8993
98453,0,0,-1,-1,-1,0,483,0,0,9006
98454,0,0,-1,-1,-1,0,483,0,0,10312
98455,0,0,-1,-1,-1,0,11537,0,0,9263
98456,0,1,0,0,0,0,17768,0,0,8345
98457,0,0,-1,0,0,0,483,0,0,9169
98459,0,0,-1,-1,-1,0,483,0,0,8900
98460,0,0,-1,-1,-1,0,483,0,0,9009
98461,0,0,-1,-1,-1,0,483,0,0,9010
98462,0,0,-1,0,0,0,483,0,0,9048
98465,0,0,-1,-1,-1,0,55884,0,0,8485
98466,0,0,-1,-1,-1,0,55884,0,0,8486
98467,0,0,-1,-1,-1,0,55884,0,0,8487
98468,0,0,-1,0,0,0,483,0,0,9102
98469,0,0,-1,0,0,0,483,0,0,9105
98470,0,0,-1,0,0,0,483,0,0,9123
98471,0,0,-1,-1,-1,0,483,0,0,8919
98472,0,0,-1,-1,-1,0,483,0,0,8920
98473,0,0,-1,0,0,0,483,0,0,9183
98474,0,0,-1,-1,3000,330,55884,0,0,8632
98476,0,0,-1,-1,-1,0,483,0,0,8971
98477,0,0,-1,-1,-1,0,55884,0,0,8488
98478,0,0,0,1800000,0,0,22641,0,0,9394
98479,0,0,-1,-1,-1,0,483,0,0,9229
98481,0,2,0,-1,-1,0,13533,0,0,9423
98482,0,0,-1,0,0,0,483,0,0,9047
98483,0,0,-1,-1,-1,0,483,0,0,8825
98484,0,0,-1,-1,-1,0,483,0,0,8842
98485,0,0,-1,-1,-1,0,483,0,0,8826
98486,0,0,-1,-1,-1,0,483,0,0,8828
98487,0,0,-1,-1,-1,0,483,0,0,8829
98488,0,0,-1,-1,-1,0,483,0,0,8830
98489,0,0,-1,-1,-1,0,483,0,0,8931
98490,0,0,-1,0,1000,11,1131,0,0,8932
98491,0,1,0,-1,-1,0,11789,0,0,9452
98492,0,0,-1,-1,-1,0,483,0,0,8963
98493,0,0,-1,-1,-1,0,483,0,0,10303
98494,0,0,-1,-1,-1,0,11629,0,0,9361
98495,0,0,-1,0,0,0,483,0,0,9127
98496,0,0,-1,0,0,0,483,0,0,9128
98497,0,0,-1,-1,-1,0,483,0,0,8972
98498,0,2,0,-1,-1,0,11790,0,0,9453
98500,0,0,-1,-1,-1,0,483,0,0,8983
98501,0,0,-1,-1,-1,0,483,0,0,8781
98502,0,0,-1,0,1000,11,7737,0,0,8683
98503,0,0,-1,-1,-1,0,483,0,0,9203
98504,0,0,-1,0,0,0,483,0,0,9044
98505,0,0,-1,0,0,0,483,0,0,9145
98506,0,0,-1,0,0,0,483,0,0,9146
98507,0,0,-1,0,0,0,483,0,0,9100
98508,0,0,-1,0,0,0,483,0,0,9101
98509,0,0,-1,-1,-1,0,483,0,0,7449
98510,0,0,-1,0,0,0,483,0,0,9184
98511,0,0,0,3600000,180000,0,5405,0,0,9397
98513,0,0,-1,-1,-1,0,483,0,0,8986
98514,0,0,-1,0,3000,79,11328,0,0,8949
98516,0,0,-1,-1,-1,0,483,0,0,8975
98517,0,0,-1,-1,-1,0,483,0,0,8897
98518,0,0,-1,-1,-1,0,483,0,0,8852
98519,0,0,-1,-1,-1,0,483,0,0,8854
98520,0,0,-1,-1,-1,0,483,0,0,8856
98521,0,0,-1,0,0,0,483,0,0,9147
98522,0,0,-1,-1,-1,0,483,0,0,9226
98523,0,0,-1,-1,-1,0,483,0,0,9227
98524,0,0,-1,-1,-1,0,483,0,0,9228
98525,0,0,-1,0,0,0,483,0,0,9188
98526,0,0,-1,-1,-1,0,483,0,0,9200
98527,0,0,-1,-1,-1,0,483,0,0,9207
98528,0,2,0,-1,-1,0,13486,0,0,9511
98529,0,0,-1,-1,-1,0,483,0,0,8851
98530,0,0,-1,-1,-1,0,483,0,0,8969
98532,0,0,-1,0,0,0,483,0,0,9046
98533,0,0,-1,0,0,0,483,0,0,9158
98534,0,0,-1,0,0,0,483,0,0,9159
98536,0,0,-1,0,1000,59,22734,0,0,8079
98538,0,0,-1,-1,3000,330,55884,0,0,8628
98539,0,2,0,-1,-1,0,18083,0,0,9419
98540,0,0,-1,-1,-1,0,483,0,0,7985
98541,0,0,-1,-1,-1,0,483,0,0,7986
98542,0,0,-1,-1,-1,0,483,0,0,8547
98543,0,0,-1,-1,3000,330,55884,0,0,8583
98544,0,0,-1,-1,-1,0,483,0,0,8028
98545,0,0,-1,-1,-1,0,9595,0,0,7741
98546,0,0,-1,-1,-1,0,483,0,0,9294
98547,0,0,-1,-1,-1,0,483,0,0,9295
98548,0,0,-1,-1,-1,0,483,0,0,9296
98549,0,0,-1,0,0,0,483,0,0,9086
98550,0,0,-1,0,0,0,483,0,0,9125
98551,0,0,-1,0,0,0,483,0,0,9126
98552,0,0,-1,-1,-1,0,483,0,0,7678
98553,0,0,-1,-1,-1,0,483,0,0,8947
98554,0,0,-1,0,0,0,483,0,0,9160
98555,0,0,-1,0,0,0,483,0,0,9161
98556,0,2,0,-1,-1,0,16413,0,0,10797
98557,0,0,-1,-1,-1,0,483,0,0,9031
98558,0,0,-1,-1,-1,0,483,0,0,9032
98559,0,0,-1,-1,-1,0,483,0,0,8756
98560,0,0,-1,-1,-1,0,483,0,0,9302
98561,0,0,-1,-1,-1,0,483,0,0,9304
98562,0,1,0,-1,-1,0,17746,0,0,8197
98563,0,0,-1,0,0,0,483,0,0,9162
98565,0,0,-1,-1,-1,0,55884,0,0,8489
98566,0,0,-1,0,1000,59,1135,0,0,8077
98567,0,0,-1,0,1000,59,1137,0,0,8078
98569,0,0,-1,-1,-1,0,483,0,0,3867
98570,0,0,-1,-1,-1,0,483,0,0,8840
98571,0,0,-1,-1,-1,0,483,0,0,7360
98572,0,0,-1,-1,-1,0,483,0,0,7361
98573,0,0,-1,-1,-1,0,483,0,0,7362
98574,0,0,-1,-1,-1,0,483,0,0,8757
98575,0,0,-1,-1,-1,0,483,0,0,8791
98576,0,0,-1,0,0,0,483,0,0,8792
98577,0,0,-1,-1,-1,0,483,0,0,8857
98578,0,0,-1,1000,-1,0,10344,0,0,8173
98579,0,0,-1,-1,-1,0,483,0,0,7987
98580,0,0,-1,-1,-1,0,483,0,0,8409
98581,0,0,-1,-1,-1,0,55884,0,0,8492
98582,0,0,-1,-1,-1,0,14008,0,0,11141
98583,0,0,-1,0,3000,79,11389,0,0,9154
98584,0,0,-1,0,0,0,483,0,0,9085
98585,0,2,0,-1,-1,0,11658,0,0,9372
98586,0,0,-1,1000,-1,0,10850,0,0,8546
98587,0,0,-1,0,1000,11,5004,0,0,7806
98588,0,0,-1,0,1000,11,5004,0,0,7807
98589,0,0,-1,-1,-1,0,9586,0,0,7766
98590,0,2,0,-1,-1,0,18206,0,0,9475
98591,0,0,-1,0,3000,79,11390,0,0,9155
98592,0,0,-1,0,0,0,483,0,0,9156
98593,0,0,-1,-1,3000,330,55884,0,0,8633
98594,0,0,0,30000,30000,24,133,0,0,8688
98595,0,0,-1,0,0,0,483,0,0,9135
98596,0,0,-1,-1,-1,0,483,0,0,6516
98597,0,0,-1,-1,-1,0,483,0,0,7453
98598,0,0,-1,-1,-1,0,10369,0,0,8243
98600,0,0,-1,-1,-1,0,483,0,0,5649
98601,0,0,-1,-1,-1,0,483,0,0,6344
98602,0,0,-1,-1,-1,0,483,0,0,8385
98603,0,0,-1,-1,-1,0,483,0,0,9300
98604,0,0,0,10800000,-1,0,11209,0,0,8703
98605,0,0,-1,-1,-1,0,483,0,0,8774
98606,0,0,0,300000,10000,1141,10578,0,0,8348
98607,0,0,-1,-1,-1,0,483,0,0,8914
98608,0,0,-1,0,1000,11,1131,0,0,8953
98609,0,0,0,-1,-1,0,11654,0,0,9380
98610,1,2,0,-1,-1,0,11657,0,0,9380
98611,0,0,0,3600000,0,0,12438,0,0,9404
98612,0,0,-1,-1,-1,0,483,0,0,7988
98613,0,0,-1,-1,-1,0,11009,0,0,9360
98614,0,0,-1,0,0,0,483,0,0,9087
98615,0,0,-1,-1,-1,0,483,0,0,8903
98617,0,0,0,-1,-1,0,12709,0,0,9364
98618,0,0,-1,-1,-1,0,9583,0,0,7768
98619,0,0,-1,0,3600000,103,10669,0,0,8412
98621,0,2,0,-1,-1,0,16403,0,0,8224
98624,1,0,0,1800000,0,0,9253,0,0,7515
98626,0,0,-1,1000,-1,0,11542,0,0,9314
98627,0,0,0,180000,10000,1141,14537,0,0,7734
98628,0,0,-1,-1,-1,0,483,0,0,8997
98629,0,0,-1,-1,-1,0,483,0,0,8859
98630,0,0,-1,-1,-1,0,483,0,0,8861
98631,0,0,-1,-1,-1,0,483,0,0,8863
98632,0,0,-1,-1,-1,0,483,0,0,8864
98633,0,0,-1,-1,-1,0,483,0,0,8784
98634,0,0,-1,-1,-1,0,483,0,0,8785
98635,0,0,-1,-1,-1,0,483,0,0,8786
98636,0,0,-1,-1,-1,0,8202,0,0,6635
98637,0,0,-1,-1,-1,0,8898,0,0,6636
98638,0,0,-1,0,0,0,483,0,0,9137
98640,0,0,-1,0,0,0,483,0,0,9065
98641,0,0,-1,-1,-1,0,483,0,0,8865
98642,0,0,-1,-1,-1,0,483,0,0,8866
98643,0,0,-1,-1,-1,0,483,0,0,8867
98644,0,0,-1,-1,-1,0,483,0,0,8868
98645,0,0,-1,-1,-1,0,483,0,0,9026
98646,0,0,-1,-1,-1,0,483,0,0,9027
98647,0,0,-1,-1,-1,0,8899,0,0,6637
98649,0,0,-1,-1,-1,0,483,0,0,8832
98650,0,0,-1,-1,-1,0,483,0,0,8833
98651,0,0,-1,-1,-1,0,483,0,0,8834
98652,0,0,-1,-1,-1,0,483,0,0,8777
98653,0,0,-1,-1,-1,0,483,0,0,8844
98654,0,0,-1,0,0,0,483,0,0,9074
98655,0,0,-1,0,0,0,483,0,0,9078
98656,0,0,-1,0,0,0,483,0,0,9080
98657,0,0,-1,0,0,0,483,0,0,9082
98658,0,0,-1,0,0,0,483,0,0,9083
98659,0,0,-1,0,0,0,483,0,0,9084
98660,0,0,-1,-1,-1,0,55884,0,0,8491
98661,0,0,-1,-1,-1,0,483,0,0,8858
98662,0,0,-1,-1,-1,0,483,0,0,8765
98663,0,0,-1,-1,-1,0,483,0,0,7561
98664,0,0,-1,-1,-1,0,483,0,0,7989
98665,0,0,-1,-1,-1,0,483,0,0,7990
98666,0,0,-1,-1,3000,330,55884,0,0,8630
98667,0,0,-1,-1,-1,0,483,0,0,6474
98668,0,0,-1,-1,-1,0,8856,0,0,7131
98669,0,0,0,3600000,15000,1141,70537,0,0,7133
98670,0,0,-1,-1,-1,0,483,0,0,7114
98671,0,0,-1,-1,-1,0,9594,0,0,7740
98672,0,0,-1,-1,-1,0,483,0,0,8743
98673,0,0,-1,10000,1000,11,8063,0,0,6522
98674,0,0,-1,-1,-1,0,483,0,0,8789
98675,0,0,-1,0,3000,79,11474,0,0,9264
98676,0,0,0,1000,-1,0,11610,0,0,9328
98678,0,0,-1,-1,-1,0,483,0,0,8847
98679,0,0,-1,-1,-1,0,483,0,0,8848
98680,1,0,0,1800000,0,0,9774,0,0,7936
98682,0,0,-1,60000,0,150,7933,0,0,6453
98683,0,0,-1,-1,-1,0,483,0,0,6454
98684,0,0,-1,-1,-1,0,9584,0,0,7767
98687,0,1,0,-1,-1,0,29633,0,0,9412
98688,0,0,-1,-1,-1,0,483,0,0,8849
98689,0,0,-1,-1,-1,0,483,0,0,8850
98690,0,0,-1,-1,-1,0,55884,0,0,8501
98691,0,0,-1,0,1000,11,433,0,0,6458
98693,0,0,-1,-1,-1,0,483,0,0,8759
98694,0,0,-1,-1,-1,0,483,0,0,8818
98695,0,0,-1,-1,-1,0,483,0,0,8819
98696,0,0,-1,-1,-1,0,483,0,0,8820
98697,0,0,-1,-1,3000,330,55884,0,0,8563
98698,0,0,-1,-1,-1,0,483,0,0,9021
98699,0,0,-1,0,0,0,483,0,0,9037
98701,0,0,-1,-1,-1,0,483,0,0,8407
98702,0,0,-1,0,0,0,483,0,0,9171
98703,0,0,-1,0,0,0,483,0,0,9174
98704,0,0,-1,0,0,0,483,0,0,9177
98705,0,0,-1,0,0,0,483,0,0,9178
98706,0,0,-1,0,3000,79,11396,0,0,9179
98707,0,2,0,9000,-1,0,9632,0,0,7717
98708,0,0,0,1800000,0,0,9252,0,0,7507
98709,0,0,-1,-1,-1,0,483,0,0,7978
98710,0,0,0,-1,-1,0,3366,0,0,7146
98711,0,0,-1,-1,-1,0,483,0,0,8030
98713,0,0,-1,-1,-1,0,11547,0,0,9319
98714,0,0,-1,-1,-1,0,11548,0,0,9323
98715,0,0,-1,-1,-1,0,10738,0,0,8444
98716,0,0,-1,-1,-1,0,8088,0,0,6530
98717,0,0,-1,-1,-1,0,8090,0,0,6532
98719,0,0,-1,-1,-1,0,483,0,0,8764
98720,0,0,-1,-1,-1,0,483,0,0,8945
98721,0,0,-1,-1,-1,0,483,0,0,8761
98725,0,0,-1,-1,-1,0,483,0,0,7742
98726,0,0,-1,-1,-1,0,483,0,0,6056
98727,0,0,-1,-1,-1,0,483,0,0,10325
98728,0,0,-1,-1,-1,0,483,0,0,10326
98730,0,0,-1,-1,-1,0,483,0,0,8787
98731,0,0,0,60000,30000,24,689,0,0,2012
98732,0,0,0,300000,10000,1141,13278,0,0,10645
98733,0,0,-1,-1,-1,0,483,0,0,11208
98734,0,0,0,1000,-1,0,6658,0,0,5687
98735,0,0,0,3600000,0,0,13234,0,0,10721
98737,0,2,0,-1,-1,0,13519,0,0,754
98739,0,2,0,-1,-1,0,13049,0,0,10847
98740,0,0,-1,-1,-1,0,7108,0,0,5951
98741,0,0,-1,-1,-1,0,7220,0,0,6041
98742,0,0,-5,-1,-1,0,12851,0,0,10831
98744,0,0,-1,-1,-1,0,483,0,0,10311
98746,0,0,-1,0,0,0,483,0,0,9072
98747,0,0,-1,0,0,0,483,0,0,9073
98748,0,0,-1,0,3000,79,11350,0,0,8956
98750,0,0,-1,-1,-1,0,483,0,0,4346
98751,0,0,-1,0,0,0,483,0,0,4174
98752,0,0,-1,0,0,0,483,0,0,4184
98753,0,1,0,0,0,38,8324,0,0,6711
98755,0,0,0,1500,-1,0,11889,0,0,9621
98756,1,2,0,-1,-1,0,11791,0,0,9465
98757,0,0,-1,-1,3000,330,55884,0,0,5663
98758,0,0,-1,-1,-1,0,483,0,0,10858
98759,0,0,-1,-1,-1,0,483,0,0,11152
98760,0,0,0,30000,-1,0,12189,0,0,10327
98761,0,0,0,-1,-1,0,12304,0,0,10445
98762,0,0,-1,-1,-1,0,483,0,0,10315
98763,0,0,-1,-1,-1,0,483,0,0,10317
98764,0,0,-1,-1,-1,0,483,0,0,11206
98767,0,0,-1,-1,-1,0,483,0,0,11163
98768,0,0,-1,0,0,0,483,0,0,9157
98769,0,0,0,1800000,0,0,23134,0,0,10587
98770,0,1,0,-1,-1,0,11789,0,0,10506
98771,0,0,-1,-1,-1,0,483,0,0,7451
98772,0,0,-1,1000,-1,0,14209,0,0,10792
98774,0,0,-1,1000,-1,0,14210,0,0,10794
98775,0,0,-1,-1,-1,0,14929,0,0,11412
98776,0,0,-1,0,1000,11,1131,0,0,11415
98778,0,0,-1,-1,-1,0,483,0,0,11165
98779,0,0,-1,-1,-1,0,483,0,0,4286
98780,0,0,-1,-1,-1,0,483,0,0,6736
98781,0,1,0,-1,-1,0,8747,0,0,7052
98783,0,0,-1,-1,-1,0,483,0,0,11101
98784,0,0,-1,-1,-1,0,483,0,0,10602
98785,0,0,-1,-1,-1,0,483,0,0,10316
98786,0,0,-1,-1,-1,0,483,0,0,10320
98787,0,0,-1,-1,-1,0,15490,0,0,11683
98789,0,0,-1,-1,-1,0,6626,0,0,5695
98790,0,0,-1,0,-1,0,9903,0,0,7965
98791,0,0,-1,0,0,0,483,0,0,5716
98792,0,0,-1,0,60000,24,12421,0,0,10514
98793,0,0,0,-1,-1,0,13143,0,0,10757
98794,0,0,-1,0,60000,24,12419,0,0,10507
98795,0,0,-1,-1,-1,0,55884,0,0,10394
98796,0,0,-1,-1,-1,0,483,0,0,11203
98798,0,0,-1,0,0,0,483,0,0,5712
98799,0,0,-1,1000,500,1952,13739,0,0,11174
98800,0,0,-1,1000,500,1952,13740,0,0,11175
98801,0,0,-5,-1,-1,0,12938,0,0,11582
98802,0,0,-1,-1,-1,0,55884,0,0,10361
98803,0,0,-1,-1,-1,0,483,0,0,10644
98804,0,0,-1,-1,-1,0,12802,0,0,10687
98805,0,0,-1,-1,-1,0,12806,0,0,10689
98806,0,0,-1,-1,-1,0,12808,0,0,10690
98809,0,0,-1,1000,500,1952,13361,0,0,10938
98810,0,0,-1,1000,500,1952,13362,0,0,10939
98812,0,0,0,45000,-1,0,14247,0,0,11170
98813,0,0,-1,-1,-1,0,483,0,0,7364
98814,0,0,0,300000,-1,0,12346,0,0,10818
98815,0,0,-1,0,60000,24,13808,0,0,10830
98816,0,0,-1,0,0,0,483,0,0,4175
98817,0,0,-1,-1,-1,0,483,0,0,4299
98818,0,0,-1,-1,-1,0,483,0,0,5151
98819,0,0,-1,-1,-1,0,18974,0,0,15208
98820,0,0,-1,-1,-1,0,483,0,0,11205
98823,0,0,-1,-1,-1,0,55884,0,0,10822
98825,0,0,0,300000,10000,1141,13183,0,0,10727
98826,0,0,0,-1,-1,0,12534,0,0,10515
98827,0,0,0,30000,-1,0,12438,0,0,10518
98828,0,0,-1,-1,-1,0,483,0,0,11167
98829,0,0,0,300000,-1,0,13978,0,0,11169
98830,0,0,6,600000,10000,1141,13237,0,0,10577
98831,0,0,0,900000,300000,1203,13141,0,0,10724
98832,0,0,-1,-1,-1,0,483,0,0,11207
98833,0,2,0,-1,-1,0,18075,0,0,10772
98834,0,0,-1,-1,-1,0,483,0,0,7363
98836,0,2,0,-1,-1,0,18200,0,0,7753
98837,0,0,-1,0,1000,11,433,0,0,6361
98838,0,0,-1,0,1000,11,7737,0,0,11109
98839,0,0,-1,-1,-1,0,483,0,0,8401
98840,0,0,-1,-1,-1,0,55884,0,0,8498
98841,0,0,-1,-1,-1,0,483,0,0,11166
98842,0,0,-1,-1,-1,0,483,0,0,11168
98843,0,0,-1,-1,-1,0,55884,0,0,10398
98847,0,2,0,-1,-1,0,12685,0,0,10625
98848,0,0,-1,0,1000,11,1129,0,0,9681
98849,0,0,0,300000,10000,1141,17283,0,0,13171
98852,0,0,-1,-1,-1,0,483,0,0,11081
98853,0,0,-1,0,0,0,483,0,0,9089
98854,0,0,-1,0,0,0,483,0,0,9090
98855,0,0,-1,-1,-1,0,55884,0,0,10392
98856,0,0,-1,-1,-1,0,55884,0,0,10393
98857,0,0,-1,-1,-1,0,483,0,0,8967
98858,0,0,-1,-1,-1,0,483,0,0,8968
98859,0,0,-1,-1,-1,0,483,0,0,9015
98860,0,0,-1,-1,-1,0,12438,0,0,10684
98862,0,0,-1,1000,500,1952,13498,0,0,11082
98864,0,0,-1,-1,-1,0,483,0,0,4214
98865,0,2,0,-1,-1,0,56,0,0,9477
98866,0,0,0,60000,0,0,12022,0,0,10030
98868,0,0,0,60000,-1,0,11402,0,0,9189
98869,0,0,-1,0,0,0,483,0,0,9051
98870,0,0,0,1500,-1,0,11886,0,0,9618
98871,0,0,-1,-1,-1,0,12199,0,0,10338
98872,0,0,-1,0,0,0,483,0,0,9091
98874,0,0,-1,0,0,0,483,0,0,9180
98875,0,2,0,-1,-1,0,16405,0,0,9478
98877,0,0,-1,-1,-1,0,483,0,0,9016
98878,0,0,-1,-1,-1,0,483,0,0,8913
98879,0,0,-1,-1,-1,0,483,0,0,8916
98880,0,0,0,5000,-1,0,15748,0,0,12144
98881,0,2,0,-1,-1,0,18089,0,0,11902
98882,0,0,-1,-1,-1,0,55884,0,0,11903
98883,0,0,-1,-1,-1,0,16447,0,0,12534
98885,0,0,-1,0,0,0,483,0,0,1588
98886,0,0,-1,0,0,0,483,0,0,9168
98887,0,0,-1,0,0,0,483,0,0,9170
98888,0,0,-1,300000,60000,24,13241,0,0,10646
98889,0,0,-1,-1,-1,0,483,0,0,8942
98891,0,2,0,-1,-1,0,144244,0,0,8190
98892,0,0,-1,0,0,0,483,0,0,9039
98894,0,0,-1,-1,-1,0,15491,0,0,11682
98895,0,0,0,-1,-1,0,15118,0,0,11569
98896,0,0,-1,-1,-1,0,483,0,0,6734
98897,0,0,0,1500,-1,0,11887,0,0,9619
98898,0,0,-1,-1,-1,0,483,0,0,8921
98899,0,0,2,-1,-1,0,12283,0,0,10444
98900,0,0,-1,-1,-1,0,55884,0,0,10360
98901,0,0,-1,-1,-1,0,13982,0,0,11231
98902,0,0,-1,-1,-1,0,14050,0,0,11243
98903,1,1,0,-1,-1,0,21596,0,0,10659
98905,0,0,-1,0,0,0,483,0,0,9040
98907,0,0,-1,0,600000,4,11392,0,0,9172
98908,0,0,-1,0,0,0,483,0,0,9070
98909,0,0,-1,-1,-1,0,483,0,0,8885
98910,0,0,-1,-1,-1,0,483,0,0,8841
98911,0,0,-1,0,0,0,483,0,0,9176
98912,0,0,-1,0,0,0,483,0,0,9181
98913,0,0,-1,-1,-1,0,483,0,0,10463
98914,0,0,-1,0,0,0,483,0,0,9094
98915,0,1,0,-1,-1,0,12560,0,0,10542
98916,0,0,-1,0,3000,79,12608,0,0,10592
98917,0,2,0,-1,-1,0,56,0,0,10627
98918,0,1,0,-1,-1,0,18079,0,0,10696
98919,1,0,0,0,0,0,12938,0,0,10696
98920,0,2,0,-1,-1,0,12686,0,0,10626
98922,0,0,-1,-1,-1,0,11009,0,0,9260
98923,0,0,0,1500,-1,0,11888,0,0,9620
98924,0,0,0,-1,-1,0,11757,0,0,9466
98925,0,2,0,-1,-1,0,3742,0,0,9467
98926,0,0,-1,0,0,0,483,0,0,9095
98927,0,0,-1,0,0,0,483,0,0,9098
98928,0,0,-1,-1,-1,0,483,0,0,8933
98929,0,0,-1,-1,-1,0,483,0,0,8934
98930,0,0,-1,-1,-1,0,483,0,0,9007
98933,0,1,0,-1,-1,0,29634,0,0,10567
98934,0,0,-1,-1,-1,0,12253,0,0,10460
98935,0,0,0,-1,-1,0,12347,0,0,10464
98936,0,0,-1,0,3600000,103,10692,0,0,8423
98937,0,0,-1,0,3600000,103,10693,0,0,8424
98938,0,0,-1,0,0,0,483,0,0,9079
98939,0,0,-1,-1,-1,0,483,0,0,8922
98940,0,1,0,10000,-1,0,9778,0,0,7939
98941,0,2,0,0,-1,0,13534,0,0,7954
98942,0,2,0,-1,-1,0,9806,0,0,7961
98943,0,0,-1,0,60000,4,439,0,0,118
98944,0,0,-1,0,0,0,483,0,0,9131
98945,0,0,-1,0,0,0,483,0,0,9132
98946,0,0,-1,0,0,0,483,0,0,9133
98947,0,0,-1,0,0,0,483,0,0,9134
98948,0,0,-1,-1,-1,0,483,0,0,8988
98949,0,0,-1,0,0,0,483,0,0,9075
98951,0,0,-1,-1,-1,0,483,0,0,8896
98952,0,0,-1,0,0,0,483,0,0,9066
98953,0,0,-1,0,0,0,483,0,0,9067
98954,0,0,-1,-1,-1,0,483,0,0,8966
98955,0,0,-1,0,0,0,483,0,0,9081
98956,0,0,-1,0,3000,79,11371,0,0,9088
98957,0,0,-1,-1,-1,0,9781,0,0,7967
98958,0,0,-1,-1,-1,0,9783,0,0,7969
98959,0,0,-1,0,0,0,483,0,0,9096
98960,0,0,-1,0,0,0,483,0,0,9097
98961,0,2,0,-1,-1,0,144260,0,0,9485
98962,0,1,0,-1,-1,0,11992,0,0,9978
98963,0,0,-1,-1,-1,0,483,0,0,9005
98964,0,0,-1,1000,-1,0,12176,0,0,10308
98965,0,0,-1,1000,-1,0,12179,0,0,10310
98966,0,0,-1,-1,-1,0,483,0,0,8994
98967,0,0,-1,0,0,0,483,0,0,9071
98968,0,0,-1,-1,-1,0,483,0,0,10302
98969,0,0,0,1200000,0,1180,22641,0,0,10588
98970,0,0,-1,-1,-1,0,483,0,0,10604
98971,0,0,-1,-1,-1,0,483,0,0,10605
98972,0,0,-1,-1,-1,0,483,0,0,10606
98973,0,0,-1,-1,-1,0,483,0,0,10607
98974,0,0,-1,-1,-1,0,483,0,0,10608
98979,0,0,-1,-1,-1,0,483,0,0,10713
98980,0,0,0,300000,0,0,13006,0,0,10716
98981,0,0,-1,-1,-1,0,483,0,0,1102
98982,0,0,-1,-1,-1,0,483,0,0,10603
98983,0,0,-1,0,0,0,483,0,0,4186
98985,0,0,-1,0,1000,11,433,0,0,117
98986,0,0,-1,0,1000,11,6727,0,0,8526
98988,0,0,-1,-1,-1,0,483,0,0,9221
98989,0,0,-1,-1,-1,0,483,0,0,9222
98990,0,0,0,3600000,0,0,13494,0,0,9449
98991,0,0,-1,-1,-1,0,483,0,0,8938
98992,0,0,-1,-1,-1,0,483,0,0,8940
98993,0,0,-1,-1,-1,0,483,0,0,8976
98994,0,0,-1,-1,-1,0,483,0,0,8977
98996,0,0,-1,-1,-1,0,483,0,0,10601
98997,0,0,-1,-1,-1,0,483,0,0,7991
98998,0,0,-1,0,1000,11,1131,0,0,8950
98999,0,0,-1,0,3000,79,11349,0,0,8951
99000,0,0,-1,-1,-1,0,483,0,0,9194
99001,0,0,-1,-1,-1,0,483,0,0,10322
99002,0,0,-1,-1,-1,0,483,0,0,10324
99003,0,0,-1,-1,-1,0,483,0,0,8978
99004,0,0,-1,-1,-1,0,483,0,0,8996
99005,0,0,-1,0,0,0,483,0,0,9064
99006,0,0,-1,0,60000,24,4074,0,0,10719
99007,0,0,-1,0,60000,24,12562,0,0,10586
99010,0,0,-1,-1,-1,0,12684,0,0,10622
99011,0,2,0,-1,-1,0,13439,0,0,10623
99015,0,0,-1,-1,-1,0,483,0,0,9191
99016,0,0,-1,-1,-1,0,483,0,0,9192
99017,0,0,-1,0,0,0,483,0,0,9129
99018,0,0,-1,-1,-1,0,11437,0,0,9249
99020,0,0,-1,-1,-1,0,483,0,0,8943
99021,0,0,-1,-1,-1,0,483,0,0,1244
99022,0,1,0,-1,-1,0,12418,0,0,10501
99024,0,0,0,-1,-1,0,12735,0,0,10663
99025,0,0,-1,0,3000,79,11403,0,0,9197
99026,0,2,0,0,-1,0,13532,0,0,9639
99028,0,0,-1,0,1000,59,432,0,0,9451
99030,0,0,-1,-1,-1,0,483,0,0,8929
99032,0,0,-1,-1,-1,0,15340,0,0,11622
99035,0,0,-1,0,0,0,483,0,0,9069
99036,0,2,0,-1,-1,0,16408,0,0,11121
99037,0,0,-1,-1,-1,0,483,0,0,12685
99039,0,0,-1,-1,-1,0,483,0,0,8800
99040,0,0,-1,-1,-1,0,483,0,0,8874
99041,0,0,-1,-1,-1,0,483,0,0,8910
99042,0,0,-1,-1,-1,0,15441,0,0,11667
99043,0,0,-1,-1,-1,0,15449,0,0,11673
99044,0,0,-1,-1,-1,0,483,0,0,3831
99045,0,0,-1,0,0,0,483,0,0,9138
99046,0,0,-1,-1,-1,0,483,0,0,12683
99047,0,0,-1,-1,-1,0,483,0,0,12226
99048,0,0,-1,-1,-1,0,483,0,0,12227
99049,0,0,-1,-1,-1,0,483,0,0,12229
99050,0,0,-1,0,0,0,483,0,0,9103
99051,0,2,0,-1,-1,0,10373,0,0,9425
99052,0,0,-1,0,1000,0,434,0,0,12238
99053,0,0,-1,-1,-1,0,483,0,0,12239
99054,0,0,-1,-1,-1,0,483,0,0,9301
99055,0,2,0,-1,-1,0,15494,0,0,11684
99058,0,1,0,-1,-1,0,18076,0,0,11907
99059,0,0,-1,-1,-1,0,9577,0,0,7733
99061,0,2,0,-1,-1,0,19260,0,0,13148
99062,0,0,0,30000,-1,0,17536,0,0,13536
99063,0,2,0,-1,-1,0,18214,0,0,13051
99064,0,0,-1,-1,-1,0,55884,0,0,11825
99066,0,0,-1,-1,-1,0,16077,0,0,12350
99067,0,0,-1,-1,-1,0,483,0,0,11610
99068,0,0,-1,-1,-1,0,483,0,0,11611
99069,0,0,-1,-1,-1,0,483,0,0,11612
99070,0,0,-1,-1,-1,0,483,0,0,9199
99071,0,0,0,1800000,10000,1141,11826,0,0,9492
99072,0,0,-1,0,3000,79,11405,0,0,9206
99073,0,2,0,-1,-1,0,144243,0,0,12802
99077,0,0,-1,-1,-1,0,483,0,0,12835
99080,0,0,-1,-1,-1,0,483,0,0,8860
99081,0,0,-1,-1,-1,0,483,0,0,1332
99082,0,0,-1,-1,-1,0,483,0,0,8798
99083,0,0,-1,-1,-1,0,483,0,0,8408
99084,0,0,-1,-1,-1,0,15391,0,0,11643
99085,0,0,-1,0,0,0,483,0,0,9104
99086,0,0,-1,-1,-1,0,483,0,0,8783
99088,0,0,-1,-1,-1,0,55884,0,0,8496
99092,0,0,-1,-1,-1,0,483,0,0,9190
99093,0,0,0,900000,45000,1141,12766,0,0,10455
99094,0,0,-1,0,1000,11,1131,0,0,12763
99095,0,0,-1,-1,-1,0,12460,0,0,10548
99096,0,0,-1,-1,-1,0,483,0,0,6045
99097,0,0,-1,-1,-1,0,483,0,0,5774
99098,0,0,-1,1000,-1,0,14227,0,0,10793
99099,0,0,0,-1,-1,0,15303,0,0,11613
99100,0,0,-1,0,90000,4,4941,0,0,4623
99101,0,0,-1,-1,-1,0,483,0,0,8855
99102,0,0,-1,-1,-1,0,483,0,0,8823
99103,0,0,-1,0,3000,79,11334,0,0,9187
99104,0,0,-1,-1,-1,0,55884,0,0,11826
99107,0,0,-1,-1,-1,0,16796,0,0,12733
99108,0,0,-1,0,1000,11,1131,0,0,8948
99109,0,0,-1,-1,-1,0,483,0,0,12726
99110,0,0,-1,-1,-1,0,483,0,0,12727
99111,0,0,0,1800000,0,0,10577,0,0,8346
99112,0,0,-1,-1,-1,0,483,0,0,4408
99113,0,0,0,180000,0,0,9223,0,0,6286
99114,0,1,0,-1,-1,0,43588,0,0,12639
99119,0,0,-1,-1,-1,0,483,0,0,3101
99120,0,0,-1,-1,-1,0,483,0,0,12728
99121,0,0,-1,-1,-1,0,483,0,0,3122
99123,0,0,-1,-1,-1,0,483,0,0,12261
99124,0,0,-1,0,0,0,483,0,0,9077
99125,0,1,0,0,0,0,48777,0,0,11122
99126,0,0,-1,-1,-1,0,483,0,0,12696
99127,0,0,-1,-1,-1,0,483,0,0,12698
99128,0,0,-1,-1,-1,0,483,0,0,12836
99129,0,0,-1,-1,-1,0,483,0,0,12837
99130,0,0,-1,-1,-1,0,483,0,0,12838
99132,0,0,-1,0,1000,11,10256,0,0,12215
99133,0,0,-1,0,1000,11,10256,0,0,12216
99134,0,0,-1,-1,-1,0,483,0,0,8862
99135,0,0,-1,-1,-1,0,483,0,0,5487
99136,0,1,0,0,0,38,39704,0,0,6708
99137,0,0,-1,-1,-1,0,3366,0,0,12301
99138,0,1,0,-1,-1,0,7617,0,0,1131
99139,0,0,-1,-1,-1,0,483,0,0,8915
99140,0,0,-1,0,60000,24,15239,0,0,11566
99142,0,0,-1,-1,-1,0,483,0,0,8810
99143,0,0,-1,-1,-1,0,11758,0,0,8584
99144,0,0,-1,-1,-1,0,483,0,0,8768
99146,0,2,0,-1,-1,0,18104,0,0,811
99147,0,2,0,-1,-1,0,17148,0,0,1263
99148,0,1,0,-1,-1,0,16718,0,0,12709
99150,0,0,-1,-1,-1,0,483,0,0,12719
99151,0,0,-1,-1,-1,0,483,0,0,12720
99152,0,0,-1,-1,-1,0,483,0,0,5723
99153,0,0,-1,-1,3000,330,55884,0,0,8629
99154,0,0,-1,-1,-1,0,483,0,0,12706
99155,0,0,-1,-1,-1,0,483,0,0,12707
99158,0,0,-1,0,1000,11,5004,0,0,12224
99159,0,0,0,-1,-1,0,14250,0,0,11286
99161,0,0,0,-1,-1,0,16007,0,0,12284
99162,0,0,-1,0,0,0,483,0,0,5697
99165,0,0,-1,60000,-1,0,16629,0,0,12650
99166,0,0,-1,0,0,0,483,0,0,9182
99168,0,0,-1,0,1000,11,5004,0,0,11584
99169,0,0,-1,-1,-1,0,483,0,0,10300
99170,0,0,-1,-1,-1,0,483,0,0,10424
99171,0,0,-1,-1,-1,0,483,0,0,2697
99172,0,0,-1,180000,-1,0,16031,0,0,12288
99173,0,0,-1,0,1000,11,1131,0,0,11444
99175,0,0,-1,-1,-1,0,483,0,0,8901
99176,0,0,-1,-1,-1,0,483,0,0,9001
99177,0,0,0,-1,-1,0,17155,0,0,12906
99179,0,1,0,-1,-1,0,16611,0,0,12628
99180,0,0,-1,-1,-1,0,483,0,0,8763
99181,0,0,-1,-1,-1,0,483,0,0,8875
99182,0,0,-1,1000,-1,0,12174,0,0,10309
99183,0,0,-1,-1,-1,0,483,0,0,12704
99184,0,0,-1,-1,-1,0,483,0,0,12705
99185,0,0,0,-1,-1,0,14247,0,0,11522
99186,0,0,-1,-1,-1,0,483,0,0,12231
99187,0,0,-1,-1,-1,0,483,0,0,9035
99188,0,0,-1,-1,-1,0,483,0,0,7192
99189,0,0,-1,0,0,0,483,0,0,9050
99193,0,0,-1,0,0,0,483,0,0,9130
99195,0,1,0,-1,-1,0,7363,0,0,6182
99196,0,0,-5,-1,-1,0,16053,0,0,12300
99197,0,2,0,-1,-1,0,16433,0,0,11744
99199,0,0,-1,2000,-1,0,17047,0,0,12844
99200,0,0,0,300000,0,0,17447,0,0,11808
99201,0,2,0,-1,-1,0,16559,0,0,11809
99202,0,1,0,-1,-1,0,15594,0,0,11810
99206,0,0,-1,0,120000,1153,15229,0,0,11562
99208,0,0,0,1800000,0,0,17252,0,0,13143
99211,0,2,0,-1,-1,0,17510,0,0,13032
99212,0,0,-1,-1,-1,0,15276,0,0,11602
99213,0,2,0,-1,-1,0,16405,0,0,11603
99215,0,0,-1,-1,-1,0,13564,0,0,11197
99216,0,0,-1,-1,3000,330,55884,0,0,12327
99218,0,0,-1,-1,-1,0,483,0,0,8387
99219,0,0,-1,-1,-1,0,483,0,0,980
99222,0,0,0,-1,-1,0,16447,0,0,12526
99224,0,0,-1,0,0,0,483,0,0,9049
99226,0,1,0,-1,-1,0,19691,0,0,1465
99227,0,0,-1,-1,-1,0,483,0,0,9211
99228,0,0,-1,0,0,0,483,0,0,9167
99229,0,0,-1,-1,900000,1153,16666,0,0,12662
99230,0,2,0,-1,-1,0,144270,0,0,6220
99231,0,0,-1,-1,-1,0,12459,0,0,10546
99234,0,0,0,-1,-1,0,17133,0,0,12888
99235,0,2,0,-1,-1,0,16413,0,0,12992
99238,0,1,0,-1,-1,0,15600,0,0,11815
99240,0,0,-1,120000,120000,1153,15700,0,0,11951
99241,0,0,-1,0,120000,1153,15701,0,0,11952
99242,0,0,-1,-1,-1,0,483,0,0,8853
99243,0,0,0,1800000,0,0,13180,0,0,10726
99244,0,0,-1,-1,-1,0,55884,0,0,11023
99247,0,1,0,0,0,0,8397,0,0,11302
99250,0,0,-1,-1,-1,0,483,0,0,11614
99251,0,0,-1,-1,-1,0,483,0,0,9298
99252,0,0,-1,-1,3000,330,55884,0,0,12325
99253,0,0,-1,-1,-1,0,483,0,0,11827
99254,0,0,-1,-1,-1,0,55884,0,0,11026
99255,0,0,-1,-1,-1,0,55884,0,0,11027
99260,0,0,-1,-1,-1,0,483,0,0,7086
99261,0,0,-1,-1,-1,0,483,0,0,11828
99262,0,1,0,0,0,0,15438,0,0,11669
99264,0,0,-1,-1,-1,0,15444,0,0,11670
99265,0,0,-1,-1,-1,0,15446,0,0,11671
99266,0,0,-1,-1,-1,0,15458,0,0,11672
99267,0,0,0,3000,-1,0,16028,0,0,12286
99268,0,0,-1,-1,3000,330,55884,0,0,12353
99269,0,0,-1,0,0,0,483,0,0,9175
99270,0,0,-1,0,0,0,483,0,0,9093
99272,0,0,-1,-1,-1,0,483,0,0,11615
99274,0,0,-1,-1,-1,0,14199,0,0,11148
99275,0,0,-1,0,0,0,15233,0,0,11564
99276,0,0,-1,-1,-1,0,11008,0,0,11846
99277,0,0,-1,-1,-1,0,483,0,0,4266
99278,0,0,-1,1000,-1,0,14814,0,0,11325
99279,0,0,-1,-1,-1,0,483,0,0,9013
99280,0,0,-1,-1,-1,0,483,0,0,9004
99283,0,0,-1,-1,-1,0,483,0,0,9305
99284,0,0,-1,-1,-1,0,483,0,0,11038
99285,0,0,0,120000,-1,0,18364,0,0,14134
99288,0,0,-1,-1,-1,0,55884,0,0,8494
99289,0,0,-1,-1,3000,330,55884,0,0,8595
99290,0,0,-1,-1,-1,0,483,0,0,8843
99291,0,0,-1,0,0,0,483,0,0,1036
99292,0,2,0,-1,-1,0,144249,0,0,10761
99293,0,2,0,-1,-1,0,16411,0,0,10628
99294,0,0,-1,-1,-1,0,483,0,0,10609
99298,0,0,-1,-1,-1,0,483,0,0,5130
99299,0,0,-1,-1,-1,0,4976,0,0,4754
99300,0,0,-1,-1,3000,330,55884,0,0,5864
99301,0,0,0,-1,-1,0,15033,0,0,11445
99302,0,0,-1,-1,-1,0,15406,0,0,11649
99303,0,0,-1,-1,-1,0,483,0,0,8989
99304,0,0,-1,-1,-1,0,483,0,0,4146
99305,0,0,-1,-1,-1,0,15397,0,0,11645
99306,0,0,-1,-1,-1,0,15404,0,0,11648
99307,0,0,-1,-1,-1,0,483,0,0,5972
99308,0,0,-1,0,0,0,15231,0,0,11563
99309,0,0,-1,0,3000,79,11319,0,0,8827
99310,0,0,-1,-1,-1,0,483,0,0,4277
99311,0,0,-1,-1,-1,0,15463,0,0,11676
99312,0,0,-1,-1,-1,0,55884,0,0,11110
99313,0,1,0,-1,-1,0,7823,0,0,7996
99315,0,0,-1,-1,-1,0,483,0,0,10318
99316,0,2,0,-1,-1,0,15280,0,0,11607
99317,0,0,-1,-1,-1,0,15699,0,0,11948
99318,0,0,-1,-1,-1,0,483,0,0,8935
99319,0,0,-1,-1,-1,0,483,0,0,9034
99321,0,0,-1,-1,-1,0,483,0,0,11039
99322,0,0,-1,-1,-1,0,15389,0,0,11642
99323,0,0,0,-1,-1,0,471,0,0,902
99325,0,2,0,-1,-1,0,15283,0,0,11608
99326,0,0,-1,0,0,0,483,0,0,9099
99327,0,2,0,-1,-1,0,13527,0,0,9486
99328,0,0,-1,-1,-1,0,483,0,0,8911
99332,0,0,-1,120000,0,0,15057,0,0,11590
99333,0,0,-1,-1,-1,0,483,0,0,11164
99334,0,0,-1,-1,-1,0,483,0,0,11226
99335,0,0,0,300000,60000,94,12749,0,0,10576
99336,0,2,0,-1,-1,0,13530,0,0,8225
99337,0,0,0,-1,-1,0,14806,0,0,11320
99338,0,0,-1,-1,-1,0,15429,0,0,11664
99339,0,0,-1,-1,-1,0,483,0,0,10319
99340,0,0,-1,-1,-1,0,483,0,0,3143
99341,0,0,0,-1,-1,0,3366,0,0,11000
99342,0,0,-1,0,0,0,483,0,0,9068
99343,0,0,-1,0,0,0,483,0,0,1063
99344,0,0,-1,300000,0,0,15279,0,0,11567
99345,0,0,-1,-1,-1,0,483,0,0,8890
99346,0,0,-1,-1,-1,0,10459,0,0,8155
99347,0,0,-1,-1,-1,0,483,0,0,7984
99348,0,0,0,5000,-1,0,13399,0,0,11020
99349,0,0,-1,0,120000,4,6614,0,0,5632
99350,0,0,-1,-1,3000,330,55884,0,0,2415
99351,0,0,-1,0,0,0,483,0,0,9151
99352,0,2,0,-1,-1,0,18088,0,0,10803
99353,0,2,0,-1,-1,0,18084,0,0,10804
99354,0,0,-1,-1,-1,0,15702,0,0,11953
99355,0,0,-1,-1,-1,0,483,0,0,1090
99356,0,0,-1,-1,-1,0,15066,0,0,11473
99357,0,0,-1,-1,-1,0,55884,0,0,11474
99360,0,0,0,600000,0,0,13120,0,0,10720
99362,0,2,0,-1,-1,0,13526,0,0,11635
99363,0,0,0,3600000,0,0,12561,0,0,10543
99364,0,0,-1,-1,-1,0,3976,0,0,4407
99365,0,0,-1,0,1000,11,1129,0,0,4599
99366,0,0,-1,-1,-1,0,15998,0,0,12262
99367,0,0,-1,-1,-1,0,483,0,0,12691
99368,0,0,-1,-1,-1,0,483,0,0,12692
99369,0,0,-1,-1,-1,0,483,0,0,12693
99370,0,0,-1,-1,-1,0,483,0,0,12694
99372,2,0,0,900000,0,0,15646,0,0,11832
99373,0,0,-1,-1,-1,0,15627,0,0,11833
99374,0,0,0,1200000,90000,94,23133,0,0,10725
99375,0,0,-1,-1,-1,0,483,0,0,9022
99376,0,0,0,1200000,0,0,12733,0,0,10418
99378,0,0,-1,-1,-1,0,55884,0,0,13582
99379,0,0,-1,-1,-1,0,55884,0,0,13584
99380,0,0,-1,-1,-1,0,483,0,0,11813
99381,0,2,0,-1,-1,0,16603,0,0,12621
99383,0,0,-1,-1,-1,0,483,0,0,3734
99384,0,0,0,2000,-1,0,4954,0,0,5410
99385,0,0,-1,1000,500,1952,13632,0,0,11134
99386,0,0,-1,1000,500,1952,13633,0,0,11135
99387,0,0,-1,-1,-1,0,483,0,0,4203
99388,0,0,-1,0,60000,4,17546,0,0,13458
99389,0,0,-1,0,60000,4,17545,0,0,13460
99390,0,0,-1,0,60000,4,17550,0,0,13462
99398,0,0,0,-1,-1,0,3366,0,0,13704
99399,0,0,-1,-1,-1,0,483,0,0,11204
99400,0,0,-1,0,1000,11,26030,0,0,11950
99401,0,0,-1,-1,-1,0,483,0,0,13947
99404,0,0,0,-1,-1,0,17133,0,0,12886
99405,0,0,0,-1,-1,0,17133,0,0,12887
99407,0,0,-5,-1,-1,0,16057,0,0,12323
99408,0,0,-1,0,1000,11,18071,0,0,13724
99409,0,0,-1,-1,-1,0,17432,0,0,13302
99410,0,0,-1,-1,-1,0,483,0,0,12164
99411,0,0,0,-1,-1,0,3366,0,0,12186
99414,0,0,-1,-1,-1,0,13982,0,0,11609
99415,0,1,0,-1,-1,0,4070,0,0,1490
99416,0,0,-1,0,60000,4,17543,0,0,13457
99417,0,0,-1,0,1000,11,1129,0,0,13893
99418,0,2,0,0,-1,0,16921,0,0,12794
99419,0,2,0,-1,-1,0,13318,0,0,12795
99420,0,2,0,-1,-1,0,56,0,0,12796
99421,0,0,-1,-1,-1,0,483,0,0,13517
99422,0,0,-1,-1,-1,0,483,0,0,13518
99423,0,0,-1,-1,-1,0,483,0,0,13948
99426,0,0,-1,-1,-1,0,483,0,0,13485
99427,0,0,-1,-1,-1,0,483,0,0,13486
99430,0,2,0,-1,-1,0,18112,0,0,13262
99431,0,0,-1,-1,-1,0,483,0,0,13943
99433,0,2,0,-1,-1,0,16405,0,0,13060
99434,0,0,-1,-1,-1,0,483,0,0,12826
99435,0,0,-1,-1,-1,0,483,0,0,12827
99436,0,0,-1,-1,-1,0,483,0,0,12828
99437,0,0,0,1800000,0,0,16739,0,0,1973
99438,0,1,0,-1,-1,0,17623,0,0,13544
99439,0,2,0,-1,-1,0,16414,0,0,11920
99444,0,0,-1,-1,-1,0,483,0,0,13949
99445,0,0,0,300000,-1,0,12346,0,0,10465
99449,0,0,-1,0,60000,24,4067,0,0,4380
99450,0,0,-1,-1,3000,330,55884,0,0,12351
99451,0,0,-1,-1,3000,330,55884,0,0,12354
99453,0,0,0,1800000,0,0,17275,0,0,13164
99454,0,0,-1,-1,-1,0,483,0,0,13479
99455,0,0,-1,-1,-1,0,483,0,0,13481
99456,0,0,-1,-1,-1,0,483,0,0,13482
99457,0,0,-1,-1,-1,0,483,0,0,13520
99458,0,0,0,-1,-1,0,16628,0,0,12646
99459,0,0,-1,-1,3000,330,55884,0,0,8631
99460,0,1,0,-1,-1,0,7721,0,0,12631
99462,0,0,-1,-1,-1,0,483,0,0,13521
99464,0,0,-1,-1,-1,0,3366,0,0,13523
99469,0,1,0,-1,-1,0,16615,0,0,12632
99473,0,0,-1,-1,-1,0,16623,0,0,12645
99474,0,0,-1,-1,-1,0,483,0,0,10323
99475,0,0,0,1000,-1,0,17176,0,0,12942
99477,0,0,-1,-1,-1,0,483,0,0,14512
99478,0,0,-1,-1,-1,0,483,0,0,14514
99483,0,0,-1,-1,-1,0,483,0,0,14509
99488,0,0,-1,-1,-1,0,483,0,0,12716
99489,0,0,-1,-1,-1,0,483,0,0,12717
99490,0,0,-1,-1,-1,0,483,0,0,13483
99491,0,2,0,0,-1,0,13318,0,0,12791
99492,0,0,0,30000,30000,0,17166,0,0,12928
99493,0,1,0,0,0,0,16982,0,0,12805
99494,0,0,-1,-1,-1,0,483,0,0,13484
99499,0,0,-1,-1,-1,0,483,0,0,14510
99500,0,0,-1,-1,3000,330,55884,0,0,13325
99501,0,2,0,-1,-1,0,144239,0,0,12790
99503,0,0,-1,-1,-1,0,17432,0,0,13303
99507,0,0,-1,-1,-1,0,16537,0,0,12586
99510,0,0,-1,-1,-1,0,483,0,0,12162
99511,0,0,-1,-1,-1,0,483,0,0,12714
99512,0,0,-1,-1,-1,0,483,0,0,12715
99513,0,0,-1,0,3000,79,17539,0,0,13454
99517,0,0,-1,-1,-1,0,483,0,0,12163
99518,0,0,-1,-1,-1,0,483,0,0,13477
99519,0,0,0,-1,-1,0,16996,0,0,12785
99522,0,0,-1,-1,-1,0,483,0,0,14505
99523,0,0,-1,-1,-1,0,483,0,0,14506
99528,0,0,-1,-1,-1,0,483,0,0,14482
99529,0,0,-1,-1,-1,0,483,0,0,14483
99530,0,0,-1,-1,-1,0,483,0,0,14484
99531,0,0,-1,-1,-1,0,483,0,0,14488
99532,0,0,-1,-1,-1,0,483,0,0,14478
99533,0,0,-1,-1,-1,0,483,0,0,14479
99534,0,0,-1,-1,-1,0,483,0,0,14480
99535,0,0,-1,-1,-1,0,483,0,0,14481
99537,0,0,-1,-1,-1,0,483,0,0,12713
99538,0,0,-1,0,120000,4,17540,0,0,13455
99539,0,0,-1,0,60000,4,17544,0,0,13456
99540,0,0,-1,-1,-1,0,483,0,0,13489
99541,0,0,-1,-1,-1,0,483,0,0,14489
99542,2,1,0,0,0,0,18388,0,0,14154
99547,0,0,-1,-1,-1,0,483,0,0,13939
99550,0,0,-1,-1,-1,0,483,0,0,12825
99551,0,1,0,-1,-1,0,15956,0,0,12225
99553,0,0,-1,0,0,0,483,0,0,9148
99555,0,0,0,-1,-1,0,17179,0,0,13752
99556,0,0,0,1000,-1,0,17271,0,0,13156
99558,0,2,0,-1,-1,0,16551,0,0,12590
99559,0,2,0,-1,-1,0,16602,0,0,12592
99561,0,0,-1,-1,-1,0,13478,0,0,11078
99562,0,0,-1,-1,-1,0,13484,0,0,11079
99563,0,0,-1,0,1000,11,1127,0,0,13756
99564,0,2,0,-1,-1,0,17484,0,0,13361
99565,0,0,-1,-1,-1,0,11629,0,0,12003
99566,0,0,-1,-1,3000,330,55884,0,0,12302
99567,0,0,-1,-1,3000,330,55884,0,0,12303
99568,0,0,-1,-1,-1,0,483,0,0,8964
99569,0,0,-1,-1,-1,0,483,0,0,8941
99570,0,0,-1,-1,-1,0,483,0,0,9020
99571,0,0,-1,-1,-1,0,483,0,0,8987
99572,0,0,-1,-1,-1,0,16195,0,0,12440
99573,0,2,0,-1,-1,0,144247,0,0,11803
99574,0,0,0,15000,-1,0,15591,0,0,11804
99576,0,0,0,60000,0,0,18400,0,0,13379
99578,0,0,-1,-1,-1,0,483,0,0,12830
99579,0,0,-1,-1,-1,0,483,0,0,12831
99580,0,0,-1,-1,-1,0,483,0,0,12833
99581,0,0,0,-1,-1,0,16627,0,0,12647
99582,0,0,-1,60000,-1,0,16326,0,0,12455
99583,0,2,0,-1,-1,0,17483,0,0,13348
99585,0,2,0,-1,-1,0,16898,0,0,12777
99586,0,1,0,-1,-1,0,60244,0,0,12185
99592,0,0,-1,-1,-1,0,483,0,0,12834
99593,0,0,-1,-1,-1,0,16073,0,0,12346
99594,0,1,0,-1,-1,0,17619,0,0,13503
99595,0,0,0,900000,60000,94,17490,0,0,13353
99597,0,0,-1,-1,-1,0,17432,0,0,13307
99598,0,0,-1,-1,-1,0,483,0,0,13308
99599,0,0,-1,-1,-1,0,483,0,0,13310
99600,0,0,-1,0,60000,4,15822,0,0,12190
99601,0,0,-1,0,1000,11,10256,0,0,12218
99603,0,0,-1,1500,-1,0,15647,0,0,12565
99604,0,0,-1,-1,-1,0,15649,0,0,12566
99605,0,2,0,-1,-1,0,18082,0,0,12792
99606,0,0,-1,60000,-1,0,16323,0,0,12451
99607,0,0,-1,0,1000,11,1129,0,0,13930
99608,0,0,-1,0,1000,11,1131,0,0,13933
99609,0,0,0,600000,0,0,18264,0,0,13937
99611,0,0,-1,0,1000,11,15852,0,0,12217
99612,0,0,-5,1500,-1,0,17016,0,0,12815
99613,0,0,-1,-1,-1,0,483,0,0,12816
99615,0,0,0,0,-1,0,16613,0,0,12627
99618,0,0,0,900000,0,0,16470,0,0,12532
99621,0,0,-1,0,1000,11,1127,0,0,13758
99622,0,1,0,-1,-1,0,144320,0,0,11861
99626,0,1,0,-1,-1,0,17625,0,0,13505
99627,0,0,-1,0,60000,4,17624,0,0,13506
99628,0,2,0,-1,-1,0,144258,0,0,12250
99629,0,0,-1,0,1000,11,1127,0,0,13759
99630,0,1,0,0,-1,0,17495,0,0,13375
99632,0,0,-1,-1,3000,330,55884,0,0,12330
99633,0,0,-1,-1,-1,0,483,0,0,12684
99634,0,0,-1,-1,-1,0,483,0,0,8990
99636,0,0,-1,-1,-1,0,483,0,0,14507
99637,0,0,-1,-1,-1,0,483,0,0,14508
99639,0,2,0,-1,-1,0,17407,0,0,13285
99642,0,2,0,-1,-1,0,10370,0,0,12469
99643,0,0,-1,-1,-1,0,483,0,0,12687
99644,0,0,-1,60000,-1,0,16325,0,0,12457
99645,0,0,-1,60000,-1,0,16327,0,0,12458
99646,0,0,-1,-1,-1,0,13630,0,0,11132
99648,0,2,0,-1,-1,0,56,0,0,12528
99651,0,0,-1,0,1000,11,1129,0,0,13546
99652,0,2,0,-1,-1,0,144248,0,0,13035
99654,0,2,0,-1,-1,0,16549,0,0,12583
99655,0,0,-1,-1,-1,0,483,0,0,12817
99656,0,0,-1,-1,-1,0,483,0,0,12821
99658,0,0,-1,-1,3000,330,55884,0,0,13326
99659,0,0,-1,-1,-1,0,55884,0,0,12264
99660,0,0,-1,-1,3000,330,55884,0,0,13322
99661,0,0,-1,-1,3000,330,55884,0,0,13332
99662,0,0,-1,-1,3000,330,55884,0,0,13335
99663,0,0,-1,0,1000,11,1129,0,0,4608
99664,0,0,-1,-1,3000,330,55884,0,0,13327
99665,0,0,-1,-1,3000,330,55884,0,0,13329
99666,0,0,-1,-1,3000,330,55884,0,0,13331
99667,0,0,-1,0,60000,24,12543,0,0,10562
99669,0,0,-1,-1,-1,0,55884,0,0,12529
99670,0,0,-1,-1,-1,0,483,0,0,13491
99671,0,0,-1,60000,20000,24,16322,0,0,12450
99672,0,0,-1,0,1000,11,5006,0,0,12209
99673,0,0,-1,0,1000,11,5007,0,0,12210
99674,0,0,-1,0,1000,11,5007,0,0,12211
99675,0,0,-1,0,1000,11,5007,0,0,12213
99677,0,0,-1,-1,-1,0,483,0,0,8813
99678,0,2,0,0,-1,0,18203,0,0,13183
99679,0,0,-1,-1,-1,0,483,0,0,13487
99680,0,0,0,120000,10000,1141,17330,0,0,13213
99682,0,0,-1,0,1000,11,1127,0,0,13754
99683,0,0,-1,-1,-1,0,483,0,0,12688
99684,0,2,0,-1,-1,0,14118,0,0,12463
99685,0,0,-1,-1,-1,0,483,0,0,7975
99686,0,0,-1,-1,-1,0,483,0,0,12823
99688,0,0,-1,-1,-1,0,483,0,0,12689
99689,0,0,-1,-1,-1,0,483,0,0,12690
99690,0,1,0,-1,-1,0,16550,0,0,12588
99691,0,0,-1,-1,-1,0,16072,0,0,12347
99693,0,0,-1,0,1000,11,18230,0,0,13928
99695,0,2,0,-1,-1,0,17196,0,0,12969
99696,0,0,-1,0,1000,11,1127,0,0,13760
99698,0,0,-1,-1,-1,0,483,0,0,12240
99699,0,2,0,-1,-1,0,15662,0,0,12243
99700,0,0,-1,0,1000,11,1129,0,0,13888
99701,0,0,0,-1,-1,0,17474,0,0,12891
99702,0,0,-1,0,0,0,16138,0,0,12404
99703,0,0,-1,-1,-1,0,483,0,0,12824
99706,0,0,-1,-1,-1,0,483,0,0,12702
99707,0,0,-1,-1,-1,0,483,0,0,8790
99710,0,0,-1,0,60000,4,17528,0,0,13442
99711,0,0,-1,0,3000,79,11348,0,0,13445
99713,0,0,-1,-1,3000,330,55884,0,0,13086
99716,0,0,-1,0,1000,11,1131,0,0,8952
99717,0,0,-1,-1,-1,0,12805,0,0,10688
99718,0,0,-1,-1,-1,0,16197,0,0,12443
99719,0,0,-1,-1,-1,0,483,0,0,12695
99720,0,0,-1,-1,-1,0,483,0,0,12697
99721,0,0,-1,-1,-1,0,483,0,0,12703
99722,0,0,-1,-1,-1,0,483,0,0,12711
99723,0,1,0,-1,-1,0,16620,0,0,12641
99725,0,1,0,-1,-1,0,18198,0,0,13017
99726,0,0,-1,-1,-1,0,483,0,0,8760
99728,0,0,-1,-1,-1,0,483,0,0,13940
99729,0,0,-1,-1,-1,0,483,0,0,13941
99732,0,2,0,-1,-1,0,17506,0,0,13408
99734,0,0,-1,-1,-1,0,483,0,0,15762
99735,0,0,-1,-1,-1,0,483,0,0,14630
99736,0,0,-1,-1,-1,0,483,0,0,5543
99737,0,0,-1,-1,-1,0,483,0,0,15763
99739,0,0,-1,-1,-1,0,483,0,0,15765
99747,0,0,0,-1,-1,0,18762,0,0,14547
99748,0,0,-1,-1,-1,0,15427,0,0,11663
99749,0,0,-1,0,0,0,3366,0,0,11885
99753,0,0,-1,-1,3000,330,55884,0,0,12326
99754,0,0,-1,60000,-1,0,16329,0,0,12460
99755,0,0,-1,0,-1,0,16622,0,0,12643
99764,0,0,-1,-1,-1,0,18711,0,0,14644
99765,0,0,-1,0,1000,11,5007,0,0,12212
99766,0,0,-1,-1,3000,330,55884,0,0,13333
99767,0,0,3,-1,-1,0,19688,0,0,15914
99768,0,0,3,-1,-1,0,19689,0,0,15915
99771,0,0,-1,-1,-1,0,18397,0,0,14338
99772,0,0,-1,-1,-1,0,483,0,0,13490
99773,0,0,-1,-1,-1,0,483,0,0,13492
99774,0,0,-1,-1,-1,0,483,0,0,13493
99775,0,0,-1,0,0,0,483,0,0,8769
99776,0,0,-1,-1,-1,0,483,0,0,8770
99779,0,0,-1,-1,-1,0,483,0,0,10314
99780,0,0,0,300000,10000,1141,6251,0,0,13382
99781,0,1,0,-1,-1,0,18212,0,0,13044
99783,0,0,-1,0,1000,11,5007,0,0,13851
99784,0,0,-1,-1,-1,0,483,0,0,11223
99785,0,1,0,-1,-1,0,18201,0,0,11629
99786,0,0,-1,0,60000,24,15235,0,0,11565
99787,0,0,-1,0,1000,59,18140,0,0,13813
99790,0,0,3,-1,-1,0,19548,0,0,15908
99791,0,0,-1,-1,-1,0,15402,0,0,11647
99794,0,2,0,-1,-1,0,144263,0,0,13057
99796,0,2,0,-1,-1,0,15602,0,0,11817
99797,0,0,-1,-1,-1,0,17432,0,0,13306
99798,0,0,-1,-1,3000,330,55884,0,0,15290
99799,0,0,-1,-1,-1,0,19646,0,0,15869
99800,0,0,-1,-1,-1,0,19649,0,0,15870
99801,0,0,-1,-1,-1,0,19651,0,0,15871
99802,0,0,-1,-1,-1,0,20709,0,0,15872
99803,0,0,-1,0,0,0,483,0,0,9076
99805,0,0,-1,-1,-1,0,483,0,0,13287
99810,0,0,-1,-1,-1,0,17199,0,0,12973
99811,0,2,0,-1,-1,0,14106,0,0,12974
99813,0,0,-1,-1,-1,0,483,0,0,13288
99814,0,0,0,-1,-1,0,17368,0,0,13289
99815,0,1,0,-1,-1,0,29626,0,0,13040
99818,0,0,-1,-1,-1,0,483,0,0,11225
99819,0,2,0,-1,-1,0,17308,0,0,13198
99824,0,0,-1,-1,-1,0,483,0,0,13499
99828,0,0,-1,-1,-1,0,483,0,0,14467
99830,0,0,-3,0,120000,1153,19199,0,0,15723
99831,0,0,-1,-1,-1,0,483,0,0,15724
99833,0,0,0,-1,-1,0,3366,0,0,12382
99834,0,2,0,-1,-1,0,18833,0,0,14555
99838,0,0,-1,-1,-1,0,483,0,0,15725
99841,0,0,-1,-1,3000,330,55884,0,0,13334
99849,0,2,0,-1,-1,0,18211,0,0,13053
99852,0,2,0,-1,-1,0,18656,0,0,14576
99853,0,1,0,-1,-1,0,18201,0,0,11628
99854,0,0,-1,-1,-1,0,15400,0,0,11646
99857,0,0,0,-1,-1,0,15119,0,0,11570
99858,0,0,-1,-1,-1,0,483,0,0,6047
99859,0,0,0,900000,30000,1141,18787,0,0,14554
99860,0,2,0,0,-1,0,17505,0,0,13401
99861,0,0,-1,0,60000,4,17531,0,0,13444
99863,0,0,-1,0,1000,11,434,0,0,4541
99864,0,0,-1,-1,-1,0,483,0,0,4219
99865,0,0,3,60000,0,0,145731,0,0,13508
99868,0,2,0,-1,-1,0,18633,0,0,14531
99869,0,0,-1,-1,-1,0,483,0,0,14499
99871,0,0,-1,-1,-1,0,483,0,0,13494
99872,0,0,-1,-1,-1,0,483,0,0,14472
99874,0,2,0,0,-1,0,17315,0,0,13204
99875,0,0,-1,0,1000,11,18124,0,0,13810
99880,0,2,0,-1,-1,0,18381,0,0,14145
99885,0,2,0,-1,-1,0,17331,0,0,13218
99886,0,2,0,-1,-1,0,16528,0,0,12582
99888,0,0,-1,0,1000,11,1129,0,0,13889
99890,0,1,0,0,0,0,20847,0,0,14557
99891,0,0,0,-1,-1,0,18153,0,0,13892
99892,0,2,0,-1,-1,0,16927,0,0,12797
99893,0,2,0,-1,-1,0,14126,0,0,13054
99894,0,0,-1,-1,-1,0,483,0,0,12233
99898,0,0,0,-1,-1,0,3366,0,0,11140
99899,0,0,0,180000,-1,0,17468,0,0,13342
99900,0,0,0,180000,-1,0,17469,0,0,13343
99901,0,0,-1,-1,-1,0,14125,0,0,11115
99902,0,0,-1,-1,-1,0,55884,0,0,8490
99903,2,0,0,300000,0,0,18385,0,0,14152
99906,1,0,0,600000,0,0,18386,0,0,14153
99908,0,0,0,600000,600000,94,18307,0,0,14022
99909,0,0,0,600000,600000,94,18308,0,0,14023
99910,0,2,0,-1,-1,0,19755,0,0,14024
99912,0,0,-1,0,1000,11,18231,0,0,13929
99913,0,0,-1,-1,-1,0,483,0,0,13945
99916,0,0,-1,-1,3000,330,55884,0,0,13317
99917,0,2,0,-1,-1,0,17500,0,0,13393
99918,0,0,-1,0,1000,11,18229,0,0,13927
99919,0,0,-1,-1,-1,0,483,0,0,14635
99922,0,0,0,10000,-1,0,16378,0,0,12472
99924,0,0,-1,-1,-1,0,17432,0,0,13304
99925,0,0,-1,-1,-1,0,483,0,0,14469
99926,0,0,-1,-1,-1,0,483,0,0,14470
99927,0,0,-1,-1,-1,0,483,0,0,15726
99928,0,0,-1,-1,-1,0,483,0,0,15727
99933,0,0,-1,0,1000,11,5007,0,0,12214
99938,0,0,0,1800000,0,0,17448,0,0,13315
99939,0,1,0,-1,-1,0,29635,0,0,13146
99940,0,0,-1,-1,-1,0,483,0,0,14634
99942,0,0,-1,-1,-1,0,17432,0,0,13305
99943,0,0,-1,0,1000,11,18232,0,0,13932
99944,0,1,0,-1,-1,0,23930,0,0,13209
99946,0,0,-1,0,1000,150,18610,0,0,14530
99947,0,0,-1,-1,-1,0,483,0,0,14474
99948,0,0,-1,-1,-1,0,483,0,0,14476
99950,0,0,-1,-1,-1,0,483,0,0,13488
99953,0,0,-1,-1,-1,0,483,0,0,14491
99954,0,0,-1,-1,-1,0,483,0,0,14492
99955,0,0,-1,-1,-1,0,483,0,0,14493
99957,0,0,-1,-1,-1,0,483,0,0,14494
99958,0,0,-1,-1,-1,0,483,0,0,14466
99959,0,0,-1,-1,-1,0,483,0,0,11150
99960,0,0,-1,0,60000,4,17534,0,0,13446
99961,0,0,-1,0,3000,79,17535,0,0,13447
99967,0,0,-1,0,60000,24,17291,0,0,13180
99968,0,0,-1,-1,60000,24,29443,0,0,13509
99969,0,0,-1,0,3000,79,17626,0,0,13510
99970,0,0,-1,0,3000,79,17627,0,0,13511
99971,0,0,0,300000,10000,1141,17668,0,0,13515
99972,0,0,-1,-1,-1,0,483,0,0,14490
99973,0,0,-1,-1,-1,0,483,0,0,13311
99974,0,2,0,-1,-1,0,18289,0,0,13983
99977,0,0,-1,-1,-1,0,483,0,0,14504
99978,0,0,-1,-1,-1,0,483,0,0,12958
99979,0,0,-1,0,60000,4,2023,0,0,3827
99980,0,0,-1,-1,-1,0,483,0,0,6349
99981,0,0,-1,-1,3000,330,55884,0,0,13323
99982,0,0,-1,-1,3000,330,55884,0,0,13324
99985,0,2,0,-1,-1,0,16454,0,0,12531
99989,0,1,0,-1,-1,0,17350,0,0,13243
99991,0,0,-1,-1,-1,0,483,0,0,14468
99992,0,0,-1,-1,-1,0,483,0,0,13495
99993,0,0,-1,-1,-1,0,483,0,0,13496
99994,0,0,-1,-1,-1,0,483,0,0,13497
99997,0,0,-1,-1,-1,0,483,0,0,14495
99998,0,0,-1,-1,3000,330,55884,0,0,13321
99999,0,0,-1,-1,3000,330,55884,0,0,14062
100001,0,0,-1,0,3000,79,17538,0,0,13452
100002,0,0,-1,0,3000,79,17537,0,0,13453
100003,0,0,-1,-1,-1,0,483,0,0,14496
100004,0,0,-1,-1,-1,0,483,0,0,14497
100005,0,0,-1,-1,-1,0,483,0,0,13946
100006,0,0,-1,0,1000,11,1131,0,0,13935
100007,0,2,0,-1,-1,0,18278,0,0,13953
100008,0,0,0,1800000,0,0,20587,0,0,15873
100010,0,0,-1,-1,-1,0,483,0,0,16052
100011,0,0,-1,-1,-1,0,483,0,0,16054
100012,0,0,-1,-1,-1,0,483,0,0,15730
100013,0,0,-1,-1,-1,0,483,0,0,15732
100021,0,2,0,-1,-1,0,20586,0,0,15853
100023,0,0,-1,-1,-1,0,19903,0,0,16084
100024,0,0,-1,-1,-1,0,19902,0,0,16085
100025,0,0,0,-1,-1,0,20529,0,0,16645
100026,1,0,0,1800000,0,0,18957,0,0,15107
100028,0,0,-1,-1,-1,0,483,0,0,15772
100031,0,0,-1,-1,-1,0,20431,0,0,16386
100032,0,0,-1,-1,-1,0,483,0,0,17023
100033,0,0,-1,-1,-1,0,19886,0,0,16072
100034,0,0,-1,-1,-1,0,483,0,0,15728
100036,0,0,-10,15000,-1,0,19512,0,0,15826
100040,0,0,-1,-1,-1,0,19887,0,0,16073
100045,0,0,-1,-1,-1,0,483,0,0,15768
100046,0,0,-1,-1,-1,0,483,0,0,15769
100047,0,0,-1,0,60000,24,19784,0,0,16005
100048,0,0,-1,-1,-1,0,483,0,0,16049
100049,0,0,-1,-1,-1,0,483,0,0,16050
100055,0,0,-1,-1,-1,0,20364,0,0,16333
100056,0,0,-1,-1,-1,0,20404,0,0,16376
100057,0,0,-1,-1,-1,0,20407,0,0,16379
100060,0,1,0,0,-1,0,42184,0,0,16009
100061,0,0,-1,-1,-1,0,20329,0,0,16331
100062,0,0,3,-1,-1,0,19674,0,0,15911
100064,0,0,-1,-1,-1,0,20312,0,0,16316
100068,0,0,-1,-1,-1,0,483,0,0,15774
100069,0,0,-1,-1,-1,0,483,0,0,15776
100070,0,0,-1,-1,-1,0,483,0,0,15777
100076,0,1,0,-1,-1,0,22778,0,0,16510
100077,0,0,0,-1,-1,0,20531,0,0,16655
100078,0,0,0,-1,-1,0,20531,0,0,16656
100081,0,0,-1,-1,-1,0,20434,0,0,16389
100082,0,1,0,-1,-1,0,28539,0,0,16571
100084,0,1,0,-1,-1,0,22801,0,0,16573
100088,0,0,-1,0,1000,59,11009,0,0,17402
100089,0,0,-1,0,1000,59,11008,0,0,17403
100090,0,0,-1,0,1000,59,431,0,0,17404
100093,0,0,-1,-1,-1,0,483,0,0,16044
100094,0,0,-1,-1,-1,0,483,0,0,16045
100100,0,0,-1,0,1000,11,1129,0,0,16168
100101,0,0,-1,0,1000,11,435,0,0,16170
100105,0,2,0,-1,-1,0,18202,0,0,13399
100106,0,0,-1,-1,-1,0,483,0,0,16046
100107,0,0,-1,-1,-1,0,483,0,0,16047
100108,0,0,-1,-1,-1,0,483,0,0,16048
100110,0,0,-1,-1,-1,0,483,0,0,15749
100111,0,0,-1,-1,-1,0,483,0,0,15752
100112,0,0,3,-1,-1,0,19692,0,0,15916
100113,0,0,-1,0,120000,1153,19805,0,0,16023
100116,0,0,-1,-1,-1,0,483,0,0,16251
100117,0,0,-1,-1,-1,0,20428,0,0,16383
100118,0,0,-1,-1,-1,0,20432,0,0,16387
100120,0,0,-1,0,1000,150,18608,0,0,14529
100121,0,0,-1,0,0,0,22098,0,0,17891
100122,0,0,-1,0,0,0,22099,0,0,17892
100124,0,0,-1,-1,3000,330,55884,0,0,15277
100125,0,0,-1,-1,-1,0,483,0,0,17051
100126,0,0,-1,-1,-1,0,483,0,0,17053
100134,0,1,0,-1,-1,0,23049,0,0,16446
100137,0,0,-1,-1,-1,0,18887,0,0,15002
100140,0,1,0,-1,-1,0,144309,0,0,16410
100141,0,0,-1,0,1000,11,1131,0,0,16171
100142,0,0,-1,-1,-1,0,483,0,0,15748
100143,0,1,0,-1,-1,0,22683,0,0,15138
100145,0,0,-1,0,0,0,22101,0,0,17894
100149,0,0,3,-1,-1,0,19694,0,0,15917
100150,0,0,-1,-1,-1,0,20323,0,0,16327
100151,0,0,-1,-1,-1,0,483,0,0,16252
100152,0,0,-1,0,0,0,22102,0,0,17895
100155,0,0,-1,-1,-1,0,20324,0,0,16328
100156,0,0,-1,-1,-1,0,20327,0,0,16330
100158,0,0,-1,0,1000,11,434,0,0,16167
100160,0,0,-1,0,0,0,22103,0,0,17896
100161,0,0,-1,0,0,0,22104,0,0,17897
100162,0,0,-1,0,0,0,22106,0,0,17899
100163,0,0,-1,-1,-1,0,20394,0,0,16364
100164,0,0,-1,0,1000,59,20875,0,0,17048
100165,0,0,-1,-1,-1,0,483,0,0,15733
100166,0,0,-1,-1,-1,0,483,0,0,15734
100167,0,0,-1,-1,-1,0,483,0,0,15735
100168,0,0,-10,-1,-1,0,19250,0,0,15736
100169,0,0,-1,-1,-1,0,483,0,0,15737
100174,0,0,-1,-1,-1,0,20398,0,0,16368
100176,0,0,-1,-1,-1,0,20399,0,0,16371
100177,0,0,-1,0,1000,11,434,0,0,17406
100178,0,0,-1,-1,-1,0,483,0,0,15755
100183,0,0,0,0,3000,330,16081,0,0,16344
100190,0,0,-5,-1,-1,0,19690,0,0,15875
100192,0,0,-1,-1,-1,0,483,0,0,16043
100194,0,0,-1,-1,-1,0,483,0,0,17025
100196,0,0,-1,-1,-1,0,20315,0,0,16319
100197,0,0,-1,-1,-1,0,483,0,0,14627
100203,0,0,0,-1,-1,0,20274,0,0,15042
100204,0,0,-1,-1,3000,330,55884,0,0,15292
100205,0,0,-1,-1,3000,330,55884,0,0,15293
100206,0,0,0,1000,-1,0,19470,0,0,15766
100207,0,0,-1,0,0,0,19932,0,0,16104
100208,0,0,-1,-1,-1,0,483,0,0,15756
100212,0,2,0,-1,-1,0,18652,0,0,14541
100217,0,0,-1,1000,-1,0,19057,0,0,15564
100229,0,0,-1,-1,-1,0,483,0,0,15753
100230,0,0,-1,-1,-1,0,483,0,0,15754
100237,0,0,-1,-1,-1,0,483,0,0,15758
100238,0,0,-1,-1,-1,0,483,0,0,15759
100239,0,0,-1,-1,-1,0,483,0,0,15760
100240,0,0,-1,-1,-1,0,483,0,0,15761
100246,0,0,0,10000,-1,0,18987,0,0,15209
100247,0,0,0,300000,60000,94,19804,0,0,16022
100248,0,0,-1,-1,-1,0,483,0,0,16056
100256,0,0,-1,-1,-1,0,483,0,0,15745
100257,0,0,-1,-1,-1,0,483,0,0,15746
100265,0,2,0,-1,-1,0,16406,0,0,15814
100266,0,0,-1,-1,-1,0,483,0,0,16112
100268,0,0,-1,-1,-1,0,11008,0,0,3703
100269,0,0,-1,60000,-1,0,16321,0,0,12459
100270,0,0,-1,0,1000,0,19069,0,0,15688
100271,0,0,-1,-1,-1,0,19565,0,0,15842
100275,0,0,-1,-1,-1,0,20326,0,0,16329
100276,0,0,0,5000,-1,0,19938,0,0,16114
100278,0,0,-1,0,60000,4,7242,0,0,6048
100279,0,1,0,-1,-1,0,14565,0,0,11906
100280,0,0,-1,0,60000,24,19769,0,0,15993
100281,0,0,-1,-1,-1,0,483,0,0,15744
100286,0,0,-1,-1,-1,0,19720,0,0,15883
100288,0,0,-1,-1,-1,0,483,0,0,12232
100293,0,0,-1,-1,-1,0,483,0,0,16110
100294,0,0,-1,-1,-1,0,483,0,0,16111
100305,0,2,0,-1,-1,0,17152,0,0,647
100306,0,2,0,-1,-1,0,19874,0,0,15418
100311,1,0,0,1800000,0,0,18957,0,0,15108
100313,0,0,-1,-1,-1,0,19029,0,0,15454
100316,0,0,3,-1,-1,0,19696,0,0,15919
100317,0,0,3,-1,-1,0,19697,0,0,15920
100318,0,0,3,-1,-1,0,19693,0,0,15921
100319,0,0,3,-1,-1,0,19700,0,0,15923
100320,0,0,-1,-1,-1,0,483,0,0,15740
100321,0,0,-1,-1,-1,0,483,0,0,15741
100322,0,0,-1,0,1000,11,1127,0,0,16169
100324,0,0,0,1800000,0,0,19634,0,0,15866
100325,0,0,-1,-1,-1,0,483,0,0,4204
100326,0,0,-1,-1,-1,0,483,0,0,4205
100327,0,0,-1,-1,-1,0,483,0,0,15773
100329,0,0,-1,0,0,0,22095,0,0,17888
100330,0,0,-1,0,0,0,22097,0,0,17890
100333,0,0,-1,0,1800000,951,21355,0,0,17324
100334,0,0,-1,0,1800000,951,21370,0,0,17325
100335,0,0,-1,-1,-1,0,483,0,0,9029
100336,0,0,-1,0,60000,4,11359,0,0,9030
100337,0,0,0,-1,-1,0,21885,0,0,17696
100341,0,1,0,-1,-1,0,22588,0,0,18163
100343,0,0,-1,0,1000,11,1129,0,0,16766
100350,0,2,0,0,-1,0,18276,0,0,14487
100351,0,0,0,-1,-1,0,21848,0,0,17712
100354,0,1,0,-1,-1,0,23037,0,0,16487
100356,0,0,-1,-1,-1,0,483,0,0,17022
100358,0,2,0,-1,-1,0,16928,0,0,12798
100364,0,1,0,-1,-1,0,23049,0,0,16558
100365,0,0,0,30000,-1,0,21332,0,0,17310
100368,0,0,-1,0,3000,79,17628,0,0,13512
100369,0,0,-1,-1,-1,0,483,0,0,18514
100370,0,0,-1,-1,-1,0,483,0,0,18515
100372,0,1,0,-1,-1,0,144306,0,0,16471
100379,0,0,-1,-1,-1,0,483,0,0,18416
100380,0,0,-1,-1,-1,0,20388,0,0,16358
100381,0,0,-1,-1,-1,0,20389,0,0,16359
100382,0,2,0,-1,-1,0,16407,0,0,17704
100384,0,0,3,-1,-1,0,19687,0,0,15913
100395,0,0,-1,0,1000,11,5004,0,0,17199
100396,0,0,-1,-1,-1,0,20390,0,0,16360
100397,0,2,0,-1,-1,0,21919,0,0,17705
100398,0,0,-1,-1,-1,0,20380,0,0,16350
100399,0,0,-1,-1,-1,0,20381,0,0,16351
100400,0,0,-1,-1,3000,330,55884,0,0,18243
100401,0,0,-1,-1,-1,0,483,0,0,12700
100407,0,0,-1,0,0,0,22092,0,0,17885
100419,0,0,-1,1000,1000,1197,21343,0,0,17202
100420,0,0,-1,-1,-1,0,483,0,0,16217
100421,0,0,-1,-1,-1,0,483,0,0,16249
100423,0,1,0,-1,-1,0,22590,0,0,18165
100426,0,0,-1,-1,-1,0,483,0,0,17725
100429,0,1,0,-1,-1,0,17816,0,0,10036
100430,0,0,-1,0,1800000,951,21371,0,0,17323
100436,0,0,-1,0,1000,11,1127,0,0,13755
100437,0,0,-1,-1,-1,0,22736,0,0,18258
100442,0,0,-1,-1,-1,0,20379,0,0,16349
100443,0,2,0,-1,-1,0,21153,0,0,17076
100447,0,0,-1,-1,-1,0,483,0,0,18290
100448,0,0,-1,-1,-1,0,483,0,0,18291
100449,0,0,-1,-1,-1,0,483,0,0,18292
100450,0,0,-1,-1,-1,0,483,0,0,15729
100451,0,0,-1,-1,-1,0,483,0,0,15747
100452,0,0,0,-1,-1,0,20530,0,0,16650
100456,0,0,-1,0,120000,1153,18832,0,0,14894
100458,0,0,-3,0,60000,24,17639,0,0,13514
100459,0,0,-1,-1,3000,330,55884,0,0,18248
100460,0,0,-1,0,3000,79,21920,0,0,17708
100462,1,1,0,-1,-1,0,22801,0,0,16518
100464,0,0,-1,-1,-1,0,483,0,0,18415
100469,0,0,-1,0,1000,59,11007,0,0,17196
100470,0,0,-1,0,1000,11,5004,0,0,17197
100474,0,0,0,300000,0,0,21954,0,0,17744
100475,0,1,0,0,0,0,21991,0,0,17782
100477,0,0,-1,0,120000,1153,21955,0,0,17747
100478,0,0,-1,-1,-1,0,22846,0,0,18331
100484,0,0,-1,-1,-1,0,483,0,0,14473
100488,0,0,-1,0,0,0,22090,0,0,17883
100489,0,0,-1,-1,-1,0,483,0,0,17060
100495,0,0,-1,-1,-1,0,20377,0,0,16347
100497,0,0,0,1000,-1,0,19931,0,0,16103
100498,0,0,-1,-1,-1,0,20429,0,0,16384
100500,0,1,0,0,0,0,21969,0,0,17774
100501,0,0,-1,-1,-1,0,483,0,0,18259
100502,0,0,-1,-1,-1,0,21866,0,0,17689
100503,1,0,-1,0,120000,1153,23468,0,0,19004
100504,0,0,-1,-1,-1,0,483,0,0,12682
100505,0,0,-1,-1,-1,0,483,0,0,12699
100508,0,0,-1,-1,-1,0,483,0,0,14500
100509,0,0,-1,-1,-1,0,20378,0,0,16348
100510,0,0,-1,-1,-1,0,483,0,0,15739
100512,0,1,0,30000,-1,0,21978,0,0,17780
100515,1,0,-1,0,120000,1153,23469,0,0,19005
100522,0,0,-1,0,1000,59,22789,0,0,18269
100524,0,0,-1,0,60000,4,17548,0,0,13459
100530,0,0,0,0,-1,0,21950,0,0,17731
100533,0,0,-1,-1,-1,0,17045,0,0,12368
100534,0,0,-1,-1,-1,0,16781,0,0,12722
100536,0,0,-1,-1,-1,0,483,0,0,12819
100537,0,0,0,1500,-1,0,22567,0,0,18157
100538,0,0,0,1500,-1,0,22567,0,0,18158
100539,0,0,0,-1,-1,0,21050,0,0,17117
100540,0,0,-1,-1,-1,0,483,0,0,18414
100541,0,1,0,-1,-1,0,22586,0,0,18161
100542,0,1,0,-1,-1,0,22587,0,0,18162
100543,0,0,-1,-1,-1,0,15439,0,0,11666
100547,0,0,0,-1,-1,0,19937,0,0,16787
100551,0,0,-1,-1,-1,0,483,0,0,13480
100552,0,0,-1,-1,-1,0,483,0,0,13519
100553,2,0,0,120000,120000,1091,22564,0,0,17902
100556,0,0,-1,-1,-1,0,22599,0,0,18182
100560,0,0,-1,0,1000,11,434,0,0,17119
100562,0,0,-1,0,1000,11,433,0,0,16166
100564,0,0,-1,-1,-1,0,20317,0,0,16346
100565,0,0,0,-1,-1,0,20529,0,0,16646
100566,0,0,0,1500,-1,0,22567,0,0,18156
100567,0,0,-1,-1,-1,0,483,0,0,17062
100570,0,0,-1,-1,-1,0,483,0,0,7290
100571,0,0,0,-1,-1,0,21957,0,0,17764
100572,0,2,0,-1,-1,0,21961,0,0,17766
100575,0,0,-1,-1,-1,0,483,0,0,16665
100583,1,1,0,-1,-1,0,144318,0,0,16440
100590,0,2,0,0,-1,0,16908,0,0,12781
100591,0,0,-1,-1,-1,0,483,0,0,14471
100592,0,0,-1,-1,-1,0,483,0,0,14486
100594,0,0,-1,0,0,0,22091,0,0,17884
100599,0,0,-1,-1,-1,0,483,0,0,15775
100600,0,0,-1,0,600000,1193,22700,0,0,18232
100601,0,0,-1,-1,-1,0,483,0,0,15738
100604,0,0,-1,-1,-1,0,16989,0,0,12807
100605,0,0,-1,-1,-1,0,483,0,0,12818
100606,0,1,0,-1,-1,0,23046,0,0,17584
100608,0,0,-1,-1,-1,0,483,0,0,8936
100609,0,0,-1,-1,-1,0,483,0,0,8937
100615,0,0,-1,-1,-1,0,483,0,0,15771
100616,0,0,-1,-1,-1,0,483,0,0,18235
100620,0,0,-1,0,60000,4,21396,0,0,17352
100621,0,0,-1,0,0,0,22094,0,0,17887
100622,0,2,0,-1,-1,0,22863,0,0,18410
100624,0,0,-1,-1,-1,0,483,0,0,16242
100625,0,0,-1,-1,-1,0,483,0,0,16244
100626,0,0,-1,-1,-1,0,20408,0,0,16380
100632,0,0,-1,-1,-1,0,20393,0,0,16363
100633,0,0,0,-1,-1,0,20529,0,0,16648
100634,0,0,0,-1,-1,0,20530,0,0,16649
100635,0,0,0,-1,-1,0,20530,0,0,16651
100638,0,0,-1,-1,3000,330,55884,0,0,16339
100644,0,0,-1,-1,-1,0,20270,0,0,16302
100648,0,0,-1,0,1000,59,1133,0,0,17405
100650,0,0,-1,60000,60000,0,17038,0,0,12820
100654,0,0,-1,-1,-1,0,483,0,0,16055
100655,0,0,0,-1,-1,0,20530,0,0,16652
100661,0,0,-1,-1,-1,0,483,0,0,15757
100662,0,0,-1,-1,-1,0,483,0,0,15770
100663,0,1,0,-1,-1,0,22778,0,0,16406
100666,0,0,-1,0,1000,11,10256,0,0,16971
100667,0,0,0,120000,-1,0,20737,0,0,16972
100680,0,0,-1,-1,-1,0,20382,0,0,16352
100681,0,0,-1,-1,-1,0,20385,0,0,16355
100682,0,1,0,-1,-1,0,23037,0,0,16391
100684,0,1,0,-1,-1,0,23049,0,0,16392
100685,0,0,-1,-1,-1,0,20383,0,0,16353
100686,0,0,-1,-1,-1,0,483,0,0,16255
100689,0,0,-1,0,3600000,103,10667,0,0,8410
100691,0,1,0,-1,-1,0,23217,0,0,16448
100696,0,0,-1,-1,-1,0,20430,0,0,16385
100697,0,2,0,-1,-1,0,21151,0,0,17071
100698,0,0,-1,-1,-1,0,17161,0,0,12922
100701,0,2,0,0,-1,0,21951,0,0,17733
100706,0,0,-1,-1,-1,0,20386,0,0,16356
100707,0,1,0,-1,-1,0,23217,0,0,16496
100708,0,1,0,-1,-1,0,23049,0,0,16498
100710,0,0,-1,-1,-1,0,483,0,0,16041
100711,0,0,-1,-1,-1,0,483,0,0,16042
100715,0,0,-1,-1,-1,0,483,0,0,16214
100724,0,1,0,-1,-1,0,23046,0,0,17577
100726,0,0,-1,-1,-1,0,483,0,0,17200
100727,0,0,-1,-1,-1,0,483,0,0,17201
100728,1,0,0,120000,120000,1091,22564,0,0,17900
100730,0,1,0,-1,-1,0,43588,0,0,16907
100732,0,1,0,-1,-1,0,23043,0,0,17596
100737,0,0,-1,-1,-1,0,20401,0,0,16373
100738,0,0,-1,-1,-1,0,20403,0,0,16375
100742,0,0,-1,-1,-1,0,483,0,0,17017
100743,0,0,-1,-1,-1,0,483,0,0,17018
100744,0,0,-1,-1,-1,0,483,0,0,16253
100745,0,0,-1,-1,-1,0,483,0,0,16254
100746,0,0,-1,-1,-1,0,20433,0,0,16388
100747,0,0,-1,-1,-1,0,20405,0,0,16377
100748,0,0,-1,-1,-1,0,20814,0,0,16974
100750,0,1,0,-1,-1,0,15438,0,0,17066
100753,0,0,-1,-1,-1,0,483,0,0,17052
100761,0,0,-1,-1,-1,0,483,0,0,16053
100764,0,0,-1,-1,-1,0,20427,0,0,16382
100765,0,0,0,0,2700000,951,21544,0,0,17384
100766,0,0,-1,1000,500,1952,20040,0,0,16203
100772,0,2,0,-1,-1,0,17511,0,0,17002
100778,0,2,0,-1,-1,0,144257,0,0,17752
100780,0,0,-1,-1,-1,0,483,0,0,16223
100781,0,0,-1,-1,-1,0,483,0,0,16224
100788,0,0,0,300000,0,0,21956,0,0,17759
100790,0,0,-1,-1,-1,0,483,0,0,16767
100791,0,0,0,1200000,0,0,20631,0,0,16768
100793,0,0,-1,-1,-1,0,20400,0,0,16372
100794,0,2,0,-1,-1,0,21152,0,0,17073
100797,0,2,0,-1,-1,0,144241,0,0,17074
100798,1,0,0,-1,60000,1150,21180,0,0,17074
100800,0,0,-1,-1,3000,330,55884,0,0,16338
100803,0,0,-1,-1,-1,0,483,0,0,17049
100804,0,0,-1,-1,-1,0,483,0,0,17059
100806,0,0,-1,0,60000,24,19821,0,0,16040
100807,0,1,0,0,0,0,21991,0,0,17783
100808,0,0,-1,-1,-1,0,483,0,0,12718
100809,0,0,-1,-1,-1,0,483,0,0,12839
100810,0,0,-1,-1,-1,0,483,0,0,13309
100812,0,0,0,900000,60000,94,17490,0,0,17067
100813,0,0,-1,-1,-1,0,483,0,0,15731
100814,0,0,-1,-1,-1,0,20313,0,0,16317
100815,0,0,-1,-1,-1,0,20316,0,0,16320
100816,0,0,-20,-1,-1,0,20804,0,0,16991
100822,0,1,0,-1,-1,0,23157,0,0,16530
100825,0,2,0,-1,-1,0,144238,0,0,17112
100827,2,0,0,120000,120000,1091,22564,0,0,17901
100839,0,0,-1,0,1800000,951,21537,0,0,17362
100840,0,0,-1,-1,-1,0,483,0,0,15781
100850,0,1,0,-1,-1,0,144318,0,0,16540
100856,0,0,-1,0,1800000,951,21728,0,0,17505
100857,0,0,-1,0,1800000,951,21730,0,0,17506
100858,0,0,-1,0,1800000,951,21729,0,0,17507
100859,0,1,0,-1,-1,0,19380,0,0,15782
100860,0,1,0,-1,-1,0,19380,0,0,15783
100864,0,0,-1,-1,-1,0,483,0,0,16245
100865,0,0,-1,-1,-1,0,483,0,0,16246
100867,0,2,0,-1,-1,0,17315,0,0,13286
100868,0,0,-1,0,0,0,22051,0,0,17827
100869,0,0,0,-1,-1,0,21160,0,0,17204
100870,0,2,0,-1,-1,0,144240,0,0,17223
100871,1,0,0,-1,60000,1150,21181,0,0,17223
100872,0,0,0,-1,-1,0,21171,0,0,17224
100873,0,0,-1,-1,-1,0,483,0,0,14526
100874,0,0,-1,-1,-1,0,20406,0,0,16378
100880,0,0,-1,1000,500,1952,20039,0,0,16202
100881,0,0,-1,-1,-1,0,483,0,0,16247
100885,0,0,-1,-1,-1,0,483,0,0,14513
100889,1,1,0,-1,-1,0,23043,0,0,17608
100893,0,1,0,-1,-1,0,23043,0,0,17617
100898,0,0,-1,-1,-1,0,483,0,0,9012
100902,0,0,-1,0,1000,11,1127,0,0,17407
100903,0,0,-1,0,1000,11,1129,0,0,17408
100904,0,0,-3,600000,60000,24,19363,0,0,15778
100905,0,0,-1,-1,-1,0,483,0,0,15779
100909,0,0,-1,-1,-1,0,483,0,0,17709
100910,0,0,-1,0,1000,11,18234,0,0,13934
100915,0,1,0,-1,-1,0,144340,0,0,16658
100917,0,0,0,0,0,791,19566,0,0,15846
100918,0,0,0,30000,-1,0,19588,0,0,15848
100919,0,0,-1,-1,-1,0,20426,0,0,16381
100920,0,0,-1,-1,-1,0,20392,0,0,16362
100925,0,0,0,-1,-1,0,10059,0,0,12585
100926,0,0,0,900000,120000,1153,23539,0,0,19045
100927,0,0,-1,-1,-1,0,483,0,0,8995
100935,0,0,-1,-1,-1,0,483,0,0,17706
100936,0,2,0,-1,-1,0,23267,0,0,18816
100937,0,0,0,90000,15000,1141,23271,0,0,18820
100943,0,0,0,-1,3000,330,17481,0,0,18063
100949,0,1,0,-1,-1,0,23434,0,0,18970
100951,0,0,-1,0,60000,4,17530,0,0,18841
100959,0,0,-1,60000,0,150,23786,0,0,19440
100960,0,0,0,600000,120000,1153,23034,0,0,18606
100963,0,0,0,120000,120000,1182,42292,0,0,18849
100966,0,0,0,-1,-1,0,23180,0,0,18688
100971,0,1,0,-1,-1,0,23435,0,0,18971
100977,0,0,-1,-1,-1,0,60373,0,0,19274
100980,0,0,0,0,86400000,991,21935,0,0,17716
100982,0,1,0,-1,-1,0,7826,0,0,19022
100983,0,0,-1,1000,-1,0,11544,0,0,19026
100986,0,0,-1,-1,-1,0,17015,0,0,12814
100989,0,1,0,-1,-1,0,22618,0,0,18168
100990,1,1,0,-1,-1,0,22620,0,0,18168
100993,0,0,-1,-1,-1,0,483,0,0,18516
100999,0,0,0,900000,120000,1153,23538,0,0,19046
101001,0,0,-1,-1,-1,0,483,0,0,19445
101002,0,0,0,-1,-1,0,23192,0,0,18707
101005,0,1,0,-1,-1,0,29637,0,0,17753
101006,0,1,0,-1,-1,0,23046,0,0,17588
101009,0,0,-1,-1,-1,0,483,0,0,19446
101010,0,0,-1,-1,-1,0,483,0,0,19447
101011,0,0,-1,-1,-1,0,483,0,0,19449
101016,0,2,0,-1,-1,0,18138,0,0,17068
101017,2,0,0,120000,120000,1091,22563,0,0,17907
101020,0,0,-1,-1,-1,0,19719,0,0,15877
101021,0,0,0,120000,120000,1182,42292,0,0,18858
101022,0,2,0,-1,-1,0,21992,0,0,17802
101025,0,0,-1,-1,-1,0,22594,0,0,18170
101026,0,0,-1,-1,-1,0,22597,0,0,18172
101028,0,0,0,120000,120000,1182,42292,0,0,18862
101031,0,0,-1,-1,-1,0,483,0,0,19027
101032,0,0,-1,-1,-1,0,19564,0,0,15844
101033,0,0,-1,-1,-1,0,483,0,0,19216
101036,0,0,-1,0,1000,11,10256,0,0,17222
101039,0,0,-1,-1,-1,0,483,0,0,12228
101041,0,0,-1,-1,-1,0,483,0,0,18517
101042,0,0,-1,-1,-1,0,483,0,0,18519
101043,0,0,0,-1,-1,0,20513,0,0,16603
101045,0,0,-1,-1,-1,0,20387,0,0,16357
101048,0,0,-1,-1,3000,330,55884,0,0,18242
101049,0,0,-1,-1,-1,0,483,0,0,4151
101050,0,0,-1,0,0,0,483,0,0,1058
101052,0,0,-1,0,60000,24,23063,0,0,18641
101053,0,0,-1,-1,-1,0,483,0,0,18252
101054,0,0,-1,0,60000,4,22729,0,0,18253
101055,0,0,-1,0,1000,11,22731,0,0,18254
101056,0,0,-1,-1,3000,330,55884,0,0,18245
101057,0,0,-1,-1,3000,330,55884,0,0,18247
101059,0,0,-20,-1,-1,0,22563,0,0,18149
101060,0,0,-1,-1,-1,0,55884,0,0,19450
101063,0,0,-1,-1,-1,0,483,0,0,18418
101065,0,0,-1,-1,-1,0,483,0,0,19217
101066,0,0,-1,-1,-1,0,483,0,0,19218
101067,0,0,-1,-1,-1,0,483,0,0,19219
101068,0,0,-1,0,1000,59,11629,0,0,19221
101069,0,0,-1,0,1000,11,1127,0,0,19224
101070,0,0,-1,0,1000,11,1131,0,0,19225
101071,0,0,-1,-1,-1,0,483,0,0,18257
101072,0,2,0,-1,-1,0,23604,0,0,19166
101076,0,0,0,120000,120000,1182,42292,0,0,18864
101077,0,0,0,-1,-1,0,21957,0,0,17762
101078,0,0,-1,-1,-1,0,22596,0,0,18173
101079,0,2,0,-1,-1,0,22639,0,0,18202
101080,0,2,0,-1,-1,0,22640,0,0,18203
101082,0,0,-1,0,60000,4,4042,0,0,18839
101084,0,0,0,-1,-1,0,23152,0,0,18670
101087,0,0,-1,-1,-1,0,22593,0,0,18169
101090,0,0,-1,-1,3000,330,55884,0,0,18244
101091,0,2,0,-1,-1,0,21992,0,0,19019
101093,0,0,-1,0,1000,11,10256,0,0,18045
101097,0,0,-1,1000,-1,0,23065,0,0,18640
101098,0,0,-1,-1,-1,0,23179,0,0,18685
101100,0,0,-1,0,1000,11,1129,0,0,18635
101103,0,0,-1,0,1000,11,23541,0,0,19061
101104,0,1,0,-1,-1,0,18098,0,0,18758
101109,0,0,-1,-1,-1,0,23054,0,0,18626
101110,0,0,0,-1,-1,0,23232,0,0,18782
101111,0,0,-1,0,60000,4,17549,0,0,13461
101112,0,0,0,-1,-1,0,21957,0,0,17761
101113,0,0,0,300000,0,0,23132,0,0,18639
101114,0,1,0,-1,-1,0,20885,0,0,18760
101116,0,1,0,-1,-1,0,23043,0,0,17620
101121,0,0,-1,-1,-1,0,23254,0,0,18749
101123,0,0,-1,0,1000,150,23569,0,0,19068
101124,0,1,0,-1,-1,0,23046,0,0,17564
101125,0,0,-1,1000,-1,0,22725,0,0,18251
101126,0,0,-1,0,0,0,23141,0,0,18666
101138,0,0,0,-1,-1,0,23233,0,0,18783
101142,0,0,-1,-1,-1,0,483,0,0,16113
101144,0,0,-1,-1,-1,0,483,0,0,17724
101148,0,0,-1,-1,3000,330,55884,0,0,18778
101149,0,0,-1,0,1000,11,1129,0,0,18255
101155,0,2,0,-1,-1,0,10351,0,0,8223
101159,0,0,-1,-1,-1,0,23679,0,0,19268
101161,0,0,-1,-1,3000,330,55884,0,0,18791
101162,0,0,-1,-1,3000,330,55884,0,0,18797
101167,0,0,-1,-1,-1,0,483,0,0,18160
101171,0,0,0,300000,-1,0,23724,0,0,19340
101173,0,1,0,-1,-1,0,43588,0,0,18722
101174,0,0,0,30000,-1,0,23208,0,0,18752
101178,0,0,-1,0,1000,11,21149,0,0,17198
101184,0,0,-1,-1,-1,0,483,0,0,18661
101188,0,0,-1,0,0,0,22052,0,0,17828
101189,0,1,0,-1,-1,0,22854,0,0,18355
101192,2,0,0,0,1000,1091,22563,0,0,17909
101195,0,1,0,-1,-1,0,22589,0,0,18164
101197,0,0,-1,0,1000,59,22734,0,0,18300
101199,0,0,0,1500,-1,0,22567,0,0,18159
101200,0,0,-1,0,0,0,22089,0,0,17882
101202,0,0,-1,0,0,0,23143,0,0,18668
101213,0,1,0,-1,-1,0,23217,0,0,16555
101216,0,0,-1,0,60000,4,21395,0,0,17351
101218,0,2,0,-1,-1,0,21140,0,0,17075
101221,0,0,-1,-1,-1,0,483,0,0,17412
101224,2,0,0,120000,120000,1091,22564,0,0,17903
101227,0,0,-1,0,1000,59,11009,0,0,18288
101228,0,0,-1,-1,-1,0,483,0,0,18650
101229,0,0,-1,1000,-1,0,23135,0,0,18662
101235,0,0,-1,-1,-1,0,22779,0,0,18283
101238,0,0,-1,-1,-1,0,21884,0,0,17693
101241,0,0,-1,-1,3000,330,55884,0,0,18766
101242,0,2,0,-1,-1,0,18276,0,0,13984
101243,0,0,-10,300000,120000,1153,23064,0,0,18637
101244,0,0,0,300000,0,0,23097,0,0,18638
101246,0,0,-1,-1,-1,0,483,0,0,18654
101251,0,0,0,180000,-1,0,23595,0,0,19141
101255,0,0,3,-1,-1,0,19699,0,0,15922
101256,0,0,-1,-1,-1,0,20322,0,0,16326
101257,0,0,-1,-1,-1,0,483,0,0,15764
101258,0,0,-1,-1,3000,330,55884,0,0,18777
101260,0,1,0,0,0,0,7711,0,0,17111
101265,0,0,0,-1,-1,0,21960,0,0,17757
101266,0,0,-1,-1,-1,0,483,0,0,12832
101267,0,0,-1,-1,3000,330,55884,0,0,18774
101270,0,0,-1,0,0,0,22100,0,0,17893
101271,1,0,0,120000,120000,1091,22563,0,0,17905
101273,2,0,0,120000,120000,1091,22563,0,0,17906
101276,0,0,0,-1,-1,0,23231,0,0,18779
101277,0,0,0,-1,-1,0,23231,0,0,18780
101278,0,2,0,0,-1,0,21951,0,0,17943
101279,0,0,-1,-1,-1,0,483,0,0,18592
101286,0,1,0,-1,-1,0,23217,0,0,16397
101288,0,2,0,-1,-1,0,22850,0,0,18348
101291,0,0,0,-1,-1,0,12686,0,0,17122
101296,0,0,-1,-1,-1,0,483,0,0,13478
101299,0,0,-1,-1,-1,0,483,0,0,13500
101300,0,0,-1,0,60000,4,17530,0,0,13443
101301,0,0,-1,-1,3000,330,55884,0,0,13328
101302,0,0,-1,0,0,0,22756,0,0,18262
101304,0,0,-1,-1,-1,0,483,0,0,18264
101305,0,0,-1,-1,-1,0,483,0,0,18417
101306,0,0,-1,-1,-1,0,55884,0,0,15996
101308,0,1,0,-1,-1,0,23157,0,0,16403
101311,0,0,0,-1,-1,0,3366,0,0,18249
101317,0,0,-1,0,0,0,22053,0,0,17829
101318,0,0,-1,0,0,0,22054,0,0,17830
101319,0,1,0,-1,-1,0,21079,0,0,17142
101321,0,0,-1,0,1000,59,11008,0,0,18287
101322,0,0,-1,-1,-1,0,22840,0,0,18329
101323,0,0,-1,-1,-1,0,22844,0,0,18330
101330,0,0,0,-1,-1,0,21425,0,0,17364
101332,0,0,-1,0,0,0,23142,0,0,18667
101333,0,1,0,-1,-1,0,23266,0,0,18815
101334,2,1,0,-1,-1,0,14097,0,0,18715
101337,0,0,-1,-1,3000,330,55884,0,0,18776
101338,0,0,-1,-1,-1,0,3366,0,0,18266
101339,0,0,-1,-1,-1,0,483,0,0,18267
101340,0,2,0,-1,-1,0,18796,0,0,870
101341,0,0,-1,-1,3000,330,55884,0,0,16343
101342,0,0,0,-1,-1,0,23853,0,0,17162
101343,1,2,0,-1,-1,0,21162,0,0,17182
101344,2,1,0,-1,-1,0,21142,0,0,17182
101352,0,0,-1,-1,-1,0,483,0,0,18649
101355,0,0,0,1500,-1,0,23012,0,0,18597
101356,0,0,0,1500,-1,0,23013,0,0,18598
101363,0,2,0,-1,-1,0,21952,0,0,17738
101369,0,0,-1,-1,-1,0,483,0,0,7452
101370,0,0,-1,-1,-1,1071,23851,0,0,19462
101376,0,0,-1,-1,-1,0,21794,0,0,17626
101377,0,0,-1,-1,-1,0,21358,0,0,17333
101378,0,0,-1,0,1000,11,433,0,0,17344
101380,0,1,0,-1,-1,0,22778,0,0,16484
101384,0,0,-1,-1,-1,0,483,0,0,15751
101387,0,0,-1,-1,-1,0,483,0,0,17722
101388,2,0,0,0,1000,1091,22564,0,0,17904
101393,0,0,-1,0,1000,59,22790,0,0,18284
101394,0,0,-1,-1,3000,330,55884,0,0,18767
101397,0,0,-1,-1,-1,0,55884,0,0,19054
101402,0,1,0,-1,-1,0,28539,0,0,16463
101404,0,0,-20,-1,-1,0,22564,0,0,18150
101407,0,0,-1,-1,-1,0,483,0,0,16215
101409,0,0,-1,-1,3000,330,55884,0,0,18768
101410,0,0,-1,-1,3000,330,55884,0,0,18772
101416,0,0,-1,0,60000,24,23000,0,0,18588
101417,0,0,0,-1,-1,0,23015,0,0,18601
101418,0,1,0,-1,-1,0,21348,0,0,18602
101419,0,0,-1,-1,3000,330,55884,0,0,18785
101420,0,0,-1,-1,-1,0,22562,0,0,18152
101421,0,0,0,1500,-1,0,22567,0,0,18153
101425,0,0,-1,0,60000,4,21393,0,0,17348
101426,0,0,-1,0,1800000,951,21538,0,0,17363
101427,0,0,0,0,2700000,951,21565,0,0,17410
101431,0,0,-1,900000,-1,0,22792,0,0,18297
101435,0,0,-1,0,0,0,30229,0,0,18599
101437,0,0,-1,-1,3000,330,55884,0,0,18787
101438,0,0,-1,-1,3000,330,55884,0,0,18788
101439,0,0,0,-1,-1,0,20531,0,0,16654
101440,0,0,-1,-1,-1,0,20435,0,0,16390
101446,0,0,-1,-1,-1,0,22598,0,0,18171
101448,2,0,0,120000,120000,1091,22563,0,0,17908
101451,0,1,0,-1,-1,0,23101,0,0,18646
101452,0,0,0,2000,-1,0,23359,0,0,18904
101453,0,0,0,0,1800000,1160,23041,0,0,18608
101459,0,2,0,-1,-1,0,17352,0,0,13246
101462,0,1,0,-1,-1,0,21185,0,0,17104
101469,0,0,-1,-1,-1,0,483,0,0,18265
101470,0,0,-1,-1,-1,0,483,0,0,14639
101474,0,0,-1,-1,-1,0,483,0,0,18046
101475,0,0,0,-1,-1,0,21391,0,0,17347
101476,0,0,-1,0,60000,4,21394,0,0,17349
101477,0,0,0,180000,0,0,22891,0,0,18438
101478,0,0,0,1500,-1,0,22567,0,0,18155
101489,0,0,0,120000,120000,1091,22563,0,0,17690
101490,0,0,0,120000,120000,1091,22564,0,0,17691
101496,0,0,-1,-1,3000,330,55884,0,0,8586
101497,0,1,0,-1,-1,0,20886,0,0,18326
101500,0,0,-1,-1,3000,330,55884,0,0,18773
101501,0,0,-1,-1,-1,0,483,0,0,16220
101502,0,0,-1,-1,-1,0,483,0,0,16221
101503,0,0,-1,-1,-1,0,483,0,0,16222
101506,0,1,0,-1,-1,0,22855,0,0,18354
101508,0,0,-1,-1,-1,0,483,0,0,18487
101509,0,0,-1,-1,3000,330,55884,0,0,18241
101511,0,0,-1,-1,-1,0,483,0,0,18260
101513,0,0,-1,-1,-1,0,55884,0,0,19055
101517,0,0,-1,-1,-1,0,20402,0,0,16374
101518,0,1,0,-1,-1,0,22988,0,0,18582
101519,1,0,0,-1,-1,0,22989,0,0,18582
101520,0,0,-1,-1,-1,0,483,0,0,19766
101521,0,0,-1,-1,-1,0,13714,0,0,11147
101522,0,0,-1,-1,-1,0,60388,0,0,19265
101529,0,0,-1,0,3000,79,24361,0,0,20004
101530,0,0,-1,-1,-1,0,483,0,0,20014
101534,0,0,-1,-1,-1,0,60359,0,0,19230
101535,0,0,-1,-1,-1,0,60360,0,0,19231
101536,0,0,-1,-1,-1,0,60361,0,0,19233
101537,0,0,-1,-1,-1,0,60363,0,0,19235
101540,0,0,0,-1,-1,0,23062,0,0,18630
101541,0,0,-1,0,0,0,23144,0,0,18669
101542,0,2,0,-1,-1,0,13442,0,0,18671
101544,1,1,0,-1,-1,0,24191,0,0,19594
101552,0,0,-1,-1,-1,0,23204,0,0,18746
101553,0,0,-1,0,1000,11,24410,0,0,20064
101554,0,0,-1,0,1000,11,1129,0,0,19306
101555,0,0,-1,300000,120000,1153,23004,0,0,18645
101556,0,0,-1,-1,-1,0,483,0,0,18647
101557,0,0,-1,-1,-1,0,483,0,0,18648
101558,0,0,-1,-1,-1,0,483,0,0,18651
101560,0,2,0,-1,-1,0,21949,0,0,17730
101561,0,0,0,-1,-1,0,21957,0,0,17763
101563,0,0,-1,-1,-1,0,60358,0,0,19232
101564,0,0,-1,-1,-1,0,60371,0,0,19272
101565,0,0,-1,-1,-1,0,60372,0,0,19273
101566,0,0,-1,-1,3000,330,55884,0,0,19030
101567,0,1,0,-1,-1,0,23990,0,0,20051
101568,0,1,0,-1,-1,0,17746,0,0,20255
101569,0,0,-5,1500,-1,0,24717,0,0,20397
101570,0,0,-5,1500,-1,0,24718,0,0,20398
101571,0,1,0,-1,-1,0,23990,0,0,20159
101573,0,0,0,120000,20000,1141,50708,0,0,19992
101575,0,0,0,-1,-1,0,22990,0,0,18583
101576,0,0,-1,1000,-1,0,24377,0,0,19708
101579,0,0,-1,1000,-1,0,24325,0,0,19974
101580,0,0,-1,-1,3000,330,55884,0,0,18795
101581,0,1,0,-1,-1,0,23990,0,0,20048
101583,0,0,-1,0,1000,11,24411,0,0,20222
101585,0,0,-1,-1,-1,0,55884,0,0,18967
101586,0,0,-1,-1,-1,0,483,0,0,19331
101587,0,0,-1,-1,-1,0,483,0,0,19332
101588,0,0,-1,-1,-1,0,483,0,0,19333
101589,0,0,0,120000,10000,1141,23721,0,0,19336
101593,0,0,0,1800000,1800000,1051,22999,0,0,18587
101594,0,0,0,-1,-1,0,23058,0,0,18627
101597,0,0,-1,-1,3000,330,55884,0,0,18796
101600,0,0,0,0,1800000,1031,23041,0,0,18801
101601,1,1,0,-1,-1,0,23236,0,0,18801
101602,0,0,-1,-1,-1,0,20396,0,0,16366
101606,0,0,-1,-1,-1,0,60384,0,0,19261
101607,0,0,-1,-1,-1,0,60385,0,0,19262
101608,0,0,-1,-1,-1,0,60386,0,0,19263
101612,1,1,0,-1,-1,0,21607,0,0,20138
101617,0,0,-1,0,1000,11,24411,0,0,20062
101618,0,0,-1,0,1000,11,24409,0,0,20063
101625,0,0,0,180000,180000,1155,23991,0,0,20071
101627,0,0,-1,0,1000,11,5007,0,0,20074
101628,0,0,-1,-1,-1,0,483,0,0,20075
101629,0,0,-5,1500,-1,0,24719,0,0,20399
101630,0,0,0,360000,60000,1141,24427,0,0,20130
101631,0,0,-1,1000,500,1952,13497,0,0,10998
101632,0,0,-1,-1,-1,0,24282,0,0,19818
101640,0,0,0,180000,10000,1141,15712,0,0,11905
101641,0,0,0,0,0,0,16872,0,0,12789
101645,0,0,-1,-1,3000,330,55884,0,0,18798
101648,0,1,0,-1,-1,0,23674,0,0,19226
101652,0,0,-1,0,1000,59,11007,0,0,19222
101653,0,0,-1,-1,-1,0,17048,0,0,12848
101654,0,1,0,-1,-1,0,23990,0,0,20160
101656,0,1,0,-1,-1,0,23990,0,0,20161
101658,0,1,0,-1,-1,0,23990,0,0,20162
101660,0,0,0,180000,0,0,24268,0,0,19930
101661,0,0,-1,-1,-1,0,24264,0,0,19931
101662,0,0,-1,0,3000,79,24382,0,0,20079
101663,0,0,-1,-1,-1,0,483,0,0,20013
101664,0,1,0,-1,-1,0,18050,0,0,19315
101665,0,1,0,-1,-1,0,23990,0,0,20199
101666,0,1,0,-1,-1,0,23990,0,0,20200
101669,0,2,0,-1,-1,0,21140,0,0,19353
101670,0,0,-1,0,1000,59,23698,0,0,19318
101676,0,0,-1,0,1000,11,24005,0,0,19696
101677,0,1,0,-1,-1,0,23990,0,0,20154
101678,0,1,0,-1,-1,0,23990,0,0,20155
101679,0,0,-1,-1,-1,0,24164,0,0,19787
101687,0,1,0,-1,-1,0,23990,0,0,20201
101689,0,1,0,-1,-1,0,23990,0,0,20208
101690,0,0,-1,-1,-1,0,483,0,0,19326
101693,0,0,-1,0,0,0,22096,0,0,17889
101694,0,0,-1,-1,-1,0,60380,0,0,19283
101697,0,0,-1,-1,-1,0,24194,0,0,19850
101698,0,0,-1,-1,-1,0,24195,0,0,19851
101700,0,0,-1,0,1000,150,24413,0,0,20237
101701,0,0,-1,0,1000,150,24412,0,0,20244
101702,0,0,-1,0,1000,11,24707,0,0,20388
101703,0,0,-1,0,1000,11,24707,0,0,20389
101707,0,0,-1,0,3000,79,24383,0,0,20081
101714,0,0,-1,-1,-1,0,483,0,0,19769
101715,0,0,-1,-1,-1,0,483,0,0,19770
101721,2,1,0,-1,-1,0,24428,0,0,19577
101724,0,1,0,-1,-1,0,24432,0,0,19621
101730,0,0,-1,0,0,0,22105,0,0,17898
101731,0,0,-1,-1,3000,330,55884,0,0,18246
101733,0,1,0,-1,-1,0,23688,0,0,19288
101734,0,1,0,-1,-1,0,23990,0,0,20156
101738,0,0,-1,-1,-1,0,483,0,0,19203
101739,0,0,-1,-1,-1,0,483,0,0,20040
101740,0,0,-1,0,1000,11,24005,0,0,19995
101741,0,0,-1,0,1000,11,24005,0,0,19996
101742,0,2,0,-1,-1,0,144264,0,0,13016
101743,0,0,-1,120000,120000,79,24417,0,0,20080
101748,0,1,0,-1,-1,0,23990,0,0,20157
101757,0,0,-1,-1,-1,0,483,0,0,20000
101758,0,0,-1,-1,-1,0,483,0,0,20001
101759,0,0,-1,0,60000,4,24360,0,0,20002
101760,0,2,0,-1,-1,0,23719,0,0,19334
101761,0,0,-1,-1,-1,0,24165,0,0,19788
101763,0,0,0,180000,20000,1141,24499,0,0,19956
101765,0,0,-1,-1,-1,0,24420,0,0,20078
101767,0,0,0,1000,-1,0,5166,0,0,5059
101768,0,0,-1,-1,-1,0,483,0,0,10313
101769,0,0,-1,-1,-1,0,483,0,0,10321
101772,0,0,-1,0,1000,150,23567,0,0,19066
101773,0,0,-1,0,180000,24,5917,0,0,18209
101774,0,0,-1,-1,3000,330,55884,0,0,18790
101775,0,0,-1,-1,-1,0,24167,0,0,19789
101777,1,2,0,-1,-1,0,24254,0,0,19908
101779,0,2,0,-1,-1,0,18205,0,0,19910
101780,0,0,-1,-1,-1,0,19138,0,0,15710
101784,0,0,0,0,0,0,24347,0,0,19979
101785,0,0,-1,0,1000,150,24414,0,0,20243
101786,0,0,-1,-1,-1,0,24815,0,0,20464
101788,0,0,-1,-1,-1,0,483,0,0,19771
101789,0,0,-1,-1,-1,0,483,0,0,19773
101790,0,0,-1,1000,-1,0,24377,0,0,19714
101792,0,0,-1,-1,3000,330,55884,0,0,18793
101793,0,0,-1,-1,3000,330,55884,0,0,18794
101794,0,0,-1,-1,-1,0,483,0,0,1574
101795,0,0,-1,-1,-1,0,483,0,0,15780
101796,0,1,0,-1,-1,0,23686,0,0,19289
101801,0,0,-1,0,60000,4,440,0,0,858
101802,0,0,-1,-1,-1,0,483,0,0,8762
101803,0,0,-1,-1,-1,0,483,0,0,8869
101804,0,0,-1,-1,-1,0,483,0,0,8881
101809,0,0,-1,0,3000,79,22807,0,0,18294
101821,0,0,0,120000,0,0,24574,0,0,19948
101823,0,0,-1,0,1000,11,24005,0,0,19994
101824,0,2,0,-1,-1,0,23605,0,0,19169
101825,0,2,0,-1,-1,0,18211,0,0,19170
101831,0,0,-1,-1,-1,0,483,0,0,18239
101832,0,0,-1,-1,-1,0,483,0,0,16250
101833,0,0,0,14400000,-1,0,23442,0,0,18984
101834,0,1,0,-1,-1,0,22778,0,0,16548
101836,0,0,-1,-1,-1,0,23678,0,0,19258
101837,0,0,-1,0,1000,11,23692,0,0,19301
101838,0,0,-1,-1,-1,0,483,0,0,19207
101839,0,0,-1,-1,-1,0,483,0,0,19220
101840,0,0,-1,-1,-1,0,60362,0,0,19234
101841,0,1,0,-1,-1,0,23689,0,0,19287
101844,0,0,0,120000,20000,1141,24352,0,0,19991
101848,0,0,-1,-1,-1,0,483,0,0,20253
101850,0,0,-1,-1,-1,0,483,0,0,10728
101851,0,0,-1,-1,-1,0,60383,0,0,19260
101856,0,2,0,-1,-1,0,18398,0,0,19099
101857,0,0,-1,1000,-1,0,23008,0,0,18594
101858,0,0,0,0,1800000,1160,23042,0,0,18609
101861,0,0,-1,-1,-1,0,483,0,0,8944
101862,0,0,0,-1,-1,0,468,0,0,901
101863,0,0,-1,0,1000,150,23568,0,0,19067
101864,0,0,0,-1,-1,0,18559,0,0,14523
101865,0,0,-1,-1,-1,0,55884,0,0,18965
101866,0,0,-1,-1,3000,330,55884,0,0,18789
101871,0,0,0,180000,0,0,8312,0,0,20084
101872,0,0,-1,-1,-1,0,483,0,0,19327
101873,0,0,-1,-1,-1,0,483,0,0,19329
101874,0,0,-1,-1,-1,0,23514,0,0,19036
101875,0,0,-1,0,1000,11,433,0,0,19223
101876,0,0,-1,0,1000,150,23696,0,0,19307
101877,0,0,0,-1,-1,0,20531,0,0,16653
101880,0,0,0,120000,120000,1182,42292,0,0,18851
101881,0,1,0,-1,-1,0,23701,0,0,19290
101883,0,2,0,-1,-1,0,21159,0,0,17193
101884,0,0,-1,-1,-1,0,483,0,0,13942
101885,0,0,-1,-1,-1,0,483,0,0,18658
101892,0,0,-1,0,1000,11,1127,0,0,18632
101893,0,0,-1,0,1000,11,434,0,0,18633
101894,0,0,0,-1,-1,0,23136,0,0,18663
101900,0,1,0,-1,-1,0,21348,0,0,19302
101902,0,0,-1,0,1000,11,434,0,0,19304
101903,0,0,-1,0,1000,11,435,0,0,19305
101904,0,0,-1,-1,-1,0,23680,0,0,19276
101905,0,0,-1,-1,-1,0,60375,0,0,19278
101906,0,0,-1,-1,-1,0,60378,0,0,19281
101907,0,0,-1,-1,-1,0,60379,0,0,19282
101911,1,1,0,-1,-1,0,23217,0,0,19998
101913,0,0,-1,-1,-1,0,60374,0,0,19275
101916,0,0,-1,-1,-1,0,23645,0,0,19183
101917,0,0,-1,-1,-1,0,483,0,0,19208
101918,0,0,-1,-1,-1,0,483,0,0,19209
101919,0,0,-1,-1,-1,0,483,0,0,19210
101923,0,0,0,6000,-1,0,15958,0,0,12287
101925,0,0,-1,-1,-1,0,483,0,0,19328
101928,0,0,0,120000,120000,1182,42292,0,0,18845
101929,0,0,0,120000,120000,1182,42292,0,0,18846
101930,0,0,0,120000,120000,1182,42292,0,0,18850
101932,1,1,0,-1,-1,0,21595,0,0,20143
101934,1,1,0,-1,-1,0,21595,0,0,20144
101941,0,0,-1,-1,3000,330,55884,0,0,19902
101946,0,0,-1,-1,-1,0,55884,0,0,18966
101948,0,2,0,-1,-1,0,20883,0,0,17054
101950,0,0,-1,-1,-1,0,483,0,0,4349
101953,0,2,0,-1,-1,0,21153,0,0,18882
101963,0,0,0,300000,0,0,23131,0,0,18634
101964,0,0,-1,0,1000,11,24384,0,0,20031
101966,0,0,-1,0,1000,150,24414,0,0,20066
101967,1,2,0,-1,-1,0,23454,0,0,19323
101969,0,1,0,-1,-1,0,23433,0,0,18968
101971,0,0,-1,-1,-1,0,483,0,0,20548
101972,0,1,-1,-1,-1,0,24748,0,0,20422
101975,0,0,-1,-1,-1,0,11654,0,0,11086
101976,1,2,0,-1,-1,0,11657,0,0,11086
101978,0,1,0,0,-1,0,144341,0,0,9458
101979,0,0,-1,-1,-1,0,11792,0,0,9472
101980,0,0,-1,-1,-1,0,23179,0,0,18802
101984,0,0,-1,-1,-1,0,483,0,0,19205
101985,0,0,-1,-1,-1,0,483,0,0,19206
101986,0,0,-1,-1,-1,0,483,0,0,12725
101987,0,2,0,-1,-1,0,16871,0,0,12769
101988,0,0,-1,-1,-1,0,24281,0,0,19814
101989,0,0,-1,0,1000,150,24413,0,0,20065
101994,0,0,-1,0,1000,59,25804,0,0,21151
101995,0,0,-1,0,1000,11,25693,0,0,21153
101997,0,0,-1,-1,-1,0,24280,0,0,19816
102000,0,0,-1,1000,-1,0,24377,0,0,19712
102004,0,0,-1,-1,-1,0,60364,0,0,19236
102005,0,0,-1,-1,-1,0,483,0,0,11151
102006,0,0,-1,-1,-1,0,483,0,0,2889
102007,0,0,-1,-1,-1,0,20391,0,0,16361
102011,0,0,-1,0,1000,11,23542,0,0,19062
102012,0,0,0,120000,120000,1182,42292,0,0,18834
102015,0,0,-1,-1,-1,0,483,0,0,14498
102016,0,0,-1,-1,-1,0,483,0,0,18653
102017,0,0,-1,-1,-1,0,483,0,0,18655
102018,0,0,-1,-1,-1,0,483,0,0,18656
102019,0,0,-1,-1,-1,0,483,0,0,16248
102020,0,0,-1,-1,-1,0,20314,0,0,16318
102026,1,1,0,-1,-1,0,24429,0,0,19601
102030,1,0,0,900000,0,0,23506,0,0,19024
102031,0,0,0,120000,120000,1182,42292,0,0,18853
102034,0,0,-1,-1,-1,0,483,0,0,18518
102035,0,0,-1,0,1000,150,24412,0,0,20067
102036,0,0,-1,-1,-1,0,483,0,0,15742
102037,0,0,-1,-1,-1,0,483,0,0,15743
102038,0,0,-1,-1,-1,0,483,0,0,14501
102039,0,0,-1,-1,-1,0,483,0,0,14511
102040,0,1,0,-1,-1,0,21607,0,0,20149
102042,0,0,0,120000,20000,1141,24354,0,0,19990
102043,0,0,-1,-1,-1,0,483,0,0,19204
102047,0,0,-1,0,1000,59,1133,0,0,10841
102049,1,2,0,-1,-1,0,21162,0,0,18881
102050,2,1,0,-1,-1,0,21142,0,0,18881
102051,0,1,0,-1,-1,0,18079,0,0,10697
102052,1,0,0,0,0,0,12938,0,0,10697
102053,0,0,-1,-1,-1,0,55884,0,0,13583
102055,0,0,-1,-1,-1,0,60368,0,0,19269
102056,0,0,-1,-1,-1,0,483,0,0,14477
102057,0,0,-1,-1,-1,0,483,0,0,14485
102058,0,0,-1,-1,-1,330,55884,0,0,19029
102059,0,0,-1,0,60000,4,6612,0,0,5631
102060,0,0,0,120000,120000,1182,42292,0,0,18856
102061,1,2,0,-1,-1,0,21162,0,0,19158
102062,2,1,0,-1,-1,0,21142,0,0,19158
102063,0,0,0,300000,-1,0,23725,0,0,19341
102064,0,0,0,300000,20000,1141,23726,0,0,19342
102065,0,0,0,300000,20000,1141,23733,0,0,19343
102066,0,0,0,300000,-1,0,23780,0,0,19345
102070,0,0,-1,-1,-1,0,483,0,0,2700
102071,0,0,-1,-1,-1,0,483,0,0,18652
102076,0,0,0,-1,-1,0,23061,0,0,18629
102079,0,0,-1,-1,-1,0,483,0,0,13476
102080,0,0,0,-1,-1,0,23232,0,0,18781
102082,0,0,0,120000,120000,1182,42292,0,0,18854
102087,0,0,-1,-1,-1,0,20384,0,0,16354
102089,0,1,0,-1,-1,0,23440,0,0,18982
102092,0,0,0,600000,120000,1153,23035,0,0,18607
102093,0,0,-1,-1,-1,0,483,0,0,18731
102094,0,0,-1,1000,-1,0,6802,0,0,5851
102101,0,0,-1,-1,-1,0,483,0,0,13501
102102,0,0,-1,-1,-1,0,483,0,0,3142
102111,0,0,-1,-1,-1,0,483,0,0,18949
102112,0,0,0,1800000,-1,0,12438,0,0,18951
102117,0,0,0,900000,0,0,23126,0,0,18660
102122,0,0,-1,0,1000,11,23540,0,0,19060
102126,0,0,0,120000,120000,1182,42292,0,0,18863
102127,1,1,0,-1,-1,0,21599,0,0,18809
102134,0,1,0,-1,-1,0,13959,0,0,18825
102135,0,0,-1,-1,-1,0,483,0,0,4159
102136,0,0,-1,-1,-1,0,483,0,0,4230
102137,0,0,-1,-1,-1,0,483,0,0,19442
102138,0,0,-1,-1,-1,0,483,0,0,19444
102142,0,0,-1,-1,-1,0,22949,0,0,18539
102144,0,0,0,120000,120000,1182,42292,0,0,18859
102145,0,0,-1,-1,-1,0,483,0,0,19202
102146,0,0,-1,-1,-1,0,483,0,0,19211
102147,0,0,-1,-1,-1,0,483,0,0,19212
102148,0,0,-1,-1,3000,330,55884,0,0,18902
102149,0,1,0,-1,-1,0,13959,0,0,18826
102153,0,2,0,-1,-1,0,23592,0,0,19100
102154,0,0,-1,-1,3000,330,55884,0,0,18786
102155,0,0,0,120000,120000,1182,42292,0,0,18857
102162,0,0,-1,0,1000,59,432,0,0,19299
102163,0,0,-1,0,1000,59,1135,0,0,19300
102164,0,0,0,-1,-1,0,23151,0,0,18659
102165,0,0,-1,-1,-1,0,483,0,0,17720
102166,0,0,0,-1,-1,0,21957,0,0,17765
102167,0,0,-1,-1,-1,0,483,0,0,6328
102172,0,0,-1,1000,-1,0,24377,0,0,19713
102180,0,0,-1,0,1000,11,18233,0,0,13931
102181,0,0,0,1800000,0,0,19638,0,0,15867
102182,0,0,-1,0,1000,59,24355,0,0,19997
102183,0,0,0,120000,120000,1182,42292,0,0,18852
102184,0,0,0,14400000,-1,0,23453,0,0,18986
102185,0,0,0,300000,20000,1141,23723,0,0,19339
102186,0,0,-1,0,120000,4,440,0,0,2462
102187,0,0,-1,1000,-1,0,24377,0,0,19715
102190,1,1,0,-1,-1,0,16372,0,0,12344
102191,0,0,-1,-1,-1,0,20395,0,0,16365
102195,0,0,0,-1,-1,0,20529,0,0,16647
102196,0,0,-1,-1,-1,0,483,0,0,5788
102199,0,0,-1,-1,-1,0,15698,0,0,11914
102201,0,2,0,-1,-1,0,24388,0,0,19324
102214,0,0,0,-1,-1,0,23233,0,0,18784
102215,0,0,0,-1,-1,0,20269,0,0,16208
102216,0,0,-1,-1,-1,0,483,0,0,16218
102217,0,0,-1,-1,-1,0,483,0,0,18657
102218,0,0,-1,-1,-1,0,22906,0,0,18488
102222,0,0,-1,-1,-1,0,24889,0,0,20531
102223,0,0,-1,-1,-1,0,24890,0,0,20532
102227,0,0,-1,0,1000,150,24413,0,0,20232
102234,0,1,0,-1,-1,0,23990,0,0,20110
102238,1,1,0,-1,-1,0,24430,0,0,19605
102242,0,0,-1,0,1000,59,24355,0,0,21241
102248,0,0,-1,0,1000,11,24707,0,0,20390
102249,0,0,-1,-1,-1,0,25719,0,0,21112
102250,0,0,-1,0,1000,59,25722,0,0,21114
102252,0,0,-1,-1,-1,0,483,0,0,21219
102259,0,0,-1,-1,-1,0,25720,0,0,21041
102260,0,0,0,180000,10000,1141,24571,0,0,19951
102262,0,0,0,180000,10000,1141,24532,0,0,19954
102266,0,2,0,-1,-1,0,24257,0,0,19918
102271,0,0,-1,-1,-1,0,55884,0,0,20769
102272,0,1,0,-1,-1,0,23990,0,0,20054
102274,0,0,0,180000,180000,1155,23991,0,0,20072
102276,0,0,-1,0,1000,11,24707,0,0,20516
102279,0,0,-1,-1,-1,0,24898,0,0,20544
102285,0,0,0,180000,30000,1141,24531,0,0,19953
102286,0,0,-1,0,1000,150,24412,0,0,20235
102290,0,1,0,-1,-1,0,24782,0,0,20451
102291,0,0,-1,0,1000,11,24800,0,0,20452
102294,0,0,-1,0,1000,11,25691,0,0,21217
102308,0,0,-1,-1,-1,0,24897,0,0,20543
102309,0,0,0,-1,-1,0,55884,0,0,20371
102315,0,0,-1,-1,-1,0,483,0,0,20254
102326,0,0,-1,-1,-1,0,24895,0,0,20540
102327,0,0,0,120000,20000,1141,24658,0,0,19950
102328,0,0,-1,-1,-1,0,483,0,0,20546
102330,0,0,-1,-1,-1,0,483,0,0,20382
102333,0,0,-1,-1,-1,0,483,0,0,20727
102334,0,0,-1,-1,-1,0,483,0,0,20731
102336,0,0,-1,-1,-1,0,483,0,0,20735
102337,0,0,-1,-1,-1,0,483,0,0,20736
102350,0,1,0,-1,-1,0,21595,0,0,20579
102351,0,1,0,-1,-1,0,23990,0,0,20053
102353,0,0,-5,0,1000,79,25117,0,0,20744
102354,0,0,-5,0,1000,79,25118,0,0,20745
102357,0,0,-1,-1,-1,0,483,0,0,19764
102358,0,1,0,-1,-1,0,23990,0,0,20122
102359,0,0,-1,-1,-1,0,483,0,0,20576
102364,0,0,-5,0,1000,79,25123,0,0,20748
102365,0,0,-5,0,1000,79,25122,0,0,20749
102366,0,0,-5,0,1000,79,25121,0,0,20750
102379,0,0,0,43200000,-1,0,24006,0,0,19697
102388,0,0,0,0,0,0,25247,0,0,20834
102390,0,0,-3,-1,-1,0,26008,0,0,21267
102393,0,0,0,1800000,-1,0,25112,0,0,20534
102394,0,0,-1,60000,-1,0,24973,0,0,20604
102400,0,1,0,-1,-1,0,23990,0,0,20127
102404,0,1,0,-1,-1,0,14098,0,0,19963
102411,0,2,0,-1,-1,0,144237,0,0,19852
102413,0,1,0,-1,-1,0,29632,0,0,16004
102414,0,0,0,300000,0,0,25892,0,0,21181
102421,0,0,-1,-1,-1,0,25853,0,0,21173
102422,0,0,0,-1,-1,0,25855,0,0,21174
102428,0,1,0,-1,-1,0,24436,0,0,19609
102444,0,0,-1,180000,180000,1140,28745,0,0,21143
102455,0,0,-1,0,1000,150,24414,0,0,20234
102457,0,0,0,120000,20000,1141,25891,0,0,21180
102458,0,0,-1,0,1000,11,24410,0,0,20224
102459,0,0,-1,0,1000,11,24411,0,0,20225
102460,0,0,-1,0,1000,11,24409,0,0,20226
102461,0,0,-1,0,1000,11,24410,0,0,20227
102464,0,1,0,-1,-1,0,23990,0,0,20128
102466,0,0,0,600000,-1,0,25793,0,0,21144
102470,0,0,-1,0,1000,11,24409,0,0,20223
102471,0,0,-1,0,1000,11,24869,0,0,21254
102476,0,1,0,-1,-1,0,23990,0,0,20129
102479,0,0,0,180000,-1,0,24884,0,0,20525
102480,0,0,-1,-1,-1,0,24885,0,0,20526
102481,0,0,-1,-1,-1,0,24168,0,0,19790
102482,0,1,0,-1,-1,0,24198,0,0,19812
102488,0,0,-1,-1,-1,0,483,0,0,20730
102495,0,0,-1,0,1000,11,24005,0,0,21238
102496,0,0,-1,0,1000,11,24005,0,0,21240
102497,0,0,-1,-1,-1,0,24726,0,0,20403
102501,0,1,0,-1,-1,0,23990,0,0,20187
102503,0,1,0,-1,-1,0,23990,0,0,20189
102509,0,1,0,-1,-1,0,23990,0,0,20100
102511,0,0,-1,-1,-1,0,24264,0,0,19932
102512,0,0,-1,-1,-1,0,483,0,0,16219
102513,0,0,-1,-1,-1,0,483,0,0,9028
102517,0,0,-1,-1,-1,0,483,0,0,19765
102518,0,1,0,-1,-1,0,23990,0,0,20091
102519,0,1,0,-1,-1,0,23990,0,0,20092
102520,0,0,-1,1000,-1,0,24377,0,0,19709
102521,0,0,-1,1000,-1,0,24377,0,0,19710
102522,0,0,0,-1,-1,0,11535,0,0,9299
102523,0,0,-1,-1,-1,0,24285,0,0,19815
102524,0,0,-1,-1,-1,0,483,0,0,20011
102525,0,0,-1,-1,-1,0,483,0,0,19781
102537,0,1,0,-1,-1,0,25669,0,0,19874
102540,0,1,0,-1,-1,0,29162,0,0,23238
102551,0,0,-1,-1,-1,0,24288,0,0,19817
102552,0,1,0,-1,-1,0,23990,0,0,20183
102556,0,0,-1,-1,-1,0,483,0,0,9011
102557,0,0,-1,-1,-1,0,483,0,0,9017
102558,0,1,0,-1,-1,0,23990,0,0,20186
102564,0,0,-1,-1,-1,0,483,0,0,20506
102566,0,0,-10,0,1000,1142,26678,0,0,21813
102567,0,0,-3,10000,-1,0,24706,0,0,20387
102573,0,0,-1,1000,-1,0,24377,0,0,19707
102574,0,1,0,-1,-1,0,7823,0,0,19969
102575,0,1,0,-1,-1,0,24301,0,0,19970
102576,0,1,0,-1,-1,0,23990,0,0,20121
102578,0,0,-1,-1,-1,0,483,0,0,20507
102579,0,0,-1,-1,-1,0,483,0,0,20508
102580,0,0,-1,0,1000,11,24005,0,0,21235
102581,0,0,-1,900000,120000,1153,27869,0,0,20520
102592,0,1,0,-1,-1,0,24188,0,0,19588
102597,0,0,-1,-1,-1,0,483,0,0,19777
102607,0,0,-1,2000,-1,0,24226,0,0,19858
102620,0,0,-1,-1,-1,0,483,0,0,22209
102621,0,0,-1,-1,-1,0,483,0,0,19778
102622,0,0,-1,-1,-1,0,483,0,0,19779
102623,0,0,-1,-1,-1,0,483,0,0,19780
102625,0,0,-1,-1,-1,0,60369,0,0,19270
102626,0,0,-1,-1,-1,0,60370,0,0,19271
102628,2,0,0,900000,0,0,15604,0,0,11819
102631,0,0,-1,-1,-1,0,483,0,0,7977
102636,0,0,-1,-1,-1,0,483,0,0,20553
102640,0,0,-1,1000,1500,1136,26293,0,0,21560
102641,0,0,0,300000,-1,0,27571,0,0,22206
102642,0,0,-1,1000,-1,0,24377,0,0,19711
102643,0,1,0,-1,-1,0,24392,0,0,20035
102644,0,0,0,180000,10000,1141,24389,0,0,20036
102645,0,0,-1,-1,-1,0,55884,0,0,18963
102646,0,0,-1,-1,-1,0,55884,0,0,18964
102649,0,0,-1,-1,-1,0,483,0,0,20509
102652,1,1,0,-1,-1,0,18207,0,0,19946
102654,0,0,0,75000,0,0,24610,0,0,19947
102655,0,0,-1,-1,3000,330,55884,0,0,19872
102660,0,1,0,-1,-1,0,23990,0,0,20123
102661,0,1,0,-1,-1,0,23990,0,0,20209
102662,0,1,0,-1,-1,0,23990,0,0,20210
102663,0,1,0,-1,-1,0,23990,0,0,20211
102667,0,1,0,-1,-1,0,23990,0,0,20101
102669,0,0,0,120000,20000,1141,24661,0,0,19949
102670,0,0,-1,-1,-1,0,483,0,0,12701
102671,0,0,-1,-1,-1,0,483,0,0,19448
102673,0,0,-1,-1,-1,0,24887,0,0,20527
102687,0,1,0,-1,-1,0,23990,0,0,20185
102696,0,0,-1,-1,-1,0,24290,0,0,19819
102697,0,0,-1,-1,-1,0,24279,0,0,19821
102700,0,1,0,-1,-1,0,23990,0,0,20109
102707,0,1,0,-1,-1,0,24434,0,0,19617
102708,0,0,0,180000,0,0,24542,0,0,19955
102709,0,0,0,180000,20000,1141,24543,0,0,19957
102710,0,0,0,180000,0,0,24546,0,0,19958
102711,0,1,0,-1,-1,0,23990,0,0,20096
102713,0,0,-1,-1,-1,0,23677,0,0,19227
102715,0,0,-1,-1,-1,0,24421,0,0,20076
102719,0,0,-1,-1,-1,0,483,0,0,11202
102726,0,0,0,180000,20000,1141,24544,0,0,19959
102727,0,1,0,-1,-1,0,24291,0,0,19961
102728,0,1,0,-1,-1,0,24292,0,0,19962
102733,0,0,-5,1500,-1,0,24737,0,0,20409
102734,0,0,-5,1500,-1,0,24724,0,0,20411
102739,0,0,-1,-1,-1,0,483,0,0,8402
102743,0,0,-1,0,0,0,483,0,0,9053
102744,0,0,-1,0,0,0,483,0,0,9124
102745,0,1,0,-1,-1,0,23990,0,0,20094
102747,0,0,-1,-1,-1,0,483,0,0,19330
102756,0,0,-5,1500,-1,0,24741,0,0,20414
102757,0,0,-1,-1,-1,0,483,0,0,20510
102758,0,0,-1,-1,-1,0,483,0,0,20511
102759,0,0,0,180000,25000,1141,24865,0,0,20512
102760,0,1,0,-1,-1,0,23990,0,0,20202
102761,0,0,-1,-1,-1,0,483,0,0,19776
102762,0,1,0,-1,-1,0,23990,0,0,20168
102764,0,1,0,-1,-1,0,23990,0,0,20169
102765,0,0,0,300000,30000,1141,23720,0,0,19337
102766,0,0,-1,-1,-1,0,483,0,0,9215
102767,0,1,0,-1,-1,0,23990,0,0,20170
102771,2,1,0,-1,-1,0,14097,0,0,20487
102773,0,0,-1,-1,-1,0,483,0,0,20555
102777,0,0,-1,-1,-1,0,24160,0,0,19783
102778,0,0,-1,-1,-1,0,24161,0,0,19784
102783,0,0,-1,-1,-1,0,24422,0,0,20077
102784,0,0,-1,-1,-1,0,24284,0,0,19820
102786,0,0,-1,-1,-1,0,24302,0,0,19971
102788,0,1,0,-1,-1,0,24351,0,0,19986
102790,0,0,-1,-1,-1,0,483,0,0,19772
102795,0,0,-1,-1,-1,0,24162,0,0,19785
102796,0,1,0,-1,-1,0,23990,0,0,20049
102799,0,2,0,-1,-1,0,24251,0,0,19901
102800,2,1,0,-1,-1,0,24591,0,0,19901
102802,0,0,-1,-1,-1,0,60387,0,0,19264
102803,0,0,-1,-1,-1,0,60376,0,0,19279
102804,0,1,0,-1,-1,0,7823,0,0,19972
102806,0,0,-5,1500,-1,0,24720,0,0,20413
102808,0,1,0,-1,-1,0,23990,0,0,20093
102811,0,0,-1,-1,-1,0,24149,0,0,19782
102812,0,0,-1,-1,-1,0,24289,0,0,19813
102814,0,0,-1,-1,-1,0,60382,0,0,19259
102815,0,0,-1,-1,-1,0,60377,0,0,19280
102816,0,0,-1,-1,-1,0,60381,0,0,19284
102817,0,1,0,-1,-1,0,23990,0,0,20111
102818,0,1,0,-1,-1,0,23990,0,0,20112
102820,0,1,0,-1,-1,0,23990,0,0,20113
102822,0,0,-1,-1,-1,0,483,0,0,19215
102826,0,1,0,-1,-1,0,23990,0,0,20095
102830,0,0,-1,0,0,0,483,0,0,9136
102831,0,0,-1,0,0,0,483,0,0,9143
102832,0,0,-1,0,0,0,483,0,0,9164
102835,0,0,-1,-1,-1,0,483,0,0,20012
102838,0,0,-1,60000,-1,79,24930,0,0,20557
102840,0,1,0,-1,-1,0,23990,0,0,20114
102843,0,0,-1,-1,-1,0,24163,0,0,19786
102844,0,1,0,-1,-1,0,23990,0,0,20167
102848,0,0,0,180000,20000,1141,24498,0,0,19952
102857,0,0,-1,0,1000,11,24005,0,0,21236
102858,0,1,0,-1,-1,0,23990,0,0,20181
102862,0,1,0,-1,-1,0,23990,0,0,20102
102865,1,1,0,-1,-1,0,7711,0,0,19968
102867,0,1,0,-1,-1,0,23990,0,0,20050
102868,0,1,0,-1,-1,0,23990,0,0,20052
102870,0,0,-1,0,3000,79,24363,0,0,20007
102871,0,0,-1,0,60000,4,24364,0,0,20008
102877,0,0,-5,1500,-1,0,24733,0,0,20410
102888,0,0,-1,1000,2000,1136,26521,0,0,21744
102889,0,0,-1,60000,-1,0,25823,0,0,21745
102892,0,0,-1,60000,-1,0,25860,0,0,21212
102897,0,1,0,-1,-1,0,29150,0,0,23221
102899,0,2,0,-1,-1,0,26693,0,0,21856
102900,0,0,0,600000,60000,94,26066,0,0,21326
102901,0,0,-1,0,0,0,27113,0,0,22034
102906,0,0,0,-1,-1,0,27671,0,0,22298
102907,0,0,0,-1,-1,0,27671,0,0,22299
102910,0,0,-1,-1,-1,0,27719,0,0,22121
102913,0,0,-1,1000,2000,1136,26328,0,0,21577
102914,0,0,-1,1000,2000,1136,26329,0,0,21578
102915,0,0,0,180000,-1,0,26391,0,0,21579
102918,0,0,-1,0,0,79,27653,0,0,22192
102921,0,0,-1,0,1000,11,26263,0,0,21537
102922,0,0,-1,-1,2000,1137,25822,0,0,21747
102925,0,1,0,-1,-1,0,23046,0,0,23282
102927,0,0,0,1000,-1,11,26373,0,0,21739
102931,0,0,0,180000,30000,1141,26166,0,0,21473
102932,1,1,0,-1,-1,0,27038,0,0,22013
102937,1,1,0,-1,-1,0,27043,0,0,22015
102938,0,0,-1,-1,-1,0,24896,0,0,20542
102942,0,0,0,-1,-1,0,55884,0,0,20651
102955,0,0,-1,-1,-1,0,483,0,0,22219
102960,0,0,0,-1,-1,0,27669,0,0,22294
102961,0,0,0,-1,-1,0,27670,0,0,22297
102963,0,0,-1,0,0,0,26793,0,0,22021
102964,0,0,-1,0,0,0,27093,0,0,22022
102965,0,0,-1,0,0,0,27104,0,0,22025
102966,0,0,-1,-1,-1,0,27704,0,0,22119
102969,0,0,-1,-1,-1,0,25688,0,0,21039
102977,0,0,0,-1,-1,0,55884,0,0,22114
102978,0,0,-1,-1,-1,0,27716,0,0,22122
102983,0,0,0,-1,-1,0,27671,0,0,22300
102984,0,0,0,0,600000,1139,27184,0,0,22049
102985,0,0,-1,-1,-1,0,483,0,0,22214
102986,0,0,-1,-1,-1,0,483,0,0,21547
102987,0,0,-1,1000,2000,1136,26517,0,0,21718
102988,0,0,-1,1000,2000,1136,26518,0,0,21719
102989,0,0,-1,-1,-1,0,26587,0,0,21761
103010,0,0,-1,1000,1500,1136,26291,0,0,21558
103011,0,0,-1,1000,1500,1136,26292,0,0,21559
103015,0,0,-1,-1,3000,330,55884,0,0,21321
103023,0,0,-1,-1,-1,0,27712,0,0,22175
103024,2,1,0,-1,-1,0,27518,0,0,22191
103027,2,1,0,-1,-1,0,27522,0,0,22194
103035,0,0,0,86400000,-1,0,26265,0,0,21540
103036,0,0,-1,-1,-1,0,483,0,0,21731
103037,0,0,-1,-1,-1,0,26846,0,0,21923
103038,0,0,-1,0,1000,1142,27662,0,0,22200
103040,0,0,-1,0,1000,11,1131,0,0,22324
103041,0,0,0,-1,-1,0,27670,0,0,22295
103042,0,0,0,-1,-1,0,27670,0,0,22296
103043,0,0,0,-1,-1,0,27666,0,0,22289
103044,0,0,0,600000,600000,1139,27517,0,0,21986
103050,0,0,-1,0,0,0,7211,0,0,22432
103059,0,0,-1,1000,2000,1136,26488,0,0,21714
103062,0,0,-1,1000,2000,1136,26516,0,0,21717
103071,0,0,-1,0,1000,11,1129,0,0,21552
103072,0,0,-1,1000,1500,1136,26286,0,0,21557
103073,0,0,-1,-1,-1,0,483,0,0,21729
103074,0,0,-1,-1,-1,0,27717,0,0,22174
103079,0,0,-1,1000,1500,1136,26338,0,0,21595
103082,0,0,-1,-1,-1,0,26588,0,0,21762
103092,0,0,0,0,60000,1140,27616,0,0,22115
103097,0,0,-1,-1,-1,0,55884,0,0,21309
103100,0,0,0,600000,-1,11,26373,0,0,21711
103121,0,0,-1,-1,-1,0,483,0,0,21548
103122,0,0,-1,-1,3000,330,55884,0,0,21323
103123,0,0,-1,-1,3000,330,55884,0,0,21324
103124,0,0,-1,60000,-1,0,25823,0,0,21536
103125,0,0,-1,-1,-1,0,27702,0,0,22117
103126,0,1,0,-1,-1,0,27656,0,0,22321
103129,0,0,-1,-1,-1,0,483,0,0,21725
103130,0,0,-1,-1,-1,0,483,0,0,21726
103131,0,0,0,180000,-1,0,26400,0,0,21647
103135,0,0,-1,-1,-1,0,27706,0,0,22173
103136,0,0,-1,-1,-1,0,27714,0,0,22177
103138,0,0,-88,3000,-1,0,26374,0,0,21713
103144,0,0,0,180000,-1,0,26168,0,0,21488
103146,0,0,-3,600000,60000,24,26067,0,0,21325
103151,0,0,-1,1000,1500,1136,26333,0,0,21589
103152,0,0,-1,1000,1500,1136,26334,0,0,21590
103153,0,0,-1,1000,1500,1136,26335,0,0,21591
103154,1,1,0,-1,-1,0,18676,0,0,22198
103155,2,1,0,-1,-1,0,27561,0,0,22198
103159,0,0,-1,-1,-1,0,483,0,0,20726
103175,0,0,-1,1000,1500,1136,26336,0,0,21592
103176,0,0,-1,1000,1500,1136,26337,0,0,21593
103183,0,0,0,120000,-1,0,26074,0,0,21328
103186,0,0,-1,0,1000,59,26389,0,0,21721
103187,0,0,-1,-1,-1,0,483,0,0,21722
103188,0,0,-1,-1,-1,0,483,0,0,21724
103195,0,0,0,-1,-1,0,27669,0,0,22292
103200,0,0,-1,-1,-1,0,483,0,0,21727
103201,0,0,-1,-1,-1,0,483,0,0,21728
103220,0,0,0,180000,-1,0,26467,0,0,21625
103226,0,1,0,-1,-1,0,28539,0,0,23279
103229,0,0,-1,30000,-1,0,27571,0,0,22218
103230,0,0,-1,-1,-1,0,483,0,0,22221
103238,1,1,0,-1,-1,0,35126,0,0,21517
103241,0,0,-1,-1,-1,0,26004,0,0,21519
103242,0,1,0,-1,-1,0,27037,0,0,22003
103264,0,0,-1,0,0,0,27108,0,0,22029
103266,0,0,-1,0,0,79,27652,0,0,22193
103267,0,0,0,-1,-1,0,27360,0,0,22048
103273,0,0,-1,-1,-1,0,483,0,0,21358
103296,0,0,-1,-1,-1,0,483,0,0,21737
103301,0,0,-1,-1,-1,0,27710,0,0,22120
103307,0,0,-1,-1,-1,0,483,0,0,22222
103314,0,1,0,-1,-1,0,27225,0,0,22060
103316,0,1,0,-1,-1,0,27206,0,0,22061
103326,1,0,0,180000,-1,0,28760,0,0,23027
103339,0,0,0,180000,-1,0,26789,0,0,21891
103345,0,0,-1,1000,2000,1136,26490,0,0,21716
103346,0,0,-1,1000,2000,1136,26519,0,0,21720
103347,0,0,-1,-1,-1,0,483,0,0,21738
103351,1,1,0,-1,-1,0,25767,0,0,21128
103358,0,0,0,-1,-1,0,27666,0,0,22291
103359,0,0,0,-1,-1,0,27669,0,0,22293
103363,0,0,-1,-1,-1,0,483,0,0,22705
103364,0,0,0,-9,-9,79,30297,0,0,23696
103372,0,0,-1,0,0,0,24833,0,0,20620
103373,0,0,-1,-1,-1,0,483,0,0,20755
103374,0,0,-1,-1,-1,0,483,0,0,20756
103377,0,0,-1,60000,-1,0,62061,0,0,21213
103386,0,0,-1,-1,-1,0,483,0,0,22729
103392,0,0,-1,0,1000,11,25690,0,0,21072
103393,0,0,-1,-1,-1,0,483,0,0,21099
103394,0,0,-1,-1,-1,0,55884,0,0,21277
103398,0,1,0,-1,-1,0,29112,0,0,23206
103402,0,1,0,-1,-1,0,29113,0,0,23207
103405,0,0,-1,1500,-1,0,55884,0,0,21301
103409,0,0,-1,1500,-1,0,55884,0,0,21305
103431,0,0,-1,-1,-1,0,483,0,0,22704
103432,0,0,-1,-1,-1,0,28324,0,0,22726
103435,0,0,-1,-1,-1,0,24874,0,0,20518
103436,0,0,0,180000,180000,1155,25746,0,0,21115
103437,0,0,0,180000,180000,1155,25747,0,0,21116
103438,0,0,0,180000,180000,1155,25746,0,0,21117
103439,0,0,0,180000,180000,1155,25747,0,0,21118
103442,0,0,-1,-1,-1,0,55884,0,0,21308
103454,0,0,0,5000,-1,0,25851,0,0,21171
103455,0,0,-1,-1,-1,0,24888,0,0,20528
103456,0,0,-1,0,1000,11,1131,0,0,21033
103457,0,0,-1,30000,-1,0,25677,0,0,21038
103458,0,0,0,180000,180000,1155,25750,0,0,21119
103459,0,0,0,180000,180000,1155,25750,0,0,21120
103460,0,1,0,-1,-1,0,23990,0,0,20188
103468,0,0,-5,0,1000,79,25119,0,0,20746
103469,0,0,-1,-1,-1,0,483,0,0,20757
103470,0,0,-1,-1,-1,0,483,0,0,20758
103471,0,0,-1,0,1000,11,25692,0,0,21071
103472,0,0,-1,-1,-1,0,483,0,0,21025
103473,0,0,-1,-1,-1,0,483,0,0,20752
103474,0,0,-1,-1,-1,0,483,0,0,20753
103475,0,0,-1,-1,-1,0,483,0,0,20754
103476,0,0,-1,-1,-1,0,24891,0,0,20533
103481,0,0,-1,-1,-1,0,483,0,0,21730
103489,0,0,-1,-1,-1,0,483,0,0,21369
103490,0,0,-1,-1,-1,0,483,0,0,21371
103491,0,0,-1,0,1000,11,25660,0,0,21023
103492,0,0,-1,0,1000,11,1129,0,0,21030
103504,0,0,-1,-1,-1,0,24892,0,0,20535
103505,0,0,-1,-1,-1,0,483,0,0,20547
103507,0,1,0,-1,-1,0,25906,0,0,21190
103508,0,0,0,90000,15000,1141,24998,0,0,20636
103510,0,0,-1,0,1000,11,1131,0,0,21031
103511,0,0,-1,0,3000,79,26276,0,0,21546
103537,0,0,0,300000,20000,1141,23734,0,0,19344
103547,0,0,-1,-1,-1,0,483,0,0,21732
103548,0,0,-1,-1,-1,0,483,0,0,21733
103549,0,0,-1,-1,-1,0,483,0,0,21734
103550,0,0,-1,-1,-1,0,483,0,0,21735
103552,0,2,0,-1,-1,0,26415,0,0,21679
103556,0,0,-1,-1,-1,0,25465,0,0,20908
103559,0,1,0,-1,-1,0,23990,0,0,20182
103567,0,0,-1,1000,1500,1136,26294,0,0,21561
103568,0,0,-1,1000,1500,1136,26295,0,0,21562
103573,0,1,0,-1,-1,0,21593,0,0,21568
103574,0,1,0,-1,-1,0,11789,0,0,21526
103577,1,1,0,-1,-1,0,21595,0,0,20277
103579,0,0,-1,-1,-1,0,483,0,0,20761
103595,0,0,0,180000,-1,0,26480,0,0,21670
103603,0,0,-1,-1,-1,0,483,0,0,21723
103606,0,0,-1,0,1000,59,25037,0,0,20709
103613,0,0,-1,-1,-1,0,24245,0,0,19883
103614,0,0,-1,-1,-1,0,26298,0,0,21569
103615,0,0,-1,-1,-1,0,25783,0,0,21136
103621,0,1,0,-1,-1,0,21599,0,0,21567
103623,0,0,-1,1000,2000,1136,26325,0,0,21574
103624,0,0,-1,1000,2000,1136,26326,0,0,21575
103625,0,0,-1,1000,2000,1136,26327,0,0,21576
103628,0,0,-1,-1,-1,0,26299,0,0,21570
103629,0,0,-1,1000,2000,1136,26304,0,0,21571
103654,0,0,0,180000,-1,0,26463,0,0,21685
103655,0,1,0,-1,-1,0,21596,0,0,21687
103668,0,2,0,-1,-1,0,26108,0,0,21134
103669,0,1,0,-1,-1,0,144308,0,0,23274
103674,0,0,-1,-1,-1,0,483,0,0,20728
103675,0,0,-1,-1,-1,0,483,0,0,20729
103677,0,0,-1,-1,-1,0,483,0,0,20734
103678,0,0,0,180000,-1,0,24854,0,0,20503
103688,0,0,-1,0,1000,11,25990,0,0,21215
103689,0,0,-1,-1,3000,330,55884,0,0,21218
103698,0,0,-1,-1,3000,330,483,0,0,21176
103701,0,1,0,-1,-1,0,25901,0,0,21189
103706,0,0,-1,-1,-1,0,55884,0,0,21168
103707,0,0,-5,0,1000,79,25120,0,0,20747
103708,0,2,0,-1,-1,0,24993,0,0,20578
103711,0,0,-1,-1,-1,0,483,0,0,20554
103752,0,0,-1,0,1000,11,29041,0,0,23175
103753,0,0,-1,-1,-1,0,29029,0,0,23176
103758,0,0,0,0,0,79,30331,0,0,23794
103759,0,0,0,0,0,79,30336,0,0,23795
103760,0,0,0,0,0,79,30338,0,0,23796
103763,0,0,-1,-1,-1,0,483,0,0,22703
103781,0,0,-3,600000,60000,24,29305,0,0,23379
103784,0,0,-1,0,60000,4,17531,0,0,23578
103787,0,0,-1,-1,-1,0,29480,0,0,23549
103788,0,0,0,120000,0,0,29506,0,0,23558
103789,0,0,0,120000,20000,1141,29602,0,0,23570
103790,0,0,-1,0,60000,4,17534,0,0,23579
103791,0,0,-1,-1,-1,0,483,0,0,22774
103803,0,0,0,-1,-1,0,55884,0,0,22780
103804,0,0,-1,-1,-1,0,55884,0,0,22781
103814,0,0,-1,-1,-1,0,483,0,0,22767
103815,0,0,-1,-1,-1,0,483,0,0,22769
103816,0,0,-1,-1,-1,0,483,0,0,22772
103817,0,0,-1,-1,-1,0,483,0,0,22694
103818,0,0,-1,-1,-1,0,55884,0,0,23002
103826,0,0,-1,-1,-1,0,483,0,0,23689
103828,0,0,-1,0,0,0,27110,0,0,22031
103831,2,0,0,120000,15000,1141,28866,0,0,22954
103847,0,0,-1,-1,-1,0,29006,0,0,23164
103853,0,0,-1,-1,-1,0,483,0,0,22390
103856,0,0,-1,-1,-1,0,483,0,0,22392
103858,0,0,-1,-1,-1,0,483,0,0,22220
103861,0,1,0,-1,-1,0,28282,0,0,22691
103862,1,2,0,-1,-1,0,28414,0,0,22691
103863,4,2,0,-1,-1,0,29155,0,0,22691
103866,0,0,-1,-1,-1,0,483,0,0,22692
103867,0,0,-1,-1,180000,1153,29432,0,0,22682
103876,0,0,-1,-1,-1,0,483,0,0,22766
103877,0,0,-1,-1,-1,0,483,0,0,22768
103878,0,0,-1,-1,-1,0,483,0,0,22770
103879,0,0,-1,-1,-1,0,483,0,0,22771
103880,0,0,-1,-1,-1,0,483,0,0,22773
103881,0,0,-1,-1,-1,0,483,0,0,22739
103892,0,0,-1,1500,-1,0,28806,0,0,23247
103897,0,0,-10,-1,120000,1142,26682,0,0,21829
103898,0,0,-1,0,0,0,27123,0,0,22027
103902,0,0,-1,0,0,0,27112,0,0,22033
103903,0,1,0,-1,-1,0,43588,0,0,23072
103911,2,1,0,-1,-1,0,28143,0,0,22630
103912,3,0,0,-1,-1,0,28148,0,0,22630
103913,4,1,0,-1,-1,0,31796,0,0,22630
103915,0,1,0,-1,-1,0,28144,0,0,22631
103916,2,0,0,-1,-1,0,28148,0,0,22631
103917,3,1,0,-1,-1,0,31796,0,0,22631
103918,0,1,0,-1,-1,0,28145,0,0,22632
103919,3,0,0,-1,-1,0,28148,0,0,22632
103921,4,1,0,-1,-1,0,31796,0,0,22632
103936,0,0,-1,-1,-1,0,483,0,0,22309
103937,0,0,-1,-1,-1,0,483,0,0,22310
103943,0,0,-1,0,0,0,27115,0,0,22036
103948,0,0,-1,-1,-1,0,28161,0,0,22635
103955,0,1,0,-1,-1,0,28347,0,0,22736
103956,0,0,-1,-1,-1,0,55884,0,0,23713
103957,0,0,-1,-1,3000,330,55884,0,0,23720
103962,0,0,-1,1000,1000,11,29334,0,0,23211
103973,0,0,0,3600000,3600000,1149,21358,0,0,22754
103977,0,1,0,-1,-1,0,23043,0,0,23288
103979,0,1,0,-1,-1,0,144319,0,0,23290
103992,0,1,0,-1,-1,0,22778,0,0,23286
104006,0,1,0,-1,-1,0,27037,0,0,23073
104025,0,0,-1,-1,-1,0,483,0,0,22312
104028,0,0,-1,0,0,0,27102,0,0,22024
104029,0,0,-1,0,0,0,22092,0,0,22026
104030,0,0,-1,0,0,0,26792,0,0,22020
104041,0,0,-1,0,120000,1153,27661,0,0,22261
104042,0,0,-1,-1,-1,0,28163,0,0,22636
104046,0,0,-1,0,1000,11,29055,0,0,23172
104053,0,0,0,0,0,103,30175,0,0,23719
104054,0,0,0,0,0,103,30177,0,0,23721
104055,0,0,0,0,0,103,30178,0,0,23722
104062,0,0,-1,-1,-1,0,55884,0,0,23015
104063,0,0,-1,300000,60000,24,29324,0,0,23418
104064,0,0,-1,1000,-1,0,29335,0,0,23435
104071,0,0,0,0,0,0,30183,0,0,23725
104072,0,0,0,0,0,0,30190,0,0,23728
104076,0,0,-1,0,0,0,26743,0,0,22023
104094,0,0,-1,1000,-1,0,29332,0,0,23327
104095,0,0,0,-1,-1,0,27667,0,0,22131
104096,0,0,-1,-1,-1,0,483,0,0,22695
104097,0,0,-1,-1,-1,0,483,0,0,22698
104100,0,0,-1,-1,-1,0,28165,0,0,22638
104101,0,0,-1,-1,-1,0,27709,0,0,22140
104102,0,0,-1,-1,-1,0,27703,0,0,22141
104103,0,0,-1,-1,-1,0,27711,0,0,22142
104105,0,0,-1,0,1000,11,29073,0,0,22895
104109,0,0,-1,-1,-1,0,27701,0,0,22143
104112,0,0,-1,1000,0,0,26899,0,0,22259
104113,0,0,0,-1,-1,0,27664,0,0,22285
104114,0,0,0,-1,-1,0,27665,0,0,22286
104115,0,0,0,-1,-1,0,27665,0,0,22287
104116,0,0,0,-1,-1,0,27665,0,0,22288
104117,0,0,0,-1,-1,0,27666,0,0,22290
104153,0,0,-1,-1,3000,330,55884,0,0,23193
104154,0,0,-1,1500,-1,0,30088,0,0,23194
104155,0,0,-1,1500,-1,0,30089,0,0,23195
104156,0,0,-1,1500,-1,0,30090,0,0,23196
104160,0,0,0,0,0,0,30187,0,0,23727
104165,1,0,0,120000,-1,0,28862,0,0,23001
104174,0,0,-1,-1,-1,0,55884,0,0,23007
104192,0,0,0,0,900000,1149,28354,0,0,22737
104193,0,0,-1,0,1000,11,29008,0,0,23160
104194,0,0,-1,0,1000,59,29007,0,0,23161
104195,0,0,-5,1500,-1,0,29004,0,0,23163
104202,0,0,-1,0,0,0,26019,0,0,22587
104203,0,0,-1,0,0,0,6476,0,0,22588
104204,2,1,0,-1,-1,0,28142,0,0,22589
104205,3,0,0,-1,-1,0,28148,0,0,22589
104206,4,1,0,-1,-1,0,31796,0,0,22589
104208,0,0,-1,-1,-1,0,55884,0,0,23712
104209,0,0,-1,30000,0,0,69773,0,0,23714
104210,0,0,0,0,0,103,30164,0,0,23715
104211,0,0,-1,600000,0,0,69777,0,0,23716
104212,0,0,0,0,0,103,30173,0,0,23718
104214,0,0,-1,-1,-1,0,27715,0,0,22144
104215,0,0,-1,-1,-1,0,27718,0,0,22145
104216,0,0,-1,0,60000,24,17291,0,0,22151
104221,0,0,-1,0,0,0,27109,0,0,22030
104226,0,0,-10,-1,120000,1142,26681,0,0,21833
104236,2,0,0,120000,20000,1141,84212,0,0,23040
104249,1,0,0,120000,20000,1141,28779,0,0,23046
104251,1,0,0,120000,30000,1141,28780,0,0,23047
104257,0,1,0,-1,-1,0,17319,0,0,23089
104258,0,1,0,-1,-1,0,18098,0,0,23090
104259,2,1,0,-1,-1,0,18676,0,0,22195
104265,0,0,-1,-1,-1,0,483,0,0,22685
104266,0,0,-1,-1,-1,0,483,0,0,22696
104267,0,0,-1,-1,-1,0,483,0,0,22697
104282,0,0,0,0,60000,1140,27433,0,0,21946
104283,0,0,-1,-1,-1,0,27708,0,0,21960
104284,0,0,-1,-1,-1,0,55884,0,0,22235
104285,0,0,-1,0,1000,11,71074,0,0,22236
104286,0,0,-1,0,1000,11,71073,0,0,22237
104287,1,0,0,120000,20000,1141,28777,0,0,23041
104289,0,0,0,120000,-1,0,28778,0,0,23042
104297,0,0,-1,-1,-1,0,27700,0,0,22176
104309,0,1,0,-1,-1,0,28870,0,0,23081
104318,0,1,0,-1,-1,0,28876,0,0,23091
104319,0,1,0,-1,-1,0,18098,0,0,23092
104327,0,0,-1,-1,-1,0,483,0,0,22683
104328,0,1,0,-1,-1,0,23043,0,0,22869
104330,0,0,-1,-1,-1,0,483,0,0,22684
104331,0,0,-1,-1,-1,0,483,0,0,22686
104332,0,0,-1,-1,-1,0,483,0,0,22687
104333,0,1,0,-1,-1,0,17319,0,0,23087
104334,0,1,0,-1,-1,0,17319,0,0,23088
104339,0,1,0,-1,-1,0,22778,0,0,22868
104340,0,0,-1,-1,-1,0,483,0,0,22388
104341,0,0,-1,-1,-1,0,27738,0,0,22046
104342,0,1,0,-1,-1,0,144319,0,0,22870
104344,0,1,0,-1,-1,0,18098,0,0,23093
104345,0,0,-1,0,0,0,28891,0,0,23122
104346,0,0,-1,1000,-1,0,28898,0,0,23123
104350,0,1,0,-1,-1,0,23217,0,0,23280
104355,0,1,0,-1,-1,0,23049,0,0,23285
104357,0,1,0,-1,-1,0,28870,0,0,23078
104358,0,0,-1,0,1000,11,71071,0,0,22238
104359,0,0,-1,0,1000,11,71068,0,0,22239
104362,0,0,0,-1,-1,0,27664,0,0,22284
104363,0,0,-1,-1,-1,0,483,0,0,22389
104382,0,1,0,-1,-1,0,28870,0,0,23082
104386,0,0,0,75000,15000,1141,27675,0,0,22268
104399,0,1,0,-1,-1,0,23046,0,0,22865
104401,0,0,0,60000,20000,1141,28200,0,0,22678
104402,0,0,-1,-1,-1,0,55884,0,0,23083
104403,0,1,0,-1,-1,0,22849,0,0,23084
104404,0,1,0,-1,-1,0,24197,0,0,23085
104405,0,0,-1,0,0,0,27117,0,0,22038
104406,0,0,-1,0,0,0,27118,0,0,22039
104407,0,0,-1,1000,-1,0,47175,0,0,23246
104410,0,0,-1,-1,-1,0,27739,0,0,22047
104411,0,0,-1,-1,-1,0,483,0,0,22307
104412,0,0,-1,-1,-1,0,483,0,0,22308
104413,0,0,-1,-1,-1,0,27146,0,0,21984
104414,0,0,-1,1000,-1,0,29116,0,0,23215
104416,0,0,-1,0,0,0,27121,0,0,22042
104417,0,0,-1,0,0,0,27122,0,0,22043
104422,0,0,0,-1,-1,0,27664,0,0,22283
104427,0,1,0,-1,-1,0,28539,0,0,22862
104429,0,0,-1,0,0,0,3231,0,0,22584
104430,0,0,-1,0,0,0,8375,0,0,22585
104431,0,0,-1,0,0,0,26020,0,0,22586
104438,0,0,-1,1000,-1,0,29333,0,0,23326
104440,0,0,-1,-1,-1,0,28800,0,0,23055
104443,0,1,0,-1,-1,0,23217,0,0,22863
104447,0,0,0,600000,-1,0,27922,0,0,22485
104448,0,0,-1,-1,-1,0,28086,0,0,22486
104449,0,0,-1,-1,-1,0,27713,0,0,22123
104451,0,1,0,-1,-1,0,27539,0,0,22196
104452,0,1,0,-1,-1,0,18676,0,0,22197
104453,0,0,-1,0,0,0,27107,0,0,22028
104454,0,0,0,0,600000,1139,27190,0,0,22050
104455,0,0,-1,0,0,0,27119,0,0,22040
104473,0,0,-1,0,0,0,27111,0,0,22032
104474,0,0,-1,0,0,0,27114,0,0,22035
104475,0,0,-1,0,0,0,27116,0,0,22037
104476,0,0,0,-1,-1,0,27668,0,0,22136
104477,0,0,0,0,600000,1139,27191,0,0,22051
104494,0,0,0,0,600000,1139,27201,0,0,22052
104495,0,0,0,0,600000,1139,27202,0,0,22056
104496,0,0,0,0,600000,1139,27203,0,0,22057
104499,0,0,-1,0,0,0,27120,0,0,22041
104520,0,0,0,-1,-1,0,27667,0,0,22132
104521,0,0,0,-1,-1,0,27667,0,0,22133
104522,0,0,0,-1,-1,0,27668,0,0,22134
104523,0,0,0,-1,-1,0,27668,0,0,22135
104528,0,1,0,-1,-1,0,23049,0,0,22856
104530,1,1,0,-1,-1,0,22801,0,0,22857
115245,0,0,0,-1,-1,0,308395,0,0,172070
118012,0,0,-1,-1,-1,0,55884,0,0,180089
126806,0,0,-1,-1,-1,0,55884,0,0,183107
126807,1,6,0,-1,-1,0,340710,0,0,183107
127524,0,0,0,600000,600000,0,30978,0,0,23905
127525,0,0,-1,-1,-1,0,483,0,0,24003
127526,1,6,0,-1,-1,0,27960,0,0,24003
127527,0,0,-1,0,1000,59,22734,0,0,24006
127529,1,0,10,1500,-1,0,25607,0,0,20966
127531,1,0,10,1500,0,0,25608,0,0,20967
127535,0,0,-1,-1,-1,0,483,0,0,20970
127536,1,6,0,-1,-1,0,25610,0,0,20970
127537,0,0,-1,-1,-1,0,483,0,0,20971
127538,1,6,0,-1,-1,0,25612,0,0,20971
127546,0,0,-1,-1,-1,0,483,0,0,21892
127547,1,6,0,-1,-1,0,26747,0,0,21892
127548,0,0,-1,-1,-1,0,483,0,0,21893
127549,1,6,0,-1,-1,0,26749,0,0,21893
127550,0,0,-1,-1,-1,0,483,0,0,21894
127551,1,6,0,-1,-1,0,26750,0,0,21894
127552,0,0,-1,-1,-1,0,483,0,0,21895
127553,1,6,0,-1,-1,0,26751,0,0,21895
127554,0,0,-1,-1,-1,0,483,0,0,21896
127555,1,6,0,-1,-1,0,26773,0,0,21896
127556,0,0,-1,-1,-1,0,27492,0,0,22185
127557,0,0,-1,-1,-1,0,27493,0,0,22186
127558,0,0,-1,-1,-1,0,27494,0,0,22187
127559,0,0,-1,-1,-1,0,27495,0,0,22188
127560,0,0,-1,-1,-1,0,27496,0,0,22189
127561,0,0,-1,-1,-1,0,483,0,0,22565
127562,1,6,0,-1,-1,0,28022,0,0,22565
127563,0,0,-1,0,60000,4,28538,0,0,22847
127564,0,0,-1,0,3000,79,134870,0,0,22848
127565,0,0,-1,0,120000,4,28515,0,0,22849
127566,0,0,-1,0,60000,4,28517,0,0,22850
127567,0,0,-1,0,3000,79,28518,0,0,22851
127568,0,0,-1,0,3000,79,28519,0,0,22853
127569,0,0,-1,0,3000,79,28520,0,0,22854
127576,0,0,-1,-1,-1,0,483,0,0,23617
127577,1,6,0,-1,-1,0,29649,0,0,23617
127578,0,0,-1,-1,-1,0,483,0,0,23618
127579,1,6,0,-1,-1,0,29656,0,0,23618
127580,0,0,-1,-1,-1,0,483,0,0,23619
127581,1,6,0,-1,-1,0,29657,0,0,23619
127582,0,0,-1,-1,-1,0,483,0,0,23620
127583,1,6,0,-1,-1,0,29658,0,0,23620
127584,0,0,-1,-1,-1,0,30199,0,0,23730
127585,0,0,-1,-1,-1,0,30200,0,0,23731
127586,0,0,0,180000,0,0,30208,0,0,23732
127587,0,0,0,15000,0,0,30435,0,0,23820
127588,0,0,0,0,0,0,30427,0,0,23821
127589,0,0,-20,0,60000,4,67486,0,0,23822
127590,0,0,-20,0,60000,4,67487,0,0,23823
127591,2,0,0,300000,300000,1203,51582,0,0,23824
127593,0,0,0,300000,0,0,30458,0,0,23825
127594,0,0,0,600000,600000,0,30978,0,0,23911
127595,1,0,0,600000,600000,0,30978,0,0,23912
127598,1,0,0,600000,600000,0,30978,0,0,23914
127601,0,0,-1,0,1000,59,22734,0,0,24007
127602,0,0,-1,0,1000,11,18234,0,0,24008
127603,0,0,-1,0,1000,11,18234,0,0,24009
127604,0,0,0,-1,-1,0,3366,0,0,24010
127605,0,0,-1,-1,-1,0,483,0,0,20972
127606,1,6,0,-1,-1,0,25614,0,0,20972
127607,0,0,-1,-1,-1,0,483,0,0,20973
127608,1,6,0,-1,-1,0,25617,0,0,20973
127609,0,0,-1,-1,-1,0,483,0,0,20974
127610,1,6,0,-1,-1,0,25618,0,0,20974
127611,0,0,-1,-1,-1,0,483,0,0,20975
127612,1,6,0,-1,-1,0,25619,0,0,20975
127618,0,0,0,300000,60000,28,26551,0,0,21748
127619,0,0,-1,-1,-1,0,483,0,0,21897
127620,1,6,0,-1,-1,0,26774,0,0,21897
127621,0,0,-1,-1,-1,0,483,0,0,21898
127622,1,6,0,-1,-1,0,26775,0,0,21898
127623,0,0,-1,-1,-1,0,483,0,0,21899
127624,1,6,0,-1,-1,0,26776,0,0,21899
127625,0,0,-1,-1,-1,0,483,0,0,21900
127626,1,6,0,-1,-1,0,26777,0,0,21900
127627,0,0,-1,-1,-1,0,27497,0,0,22190
127629,0,0,-1,1000,500,1952,32978,0,0,22446
127630,0,0,-1,500,-1,0,28100,0,0,22572
127631,0,0,-1,500,-1,0,28101,0,0,22573
127632,0,0,-1,500,-1,0,28102,0,0,22574
127633,0,0,-1,500,-1,0,28106,0,0,22575
127634,0,0,-1,500,-1,0,28105,0,0,22576
127635,0,0,-1,500,-1,0,28104,0,0,22577
127636,0,0,-1,0,3000,79,28521,0,0,22861
127637,0,0,-1,0,3000,79,28540,0,0,22866
127638,0,0,-1,0,60000,4,28548,0,0,22871
127639,0,0,-1,-1,-1,0,29364,0,0,23417
127646,0,0,-1,1000,-1,0,29452,0,0,23528
127647,0,0,-1,0,0,0,29453,0,0,23529
127648,0,0,-1,-1,-1,0,29454,0,0,23530
127649,0,0,-1,-1,-1,0,483,0,0,23621
127650,1,6,0,-1,-1,0,29622,0,0,23621
127651,0,0,-1,-1,-1,0,483,0,0,23622
127652,1,6,0,-1,-1,0,29662,0,0,23622
127653,0,0,-1,-1,-1,0,483,0,0,23623
127654,1,6,0,-1,-1,0,29663,0,0,23623
127655,0,0,-1,-1,-1,0,483,0,0,23624
127656,1,6,0,-1,-1,0,29664,0,0,23624
127657,0,0,-1,-1,-1,0,30214,0,0,23734
127658,0,0,-1,-1,-1,0,30230,0,0,23735
127659,0,0,-1,0,60000,24,30216,0,0,23736
127660,0,0,-1,0,60000,24,30217,0,0,23737
127661,0,0,-1,0,60000,24,30461,0,0,23826
127662,0,0,-1,300000,60000,24,30486,0,0,23827
127667,0,0,50,-1,-1,0,39681,0,0,23831
127668,0,0,0,600000,600000,0,30978,0,0,23916
127669,1,0,0,600000,600000,0,30978,0,0,23917
127671,1,0,0,600000,600000,0,30978,0,0,23918
127673,0,0,-1,-1,-1,0,483,0,0,20976
127674,1,6,0,-1,-1,0,25622,0,0,20976
127677,1,0,10,1500,0,0,26562,0,0,21755
127679,0,1,0,0,0,0,23990,0,0,21756
127680,1,0,0,1200000,0,0,26571,0,0,21756
127681,0,1,0,0,0,0,26578,0,0,21758
127682,1,0,0,300000,15000,1141,26576,0,0,21758
127683,0,0,-1,-1,-1,0,483,0,0,21901
127684,1,6,0,-1,-1,0,26778,0,0,21901
127685,0,0,-1,-1,-1,0,483,0,0,21902
127686,1,6,0,-1,-1,0,26779,0,0,21902
127687,0,0,-1,-1,-1,0,483,0,0,21903
127688,1,6,0,-1,-1,0,26780,0,0,21903
127689,0,0,-1,-1,-1,0,483,0,0,21904
127690,1,6,0,-1,-1,0,26781,0,0,21904
127691,0,0,-1,-1,-1,0,483,0,0,21905
127692,1,6,0,-1,-1,0,26782,0,0,21905
127693,0,0,-1,1000,500,1952,32977,0,0,22447
127694,0,0,-1,500,-1,0,28103,0,0,22578
127695,0,0,-4,5000,-1,0,28624,0,0,22896
127696,0,0,-1,-1,-1,0,483,0,0,22900
127697,1,6,0,-1,-1,0,28543,0,0,22900
127699,0,1,0,-1,-1,0,43588,0,0,23533
127702,0,0,-1,-1,-1,0,483,0,0,23625
127703,1,6,0,-1,-1,0,29668,0,0,23625
127704,0,0,-1,-1,-1,0,483,0,0,23626
127705,1,6,0,-1,-1,0,29669,0,0,23626
127706,0,0,-1,-1,-1,0,483,0,0,23627
127707,1,6,0,-1,-1,0,29671,0,0,23627
127708,0,0,-1,-1,-1,0,483,0,0,23628
127709,1,6,0,-1,-1,0,29672,0,0,23628
127710,0,0,50,-1,-1,0,39684,0,0,23832
127711,0,0,0,300000,0,0,30507,0,0,23835
127712,0,0,0,120000,0,0,46567,0,0,23836
127713,0,0,0,1000,-1,0,30767,0,0,23925
127719,0,0,10,1500,-1,0,25207,0,0,20830
127720,0,0,10,1500,-1,0,25211,0,0,20831
127723,1,0,0,300000,60000,28,26581,0,0,21760
127725,1,0,0,900000,60000,28,26593,0,0,21763
127729,0,1,0,0,0,0,26598,0,0,21766
127730,0,0,-1,-1,-1,0,483,0,0,21906
127731,1,6,0,-1,-1,0,26783,0,0,21906
127732,0,0,-1,-1,-1,0,483,0,0,21907
127733,1,6,0,-1,-1,0,26784,0,0,21907
127734,0,0,-1,-1,-1,0,483,0,0,21908
127735,1,6,0,-1,-1,0,26752,0,0,21908
127736,0,0,-1,-1,-1,0,483,0,0,21909
127737,1,6,0,-1,-1,0,26753,0,0,21909
127738,0,0,-1,-1,-1,0,483,0,0,21910
127739,1,6,0,-1,-1,0,26754,0,0,21910
127740,0,0,-1,-1,-1,0,483,0,0,22901
127741,1,6,0,-1,-1,0,28546,0,0,22901
127742,0,0,-1,-1,-1,0,483,0,0,22902
127743,1,6,0,-1,-1,0,28549,0,0,22902
127744,0,0,-1,-1,-1,0,483,0,0,22903
127745,1,6,0,-1,-1,0,28550,0,0,22903
127746,0,0,-1,-1,-1,0,483,0,0,22904
127747,1,6,0,-1,-1,0,28552,0,0,22904
127748,0,0,0,-1,-1,0,29200,0,0,23268
127749,0,0,-1,120000,120000,1153,29251,0,0,23329
127753,0,2,0,-1,-1,0,16916,0,0,23541
127754,0,0,-1,-1,-1,0,483,0,0,23629
127755,1,6,0,-1,-1,0,29692,0,0,23629
127756,0,0,-1,-1,-1,0,483,0,0,23630
127757,1,6,0,-1,-1,0,29693,0,0,23630
127758,0,0,-1,-1,-1,0,483,0,0,23631
127759,1,6,0,-1,-1,0,29694,0,0,23631
127760,0,0,-1,-1,-1,0,483,0,0,23632
127761,1,6,0,-1,-1,0,29695,0,0,23632
127762,0,0,-1,-1,-1,0,30222,0,0,23745
127764,0,0,-1,-1,-1,0,30226,0,0,23749
127765,0,1,0,0,0,0,40386,0,0,23838
127767,1,1,0,-1,-1,0,30519,0,0,23839
127769,0,0,-1,0,0,0,30524,0,0,23840
127770,0,0,-1,0,60000,24,30526,0,0,23841
127773,0,0,0,300000,20000,1141,26599,0,0,21769
127774,0,0,-1,-1,-1,0,483,0,0,21911
127775,1,6,0,-1,-1,0,26755,0,0,21911
127776,0,0,-1,-1,-1,0,483,0,0,21912
127777,1,6,0,-1,-1,0,26756,0,0,21912
127778,0,0,-1,-1,-1,0,483,0,0,21913
127779,1,6,0,-1,-1,0,26758,0,0,21913
127780,0,0,-1,-1,-1,0,483,0,0,21914
127781,1,6,0,-1,-1,0,26757,0,0,21914
127782,0,0,0,20000,20000,1140,27907,0,0,22473
127783,0,0,-1,-1,-1,0,483,0,0,22905
127784,1,6,0,-1,-1,0,28553,0,0,22905
127785,0,0,-1,-1,-1,0,483,0,0,22906
127786,1,6,0,-1,-1,0,28554,0,0,22906
127787,0,0,-1,-1,-1,0,483,0,0,22907
127788,1,6,0,-1,-1,0,28555,0,0,22907
127789,0,0,-1,-1,-1,0,483,0,0,22908
127790,1,6,0,-1,-1,0,28556,0,0,22908
127791,0,0,-1,-1,120000,1153,29271,0,0,23334
127794,0,0,-1,-1,-1,0,483,0,0,23633
127795,1,6,0,-1,-1,0,29696,0,0,23633
127796,0,0,-1,-1,-1,0,483,0,0,23634
127797,1,6,0,-1,-1,0,29697,0,0,23634
127798,0,0,-1,-1,-1,0,483,0,0,23635
127799,1,6,0,-1,-1,0,29698,0,0,23635
127800,0,0,-1,-1,-1,0,483,0,0,23636
127801,1,6,0,-1,-1,0,29699,0,0,23636
127802,0,0,0,-1,-1,0,30408,0,0,23751
127803,0,0,0,20000,20000,0,31114,0,0,23934
127807,1,0,0,300000,60000,28,26600,0,0,21777
127810,0,0,-1,-1,-1,0,483,0,0,21915
127811,1,6,0,-1,-1,0,26759,0,0,21915
127812,0,0,-1,-1,-1,0,483,0,0,21916
127813,1,6,0,-1,-1,0,26760,0,0,21916
127814,0,0,-1,-1,-1,0,483,0,0,21917
127815,1,6,0,-1,-1,0,26762,0,0,21917
127816,0,0,-1,-1,-1,0,483,0,0,21918
127817,1,6,0,-1,-1,0,26761,0,0,21918
127818,0,0,-5,0,1000,79,28013,0,0,22521
127819,0,0,-5,0,1000,79,28017,0,0,22522
127820,0,0,-1,-1,-1,0,483,0,0,22530
127821,1,6,0,-1,-1,0,27906,0,0,22530
127822,0,0,-1,-1,-1,0,483,0,0,22909
127823,1,6,0,-1,-1,0,28557,0,0,22909
127824,0,0,-1,-1,-1,0,483,0,0,22910
127825,1,6,0,-1,-1,0,28558,0,0,22910
127826,0,0,-1,-1,-1,0,483,0,0,22911
127827,1,6,0,-1,-1,0,28562,0,0,22911
127828,0,0,-1,-1,-1,0,483,0,0,22912
127829,1,6,0,-1,-1,0,28563,0,0,22912
127830,0,0,0,-1,-1,0,34665,0,0,23337
127831,0,3,0,-1,-1,0,29343,0,0,23442
127833,0,0,-1,0,3000,79,29348,0,0,23444
127838,0,0,-1,1000,-1,0,32274,0,0,23559
127839,0,0,-1,-1,-1,0,483,0,0,23637
127840,1,6,0,-1,-1,0,29700,0,0,23637
127841,0,0,-1,-1,-1,0,483,0,0,23638
127842,1,6,0,-1,-1,0,29728,0,0,23638
127843,0,0,-1,-1,-1,0,483,0,0,23639
127844,1,6,0,-1,-1,0,29729,0,0,23639
127845,0,0,-1,-1,-1,0,30224,0,0,23755
127846,0,0,-1,0,1000,11,5004,0,0,23756
127847,0,0,-1,0,1000,59,11629,0,0,23848
127850,1,1,0,-1,-1,0,26605,0,0,21780
127852,1,0,0,300000,60000,28,26609,0,0,21784
127854,0,0,-1,-1,-1,0,483,0,0,21919
127855,1,6,0,-1,-1,0,26763,0,0,21919
127856,0,0,-1,-1,-1,0,483,0,0,21924
127857,1,6,0,-1,-1,0,18406,0,0,21924
127859,0,0,-1,-1,-1,0,483,0,0,22531
127860,1,6,0,-1,-1,0,27911,0,0,22531
127861,0,0,-1,-1,-1,0,483,0,0,22532
127862,1,6,0,-1,-1,0,27913,0,0,22532
127863,0,0,-1,-1,-1,0,483,0,0,22533
127864,1,6,0,-1,-1,0,27914,0,0,22533
127865,0,0,-1,-1,-1,0,483,0,0,22534
127866,1,6,0,-1,-1,0,27917,0,0,22534
127867,0,0,-1,0,1000,11,5005,0,0,22645
127870,0,0,-1,-1,-1,0,483,0,0,22913
127871,1,6,0,-1,-1,0,28564,0,0,22913
127872,0,0,-1,-1,-1,0,483,0,0,22914
127873,1,6,0,-1,-1,0,28565,0,0,22914
127874,0,0,-1,-1,-1,0,483,0,0,22915
127875,1,6,0,-1,-1,0,28566,0,0,22915
127876,0,0,-1,-1,-1,0,483,0,0,22916
127877,1,6,0,-1,-1,0,28567,0,0,22916
127878,0,0,-1,-1,-1,0,483,0,0,23130
127879,1,6,0,-1,-1,0,28903,0,0,23130
127880,0,0,-1,-1,-1,0,483,0,0,23131
127881,1,6,0,-1,-1,0,28905,0,0,23131
127882,0,0,-1,-1,-1,0,483,0,0,23133
127883,1,6,0,-1,-1,0,28903,0,0,23133
127890,2,0,0,1800000,-1,0,34518,0,0,23564
127893,2,0,0,1800000,-1,0,34518,0,0,23565
127896,0,0,0,-1,-1,0,30489,0,0,23645
127897,0,0,0,600000,600000,0,30978,0,0,23647
127898,0,0,0,600000,600000,0,30978,0,0,23648
127901,1,0,0,-1,-1,0,12883,0,0,23762
127902,2,0,0,120000,-1,0,30249,0,0,23763
127904,0,0,-1,-1,-1,0,30250,0,0,23764
127905,0,0,-1,-1,-1,0,30252,0,0,23765
127906,0,0,-1,-1,-1,0,30260,0,0,23766
127907,0,0,-1,-1,-1,0,30562,0,0,23857
127911,0,0,-1,-1,-1,0,483,0,0,20854
127912,1,6,0,-1,-1,0,25339,0,0,20854
127913,0,0,-1,-1,-1,0,483,0,0,20855
127914,1,6,0,-1,-1,0,25323,0,0,20855
127915,0,0,-1,-1,-1,0,483,0,0,20856
127916,1,6,0,-1,-1,0,25320,0,0,20856
127917,0,0,-1,0,1000,11,433,0,0,20857
127918,1,0,0,300000,60000,1141,26614,0,0,21789
127924,0,0,-1,-1,-1,0,483,0,0,21940
127925,1,6,0,-1,-1,0,26873,0,0,21940
127926,0,0,-1,-1,-1,0,483,0,0,21941
127927,1,6,0,-1,-1,0,26875,0,0,21941
127928,0,0,-1,-1,-1,0,483,0,0,21942
127929,1,6,0,-1,-1,0,26878,0,0,21942
127930,0,0,-1,-1,-1,0,483,0,0,22535
127931,1,6,0,-1,-1,0,27920,0,0,22535
127932,0,0,-1,-1,-1,0,483,0,0,22536
127933,1,6,0,-1,-1,0,27924,0,0,22536
127936,0,0,-1,-1,-1,0,483,0,0,22647
127937,1,6,0,-1,-1,0,28267,0,0,22647
127938,0,0,0,-1,-1,0,28226,0,0,22675
127939,0,0,0,60000,60000,1140,28247,0,0,22693
127940,0,0,-1,-1,-1,0,483,0,0,22917
127941,1,6,0,-1,-1,0,28568,0,0,22917
127942,0,0,-1,-1,-1,0,483,0,0,22918
127943,1,6,0,-1,-1,0,28569,0,0,22918
127944,0,0,-1,-1,-1,0,483,0,0,22919
127945,1,6,0,-1,-1,0,28570,0,0,22919
127946,0,0,-1,-1,-1,0,483,0,0,22920
127947,1,6,0,-1,-1,0,28571,0,0,22920
127948,0,0,-1,-1,-1,0,483,0,0,23134
127949,1,6,0,-1,-1,0,34590,0,0,23134
127950,0,0,-1,-1,-1,0,483,0,0,23135
127951,1,6,0,-1,-1,0,28910,0,0,23135
127952,0,0,-1,-1,-1,0,483,0,0,23136
127953,1,6,0,-1,-1,0,28912,0,0,23136
127954,0,0,-1,-1,-1,0,483,0,0,23137
127955,1,6,0,-1,-1,0,28914,0,0,23137
127962,0,0,-1,-1,-1,0,29542,0,0,23566
127963,0,0,0,600000,600000,0,30978,0,0,23649
127964,1,0,0,600000,600000,0,30978,0,0,23650
127966,1,0,0,600000,600000,0,30978,0,0,23651
127968,1,0,0,600000,600000,0,30978,0,0,23652
127970,1,0,0,600000,600000,0,30978,0,0,23653
127972,0,0,0,180000,-1,0,30261,0,0,23767
127973,0,0,-1,0,5000,1168,30262,0,0,23768
127974,0,0,-1,0,5000,1168,30263,0,0,23769
127975,0,0,-1,0,5000,1168,30265,0,0,23770
127976,0,0,-1,0,5000,1168,30264,0,0,23771
127977,0,0,0,-1,-1,0,30602,0,0,23861
127978,0,0,-1,-1,-1,0,30550,0,0,23862
127981,0,0,-1,0,-1,0,26785,0,0,21835
127982,0,0,-1,-1,-1,0,483,0,0,21943
127983,1,6,0,-1,-1,0,26881,0,0,21943
127984,0,0,-1,-1,-1,0,483,0,0,21944
127985,1,6,0,-1,-1,0,26882,0,0,21944
127986,0,0,-1,-1,-1,0,483,0,0,21945
127987,1,6,0,-1,-1,0,26887,0,0,21945
127988,0,0,-1,-1,-1,0,483,0,0,21947
127989,1,6,0,-1,-1,0,26896,0,0,21947
127990,0,0,-1,-1,-1,0,483,0,0,22538
127991,1,6,0,-1,-1,0,27927,0,0,22538
127992,0,0,-1,-1,-1,0,483,0,0,22539
127993,1,6,0,-1,-1,0,27945,0,0,22539
127994,0,0,-1,-1,-1,0,483,0,0,22540
127995,1,6,0,-1,-1,0,27946,0,0,22540
127996,0,0,-1,-1,-1,0,28273,0,0,22710
127997,0,0,10,10000,10000,1157,28451,0,0,22755
127998,0,0,-1,-1,-1,0,483,0,0,22921
127999,1,6,0,-1,-1,0,28572,0,0,22921
128000,0,0,-1,-1,-1,0,483,0,0,22922
128001,1,6,0,-1,-1,0,28573,0,0,22922
128002,0,0,-1,-1,-1,0,483,0,0,22923
128003,1,6,0,-1,-1,0,28575,0,0,22923
128004,0,0,-1,-1,-1,0,483,0,0,22924
128005,1,6,0,-1,-1,0,28576,0,0,22924
128006,0,0,-1,-1,-1,0,483,0,0,23138
128007,1,6,0,-1,-1,0,28915,0,0,23138
128008,0,0,-1,-1,-1,0,483,0,0,23140
128009,1,6,0,-1,-1,0,28916,0,0,23140
128010,0,0,-1,-1,-1,0,483,0,0,23141
128011,1,6,0,-1,-1,0,28917,0,0,23141
128012,0,0,-1,-1,-1,0,483,0,0,23142
128013,1,6,0,-1,-1,0,28918,0,0,23142
128014,0,0,-1,180000,180000,1153,29276,0,0,23354
128015,0,0,0,120000,120000,1140,29279,0,0,23358
128016,0,0,0,120000,120000,1140,29297,0,0,23361
128017,0,0,-1,-1,-1,0,483,0,0,23574
128018,1,6,0,-1,-1,0,29688,0,0,23574
128019,0,0,-1,1000,-1,0,29507,0,0,23575
128020,0,0,-1,1000,-1,0,29720,0,0,23576
128023,0,0,-1,0,1000,59,11629,0,0,23584
128024,0,0,0,-1,-1,0,29866,0,0,23654
128025,0,0,-1,-1,-1,0,29909,0,0,23655
128026,0,0,0,5000,-1,0,29917,0,0,23659
128027,0,0,-1,-1,-1,0,30567,0,0,23864
128028,0,0,-1,-1,-1,0,30557,0,0,23865
128029,0,0,0,-1,-1,0,17449,0,0,21026
128036,0,0,-1,-1,-1,0,483,0,0,21948
128037,1,6,0,-1,-1,0,26897,0,0,21948
128038,0,0,-1,-1,-1,0,483,0,0,21949
128039,1,6,0,-1,-1,0,26900,0,0,21949
128040,0,0,-1,-1,-1,0,483,0,0,21950
128041,1,6,0,-1,-1,0,26904,0,0,21950
128042,0,0,-1,-1,-1,0,483,0,0,21951
128043,1,6,0,-1,-1,0,26905,0,0,21951
128046,0,0,-1,-1,-1,0,483,0,0,22542
128047,1,6,0,-1,-1,0,27948,0,0,22542
128048,0,0,-1,-1,-1,0,483,0,0,22543
128049,1,6,0,-1,-1,0,27950,0,0,22543
128050,0,0,-1,-1,-1,0,483,0,0,22544
128051,1,6,0,-1,-1,0,27951,0,0,22544
128052,0,0,-1,0,3000,79,28488,0,0,22778
128053,0,0,-1,0,3000,79,28486,0,0,22779
128054,0,0,0,600000,600000,1139,28516,0,0,22783
128055,0,0,-1,-1,-1,0,483,0,0,22925
128056,1,6,0,-1,-1,0,28577,0,0,22925
128057,0,0,-1,-1,-1,0,483,0,0,22926
128058,1,6,0,-1,-1,0,28578,0,0,22926
128059,0,0,-1,-1,-1,0,483,0,0,22927
128060,1,6,0,-1,-1,0,28579,0,0,22927
128061,0,0,-1,-1,-1,0,483,0,0,23143
128062,1,6,0,-1,-1,0,28927,0,0,23143
128063,0,0,-1,-1,-1,0,483,0,0,23144
128064,1,6,0,-1,-1,0,28925,0,0,23144
128065,0,0,-1,-1,-1,0,483,0,0,23145
128066,1,6,0,-1,-1,0,28927,0,0,23145
128067,0,0,-1,-1,-1,0,483,0,0,23146
128068,1,6,0,-1,-1,0,28933,0,0,23146
128072,0,0,0,-1,-1,0,29384,0,0,23480
128073,0,0,-1,0,1000,59,1137,0,0,23585
128074,0,0,-1,0,1000,59,11009,0,0,23586
128075,0,0,0,3600000,-1,0,29830,0,0,23587
128078,0,0,0,60000,60000,1140,29731,0,0,23669
128079,0,0,-1,0,3000,79,7178,0,0,23871
128081,0,0,0,-1,3000,330,25675,0,0,21044
128094,0,0,-1,-1,-1,0,483,0,0,21952
128095,1,6,0,-1,-1,0,26906,0,0,21952
128096,0,0,-1,-1,-1,0,483,0,0,21953
128097,1,6,0,-1,-1,0,26909,0,0,21953
128098,0,0,-1,-1,-1,0,483,0,0,21954
128099,1,6,0,-1,-1,0,26910,0,0,21954
128100,0,0,-1,-1,-1,0,483,0,0,21955
128101,1,6,0,-1,-1,0,26912,0,0,21955
128102,0,0,-1,-1,-1,0,483,0,0,22545
128103,1,6,0,-1,-1,0,27954,0,0,22545
128104,0,0,-1,-1,-1,0,483,0,0,22546
128105,1,6,0,-1,-1,0,27958,0,0,22546
128106,0,0,-1,-1,-1,0,483,0,0,22547
128107,1,6,0,-1,-1,0,27960,0,0,22547
128108,0,0,0,600000,600000,1139,28516,0,0,22784
128109,0,0,-1,0,180000,4,28714,0,0,22788
128110,0,0,-1,-1,-1,0,28700,0,0,22955
128111,0,0,-1,-1,-1,0,483,0,0,23147
128112,1,6,0,-1,-1,0,28936,0,0,23147
128113,0,0,-1,-1,-1,0,483,0,0,23148
128114,1,6,0,-1,-1,0,28903,0,0,23148
128115,0,0,-1,-1,-1,0,483,0,0,23149
128116,1,6,0,-1,-1,0,28944,0,0,23149
128117,0,0,-1,-1,-1,0,483,0,0,23150
128118,1,6,0,-1,-1,0,28947,0,0,23150
128119,0,0,-1,-1,-1,0,29435,0,0,23485
128120,0,0,-1,-1,-1,0,483,0,0,23590
128121,1,6,0,-1,-1,0,29566,0,0,23590
128122,0,0,-1,-1,-1,0,483,0,0,23591
128123,1,6,0,-1,-1,0,29568,0,0,23591
128124,0,0,-1,-1,-1,0,483,0,0,23592
128125,1,6,0,-1,-1,0,29569,0,0,23592
128126,0,0,-1,-1,-1,0,483,0,0,23593
128127,1,6,0,-1,-1,0,29571,0,0,23593
128128,0,0,-1,-1,-1,0,483,0,0,23594
128129,1,6,0,-1,-1,0,29603,0,0,23594
128131,0,0,0,120000,-1,0,30009,0,0,23675
128132,0,0,-8,-1,-1,0,29773,0,0,23788
128133,0,0,-1,-1,-1,0,483,0,0,23874
128134,1,6,0,-1,-1,0,30547,0,0,23874
128135,0,0,0,-1,-1,0,30611,0,0,23875
128136,0,0,0,-1,-1,0,30612,0,0,23876
128137,0,0,0,-1,-1,0,30617,0,0,23877
128153,0,0,-1,-1,-1,0,483,0,0,21956
128154,1,6,0,-1,-1,0,26914,0,0,21956
128155,0,0,-1,-1,-1,0,483,0,0,21957
128156,1,6,0,-1,-1,0,26915,0,0,21957
128157,0,0,-1,-1,-1,0,483,0,0,21958
128158,1,6,0,-1,-1,0,26918,0,0,21958
128159,0,0,-1,-1,-1,0,483,0,0,21959
128160,1,6,0,-1,-1,0,26920,0,0,21959
128161,0,0,-1,0,1000,150,27030,0,0,21990
128164,0,0,-1,-1,-1,0,483,0,0,22551
128165,1,6,0,-1,-1,0,27968,0,0,22551
128166,0,0,-1,0,120000,1153,28527,0,0,22795
128167,0,0,-3,-1,-1,0,29517,0,0,22796
128168,0,0,0,5000,-1,0,29528,0,0,22962
128169,0,0,-1,-1,-1,0,483,0,0,23151
128170,1,6,0,-1,-1,0,28948,0,0,23151
128171,0,0,-1,-1,-1,0,483,0,0,23152
128172,1,6,0,-1,-1,0,28950,0,0,23152
128173,0,0,-1,-1,-1,0,483,0,0,23153
128174,1,6,0,-1,-1,0,28953,0,0,23153
128175,0,0,-1,-1,-1,0,483,0,0,23154
128176,1,6,0,-1,-1,0,28955,0,0,23154
128177,0,0,-1,-1,120000,1153,29308,0,0,23381
128180,0,0,-1,0,1000,59,11007,0,0,23492
128182,0,0,-1,-1,-1,0,483,0,0,23595
128183,1,6,0,-1,-1,0,29605,0,0,23595
128184,0,0,-1,-1,-1,0,483,0,0,23596
128185,1,6,0,-1,-1,0,29606,0,0,23596
128186,0,0,-1,-1,-1,0,483,0,0,23597
128187,1,6,0,-1,-1,0,29608,0,0,23597
128188,0,0,-1,-1,-1,0,483,0,0,23598
128189,1,6,0,-1,-1,0,29611,0,0,23598
128190,0,0,0,0,120000,1164,30298,0,0,23792
128191,0,0,-1,-1,-1,0,483,0,0,23799
128192,1,6,0,-1,-1,0,30313,0,0,23799
128193,0,0,-1,-1,-1,0,483,0,0,23882
128194,1,6,0,-1,-1,0,30549,0,0,23882
128195,0,0,-1,0,900000,1164,30840,0,0,23982
128196,0,0,-1,-1,-1,0,30845,0,0,23985
128207,0,0,-1,0,1000,150,27031,0,0,21991
128208,0,0,-1,-1,-1,0,483,0,0,21992
128209,1,6,0,-1,-1,0,27032,0,0,21992
128210,0,0,-1,-1,-1,0,483,0,0,21993
128211,1,6,0,-1,-1,0,27033,0,0,21993
128212,0,0,-1,-1,-1,0,27029,0,0,22012
128213,0,0,-1,0,1000,59,27089,0,0,22018
128214,0,0,-1,0,1000,11,33725,0,0,22019
128215,0,0,-1,-1,-1,0,483,0,0,22552
128216,1,6,0,-1,-1,0,27967,0,0,22552
128217,0,0,-1,-1,-1,0,483,0,0,22553
128218,1,6,0,-1,-1,0,27972,0,0,22553
128219,0,0,-1,-1,-1,0,483,0,0,22554
128220,1,6,0,-1,-1,0,27971,0,0,22554
128221,0,0,-1,-1,180000,1153,28726,0,0,22797
128222,0,0,-1,0,3000,79,28489,0,0,22823
128223,0,0,-1,0,3000,79,28490,0,0,22824
128224,0,0,-1,0,3000,79,28491,0,0,22825
128225,0,0,-1,0,60000,4,28492,0,0,22826
128226,0,0,-1,0,3000,79,28493,0,0,22827
128227,0,0,-1,0,60000,4,28494,0,0,22828
128228,0,0,-1,-1,-1,0,483,0,0,23155
128229,1,6,0,-1,-1,0,28953,0,0,23155
128230,0,0,-1,180000,180000,1153,29312,0,0,23386
128232,0,0,-1,0,1000,11,433,0,0,23495
128236,0,0,0,-1,-1,0,29451,0,0,23500
128237,0,0,-1,-1,-1,0,483,0,0,23599
128238,1,6,0,-1,-1,0,29610,0,0,23599
128239,0,0,-1,-1,-1,0,483,0,0,23600
128240,1,6,0,-1,-1,0,29613,0,0,23600
128241,0,0,-1,-1,-1,0,483,0,0,23601
128242,1,6,0,-1,-1,0,29614,0,0,23601
128243,0,0,-1,-1,-1,0,483,0,0,23602
128244,1,6,0,-1,-1,0,29615,0,0,23602
128245,0,0,0,-1,-1,0,30015,0,0,23680
128246,0,0,0,60000,60000,1140,30212,0,0,23682
128247,0,0,-1,-1,-1,0,483,0,0,23800
128248,1,6,0,-1,-1,0,30314,0,0,23800
128249,0,0,-1,-1,-1,0,30406,0,0,23801
128250,0,0,-1,-1,-1,0,483,0,0,23802
128251,1,6,0,-1,-1,0,30315,0,0,23802
128252,0,0,-1,-1,-1,0,483,0,0,23803
128253,1,6,0,-1,-1,0,30316,0,0,23803
128254,0,0,-1,-1,-1,0,483,0,0,23804
128255,1,6,0,-1,-1,0,30317,0,0,23804
128256,0,0,-1,-1,-1,0,483,0,0,23883
128257,1,6,0,-1,-1,0,30551,0,0,23883
128258,0,0,-1,-1,-1,0,483,0,0,23884
128259,1,6,0,-1,-1,0,30552,0,0,23884
128260,0,0,-1,-1,-1,0,483,0,0,23885
128261,1,6,0,-1,-1,0,30555,0,0,23885
128262,0,0,-1,-1,-1,0,483,0,0,23887
128263,1,6,0,-1,-1,0,30556,0,0,23887
128264,0,0,-1,-1,-1,0,30847,0,0,23986
128265,0,0,-1,-1,-1,0,30848,0,0,23989
128266,1,0,10,1500,-1,0,25606,0,0,20950
128285,1,0,-3,0,120000,100,5405,0,0,22044
128291,0,0,-1,-1,-1,0,483,0,0,22555
128292,1,6,0,-1,-1,0,27975,0,0,22555
128293,0,0,-1,-1,-1,0,483,0,0,22556
128294,1,6,0,-1,-1,0,27977,0,0,22556
128295,0,0,-1,-1,-1,0,483,0,0,22557
128296,1,6,0,-1,-1,0,28004,0,0,22557
128297,0,0,-1,0,60000,4,28495,0,0,22829
128298,0,0,-1,0,3000,79,28496,0,0,22830
128299,0,0,-1,0,3000,79,54494,0,0,22831
128300,0,0,-1,0,60000,4,28499,0,0,22832
128301,0,0,-1,0,3000,79,28501,0,0,22833
128302,0,0,-1,0,3000,79,28502,0,0,22834
128303,0,0,-1,-1,-1,0,29049,0,0,23191
128304,0,0,0,10000,10000,1140,29314,0,0,23394
128305,0,0,-1,-1,-1,0,28273,0,0,23501
128307,0,0,-1,-1,-1,0,483,0,0,23603
128308,1,6,0,-1,-1,0,29616,0,0,23603
128309,0,0,-1,-1,-1,0,483,0,0,23604
128310,1,6,0,-1,-1,0,29617,0,0,23604
128311,0,0,-1,-1,-1,0,483,0,0,23605
128312,1,6,0,-1,-1,0,29619,0,0,23605
128313,0,0,-1,-1,-1,0,483,0,0,23606
128314,1,6,0,-1,-1,0,29620,0,0,23606
128315,0,0,0,60000,60000,0,30098,0,0,23691
128316,0,0,-1,20000,20000,1140,30077,0,0,23693
128317,0,0,-1,-1,-1,0,483,0,0,23805
128318,1,6,0,-1,-1,0,30318,0,0,23805
128319,0,0,-1,-1,-1,0,483,0,0,23806
128320,1,6,0,-1,-1,0,30325,0,0,23806
128321,0,0,-1,-1,-1,0,483,0,0,23807
128322,1,6,0,-1,-1,0,30329,0,0,23807
128323,0,0,-1,-1,-1,0,483,0,0,23808
128324,1,6,0,-1,-1,0,30332,0,0,23808
128325,0,0,-1,-1,-1,0,483,0,0,23809
128326,1,6,0,-1,-1,0,30334,0,0,23809
128327,0,0,-1,-1,-1,0,483,0,0,23888
128328,1,6,0,-1,-1,0,30548,0,0,23888
128329,0,0,0,1000,-1,0,30877,0,0,23995
128332,0,1,0,0,-1,0,20888,0,0,20956
128342,1,0,-1,0,120000,1153,23469,0,0,22105
128350,0,0,-1,-1,-1,0,483,0,0,22558
128351,1,6,0,-1,-1,0,28003,0,0,22558
128352,0,0,-1,-1,-1,0,483,0,0,22559
128353,1,6,0,-1,-1,0,27984,0,0,22559
128354,0,0,-1,-1,-1,0,483,0,0,22560
128355,1,6,0,-1,-1,0,27981,0,0,22560
128356,0,0,-1,0,3000,79,28503,0,0,22835
128357,0,0,-1,0,60000,4,28504,0,0,22836
128358,0,0,-1,0,60000,4,28506,0,0,22837
128359,0,0,-1,0,60000,4,28507,0,0,22838
128360,0,0,-1,0,60000,4,28508,0,0,22839
128361,0,0,-1,0,3000,79,28509,0,0,22840
128362,0,0,-1,-1,-1,0,483,0,0,23607
128363,1,6,0,-1,-1,0,29621,0,0,23607
128364,0,0,-1,-1,-1,0,483,0,0,23608
128365,1,6,0,-1,-1,0,29628,0,0,23608
128366,0,0,-1,-1,-1,0,483,0,0,23609
128367,1,6,0,-1,-1,0,29629,0,0,23609
128368,0,0,-1,-1,-1,0,483,0,0,23610
128369,1,6,0,-1,-1,0,29630,0,0,23610
128370,0,0,-1,-1,-1,0,483,0,0,23611
128371,1,6,0,-1,-1,0,29642,0,0,23611
128372,0,0,3,-1,-1,0,30099,0,0,23697
128373,0,0,3,-1,-1,0,30102,0,0,23702
128374,0,0,3,-1,-1,0,30105,0,0,23703
128375,0,0,-1,0,1000,59,11009,0,0,23704
128376,0,0,-1,-1,-1,0,483,0,0,23810
128377,1,6,0,-1,-1,0,30337,0,0,23810
128378,0,0,-1,-1,-1,0,483,0,0,23811
128379,1,6,0,-1,-1,0,30341,0,0,23811
128380,0,0,-1,-1,-1,0,483,0,0,23812
128381,1,6,0,-1,-1,0,30342,0,0,23812
128382,0,0,-1,-1,-1,0,483,0,0,23813
128383,1,6,0,-1,-1,0,30343,0,0,23813
128384,0,0,-1,-1,-1,0,483,0,0,23814
128385,1,6,0,-1,-1,0,30344,0,0,23814
128386,0,0,3,-1,-1,0,30646,0,0,23896
128387,0,0,3,-1,-1,0,30653,0,0,23897
128388,0,0,3,-1,-1,0,30654,0,0,23898
128389,0,0,-1,-1,-1,0,483,0,0,24000
128390,1,6,0,-1,-1,0,27911,0,0,24000
128391,0,0,-1,-1,-1,0,483,0,0,24001
128392,1,6,0,-1,-1,0,28553,0,0,24001
128393,0,0,-1,-1,-1,0,483,0,0,24002
128394,1,6,0,-1,-1,0,29657,0,0,24002
128404,0,0,-1,-1,-1,0,27487,0,0,22179
128406,0,0,-1,-1,-1,0,27489,0,0,22181
128407,0,0,-1,-1,-1,0,27490,0,0,22182
128408,0,0,-1,-1,-1,0,27500,0,0,22183
128409,0,0,-1,-1,-1,0,27491,0,0,22184
128410,0,0,-1,-1,-1,0,483,0,0,22561
128411,1,6,0,-1,-1,0,27982,0,0,22561
128412,0,0,-1,-1,-1,0,483,0,0,22562
128413,1,6,0,-1,-1,0,28016,0,0,22562
128414,0,0,-1,-1,-1,0,483,0,0,22563
128415,1,6,0,-1,-1,0,28019,0,0,22563
128416,0,0,-1,-1,-1,0,483,0,0,22564
128417,1,6,0,-1,-1,0,28021,0,0,22564
128418,0,0,-1,0,60000,4,28511,0,0,22841
128419,0,0,-1,0,60000,4,28512,0,0,22842
128420,0,0,-1,0,60000,4,28513,0,0,22844
128421,0,0,-1,0,60000,4,28536,0,0,22845
128422,0,0,-1,0,60000,4,28537,0,0,22846
128424,0,0,-1,-1,-1,0,483,0,0,23612
128425,1,6,0,-1,-1,0,29643,0,0,23612
128426,0,0,-1,-1,-1,0,483,0,0,23613
128427,1,6,0,-1,-1,0,29645,0,0,23613
128428,0,0,-1,-1,-1,0,483,0,0,23615
128429,1,6,0,-1,-1,0,29648,0,0,23615
128430,0,0,-1,-1,-1,0,30154,0,0,23711
128431,0,1,0,-1,-1,0,24346,0,0,23717
128434,0,0,-1,-1,-1,0,483,0,0,23816
128435,1,6,0,-1,-1,0,30348,0,0,23816
128436,0,0,-1,-1,-1,0,483,0,0,23817
128437,1,6,0,-1,-1,0,30349,0,0,23817
128438,0,0,-1,-1,-1,0,30419,0,0,23818
128439,0,0,-1,1000,-1,0,30434,0,0,23819
128447,0,0,10,3600000,0,0,30999,0,0,24095
128450,0,0,10,3600000,0,0,31000,0,0,24097
128451,0,0,10,3600000,0,0,31002,0,0,24098
128452,0,0,-1,-1,-1,0,31003,0,0,24099
128453,0,0,-1,-1,-1,0,483,0,0,24182
128454,1,6,0,-1,-1,0,31082,0,0,24182
128455,0,0,-1,-1,-1,0,483,0,0,24183
128456,1,6,0,-1,-1,0,31083,0,0,24183
128457,0,0,-1,-1,-1,0,31225,0,0,24184
128458,0,0,-1,-1,-1,0,31371,0,0,24273
128459,0,0,-1,-1,-1,0,31372,0,0,24274
128460,0,0,-1,-1,-1,0,31369,0,0,24275
128468,0,1,0,-1,-1,0,22778,0,0,24548
128469,0,1,0,-1,-1,0,22778,0,0,24549
128474,0,0,-1,0,3000,79,32304,0,0,25548
128475,0,0,-1,120000,120000,1153,32305,0,0,25550
128477,0,0,0,0,5000,1167,32307,0,0,25552
128478,0,0,-1,0,1000,11,5004,0,0,24105
128479,0,0,10,3600000,0,0,31023,0,0,24106
128480,0,0,-1,-1,-1,0,483,0,0,24192
128481,1,6,0,-1,-1,0,31085,0,0,24192
128482,0,0,-1,-1,-1,0,483,0,0,24193
128483,1,6,0,-1,-1,0,31084,0,0,24193
128484,0,0,-1,-1,-1,0,31370,0,0,24276
128485,0,0,-1,-1,-1,0,31333,0,0,24278
128489,0,0,0,120000,120000,1155,32140,0,0,24551
128494,0,1,0,-1,-1,0,95677,0,0,24556
128496,0,0,0,0,20000,1164,32205,0,0,25458
128497,0,0,0,0,5000,1167,32314,0,0,25555
128501,2,0,10,3600000,-1,0,31024,0,0,24110
128504,0,1,0,0,0,0,33488,0,0,24114
128505,1,0,10,3600000,-1,0,31025,0,0,24114
128506,0,0,-1,-1,-1,0,483,0,0,24194
128507,1,6,0,-1,-1,0,31085,0,0,24194
128508,0,0,-1,-1,-1,0,483,0,0,24195
128509,1,6,0,-1,-1,0,31088,0,0,24195
128510,0,0,-1,-1,-1,0,483,0,0,24196
128511,1,6,0,-1,-1,0,31088,0,0,24196
128512,0,0,-1,-1,-1,0,483,0,0,24197
128513,1,6,0,-1,-1,0,31090,0,0,24197
128514,0,0,0,-1,-1,0,31497,0,0,24287
128515,0,0,-1,-1,-1,0,31479,0,0,24289
128516,0,0,0,120000,0,0,31771,0,0,24376
128522,0,0,0,-1,-1,0,31927,0,0,24467
128524,0,0,0,0,10000,1167,32146,0,0,24560
128527,0,0,0,5000,5000,0,31606,0,0,25465
128534,2,0,10,3600000,-1,0,31033,0,0,24116
128536,1,0,10,3600000,0,0,31026,0,0,24117
128539,0,0,-1,-1,-1,0,483,0,0,24198
128540,1,6,0,-1,-1,0,31091,0,0,24198
128541,0,0,-1,-1,-1,0,483,0,0,24199
128542,1,6,0,-1,-1,0,31092,0,0,24199
128543,0,0,-1,-1,-1,0,483,0,0,24200
128544,1,6,0,-1,-1,0,31149,0,0,24200
128545,0,0,-1,-1,-1,0,483,0,0,24201
128546,1,6,0,-1,-1,0,31149,0,0,24201
128547,0,0,-1,-1,-1,0,483,0,0,24202
128548,1,6,0,-1,-1,0,31095,0,0,24202
128549,0,0,-1,-1,-1,0,483,0,0,24292
128550,1,6,0,-1,-1,0,31430,0,0,24292
128551,0,0,-1,-1,-1,0,483,0,0,24293
128552,1,6,0,-1,-1,0,31431,0,0,24293
128553,0,0,-1,-1,-1,0,483,0,0,24294
128554,1,6,0,-1,-1,0,31432,0,0,24294
128559,0,0,-1,-1,-1,0,31949,0,0,24470
128566,0,0,-1,-1,-1,0,32234,0,0,25469
128567,0,0,-1,-1,3000,330,55884,0,0,25470
128568,0,0,-1,-1,3000,330,55884,0,0,25471
128574,1,0,10,3600000,0,0,31035,0,0,24121
128576,0,1,0,0,0,0,32981,0,0,24122
128577,0,1,0,0,0,0,32980,0,0,24123
128578,1,0,0,300000,0,0,31038,0,0,24124
128580,0,0,0,120000,0,0,31039,0,0,24125
128581,0,0,0,300000,20000,1141,31040,0,0,24126
128582,1,0,0,300000,0,0,31045,0,0,24127
128584,0,0,-1,-1,-1,0,483,0,0,24203
128585,1,6,0,-1,-1,0,31088,0,0,24203
128586,0,0,-1,-1,-1,0,483,0,0,24204
128587,1,6,0,-1,-1,0,31097,0,0,24204
128588,0,0,-1,-1,-1,0,483,0,0,24205
128589,1,6,0,-1,-1,0,31098,0,0,24205
128590,0,0,-1,-1,-1,0,483,0,0,24206
128591,1,6,0,-1,-1,0,31097,0,0,24206
128592,0,0,-1,-1,-1,0,483,0,0,24295
128593,1,6,0,-1,-1,0,31433,0,0,24295
128594,0,0,-1,-1,-1,0,483,0,0,24296
128595,1,6,0,-1,-1,0,31434,0,0,24296
128596,0,0,-1,-1,-1,0,483,0,0,24297
128597,1,6,0,-1,-1,0,31435,0,0,24297
128598,0,0,-1,-1,-1,0,483,0,0,24298
128599,1,6,0,-1,-1,0,31437,0,0,24298
128604,1,0,0,180000,-1,0,31794,0,0,24390
128606,0,0,0,5000,5000,0,32042,0,0,24474
128611,0,0,-1,-1,3000,330,55884,0,0,25472
128612,0,0,-1,-1,3000,330,55884,0,0,25473
128613,0,0,-1,-1,3000,330,55884,0,0,25474
128614,0,0,-1,-1,3000,330,55884,0,0,25475
128615,0,0,-1,-1,3000,330,55884,0,0,25476
128622,2,0,0,180000,15000,1141,31047,0,0,24128
128624,0,0,-1,-1,-1,0,483,0,0,24207
128625,1,6,0,-1,-1,0,31090,0,0,24207
128626,0,0,-1,-1,-1,0,483,0,0,24208
128627,1,6,0,-1,-1,0,31101,0,0,24208
128628,0,0,-1,-1,-1,0,483,0,0,24209
128629,1,6,0,-1,-1,0,31102,0,0,24209
128630,0,0,-1,-1,-1,0,483,0,0,24210
128631,1,6,0,-1,-1,0,31103,0,0,24210
128632,0,0,-1,-1,-1,0,483,0,0,24211
128633,1,6,0,-1,-1,0,31104,0,0,24211
128634,0,0,-1,-1,-1,0,483,0,0,24299
128635,1,6,0,-1,-1,0,31438,0,0,24299
128636,0,0,-1,-1,-1,0,483,0,0,24300
128637,1,6,0,-1,-1,0,31440,0,0,24300
128638,0,0,-1,-1,-1,0,483,0,0,24301
128639,1,6,0,-1,-1,0,31441,0,0,24301
128640,0,0,-1,-1,-1,0,483,0,0,24302
128641,1,6,0,-1,-1,0,31442,0,0,24302
128642,0,0,-1,-1,-1,0,483,0,0,24303
128643,1,6,0,-1,-1,0,31443,0,0,24303
128651,0,0,-1,-1,3000,330,55884,0,0,25477
128661,0,0,-1,-1,-1,0,483,0,0,24212
128662,1,6,0,-1,-1,0,31112,0,0,24212
128663,0,0,-1,-1,-1,0,483,0,0,24213
128664,1,6,0,-1,-1,0,31106,0,0,24213
128665,0,0,-1,-1,-1,0,483,0,0,24214
128666,1,6,0,-1,-1,0,31107,0,0,24214
128667,0,0,-1,-1,-1,0,483,0,0,24215
128668,1,6,0,-1,-1,0,31108,0,0,24215
128669,0,0,-1,-1,-1,0,483,0,0,24304
128670,1,6,0,-1,-1,0,31444,0,0,24304
128671,0,0,-1,-1,-1,0,483,0,0,24305
128672,1,6,0,-1,-1,0,31448,0,0,24305
128673,0,0,-1,-1,-1,0,483,0,0,24306
128674,1,6,0,-1,-1,0,31449,0,0,24306
128675,0,0,-1,-1,-1,0,483,0,0,24307
128676,1,6,0,-1,-1,0,31450,0,0,24307
128677,0,0,-1,-1,-1,0,483,0,0,24308
128678,1,6,0,-1,-1,0,31451,0,0,24308
128692,0,0,-1,-1,-1,0,483,0,0,24216
128693,1,6,0,-1,-1,0,31109,0,0,24216
128694,0,0,-1,-1,-1,0,483,0,0,24217
128695,1,6,0,-1,-1,0,46803,0,0,24217
128696,0,0,-1,-1,-1,0,483,0,0,24218
128697,1,6,0,-1,-1,0,31111,0,0,24218
128698,0,0,-1,-1,-1,0,483,0,0,24219
128699,1,6,0,-1,-1,0,31112,0,0,24219
128700,0,0,-1,-1,-1,0,483,0,0,24220
128701,1,6,0,-1,-1,0,31113,0,0,24220
128702,0,0,-1,-1,-1,0,31268,0,0,24221
128703,0,0,-1,-1,-1,0,483,0,0,24309
128704,1,6,0,-1,-1,0,31452,0,0,24309
128705,0,0,-1,-1,-1,0,483,0,0,24310
128706,1,6,0,-1,-1,0,31453,0,0,24310
128707,0,0,-1,-1,-1,0,483,0,0,24311
128708,1,6,0,-1,-1,0,31454,0,0,24311
128709,0,0,-1,-1,-1,0,483,0,0,24312
128710,1,6,0,-1,-1,0,31455,0,0,24312
128711,0,0,-1,-1,-1,0,31958,0,0,24491
128712,0,0,0,10000,-1,0,32028,0,0,24494
128713,0,0,-1,-1,-1,0,32249,0,0,25490
128722,0,0,-1,10000,10000,0,31118,0,0,24147
128723,0,0,-1,10000,10000,0,31120,0,0,24148
128724,0,0,-1,10000,10000,0,31121,0,0,24149
128725,0,0,-1,-1,-1,0,483,0,0,24313
128726,1,6,0,-1,-1,0,31456,0,0,24313
128727,0,0,-1,-1,-1,0,483,0,0,24314
128728,1,6,0,-1,-1,0,31459,0,0,24314
128729,0,0,-1,-1,-1,0,483,0,0,24315
128730,1,6,0,-1,-1,0,31461,0,0,24315
128731,0,0,-1,-1,-1,0,483,0,0,24316
128732,1,6,0,-1,-1,0,31373,0,0,24316
128733,0,0,-1,-1,-1,0,31549,0,0,24318
128734,0,0,-1,0,1000,0,27094,0,0,24408
128736,0,0,0,-1,-1,0,32037,0,0,24498
128738,0,0,-1,0,120000,1153,32254,0,0,25498
128745,0,0,-1,-1,3000,330,55884,0,0,25596
128752,0,0,0,0,10000,1167,32001,0,0,24501
128753,0,0,-1,-1,-1,0,32036,0,0,24502
128765,0,0,-1,-1,-1,0,32255,0,0,25509
128767,0,0,-1,-1,-1,0,45351,0,0,24157
128768,0,0,-1,-1,-1,0,483,0,0,24158
128769,1,6,0,-1,-1,0,31053,0,0,24158
128770,0,0,-1,-1,-1,0,483,0,0,24159
128771,1,6,0,-1,-1,0,31054,0,0,24159
128772,0,0,-1,-1,-1,0,483,0,0,24160
128773,1,6,0,-1,-1,0,31055,0,0,24160
128774,0,0,0,30000,30000,24,133,0,0,24420
128775,0,0,-1,-1,-1,0,31920,0,0,24421
128791,0,0,-1,-1,-1,0,483,0,0,24161
128792,1,6,0,-1,-1,0,31056,0,0,24161
128793,0,0,-1,-1,-1,0,483,0,0,24162
128794,1,6,0,-1,-1,0,31057,0,0,24162
128795,0,0,-1,-1,-1,0,483,0,0,24163
128796,1,6,0,-1,-1,0,31058,0,0,24163
128797,0,0,-1,-1,-1,0,483,0,0,24164
128798,1,6,0,-1,-1,0,31060,0,0,24164
128799,0,0,-1,-1,-1,0,31613,0,0,24335
128800,0,0,0,-1,-1,0,32038,0,0,24428
128812,0,0,-1,1000,-1,0,32282,0,0,25521
128813,0,0,-1,0,1000,11,434,0,0,24072
128818,0,0,-1,-1,-1,0,483,0,0,24165
128819,1,6,0,-1,-1,0,31061,0,0,24165
128820,0,0,-1,-1,-1,0,483,0,0,24166
128821,1,6,0,-1,-1,0,31067,0,0,24166
128822,0,0,-1,-1,-1,0,483,0,0,24167
128823,1,6,0,-1,-1,0,31068,0,0,24167
128824,0,0,-1,-1,-1,0,483,0,0,24168
128825,1,6,0,-1,-1,0,31070,0,0,24168
128827,0,0,0,-1,-1,0,31614,0,0,24337
128828,0,0,-1,0,1000,11,1131,0,0,24338
128829,0,0,-1,3600000,3600000,0,32027,0,0,24429
128830,0,0,-1,1500,-1,0,32098,0,0,24520
128831,0,0,-1,1500,-1,0,32096,0,0,24522
128841,0,0,-1,-1,-1,0,483,0,0,25526
128842,1,6,0,-1,-1,0,32285,0,0,25526
128843,0,0,-1,-1,3000,330,55884,0,0,25527
128851,0,0,-1,-1,-1,0,483,0,0,24169
128852,1,6,0,-1,-1,0,31071,0,0,24169
128853,0,0,-1,-1,-1,0,483,0,0,24170
128854,1,6,0,-1,-1,0,31072,0,0,24170
128855,0,0,-1,-1,-1,0,483,0,0,24171
128856,1,6,0,-1,-1,0,31076,0,0,24171
128857,0,0,-1,-1,-1,0,483,0,0,24172
128858,1,6,0,-1,-1,0,31077,0,0,24172
128859,0,0,-1,-1,-1,0,483,0,0,24173
128860,1,6,0,-1,-1,0,31078,0,0,24173
128869,0,1,0,-1,-1,0,21607,0,0,24525
128881,0,0,-1,-1,3000,330,55884,0,0,25528
128882,0,0,-1,-1,3000,330,55884,0,0,25529
128884,0,0,-1,-1,3000,330,55884,0,0,25531
128885,0,0,-1,-1,3000,330,55884,0,0,25532
128886,0,0,-1,-1,3000,330,55884,0,0,25533
128887,0,0,-1,-1,-1,0,30988,0,0,24084
128893,0,0,-1,-1,-1,0,483,0,0,24174
128894,1,6,0,-1,-1,0,31062,0,0,24174
128895,0,0,-1,-1,-1,0,483,0,0,24175
128896,1,6,0,-1,-1,0,31063,0,0,24175
128897,0,0,-1,-1,-1,0,483,0,0,24176
128898,1,6,0,-1,-1,0,31064,0,0,24176
128899,0,0,-1,-1,-1,0,483,0,0,24177
128900,1,6,0,-1,-1,0,31065,0,0,24177
128911,0,0,0,60000,60000,0,31736,0,0,24355
128912,0,0,-1,2000,-1,0,31958,0,0,24538
128920,0,0,-1,-1,-1,0,55884,0,0,25535
128923,0,0,-3,-1,-1,0,22807,0,0,25539
128925,0,0,10,3600000,0,0,30997,0,0,24092
128926,0,0,10,3600000,0,0,30994,0,0,24093
128929,0,0,-1,-1,-1,0,483,0,0,24178
128930,1,6,0,-1,-1,0,31066,0,0,24178
128931,0,0,-1,-1,-1,0,483,0,0,24179
128932,1,6,0,-1,-1,0,31079,0,0,24179
128933,0,0,-1,-1,-1,0,483,0,0,24180
128934,1,6,0,-1,-1,0,31080,0,0,24180
128935,0,0,-1,-1,-1,0,483,0,0,24181
128936,1,6,0,-1,-1,0,31081,0,0,24181
128941,0,0,-1,0,60000,24,31367,0,0,24268
128942,0,0,-1,0,60000,24,31368,0,0,24269
128952,0,0,-1,0,1000,11,32112,0,0,24539
128953,0,0,-1,0,1000,0,10257,0,0,24540
128954,0,0,-1,60000,60000,4,32125,0,0,24541
128965,0,0,-1,-1,-1,0,483,0,0,25732
128966,1,6,0,-1,-1,0,32490,0,0,25732
128967,0,0,-1,-1,-1,0,483,0,0,25733
128968,1,6,0,-1,-1,0,32493,0,0,25733
128969,0,0,-1,-1,-1,0,483,0,0,25734
128970,1,6,0,-1,-1,0,32494,0,0,25734
128971,0,0,-1,-1,-1,0,483,0,0,25735
128972,1,6,0,-1,-1,0,32495,0,0,25735
128973,0,0,-1,-1,-1,0,483,0,0,25736
128974,1,6,0,-1,-1,0,32496,0,0,25736
128979,0,0,0,300000,-1,0,32641,0,0,25827
128980,0,1,0,-1,-1,0,32642,0,0,25828
128991,0,0,-1,-1,-1,0,32384,0,0,25648
128992,0,0,-1,1000,-1,0,32397,0,0,25650
128993,0,0,-1,-1,-1,0,483,0,0,25737
128994,1,6,0,-1,-1,0,32497,0,0,25737
128995,0,0,-1,-1,-1,0,483,0,0,25738
128996,1,6,0,-1,-1,0,32498,0,0,25738
128997,0,0,-1,-1,-1,0,483,0,0,25739
128998,1,6,0,-1,-1,0,32499,0,0,25739
128999,0,0,-1,-1,-1,0,483,0,0,25740
129000,1,6,0,-1,-1,0,32500,0,0,25740
129001,0,0,0,120000,120000,1155,33828,0,0,25829
129006,1,1,0,-1,-1,0,61249,0,0,25834
129008,1,1,0,-1,-1,0,23990,0,0,25835
129017,0,0,0,-1,-1,0,28693,0,0,26783
129023,0,0,-1,1000,-1,0,32398,0,0,25651
129024,0,0,-1,1000,-1,0,32399,0,0,25652
129025,0,1,0,0,0,0,48776,0,0,25653
129029,0,0,-1,-1,-1,0,483,0,0,25741
129030,1,6,0,-1,-1,0,32501,0,0,25741
129031,0,0,-1,-1,-1,0,483,0,0,25742
129032,1,6,0,-1,-1,0,32502,0,0,25742
129033,0,0,-1,-1,-1,0,483,0,0,25743
129034,1,6,0,-1,-1,0,32503,0,0,25743
129037,0,0,-1,-1,-1,0,32646,0,0,25840
129052,0,0,0,0,60000,1164,32408,0,0,25658
129061,0,0,-1,-1,-1,0,32574,0,0,25747
129062,0,0,-1,-1,-1,0,32575,0,0,25748
129063,0,0,-1,-1,-1,0,32576,0,0,25749
129064,0,0,-1,-1,-1,0,32577,0,0,25750
129066,0,0,0,90000,15000,1141,39201,0,0,25936
129067,0,0,0,90000,15000,1141,39200,0,0,25937
129076,0,1,0,-1,-1,0,32410,0,0,25667
129107,0,0,0,1000,-1,0,32744,0,0,25853
129111,0,1,0,-1,-1,0,33066,0,0,25857
129128,0,0,-1,1000,-1,0,32426,0,0,25679
129140,0,0,-1,-1,-1,0,32446,0,0,25684
129143,0,0,-1,-1,-1,0,33531,0,0,25770
129144,0,0,-1,-1,-1,0,33532,0,0,25771
129146,0,0,-1,-1,-1,0,483,0,0,25869
129147,1,6,0,-1,-1,0,32765,0,0,25869
129148,0,0,-1,-1,-1,0,483,0,0,25870
129149,1,6,0,-1,-1,0,32766,0,0,25870
129168,1,0,0,120000,-1,0,33012,0,0,26055
129178,0,0,0,300000,0,0,32599,0,0,25786
129179,0,0,-1,0,120000,1153,32802,0,0,25880
129180,0,0,-1,0,120000,1153,32803,0,0,25881
129181,0,0,-1,0,120000,1153,32804,0,0,25882
129182,0,0,-1,0,120000,1153,32805,0,0,25883
129187,0,0,-1,-1,-1,0,32347,0,0,25604
129192,0,0,0,90000,-1,0,32600,0,0,25787
129198,0,0,-1,0,120000,1153,32806,0,0,25884
129200,0,0,-1,0,5000,1168,32812,0,0,25886
129201,0,0,-1,-1,-1,0,483,0,0,25887
129202,1,6,0,-1,-1,0,32814,0,0,25887
129203,0,0,-1,-1,-1,0,483,0,0,25888
129204,1,6,0,-1,-1,0,32810,0,0,25888
129209,0,1,0,-1,-1,0,7826,0,0,25978
129220,1,0,0,120000,20000,1141,32604,0,0,25798
129222,0,0,0,10000,-1,0,32834,0,0,25889
129237,1,0,0,120000,20000,1141,32607,0,0,25801
129244,1,0,0,120000,20000,1141,32355,0,0,25619
129246,1,0,0,120000,20000,1141,32355,0,0,25620
129252,0,0,-1,-1,-1,0,483,0,0,25720
129253,1,6,0,-1,-1,0,32455,0,0,25720
129254,0,0,-1,-1,-1,0,483,0,0,25721
129255,1,6,0,-1,-1,0,32457,0,0,25721
129256,0,0,-1,-1,-1,0,483,0,0,25722
129257,1,6,0,-1,-1,0,32458,0,0,25722
129264,0,0,-1,-1,-1,0,32852,0,0,25900
129265,0,0,-1,-1,-1,0,483,0,0,25902
129266,1,6,0,-1,-1,0,32866,0,0,25902
129267,0,0,-1,-1,-1,0,483,0,0,25903
129268,1,6,0,-1,-1,0,32867,0,0,25903
129270,0,0,0,120000,20000,1141,32955,0,0,25994
129271,0,0,0,120000,20000,1141,32956,0,0,25995
129272,0,0,0,120000,20000,1141,32957,0,0,25996
129274,1,0,0,120000,15000,1141,32362,0,0,25628
129279,0,0,-1,-1,-1,0,483,0,0,25725
129280,1,6,0,-1,-1,0,32461,0,0,25725
129281,0,0,-1,-1,-1,0,483,0,0,25726
129282,1,6,0,-1,-1,0,32482,0,0,25726
129284,0,0,-1,-1,-1,0,483,0,0,25904
129285,1,6,0,-1,-1,0,32870,0,0,25904
129286,0,0,-1,-1,-1,0,483,0,0,25905
129287,1,6,0,-1,-1,0,32868,0,0,25905
129288,0,0,-1,-1,-1,0,483,0,0,25906
129289,1,6,0,-1,-1,0,32869,0,0,25906
129290,0,0,-1,-1,-1,0,483,0,0,25907
129291,1,6,0,-1,-1,0,32871,0,0,25907
129292,0,0,-1,-1,-1,0,483,0,0,25908
129293,1,6,0,-1,-1,0,32873,0,0,25908
129296,0,1,0,-1,-1,0,33020,0,0,26000
129299,1,0,0,120000,15000,1141,32362,0,0,25633
129301,1,0,0,120000,20000,1141,32367,0,0,25634
129305,0,0,-1,-1,-1,0,483,0,0,25728
129306,1,6,0,-1,-1,0,32485,0,0,25728
129307,0,0,-1,-1,-1,0,483,0,0,25729
129308,1,6,0,-1,-1,0,32487,0,0,25729
129309,0,0,-1,-1,-1,0,483,0,0,25730
129310,1,6,0,-1,-1,0,32489,0,0,25730
129311,0,0,-1,-1,-1,0,483,0,0,25731
129312,1,6,0,-1,-1,0,32488,0,0,25731
129313,0,0,-5,5000,5000,0,32633,0,0,25817
129318,0,0,-1,-1,-1,0,483,0,0,25909
129319,1,6,0,-1,-1,0,32872,0,0,25909
129320,0,0,-1,-1,-1,0,483,0,0,25910
129321,1,6,0,-1,-1,0,32874,0,0,25910
129324,0,0,0,-1,-1,0,32979,0,0,26002
129331,0,2,0,-1,-1,0,34199,0,0,28367
129332,0,0,0,5000,-1,0,34219,0,0,28369
129333,0,1,0,-1,-1,0,38334,0,0,28370
129334,1,0,0,120000,-1,0,34210,0,0,28370
129337,0,0,-1,-1,-1,0,34367,0,0,28452
129353,0,0,-1,-1,-1,0,483,0,0,27690
129354,1,6,0,-1,-1,0,33286,0,0,27690
129355,0,0,-1,-1,-1,0,483,0,0,27691
129356,1,6,0,-1,-1,0,33287,0,0,27691
129357,0,0,-1,-1,-1,0,483,0,0,27692
129358,1,6,0,-1,-1,0,33288,0,0,27692
129359,0,0,-1,-1,-1,0,483,0,0,27693
129360,1,6,0,-1,-1,0,33289,0,0,27693
129365,0,0,-1,0,1000,11,27094,0,0,27859
129366,0,0,-1,0,1000,59,27089,0,0,27860
129377,0,0,0,120000,20000,1141,34106,0,0,28121
129378,0,0,0,10000,10000,0,33980,0,0,28209
129380,0,0,-1,-1,-1,0,483,0,0,28281
129381,1,6,0,-1,-1,0,34010,0,0,28281
129382,0,0,-1,-1,-1,0,483,0,0,28282
129383,1,6,0,-1,-1,0,34009,0,0,28282
129384,0,0,0,-1,-1,0,34063,0,0,28283
129385,0,0,-1,0,1000,59,11009,0,0,28284
129389,0,0,0,120000,120000,1284,34372,0,0,28455
129396,0,0,-1,-1,-1,0,483,0,0,27694
129397,1,6,0,-1,-1,0,33290,0,0,27694
129398,0,0,-1,-1,-1,0,483,0,0,27695
129399,1,6,0,-1,-1,0,33291,0,0,27695
129400,0,0,-1,-1,-1,0,483,0,0,27696
129401,1,6,0,-1,-1,0,33292,0,0,27696
129402,0,0,-1,-1,-1,0,483,0,0,27697
129403,1,6,0,-1,-1,0,33293,0,0,27697
129404,0,0,-1,-1,-1,0,483,0,0,27698
129405,1,6,0,-1,-1,0,33294,0,0,27698
129421,0,1,0,-1,-1,0,60066,0,0,28034
129425,1,1,0,-1,-1,0,96148,0,0,28126
129434,1,0,0,120000,10000,1141,33807,0,0,28288
129436,0,0,0,-1,-1,0,34068,0,0,28289
129442,0,0,0,-1,-1,0,32649,0,0,27357
129443,0,0,-1,-1,-1,0,55884,0,0,27445
129446,0,0,0,120000,0,0,33089,0,0,27529
129448,0,0,-1,-1,-1,0,483,0,0,27699
129449,1,6,0,-1,-1,0,33295,0,0,27699
129450,0,0,-1,-1,-1,0,483,0,0,27700
129451,1,6,0,-1,-1,0,33296,0,0,27700
129453,1,1,0,-1,-1,0,38522,0,0,27703
129468,0,0,0,10000,-1,0,33655,0,0,28038
129469,0,0,0,90000,15000,1141,33662,0,0,28040
129470,0,0,0,90000,15000,1141,33667,0,0,28041
129471,0,0,0,300000,0,0,33668,0,0,28042
129477,0,0,-1,20000,-1,0,33824,0,0,28131
129478,0,0,0,0,5000,1170,33836,0,0,28132
129484,0,0,-1,-1,-1,0,483,0,0,28291
129485,1,6,0,-1,-1,0,28944,0,0,28291
129491,0,0,-1,0,1000,11,18234,0,0,28501
129512,0,1,0,-1,-1,0,23044,0,0,27707
129535,0,0,0,-1,-1,0,33715,0,0,28047
129536,0,0,0,-1,-1,0,33670,0,0,28048
129538,1,1,0,-1,-1,0,96148,0,0,28136
129548,0,0,0,120000,20000,1141,34000,0,0,28223
129583,1,1,0,-1,-1,0,144310,0,0,27880
129605,0,0,0,-1,-1,0,3366,0,0,28395
129646,0,0,0,120000,120000,1182,42292,0,0,28234
129652,0,2,0,-1,-1,0,34107,0,0,28311
129655,0,0,-1,0,1000,59,34291,0,0,28399
129662,1,1,0,-1,-1,0,17746,0,0,27467
129677,0,0,0,120000,0,0,33479,0,0,27891
129685,0,0,0,120000,120000,1182,42292,0,0,28235
129686,0,0,0,120000,120000,1182,42292,0,0,28236
129687,0,0,0,120000,120000,1182,42292,0,0,28237
129688,0,0,0,120000,120000,1182,42292,0,0,28238
129689,0,0,0,120000,120000,1182,42292,0,0,28239
129690,0,0,0,120000,120000,1182,42292,0,0,28240
129701,0,0,0,-1,-1,0,34387,0,0,28478
129705,0,1,0,-1,-1,0,32973,0,0,27470
129710,0,0,-1,300000,120000,1153,9512,0,0,27553
129711,0,0,-1,0,1000,11,5004,0,0,27635
129712,0,0,-1,0,1000,11,5005,0,0,27636
129721,0,1,0,-1,-1,0,15603,0,0,27896
129727,0,0,-1,-1,-1,0,33703,0,0,28068
129731,0,0,-1,-1,-1,0,33704,0,0,28071
129732,0,0,-1,-1,-1,0,33705,0,0,28072
129734,0,0,0,120000,120000,1182,42292,0,0,28241
129735,0,0,0,120000,120000,1182,42292,0,0,28242
129736,0,0,0,120000,120000,1182,42292,0,0,28243
129747,0,0,-1,-1,3000,330,55884,0,0,28481
129748,0,0,-1,-1,3000,330,55884,0,0,28482
129749,0,0,0,1800000,-1,0,144300,0,0,28484
129750,0,0,-3,14400000,1000,0,33060,0,0,27388
129763,0,0,-1,-1,-1,0,33361,0,0,27736
129770,0,0,0,300000,0,0,33486,0,0,27900
129771,0,2,0,0,-1,0,33489,0,0,27901
129778,0,0,-1,-1,-1,0,33706,0,0,28073
129780,0,2,0,-1,-1,0,144272,0,0,28164
129798,0,0,0,1800000,-1,0,34511,0,0,28485
129799,0,0,-1,0,1000,11,27094,0,0,28486
129800,0,0,0,-1,-1,0,33067,0,0,27479
129826,0,0,0,-1,-1,0,3366,0,0,27991
129841,0,1,0,-1,-1,0,34320,0,0,28418
129843,0,0,-1,0,-1,0,34339,0,0,28420
129844,0,0,-1,0,-1,0,34340,0,0,28421
129846,0,0,-1,-1,-1,0,33019,0,0,27317
129850,0,0,-1,0,1000,11,33253,0,0,27651
129852,0,0,-1,0,1000,11,33260,0,0,27655
129861,1,0,0,120000,20000,1141,33400,0,0,27828
129885,0,0,0,-1,-1,0,32759,0,0,28261
129887,1,1,0,-1,-1,0,28539,0,0,28335
129889,0,0,-1,-1,-1,0,34140,0,0,28336
129899,0,0,-1,0,1000,11,33264,0,0,27657
129900,0,0,-1,0,1000,11,33255,0,0,27658
129901,0,0,-1,0,1000,11,33262,0,0,27659
129902,0,0,-1,0,1000,11,35271,0,0,27660
129903,0,0,-1,0,1000,11,27094,0,0,27661
129904,0,0,-1,0,1000,11,33253,0,0,27662
129933,0,1,0,-1,-1,0,34514,0,0,28428
129934,0,1,0,-1,-1,0,34514,0,0,28429
129935,1,2,0,-1,-1,0,144232,0,0,28429
129936,0,1,0,-1,-1,0,34515,0,0,28430
129937,1,2,0,-1,-1,0,34513,0,0,28430
129948,0,0,-1,1000,-1,0,33077,0,0,27498
129949,0,0,-1,0,1000,11,33266,0,0,27663
129950,0,0,-1,0,1000,11,33262,0,0,27664
129951,0,0,-1,0,1000,11,33264,0,0,27665
129952,0,0,-1,0,1000,11,33269,0,0,27666
129953,0,0,-1,0,1000,11,33258,0,0,27667
129963,1,1,0,-1,-1,0,33510,0,0,27920
129966,1,1,0,-1,-1,0,33510,0,0,27921
129969,1,1,0,-1,-1,0,33511,0,0,27922
129971,1,1,0,-1,-1,0,33511,0,0,27924
129978,1,1,0,-1,-1,0,60061,0,0,28190
129983,0,0,-1,-1,-1,0,483,0,0,28270
129984,1,6,0,-1,-1,0,33992,0,0,28270
129994,0,2,0,-1,-1,0,144234,0,0,28437
129995,0,2,0,-1,-1,0,144233,0,0,28438
129996,0,2,0,-1,-1,0,21165,0,0,28439
129998,1,0,0,120000,-1,0,33014,0,0,27416
130002,0,0,-1,1000,-1,0,33078,0,0,27499
130003,0,0,-1,1000,-1,0,33079,0,0,27500
130004,0,0,-1,1000,-1,0,33080,0,0,27501
130005,0,0,-1,1000,-1,0,33081,0,0,27502
130006,0,0,-1,1000,-1,0,33082,0,0,27503
130018,1,1,0,-1,-1,0,33522,0,0,27926
130020,1,1,0,-1,-1,0,33522,0,0,27927
130026,0,0,-1,0,60000,4,17534,0,0,28100
130027,0,0,-1,0,60000,4,17531,0,0,28101
130028,0,0,-1,0,3000,79,33720,0,0,28102
130029,0,0,-1,0,3000,79,54452,0,0,28103
130030,0,0,-1,0,3000,79,33726,0,0,28104
130037,0,0,-1,-1,-1,0,483,0,0,28271
130038,1,6,0,-1,-1,0,33994,0,0,28271
130039,0,0,-1,-1,-1,0,483,0,0,28272
130040,1,6,0,-1,-1,0,33997,0,0,28272
130041,0,0,-1,-1,-1,0,483,0,0,28273
130042,1,6,0,-1,-1,0,33999,0,0,28273
130043,0,0,-1,-1,-1,0,34141,0,0,28351
130044,0,0,-1,-1,-1,0,34142,0,0,28352
130045,0,0,-1,-1,-1,0,34144,0,0,28353
130047,0,2,0,-1,-1,0,34510,0,0,28441
130048,0,2,0,-1,-1,0,34510,0,0,28442
130062,0,0,0,120000,-1,0,39228,0,0,27770
130066,0,0,0,-1,-1,0,34387,0,0,28106
130067,0,1,0,-1,-1,0,33759,0,0,28108
130068,0,1,0,-1,-1,0,33746,0,0,28109
130069,0,0,0,10000,-1,0,33744,0,0,28110
130070,0,0,-1,-1,-1,0,483,0,0,28274
130071,1,6,0,-1,-1,0,34003,0,0,28274
130093,1,1,0,-1,-1,0,33297,0,0,27683
130095,0,0,-1,-1,-1,0,483,0,0,27684
130096,1,6,0,-1,-1,0,33279,0,0,27684
130097,0,0,-1,-1,-1,0,483,0,0,27685
130098,1,6,0,-1,-1,0,33276,0,0,27685
130099,0,0,-1,-1,-1,0,483,0,0,27686
130100,1,6,0,-1,-1,0,33277,0,0,27686
130101,0,0,-1,-1,-1,0,483,0,0,27687
130102,1,6,0,-1,-1,0,33278,0,0,27687
130103,0,0,-1,-1,-1,0,483,0,0,27688
130104,1,6,0,-1,-1,0,33284,0,0,27688
130111,0,0,-1,0,1000,11,27094,0,0,27854
130112,0,0,-1,0,1000,11,27094,0,0,27855
130113,0,0,-1,0,1000,11,27094,0,0,27856
130114,0,0,-1,0,1000,11,27094,0,0,27857
130115,0,0,-1,0,1000,11,27094,0,0,27858
130119,0,0,0,-1,-1,0,33631,0,0,28025
130121,0,0,0,43200000,-1,0,33770,0,0,28111
130122,0,0,-1,0,1000,11,33772,0,0,28112
130128,0,0,-1,-1,-1,0,483,0,0,28279
130129,1,6,0,-1,-1,0,34007,0,0,28279
130130,0,0,-1,-1,-1,0,483,0,0,28280
130131,1,6,0,-1,-1,0,34008,0,0,28280
130133,0,0,0,-1,-1,0,35738,0,0,29790
130144,0,1,0,-1,-1,0,33066,0,0,28716
130151,1,1,0,-1,-1,0,28539,0,0,28806
130153,0,0,-1,-1,-1,0,35406,0,0,28886
130154,0,0,-1,-1,-1,0,35404,0,0,28887
130155,0,0,-1,-1,-1,0,35417,0,0,28888
130156,0,0,-1,-1,-1,0,35402,0,0,28889
130188,0,0,10,0,15000,1157,35139,0,0,29429
130207,0,0,0,-1,-1,0,35683,0,0,29618
130208,0,0,-1,-1,-1,0,483,0,0,29704
130209,1,6,0,-1,-1,0,35537,0,0,29704
130210,0,0,0,-1,-1,0,35739,0,0,29795
130211,0,0,0,60000,60000,0,35745,0,0,29796
130223,0,0,0,-1,-1,0,34520,0,0,28547
130226,0,0,-1,-1,-1,0,483,0,0,28632
130227,1,6,0,-1,-1,0,34608,0,0,28632
130229,0,0,0,5000,-1,0,34630,0,0,28634
130232,1,1,0,-1,-1,0,96148,0,0,28719
130245,1,1,0,-1,-1,0,96148,0,0,28811
130268,1,1,0,-1,-1,0,35126,0,0,29347
130270,0,2,0,-1,-1,0,35131,0,0,29348
130275,0,0,-50,0,120000,24,35475,0,0,29528
130276,0,0,-50,0,120000,24,35476,0,0,29529
130277,0,0,-50,0,120000,24,35477,0,0,29530
130278,0,0,-50,0,120000,24,35478,0,0,29531
130279,0,0,-50,0,120000,24,35474,0,0,29532
130280,0,0,-1,-1,-1,0,483,0,0,29713
130281,1,6,0,-1,-1,0,35538,0,0,29713
130282,0,0,-1,-1,-1,0,483,0,0,29714
130283,1,6,0,-1,-1,0,35539,0,0,29714
130284,0,0,0,-1,-1,0,35755,0,0,29803
130297,0,0,0,-1,-1,0,34526,0,0,28550
130306,0,0,0,-1,-1,0,34646,0,0,28725
130309,0,0,0,120000,-1,0,29601,0,0,28727
130315,0,1,0,-1,-1,0,95677,0,0,28817
130320,0,0,-1,-1,-1,0,35436,0,0,28903
130321,0,0,-1,-1,-1,0,35434,0,0,28904
130348,0,0,-1,30000,-1,0,35129,0,0,29443
130349,0,0,-1,-1,-1,0,35488,0,0,29533
130350,0,0,-1,-1,-1,0,35489,0,0,29534
130351,0,0,-1,-1,-1,0,35490,0,0,29535
130352,0,0,-1,-1,-1,0,35495,0,0,29536
130353,0,0,-1,-1,-1,0,483,0,0,29717
130354,1,6,0,-1,-1,0,35543,0,0,29717
130355,0,0,-1,-1,-1,0,483,0,0,29718
130356,1,6,0,-1,-1,0,35544,0,0,29718
130357,0,0,-1,-1,-1,0,483,0,0,29719
130358,1,6,0,-1,-1,0,35549,0,0,29719
130359,0,0,-1,-1,-1,0,483,0,0,29720
130360,1,6,0,-1,-1,0,35555,0,0,29720
130366,0,0,-1,-1,-1,0,55884,0,0,29901
130367,0,0,-1,-1,-1,0,55884,0,0,29902
130368,0,0,-1,-1,-1,0,55884,0,0,29903
130369,0,0,-1,-1,-1,0,55884,0,0,29904
130386,0,0,-1,-1,-1,0,35438,0,0,28907
130387,0,0,-1,-1,-1,0,35432,0,0,28908
130388,0,0,-1,-1,-1,0,35437,0,0,28909
130389,0,0,-1,-1,-1,0,35439,0,0,28910
130403,0,0,0,90000,15000,1141,35337,0,0,29179
130405,0,0,0,120000,-1,0,35352,0,0,29181
130410,1,1,0,-1,-1,0,43588,0,0,29357
130414,0,0,0,60000,60000,0,35246,0,0,29445
130415,0,0,0,30000,-1,0,35282,0,0,29447
130416,0,0,-1,0,1000,11,35270,0,0,29448
130417,0,0,-1,0,1000,11,35270,0,0,29449
130418,0,0,-1,-1,-1,0,483,0,0,29721
130419,1,6,0,-1,-1,0,35557,0,0,29721
130420,0,0,-1,-1,-1,0,483,0,0,29722
130421,1,6,0,-1,-1,0,35554,0,0,29722
130422,0,0,-1,-1,-1,0,483,0,0,29723
130423,1,6,0,-1,-1,0,35558,0,0,29723
130424,0,0,-1,-1,-1,0,483,0,0,29724
130425,1,6,0,-1,-1,0,35559,0,0,29724
130429,0,0,0,1000,-1,0,35771,0,0,29817
130430,0,0,0,1000,-1,0,35772,0,0,29818
130435,0,0,-1,-1,-1,0,35936,0,0,29912
130440,0,0,0,300000,-1,0,34622,0,0,28651
130444,1,1,0,120000,-1,0,37705,0,0,28823
130449,0,0,-1,-1,-1,0,35433,0,0,28911
130450,0,0,-1,-1,-1,0,35435,0,0,28912
130451,0,0,-1,-1,3000,330,55884,0,0,28915
130467,0,2,0,-1,-1,0,35353,0,0,29182
130477,0,0,-1,-1,-1,0,55884,0,0,29363
130478,0,0,-1,-1,-1,0,55884,0,0,29364
130479,0,0,-1,0,1000,11,35270,0,0,29450
130480,0,0,-1,0,1000,11,35270,0,0,29451
130481,0,0,-1,0,1000,11,35270,0,0,29452
130482,0,0,-1,0,1000,11,35270,0,0,29453
130483,0,0,-1,0,1000,59,34291,0,0,29454
130487,0,0,-1,-1,-1,0,483,0,0,29725
130488,1,6,0,-1,-1,0,35560,0,0,29725
130489,0,0,-1,-1,-1,0,483,0,0,29726
130490,1,6,0,-1,-1,0,35561,0,0,29726
130491,0,0,-1,-1,-1,0,483,0,0,29727
130492,1,6,0,-1,-1,0,35562,0,0,29727
130493,0,0,-1,-1,-1,0,483,0,0,29728
130494,1,6,0,-1,-1,0,35563,0,0,29728
130519,1,1,0,-1,-1,0,34774,0,0,28830
130522,1,1,0,-1,-1,0,23300,0,0,28832
130537,0,0,-1,-1,-1,0,35441,0,0,29187
130548,1,0,0,120000,20000,1141,35163,0,0,29370
130556,0,0,-1,-1,-1,0,35349,0,0,29460
130559,0,0,-1,-1,-1,0,483,0,0,29729
130560,1,6,0,-1,-1,0,35564,0,0,29729
130561,0,0,-1,-1,-1,0,483,0,0,29730
130562,1,6,0,-1,-1,0,35567,0,0,29730
130563,0,0,-1,-1,-1,0,483,0,0,29731
130564,1,6,0,-1,-1,0,35568,0,0,29731
130565,0,0,-1,-1,-1,0,483,0,0,29732
130566,1,6,0,-1,-1,0,35572,0,0,29732
130567,0,0,-1,-1,-1,0,483,0,0,29733
130568,1,6,0,-1,-1,0,35573,0,0,29733
130579,0,2,0,-1,-1,0,34580,0,0,28573
130593,1,1,0,-1,-1,0,61249,0,0,28836
130601,0,0,-1,-1,3000,330,55884,0,0,28927
130603,0,0,0,5000,-1,0,34857,0,0,29018
130604,0,0,0,-1,-1,0,34895,0,0,29101
130605,0,0,-1,-1,3000,330,55884,0,0,29102
130606,0,0,-1,-1,3000,330,55884,0,0,29103
130624,1,0,0,120000,20000,1141,35165,0,0,29376
130628,0,0,-1,-1,3000,330,55884,0,0,29465
130629,0,0,-1,-1,3000,330,55884,0,0,29466
130630,0,0,-1,-1,-1,0,483,0,0,29734
130631,1,6,0,-1,-1,0,35574,0,0,29734
130632,0,0,0,0,60000,1167,35685,0,0,29737
130641,1,1,0,-1,-1,0,34584,0,0,28578
130643,0,1,0,-1,-1,0,34586,0,0,28579
130658,0,1,0,-1,-1,0,33020,0,0,28842
130664,0,0,-1,-1,3000,330,55884,0,0,29104
130665,0,0,-1,-1,3000,330,55884,0,0,29105
130666,1,1,0,-1,-1,0,38164,0,0,29108
130668,1,1,0,-1,-1,0,38164,0,0,29109
130683,1,0,0,120000,20000,1141,35166,0,0,29383
130685,0,0,-1,-1,3000,330,55884,0,0,29467
130686,0,0,-1,-1,3000,330,55884,0,0,29468
130687,0,0,-1,-1,3000,330,55884,0,0,29469
130688,0,0,-1,-1,3000,330,55884,0,0,29470
130689,0,0,-1,-1,3000,330,55884,0,0,29471
130690,0,0,-1,-1,3000,330,55884,0,0,29472
130691,0,0,-1,-1,-1,0,35707,0,0,29742
130692,0,0,-1,-1,3000,330,55884,0,0,29743
130695,0,0,-1,0,0,0,35791,0,0,29837
130696,0,0,-1,0,0,0,35792,0,0,29838
130697,0,0,-1,0,0,0,35793,0,0,29839
130698,0,0,-1,0,0,0,35794,0,0,29840
130699,0,0,-1,0,0,0,35795,0,0,29841
130713,1,0,0,1800000,1800000,1176,39937,0,0,28585
130732,0,1,0,-1,-1,0,32973,0,0,28847
130736,0,0,-1,-1,3000,330,55884,0,0,28936
130739,0,0,0,5000,-1,0,34875,0,0,29025
130740,0,0,0,120000,-1,0,34888,0,0,29027
130745,0,0,-1,0,1000,59,11009,0,0,29112
130748,0,0,0,-1,-1,0,34990,0,0,29205
130749,0,0,0,-1,-1,0,34990,0,0,29206
130750,0,0,0,-1,-1,0,34992,0,0,29207
130752,0,0,-1,0,1000,11,24800,0,0,29292
130753,0,0,-1,0,1000,11,10257,0,0,29293
130758,2,0,0,120000,20000,1141,84213,0,0,29387
130761,0,0,0,0,10000,1167,35372,0,0,29473
130762,0,0,-1,-1,-1,0,483,0,0,29664
130763,1,6,0,-1,-1,0,35530,0,0,29664
130764,0,0,-1,-1,3000,330,55884,0,0,29744
130765,0,0,-1,-1,3000,330,55884,0,0,29745
130766,0,0,-1,-1,3000,330,55884,0,0,29746
130767,0,0,-1,-1,3000,330,55884,0,0,29747
130769,0,0,-1,0,0,0,35796,0,0,29842
130770,0,0,-1,0,0,0,35797,0,0,29843
130771,0,0,-1,0,0,0,35798,0,0,29844
130772,0,0,-1,0,0,0,35799,0,0,29845
130773,0,0,-1,0,0,0,35800,0,0,29846
130774,0,0,-1,0,0,0,35801,0,0,29847
130786,0,0,0,120000,-1,0,38332,0,0,28590
130803,0,1,0,-1,-1,0,22778,0,0,28852
130820,0,0,-1,-1,-1,0,483,0,0,29120
130821,1,6,0,-1,-1,0,18456,0,0,29120
130824,0,0,-1,-1,-1,0,483,0,0,29213
130825,1,6,0,-1,-1,0,32498,0,0,29213
130826,0,0,-1,-1,-1,0,483,0,0,29214
130827,1,6,0,-1,-1,0,32499,0,0,29214
130828,0,0,-1,-1,-1,0,483,0,0,29215
130829,1,6,0,-1,-1,0,32500,0,0,29215
130830,1,1,0,-1,-1,0,35077,0,0,29297
130835,1,1,0,-1,-1,0,35080,0,0,29301
130840,0,0,-1,0,1000,11,27094,0,0,29393
130841,0,0,-1,0,1000,11,35270,0,0,29394
130842,0,0,0,10000,10000,0,35413,0,0,29478
130843,0,0,-1,-1,-1,0,35409,0,0,29482
130851,0,0,-1,-1,-1,0,35725,0,0,29750
130852,0,0,-1,0,0,0,35802,0,0,29848
130853,0,0,-1,0,0,0,35803,0,0,29849
130854,0,0,-1,0,0,0,35804,0,0,29850
130855,0,0,-1,0,0,0,35805,0,0,29851
130856,0,0,-1,0,0,0,35806,0,0,29852
130857,0,0,-1,0,0,0,35807,0,0,29853
130864,0,0,-1,-1,-1,0,483,0,0,28596
130865,1,6,0,-1,-1,0,34590,0,0,28596
130867,1,1,0,-1,-1,0,23300,0,0,28680
130872,1,1,0,-1,-1,0,61249,0,0,28684
130875,0,0,0,180000,10000,1141,37208,0,0,28767
130880,0,1,0,-1,-1,0,23044,0,0,28856
130900,0,0,-1,-1,-1,0,483,0,0,29217
130901,1,6,0,-1,-1,0,32501,0,0,29217
130902,0,0,-1,-1,-1,0,483,0,0,29218
130903,1,6,0,-1,-1,0,32503,0,0,29218
130904,0,0,-1,-1,-1,0,483,0,0,29219
130905,1,6,0,-1,-1,0,32502,0,0,29219
130906,0,0,-1,-1,3000,330,55884,0,0,29220
130909,1,1,0,-1,-1,0,35083,0,0,29305
130917,0,0,-1,0,1000,59,27089,0,0,29395
130918,0,1,0,0,0,0,35175,0,0,29398
130924,0,0,-1,-1,-1,1153,35673,0,0,29585
130929,0,0,-1,-1,-1,0,483,0,0,29677
130930,1,6,0,-1,-1,0,35525,0,0,29677
130931,0,0,-1,0,0,0,35808,0,0,29854
130935,0,0,-1,0,0,0,35809,0,0,29856
130936,0,0,-1,0,0,0,35810,0,0,29857
130937,0,0,-1,0,0,0,35811,0,0,29858
130947,1,1,0,-1,-1,0,34598,0,0,28602
130954,0,1,0,-1,-1,0,33020,0,0,28690
130955,0,2,0,-1,-1,0,34696,0,0,28774
130960,1,1,0,-1,-1,0,23300,0,0,28862
130974,0,0,0,90000,15000,1141,35337,0,0,29132
130977,0,0,-1,-1,3000,330,55884,0,0,29221
130978,0,0,-1,-1,3000,330,55884,0,0,29222
130979,0,0,-1,-1,3000,330,55884,0,0,29223
130980,0,0,-1,-1,3000,330,55884,0,0,29224
130981,0,0,0,0,3000,330,35028,0,0,29225
130982,2,1,0,-1,-1,0,35086,0,0,29309
130990,0,0,-1,0,1000,59,27089,0,0,29401
130991,0,0,-1,-1,-1,0,27094,0,0,29402
130992,0,0,0,120000,120000,1182,42292,0,0,29592
130993,0,0,0,120000,120000,1182,42292,0,0,29593
130994,1,1,0,-1,-1,0,22801,0,0,29594
130995,0,0,-1,-1,-1,0,483,0,0,29682
130996,1,6,0,-1,-1,0,35526,0,0,29682
130997,0,0,-1,0,0,0,35812,0,0,29859
130998,0,0,-1,0,0,0,35813,0,0,29860
130999,0,0,-1,0,0,0,35814,0,0,29861
131000,0,0,-1,0,0,0,35815,0,0,29862
131001,0,0,-1,0,0,0,35816,0,0,29863
131002,0,0,-1,0,0,0,35817,0,0,29864
131012,0,0,0,60000,0,0,34603,0,0,28607
131018,0,1,0,-1,-1,0,32973,0,0,28695
131029,0,1,0,-1,-1,0,33066,0,0,28868
131033,0,0,0,5000,-1,0,34830,0,0,28962
131047,0,0,0,60000,-1,0,35036,0,0,29226
131048,0,0,-1,-1,3000,330,55884,0,0,29227
131049,0,0,-1,-1,3000,330,55884,0,0,29228
131050,0,0,-1,-1,3000,330,55884,0,0,29229
131051,0,0,-1,-1,3000,330,55884,0,0,29230
131052,0,0,-1,-1,3000,330,55884,0,0,29231
131061,0,0,-1,0,1000,11,27094,0,0,29412
131071,0,0,-1,-1,-1,0,483,0,0,29684
131072,1,6,0,-1,-1,0,35527,0,0,29684
131076,0,0,-1,0,0,0,35818,0,0,29866
131077,0,0,-1,0,0,0,35819,0,0,29867
131078,0,0,-1,0,0,0,35820,0,0,29868
131079,0,0,-1,0,0,0,35821,0,0,29869
131080,0,0,-1,0,0,0,35822,0,0,29870
131092,1,1,0,-1,-1,0,28539,0,0,28614
131099,0,1,0,-1,-1,0,22778,0,0,28700
131100,0,1,0,-1,-1,0,37657,0,0,28785
131101,0,0,-1,-1,-1,0,34717,0,0,28786
131102,0,0,0,300000,-1,0,34750,0,0,28788
131103,1,1,0,-1,-1,0,34749,0,0,28789
131107,1,1,0,-1,-1,0,96148,0,0,28871
131117,0,0,0,5000,-1,0,34893,0,0,29052
131128,0,0,-1,-1,-1,0,483,0,0,29232
131129,1,6,0,-1,-1,0,32766,0,0,29232
131132,0,0,0,5000,5000,0,35113,0,0,29324
131144,0,1,0,-1,-1,0,144308,0,0,29600
131150,0,0,-1,-1,-1,0,483,0,0,29689
131151,1,6,0,-1,-1,0,35529,0,0,29689
131152,0,0,-1,-1,-1,0,483,0,0,29691
131153,1,6,0,-1,-1,0,35528,0,0,29691
131154,0,0,-1,-1,-1,0,483,0,0,29693
131155,1,6,0,-1,-1,0,35531,0,0,29693
131161,0,0,0,120000,20000,1141,35733,0,0,29776
131163,0,0,-1,0,0,0,35823,0,0,29871
131164,0,0,-1,0,0,0,35824,0,0,29872
131165,0,0,-1,0,0,0,35825,0,0,29873
131166,0,0,-1,0,0,0,35826,0,0,29874
131169,0,0,0,120000,-1,0,34519,0,0,28528
131174,1,1,0,-1,-1,0,96148,0,0,28618
131178,0,1,0,-1,-1,0,23044,0,0,28704
131192,0,0,-1,-1,-1,0,35403,0,0,28878
131219,0,1,0,0,0,0,23990,0,0,29512
131221,0,0,0,-1,-1,0,35460,0,0,29513
131224,0,1,0,-1,-1,0,22801,0,0,29606
131234,0,0,-1,-1,-1,0,483,0,0,29698
131235,1,6,0,-1,-1,0,35532,0,0,29698
131236,0,0,-30,0,1000,1167,35734,0,0,29778
131241,0,0,0,0,0,0,1908,0,0,29877
131248,0,1,0,-1,-1,0,95677,0,0,28624
131254,1,1,0,-1,-1,0,23300,0,0,28710
131257,0,0,0,300000,-1,0,34750,0,0,28798
131260,0,0,-1,-1,-1,0,35405,0,0,28881
131261,0,0,-1,-1,-1,0,35355,0,0,28882
131264,0,0,-1,-1,-1,0,35407,0,0,28885
131311,0,1,0,-1,-1,0,144306,0,0,29613
131315,0,0,-1,-1,-1,0,483,0,0,29700
131316,1,6,0,-1,-1,0,35533,0,0,29700
131317,0,0,-1,-1,-1,0,483,0,0,29701
131318,1,6,0,-1,-1,0,35534,0,0,29701
131319,0,0,-1,-1,-1,0,483,0,0,29702
131320,1,6,0,-1,-1,0,35535,0,0,29702
131321,0,0,-1,-1,-1,0,483,0,0,29703
131322,1,6,0,-1,-1,0,35536,0,0,29703
131333,0,2,0,-1,-1,0,38282,0,0,31318
131335,0,2,0,-1,-1,0,38284,0,0,31322
131354,0,0,-1,-1,-1,0,483,0,0,30322
131355,1,6,0,-1,-1,0,36390,0,0,30322
131356,0,0,-1,-1,-1,0,483,0,0,30323
131357,1,6,0,-1,-1,0,36391,0,0,30323
131358,0,0,-1,-1,-1,0,483,0,0,30324
131359,1,6,0,-1,-1,0,36392,0,0,30324
131360,0,0,1,60000,-1,0,36532,0,0,30416
131361,0,2,0,-1,-1,0,16939,0,0,30418
131363,0,0,0,-1,-1,0,37020,0,0,30595
131384,0,0,-1,-1,-1,0,38170,0,0,31124
131386,0,0,0,1000,-1,0,38173,0,0,31128
131387,0,0,12,5000,5000,0,38177,0,0,31129
131389,0,1,0,-1,-1,0,38290,0,0,31323
131407,0,0,-1,0,1000,11,33253,0,0,30155
131408,0,0,-1,-1,-1,0,483,0,0,30156
131409,1,6,0,-1,-1,0,36210,0,0,30156
131416,0,0,-1,-1,-1,0,36546,0,0,30425
131420,0,0,0,-1,-1,0,38214,0,0,30688
131421,0,0,0,300000,-1,0,37346,0,0,30690
131446,0,2,0,-1,-1,0,38307,0,0,31331
131447,0,2,0,-1,-1,0,38308,0,0,31332
131448,1,1,0,-1,-1,0,23217,0,0,31333
131451,1,1,0,-1,-1,0,38314,0,0,31334
131474,0,0,-1,-1,-1,0,36548,0,0,30426
131482,0,0,0,1800000,-1,0,37360,0,0,30696
131500,0,0,0,360000,-1,0,38544,0,0,31141
131504,1,1,0,-1,-1,0,38319,0,0,31336
131506,0,0,-3,3000,-1,0,38318,0,0,31337
131514,0,2,0,-1,-1,0,36070,0,0,29996
131527,0,0,7,5000,5000,0,36310,0,0,30251
131533,0,0,0,90000,15000,1141,36432,0,0,30340
131536,0,0,0,120000,120000,1182,42292,0,0,30343
131537,0,0,0,120000,120000,1182,42292,0,0,30344
131539,0,0,0,30000,-1,0,36867,0,0,30527
131540,0,0,-1,-1,3000,330,55884,0,0,30609
131541,0,0,-1,0,1000,11,27094,0,0,30610
131542,0,0,0,5000,5000,0,37390,0,0,30701
131543,0,1,0,-1,-1,0,37649,0,0,30787
131544,0,1,0,-1,-1,0,37651,0,0,30788
131545,0,1,0,-1,-1,0,37652,0,0,30789
131546,0,0,-1,-1,-1,0,37984,0,0,30875
131547,0,0,-1,0,0,0,39409,0,0,30877
131558,0,0,0,1000,-1,0,39163,0,0,31144
131559,0,0,0,30000,-1,0,39223,0,0,31146
131564,0,0,0,-1,-1,0,38336,0,0,31344
131565,0,0,-1,-1,-1,0,35724,0,0,31346
131566,0,0,-1,-1,-1,0,38345,0,0,31347
131584,0,0,0,60000,0,0,36314,0,0,30259
131585,0,0,0,120000,120000,1182,42292,0,0,30345
131586,0,0,0,120000,120000,1182,42292,0,0,30346
131587,0,0,0,0,0,0,36444,0,0,30347
131589,0,0,0,120000,120000,1182,42292,0,0,30348
131590,0,0,0,120000,120000,1182,42292,0,0,30349
131591,0,0,0,120000,120000,1182,42292,0,0,30350
131592,0,0,0,-1,-1,0,36565,0,0,30436
131593,0,0,0,-1,-1,0,36565,0,0,30437
131596,0,0,0,1000,-1,0,36904,0,0,30530
131599,0,0,0,-1,-1,0,37055,0,0,30614
131600,0,0,-1,-1,-1,0,37058,0,0,30615
131601,0,0,-1,-1,-1,0,37062,0,0,30616
131602,0,0,-1,0,1000,59,34291,0,0,30703
131603,0,0,-1,-1,-1,0,37426,0,0,30704
131605,0,0,-1,-1,-1,0,37678,0,0,30793
131628,0,1,0,0,-1,0,38174,0,0,31154
131629,0,0,-1,-1,-1,0,38202,0,0,31251
131631,0,0,-3,-1,-1,0,38362,0,0,31350
131636,0,2,0,-1,-1,0,36111,0,0,30090
131641,0,0,5,5000,5000,0,32578,0,0,30175
131647,0,0,0,120000,120000,1182,42292,0,0,30351
131648,0,0,10,30000,-1,0,35129,0,0,30353
131649,0,0,0,30000,-1,0,36460,0,0,30354
131650,0,0,-1,0,1000,11,35270,0,0,30355
131651,0,0,-1,-1,-1,0,483,0,0,30443
131652,1,6,0,-1,-1,0,28568,0,0,30443
131653,0,0,-1,-1,-1,0,483,0,0,30444
131654,1,6,0,-1,-1,0,35530,0,0,30444
131660,0,0,-1,-1,-1,0,37065,0,0,30618
131661,0,1,0,-1,-1,0,38299,0,0,30619
131663,0,0,0,120000,0,0,38325,0,0,30620
131664,0,1,0,-1,-1,0,38326,0,0,30621
131665,1,1,0,-1,-1,0,38327,0,0,30621
131668,0,0,0,0,0,0,37435,0,0,30711
131669,0,0,0,-1,-1,0,37452,0,0,30712
131689,0,0,-1,-1,-1,0,483,0,0,31354
131690,1,6,0,-1,-1,0,17635,0,0,31354
131691,0,0,-1,-1,-1,0,483,0,0,31355
131692,1,6,0,-1,-1,0,17637,0,0,31355
131693,0,0,-1,-1,-1,0,483,0,0,31356
131694,1,6,0,-1,-1,0,17636,0,0,31356
131697,1,1,0,-1,-1,0,35126,0,0,30008
131705,0,0,0,0,30000,1167,36107,0,0,30094
131714,0,0,-1,0,1000,11,33269,0,0,30357
131715,0,0,-1,0,1000,11,33262,0,0,30358
131716,0,0,-1,0,1000,11,33255,0,0,30359
131717,0,0,0,-1,-1,0,55884,0,0,30360
131718,0,0,-1,0,1000,11,33264,0,0,30361
131719,0,1,0,-1,-1,0,37536,0,0,30446
131720,0,1,0,300000,-1,0,37197,0,0,30447
131721,0,1,0,-1,-1,0,37507,0,0,30448
131723,0,1,0,300000,-1,0,37173,0,0,30450
131724,0,0,0,-1,-1,0,36923,0,0,30540
131726,0,0,0,14400000,-1,0,36890,0,0,30542
131728,0,1,0,-1,-1,0,38347,0,0,30626
131729,0,1,0,-1,-1,0,42083,0,0,30627
131730,0,0,0,1000,-1,0,37475,0,0,30717
131731,0,0,0,-1,-1,0,37690,0,0,30803
131732,0,1,0,-1,-1,0,26596,0,0,30804
131734,0,0,0,-1,-1,0,37822,0,0,30805
131736,1,1,0,-1,-1,0,27206,0,0,30892
131737,2,1,0,-1,-1,0,27043,0,0,30892
131756,0,0,-1,-1,-1,0,483,0,0,31358
131757,1,6,0,-1,-1,0,31080,0,0,31358
131758,0,0,-1,-1,-1,0,483,0,0,31359
131759,1,6,0,-1,-1,0,28918,0,0,31359
131760,1,0,-1,-1,-1,0,38444,0,0,31360
131762,0,0,-1,-1,-1,0,483,0,0,31361
131763,1,6,0,-1,-1,0,35549,0,0,31361
131764,0,0,-1,-1,-1,0,483,0,0,31362
131765,1,6,0,-1,-1,0,35554,0,0,31362
131778,0,1,0,-1,-1,0,95677,0,0,30188
131793,0,0,0,14400000,-1,0,36941,0,0,30544
131794,0,0,0,180000,-1,0,38351,0,0,30629
131795,0,1,0,-1,-1,0,37468,0,0,30719
131796,0,1,0,-1,-1,0,37447,0,0,30720
131797,0,1,0,-1,-1,0,37495,0,0,30721
131799,0,0,-1,-1,-1,0,37834,0,0,30811
131812,0,1,0,-1,-1,0,38448,0,0,31366
131823,0,0,-1,0,0,0,36281,0,0,30191
131824,0,0,-1,0,0,0,36282,0,0,30193
131825,0,0,-1,-1,-1,0,483,0,0,30280
131826,1,6,0,-1,-1,0,36315,0,0,30280
131827,0,0,-1,-1,-1,0,483,0,0,30281
131828,1,6,0,-1,-1,0,36316,0,0,30281
131829,0,0,-1,-1,-1,0,483,0,0,30282
131830,1,6,0,-1,-1,0,36317,0,0,30282
131831,0,0,-1,-1,-1,0,483,0,0,30283
131832,1,6,0,-1,-1,0,36318,0,0,30283
131839,0,0,-1,0,1000,59,27089,0,0,30457
131840,0,0,-1,0,1000,11,27094,0,0,30458
131844,0,0,0,0,10000,1167,36652,0,0,30462
131845,0,0,0,-1,-1,0,37097,0,0,30638
131853,0,0,-1,0,1000,11,433,0,0,30816
131854,0,0,0,-1,-1,0,37830,0,0,30818
131867,0,2,0,-1,-1,0,36111,0,0,31082
131868,0,0,0,-1,-1,0,3366,0,0,31084
131874,0,1,0,-1,-1,0,132375,0,0,31279
131875,0,0,-1,0,30000,1167,38439,0,0,31372
131876,0,0,-1,-1,-1,0,38453,0,0,31373
131889,0,0,-1,0,0,0,36283,0,0,30195
131891,0,0,-1,0,0,0,36284,0,0,30197
131892,0,0,-1,0,0,0,36285,0,0,30198
131893,0,0,-1,0,0,0,36286,0,0,30199
131908,0,0,-1,-1,-1,0,37096,0,0,30639
131931,0,0,-1,-1,-1,0,38134,0,0,31088
131953,0,0,0,-1,-1,0,36342,0,0,30292
131954,0,0,0,90000,15000,1141,36347,0,0,30293
131963,0,0,-1,-1,-1,0,483,0,0,30469
131964,1,6,0,-1,-1,0,36665,0,0,30469
131965,0,0,-1,-1,-1,0,483,0,0,30470
131966,1,6,0,-1,-1,0,36667,0,0,30470
131967,0,0,-1,-1,-1,0,483,0,0,30471
131968,1,6,0,-1,-1,0,36668,0,0,30471
131969,0,0,-1,-1,-1,0,483,0,0,30472
131970,1,6,0,-1,-1,0,36669,0,0,30472
131971,0,0,-1,-1,-1,0,483,0,0,30473
131972,1,6,0,-1,-1,0,36670,0,0,30473
131973,0,0,0,-1,-1,0,37172,0,0,30561
131978,0,0,-1,-1,-1,0,483,0,0,30826
131979,1,6,0,-1,-1,0,37855,0,0,30826
131999,1,1,0,-1,-1,0,17746,0,0,31288
132008,0,0,5,5000,5000,0,36030,0,0,29952
132027,0,0,0,90000,0,0,36372,0,0,30300
132028,0,0,-1,-1,-1,0,483,0,0,30474
132029,1,6,0,-1,-1,0,36672,0,0,30474
132030,0,0,10,30000,30000,0,32580,0,0,30479
132032,0,0,-1,-1,-1,0,37221,0,0,30651
132033,0,0,-1,-1,-1,0,37320,0,0,30652
132034,0,0,-1,-1,-1,0,37322,0,0,30653
132035,0,0,-1,-1,-1,0,37323,0,0,30654
132036,0,0,0,10000,10000,0,37136,0,0,30656
132037,0,0,0,15000,-1,0,37573,0,0,30742
132039,0,0,-1,-1,-1,0,483,0,0,30833
132040,1,6,0,-1,-1,0,37873,0,0,30833
132054,0,2,0,-1,-1,0,24585,0,0,31193
132065,0,0,-1,-1,-1,0,55884,0,0,29953
132068,0,0,-1,-1,-1,0,55884,0,0,29956
132069,0,0,-1,-1,-1,0,55884,0,0,29957
132070,0,0,-1,-1,-1,0,55884,0,0,29958
132087,0,0,-1,-1,-1,0,483,0,0,30301
132088,1,6,0,-1,-1,0,36349,0,0,30301
132089,0,0,-1,-1,-1,0,483,0,0,30302
132090,1,6,0,-1,-1,0,36351,0,0,30302
132091,0,0,-1,-1,-1,0,483,0,0,30303
132092,1,6,0,-1,-1,0,36352,0,0,30303
132093,0,0,-1,-1,-1,0,483,0,0,30304
132094,1,6,0,-1,-1,0,36353,0,0,30304
132095,0,0,-1,-1,-1,0,483,0,0,30305
132096,1,6,0,-1,-1,0,36355,0,0,30305
132100,0,0,-1,-1,3000,330,55884,0,0,30480
132101,0,0,0,-1,-1,0,36587,0,0,30481
132102,0,0,-1,-1,-1,0,483,0,0,30483
132103,1,6,0,-1,-1,0,36686,0,0,30483
132104,0,0,0,-1,-1,0,37236,0,0,30657
132105,1,0,0,60000,15000,1141,37877,0,0,30841
132107,0,0,-1,-1,-1,0,483,0,0,30842
132108,1,6,0,-1,-1,0,37882,0,0,30842
132124,1,1,0,-1,-1,0,39841,0,0,31104
132126,0,1,0,-1,-1,0,39841,0,0,31105
132128,0,0,0,-1,-1,0,29773,0,0,31300
132132,0,0,-1,-1,-1,0,55884,0,0,29960
132133,0,2,0,-1,-1,0,36041,0,0,29962
132151,0,0,-1,-1,-1,0,483,0,0,30306
132152,1,6,0,-1,-1,0,36357,0,0,30306
132153,0,0,-1,-1,-1,0,483,0,0,30307
132154,1,6,0,-1,-1,0,36358,0,0,30307
132155,0,0,-1,-1,-1,0,483,0,0,30308
132156,1,6,0,-1,-1,0,36359,0,0,30308
132157,0,0,-1,0,1000,59,11009,0,0,30309
132162,0,1,0,-1,-1,0,22778,0,0,30487
132163,0,1,0,-1,-1,0,14097,0,0,30579
132164,1,1,0,-1,-1,0,37649,0,0,30579
132165,0,1,0,300000,-1,0,37247,0,0,30663
132166,0,1,0,-1,-1,0,37336,0,0,30664
132167,1,0,0,120000,-1,0,40402,0,0,30665
132174,0,0,-1,-1,-1,0,483,0,0,30843
132175,1,6,0,-1,-1,0,37883,0,0,30843
132176,0,0,-1,-1,-1,0,483,0,0,30844
132177,1,6,0,-1,-1,0,37884,0,0,30844
132180,0,0,0,1800000,-1,0,37896,0,0,30847
132197,2,1,0,-1,-1,0,39841,0,0,31106
132200,2,1,0,-1,-1,0,39841,0,0,31107
132203,0,0,0,0,120000,1167,38119,0,0,31108
132204,1,1,0,-1,-1,0,39841,0,0,31109
132206,2,1,0,-1,-1,0,39841,0,0,31110
132216,0,0,0,0,120000,1167,38249,0,0,31310
132238,1,2,0,-1,-1,0,36479,0,0,30311
132240,1,2,0,-1,-1,0,36478,0,0,30312
132242,2,0,0,-1,-1,0,36480,0,0,30313
132245,0,0,0,30000,-1,0,36481,0,0,30314
132250,0,0,0,-1,-1,0,37285,0,0,30672
132252,0,0,-1,-1,-1,0,37898,0,0,30850
132253,0,0,0,5000,5000,0,37899,0,0,30852
132254,0,0,0,60000,-1,0,37904,0,0,30853
132255,0,0,0,60000,-1,0,37906,0,0,30854
132278,0,0,0,-1,-1,0,38273,0,0,31316
132302,1,2,0,-1,-1,0,36479,0,0,30316
132304,2,1,0,-1,-1,0,36488,0,0,30317
132307,1,1,0,-1,-1,0,36413,0,0,30318
132308,3,2,0,-1,-1,0,36482,0,0,30318
132311,0,0,-1,-1,-1,0,483,0,0,30321
132312,1,6,0,-1,-1,0,36389,0,0,30321
132319,0,0,-1,0,1000,59,11009,0,0,30499
132322,0,0,-1,30000,-1,0,11009,0,0,30858
132333,0,0,-1,-1,-1,0,38156,0,0,31121
132334,0,0,-1,-1,-1,0,38157,0,0,31122
132339,0,0,0,60000,10000,1141,40724,0,0,32654
132340,1,1,0,-1,-1,0,40723,0,0,32654
132342,0,0,-1,-1,-1,0,483,0,0,32736
132343,1,6,0,-1,-1,0,41132,0,0,32736
132344,0,0,-1,-1,-1,0,483,0,0,32737
132345,1,6,0,-1,-1,0,41133,0,0,32737
132346,0,1,0,-1,-1,0,23044,0,0,31409
132354,0,0,-1,-1,-1,0,483,0,0,31505
132356,0,0,-1,-1,-1,0,483,0,0,31506
132366,0,0,-1,-1,-1,0,483,0,0,31682
132367,1,6,0,-1,-1,0,38961,0,0,31682
132378,0,0,-1,-1,-1,0,483,0,0,31870
132379,1,6,0,-1,-1,0,28948,0,0,31870
132380,0,0,-1,-1,-1,0,483,0,0,31871
132381,1,6,0,-1,-1,0,28933,0,0,31871
132382,0,0,-1,-1,-1,0,483,0,0,31872
132383,1,6,0,-1,-1,0,28933,0,0,31872
132384,0,0,-1,-1,-1,0,483,0,0,31873
132385,1,6,0,-1,-1,0,39466,0,0,31873
132389,1,1,0,-1,-1,0,96148,0,0,31967
132400,0,1,0,-1,-1,0,33020,0,0,32139
132402,0,0,-1,-1,-1,0,483,0,0,32305
132403,1,6,0,-1,-1,0,47055,0,0,32305
132404,0,0,-1,-1,-1,0,483,0,0,32306
132405,1,6,0,-1,-1,0,39736,0,0,32306
132406,0,0,-1,-1,-1,0,483,0,0,32307
132407,1,6,0,-1,-1,0,39737,0,0,32307
132408,0,0,-1,-1,-1,0,483,0,0,32308
132409,1,6,0,-1,-1,0,39738,0,0,32308
132410,3,0,0,3000,-1,0,12883,0,0,32474
132414,4,0,0,3000,-1,0,12883,0,0,32475
132419,3,0,0,3000,-1,0,12883,0,0,32476
132423,3,0,0,3000,-1,0,12883,0,0,32478
132427,0,0,0,180000,-1,0,40530,0,0,32566
132429,0,0,0,140000,-1,0,40889,0,0,32657
132430,0,0,0,120000,20000,1141,40729,0,0,32658
132434,0,0,-1,-1,-1,0,483,0,0,32738
132435,1,6,0,-1,-1,0,41134,0,0,32738
132436,0,0,-1,-1,-1,0,483,0,0,32739
132437,1,6,0,-1,-1,0,41135,0,0,32739
132438,0,0,0,60000,60000,0,41181,0,0,32741
132452,0,0,0,60000,-1,0,38707,0,0,31606
132467,0,0,-1,-1,-1,0,483,0,0,31874
132468,1,6,0,-1,-1,0,39467,0,0,31874
132469,0,0,-1,-1,-1,0,483,0,0,31875
132470,1,6,0,-1,-1,0,31098,0,0,31875
132471,0,0,-1,-1,-1,0,483,0,0,31876
132472,1,6,0,-1,-1,0,31103,0,0,31876
132473,0,0,-1,-1,-1,0,483,0,0,31877
132474,1,6,0,-1,-1,0,31109,0,0,31877
132478,0,1,0,-1,-1,0,95677,0,0,31973
132481,1,1,0,-1,-1,0,96148,0,0,32056
132494,0,1,0,-1,-1,0,32973,0,0,32144
132501,0,0,-1,-1,-1,0,55884,0,0,32233
132503,1,0,0,600000,-1,0,47524,0,0,32235
132507,0,0,-1,-1,-1,0,483,0,0,32309
132508,1,6,0,-1,-1,0,39739,0,0,32309
132509,0,0,-1,-1,-1,0,483,0,0,32310
132510,1,6,0,-1,-1,0,39740,0,0,32310
132511,0,0,-1,-1,-1,0,483,0,0,32311
132512,1,6,0,-1,-1,0,39741,0,0,32311
132513,0,0,-1,-1,-1,0,483,0,0,32312
132514,1,6,0,-1,-1,0,39742,0,0,32312
132515,3,0,0,3000,-1,0,12883,0,0,32479
132519,4,0,0,3000,-1,0,12883,0,0,32480
132523,0,1,0,0,0,0,40389,0,0,32481
132525,1,0,0,120000,20000,1141,40396,0,0,32483
132533,0,0,-1,0,1000,59,11009,0,0,32667
132535,0,0,-1,-1,-1,0,483,0,0,32744
132536,1,6,0,-1,-1,0,41156,0,0,32744
132537,0,0,-1,-1,-1,0,483,0,0,32745
132538,1,6,0,-1,-1,0,41157,0,0,32745
132539,0,0,-1,-1,-1,0,483,0,0,32746
132540,1,6,0,-1,-1,0,41158,0,0,32746
132546,0,0,-1,-1,-1,0,38612,0,0,31517
132547,0,0,-1,1000,1000,0,38606,0,0,31518
132549,0,0,0,-1,-1,0,38736,0,0,31610
132560,0,0,-1,-1,-1,0,483,0,0,31878
132561,1,6,0,-1,-1,0,39470,0,0,31878
132562,0,0,-1,-1,-1,0,483,0,0,31879
132563,1,6,0,-1,-1,0,39471,0,0,31879
132564,0,0,0,1500,-1,0,39478,0,0,31880
132565,0,0,0,1500,-1,0,39479,0,0,31881
132566,0,0,-1,-1,-1,0,39480,0,0,31882
132567,0,0,-1,-1,-1,0,60395,0,0,31883
132568,0,0,-1,-1,-1,0,60392,0,0,31884
132575,0,0,-1,0,3000,79,39625,0,0,32062
132576,0,0,-1,0,3000,79,39626,0,0,32063
132579,0,1,0,-1,-1,0,32973,0,0,32149
132593,0,0,-1,-1,3000,330,55884,0,0,32314
132594,0,0,0,45000,-1,0,39793,0,0,32315
132595,0,0,-1,-1,3000,330,55884,0,0,32316
132596,0,0,-1,-1,3000,330,55884,0,0,32317
132597,0,0,-1,-1,3000,330,55884,0,0,32318
132598,0,0,-1,-1,3000,330,55884,0,0,32319
132599,0,1,0,300000,-1,0,40458,0,0,32485
132600,0,1,0,300000,-1,0,40442,0,0,32486
132601,0,1,0,300000,-1,0,40485,0,0,32487
132602,0,1,0,300000,-1,0,40482,0,0,32488
132603,0,1,0,300000,-1,0,40470,0,0,32489
132604,0,1,0,300000,-1,0,40438,0,0,32490
132605,0,0,-1,-1,-1,0,40548,0,0,32576
132607,0,0,-1,-1,120000,1153,41237,0,0,32578
132610,0,0,-1,0,1000,59,27089,0,0,32668
132612,0,0,-1,-1,-1,0,40757,0,0,32670
132613,1,0,-1,-1,-1,0,40752,0,0,32671
132615,0,0,-1,-1,-1,0,40744,0,0,32672
132616,1,0,-1,-1,-1,0,40749,0,0,32673
132618,1,0,-1,-1,-1,0,40756,0,0,32674
132620,0,0,-1,-1,-1,0,483,0,0,32747
132621,1,6,0,-1,-1,0,41160,0,0,32747
132622,0,0,-1,-1,-1,0,483,0,0,32748
132623,1,6,0,-1,-1,0,41161,0,0,32748
132624,0,0,-1,-1,-1,0,483,0,0,32749
132625,1,6,0,-1,-1,0,41162,0,0,32749
132626,0,0,-1,-1,-1,0,483,0,0,32750
132627,1,6,0,-1,-1,0,41163,0,0,32750
132636,0,0,-1,-1,-1,0,38614,0,0,31524
132639,1,1,0,-1,-1,0,38522,0,0,31614
132641,0,0,0,90000,15000,1141,144073,0,0,31615
132643,0,0,0,90000,15000,1141,144074,0,0,31617
132651,0,0,-1,-1,-1,0,39010,0,0,31702
132655,0,0,-1,-1,-1,0,60391,0,0,31885
132656,0,0,-1,-1,-1,0,60394,0,0,31886
132657,0,0,-1,-1,-1,0,60393,0,0,31887
132658,0,0,-1,-1,-1,0,60390,0,0,31888
132659,0,0,-1,-1,-1,0,60389,0,0,31889
132660,0,1,0,-1,-1,0,95677,0,0,31981
132665,0,0,-1,0,3000,79,39627,0,0,32067
132666,0,0,-1,0,3000,79,39628,0,0,32068
132667,0,0,0,-1,-1,0,39640,0,0,32069
132668,0,0,-1,-1,-1,0,483,0,0,32070
132669,1,6,0,-1,-1,0,39637,0,0,32070
132670,0,0,-1,-1,-1,0,483,0,0,32071
132671,1,6,0,-1,-1,0,39639,0,0,32071
132673,1,1,0,-1,-1,0,144307,0,0,32154
132680,0,0,0,-1,-1,0,39750,0,0,32244
132683,0,0,0,5000,5000,0,39810,0,0,32321
132686,0,0,0,5000,5000,0,39844,0,0,32406
132688,0,0,-1,-1,-1,0,39948,0,0,32408
132689,0,1,0,300000,-1,0,40463,0,0,32491
132690,0,1,0,300000,-1,0,40460,0,0,32492
132691,0,1,0,300000,-1,0,40478,0,0,32493
132692,4,0,0,3000,-1,0,12883,0,0,32494
132696,4,0,0,3000,-1,0,12883,0,0,32495
132700,1,1,0,-1,-1,0,37655,0,0,32496
132708,1,0,-1,-1,-1,0,40753,0,0,32675
132710,1,0,-1,-1,-1,0,40748,0,0,32676
132712,0,0,-1,-1,-1,0,40747,0,0,32677
132713,0,0,-1,0,0,0,40754,0,0,32678
132715,1,0,-1,-1,-1,0,40755,0,0,32679
132717,0,0,-1,-1,-1,0,483,0,0,32751
132718,1,6,0,-1,-1,0,41164,0,0,32751
132719,0,0,-1,-1,-1,0,483,0,0,32752
132720,1,6,0,-1,-1,0,41207,0,0,32752
132721,0,0,-1,-1,-1,0,483,0,0,32753
132722,1,6,0,-1,-1,0,41208,0,0,32753
132723,0,0,-1,-1,-1,0,483,0,0,32754
132724,1,6,0,-1,-1,0,41205,0,0,32754
132729,0,0,-1,60000,0,150,38543,0,0,31437
132732,0,1,0,-1,-1,0,23044,0,0,31620
132734,0,1,0,-1,-1,0,23044,0,0,31621
132739,0,0,0,-1,-1,0,39040,0,0,31705
132740,0,0,0,60000,60000,0,39219,0,0,31807
132741,0,0,0,30000,-1,0,39224,0,0,31808
132742,0,0,1,-1,-1,0,39226,0,0,31809
132743,0,0,-1,-1,-1,0,39481,0,0,31892
132744,0,0,-1,-1,-1,0,60421,0,0,31893
132745,0,0,-1,-1,-1,0,60418,0,0,31894
132746,0,0,-1,-1,-1,0,60417,0,0,31895
132747,0,0,-1,-1,-1,0,60420,0,0,31896
132750,1,1,0,-1,-1,0,96148,0,0,31987
132763,1,1,0,-1,-1,0,144307,0,0,32159
132775,0,0,-1,-1,-1,0,483,0,0,32411
132776,1,6,0,-1,-1,0,39963,0,0,32411
132777,0,0,-1,-1,-1,0,483,0,0,32412
132778,1,6,0,-1,-1,0,39961,0,0,32412
132779,0,0,-1,0,60000,24,39965,0,0,32413
132782,0,0,0,-1,-1,0,55884,0,0,32498
132783,2,1,0,-1,-1,0,40971,0,0,32500
132786,1,0,0,180000,-1,0,40464,0,0,32501
132788,0,0,-1,-1,-1,0,55884,0,0,32588
132793,0,0,0,0,5000,1170,40742,0,0,32680
132794,0,0,-1,-1,-1,0,40766,0,0,32681
132795,0,0,-1,-1,-1,0,40767,0,0,32682
132796,0,0,-1,-1,-1,0,40765,0,0,32683
132797,0,0,-1,-1,-1,0,40764,0,0,32684
132798,0,0,-1,0,1000,11,35270,0,0,32685
132799,0,0,-1,-1,-1,0,483,0,0,32755
132800,1,6,0,-1,-1,0,41206,0,0,32755
132801,0,0,0,900000,-1,0,41234,0,0,32757
132802,0,0,-1,-1,-1,0,41233,0,0,32758
132810,0,0,-1,0,-1,0,38615,0,0,31535
132811,0,0,-1,-1,-1,0,38746,0,0,31536
132824,0,0,0,0,15000,1167,39238,0,0,31810
132825,0,0,0,-1,-1,0,39239,0,0,31811
132826,0,0,-1,-1,-1,0,60419,0,0,31898
132827,0,0,-1,-1,-1,0,60416,0,0,31899
132828,0,0,-1,-1,-1,0,60415,0,0,31900
132829,0,0,-1,-1,-1,0,39483,0,0,31901
132830,0,0,-1,-1,-1,0,60404,0,0,31902
132831,0,0,-1,-1,-1,0,60400,0,0,31903
132832,0,0,-1,-1,-1,0,60399,0,0,31904
132836,1,1,0,-1,-1,0,38522,0,0,31993
132838,0,0,0,-1,-1,0,39629,0,0,31994
132841,0,0,-1,-1,-1,0,39677,0,0,32079
132844,0,1,0,-1,-1,0,22778,0,0,32164
132854,0,0,0,0,10000,1167,40468,0,0,32503
132855,1,1,0,0,-1,0,40475,0,0,32505
132858,0,0,-1,-1,-1,0,40558,0,0,32594
132859,0,0,-1,0,3000,79,40568,0,0,32596
132860,0,0,-1,0,3000,79,40575,0,0,32597
132861,0,0,-1,0,3000,79,40572,0,0,32598
132862,0,0,-1,0,1000,11,40768,0,0,32686
132863,0,0,-1,0,60000,4,28499,0,0,32762
132864,0,0,-1,0,60000,4,28495,0,0,32763
132865,0,0,-1,0,3000,79,28518,0,0,32764
132875,0,0,-1,0,3000,79,38551,0,0,31449
132884,1,1,0,-1,-1,0,23300,0,0,31631
132893,0,0,0,1500,-1,0,39242,0,0,31815
132898,0,0,-1,-1,-1,0,60402,0,0,31905
132899,0,0,-1,-1,-1,0,60401,0,0,31906
132900,0,0,-1,-1,-1,0,60398,0,0,31908
132901,0,0,-1,-1,-1,0,60397,0,0,31909
132902,0,0,-1,-1,-1,0,39484,0,0,31910
132903,0,0,-1,-1,-1,0,60414,0,0,31911
132906,1,1,0,-1,-1,0,61249,0,0,31998
132916,1,1,0,-1,-1,0,144307,0,0,32169
132921,1,2,0,-1,-1,0,40291,0,0,32262
132930,0,0,-1,0,1000,59,39980,0,0,32424
132931,0,0,-1,-1,-1,24,40309,0,0,32426
132935,0,0,-1,0,3000,79,40567,0,0,32599
132936,0,0,-1,0,3000,79,40573,0,0,32600
132937,0,0,-1,0,3000,79,40576,0,0,32601
132938,0,0,-1,-1,-1,24,40309,0,0,32602
132939,0,0,-1,0,3000,79,28520,0,0,32765
132940,0,0,-1,0,3000,79,28519,0,0,32766
132941,0,0,-1,0,3000,79,17628,0,0,32767
132942,0,0,-1,-1,3000,330,55884,0,0,32768
132943,0,0,-1,0,3000,79,38552,0,0,31450
132944,0,0,-1,0,3000,1153,38553,0,0,31451
132955,1,1,0,-1,-1,0,23300,0,0,31636
132970,0,0,0,0,15000,1167,39246,0,0,31825
132971,0,0,-1,-1,-1,0,60411,0,0,31912
132972,0,0,-1,-1,-1,0,60410,0,0,31913
132973,0,0,-1,-1,-1,0,60413,0,0,31915
132974,0,0,-1,-1,-1,0,60412,0,0,31916
132975,0,0,-1,-1,-1,0,60409,0,0,31917
132980,0,1,0,-1,-1,0,33020,0,0,32005
132983,0,0,0,-1,-1,0,39677,0,0,32092
132984,0,1,0,-1,-1,0,33063,0,0,32093
133002,0,0,-1,-1,-1,0,483,0,0,32429
133003,1,6,0,-1,-1,0,39997,0,0,32429
133004,0,0,-1,-1,-1,0,483,0,0,32430
133005,1,6,0,-1,-1,0,52733,0,0,32430
133006,0,0,-1,-1,-1,0,483,0,0,32431
133007,1,6,0,-1,-1,0,40001,0,0,32431
133008,0,0,-1,-1,-1,0,483,0,0,32432
133009,1,6,0,-1,-1,0,40002,0,0,32432
133016,0,0,0,600000,600000,1183,40811,0,0,32694
133017,0,0,0,600000,600000,1183,40815,0,0,32695
133018,0,0,0,60000,60000,0,40817,0,0,32696
133019,0,0,0,-1,-1,0,40856,0,0,32698
133020,0,1,0,-1,-1,0,41260,0,0,32770
133021,0,1,0,-1,-1,0,41262,0,0,32771
133023,0,0,-1,-1,-1,0,41267,0,0,32773
133025,0,0,-1,60000,-1,1153,41273,0,0,32775
133035,0,1,0,-1,-1,0,32973,0,0,31641
133048,0,0,0,30000,-1,0,39264,0,0,31827
133049,0,0,0,15000,-1,0,39371,0,0,31828
133050,0,0,-1,-1,3000,330,55884,0,0,31829
133051,0,0,-1,-1,3000,330,55884,0,0,31830
133052,0,0,-1,-1,3000,330,55884,0,0,31831
133053,0,0,-1,-1,3000,330,55884,0,0,31832
133054,0,0,-1,-1,-1,0,60408,0,0,31918
133063,0,1,0,-1,-1,0,32973,0,0,32010
133087,0,0,-1,-1,-1,0,483,0,0,32433
133088,1,6,0,-1,-1,0,40003,0,0,32433
133089,0,0,-1,-1,-1,0,483,0,0,32434
133090,1,6,0,-1,-1,0,40004,0,0,32434
133091,0,0,-1,-1,-1,0,483,0,0,32435
133092,1,6,0,-1,-1,0,40005,0,0,32435
133093,0,0,-1,-1,-1,0,483,0,0,32436
133094,1,6,0,-1,-1,0,40006,0,0,32436
133102,0,0,0,1000,-1,0,38554,0,0,31463
133108,0,1,0,-1,-1,0,32973,0,0,31647
133113,0,0,-1,-1,-1,0,39094,0,0,31736
133114,0,0,0,30000,-1,0,36374,0,0,31739
133115,0,0,-1,-1,3000,330,55884,0,0,31833
133116,0,0,-1,-1,3000,330,55884,0,0,31834
133117,0,0,-1,-1,3000,330,55884,0,0,31835
133118,0,0,-1,-1,3000,330,55884,0,0,31836
133126,0,1,0,-1,-1,0,23044,0,0,32015
133129,0,1,0,-1,-1,0,23044,0,0,32100
133133,0,1,0,-1,-1,0,23044,0,0,32103
133140,0,0,-1,-1,-1,0,483,0,0,32274
133141,1,6,0,-1,-1,0,39705,0,0,32274
133144,0,0,-1,-1,-1,0,483,0,0,32277
133145,1,6,0,-1,-1,0,39706,0,0,32277
133154,0,0,-1,-1,-1,0,483,0,0,32437
133155,1,6,0,-1,-1,0,40020,0,0,32437
133156,0,0,-1,-1,-1,0,483,0,0,32438
133157,1,6,0,-1,-1,0,40021,0,0,32438
133158,0,0,-1,-1,-1,0,483,0,0,32439
133159,1,6,0,-1,-1,0,40023,0,0,32439
133160,0,0,-1,-1,-1,0,483,0,0,32440
133161,1,6,0,-1,-1,0,40024,0,0,32440
133168,0,0,-1,-1,-1,0,55884,0,0,32616
133169,0,0,-1,-1,-1,0,55884,0,0,32617
133170,0,0,-1,-1,-1,24,40309,0,0,32618
133171,1,1,0,-1,-1,0,96148,0,0,31375
133188,0,0,0,0,10000,1167,38762,0,0,31652
133189,0,0,0,-1,-1,0,39105,0,0,31742
133190,0,1,0,-1,-1,0,37651,0,0,31745
133192,0,0,-1,0,60000,4,17534,0,0,31838
133193,0,0,-1,0,60000,4,17534,0,0,31839
133194,0,0,-1,0,60000,4,17531,0,0,31840
133195,0,0,-1,0,60000,4,17531,0,0,31841
133202,1,1,0,-1,-1,0,38522,0,0,32021
133212,0,0,-1,-1,-1,0,483,0,0,32281
133213,1,6,0,-1,-1,0,39711,0,0,32281
133214,0,0,-1,-1,-1,0,483,0,0,32282
133215,1,6,0,-1,-1,0,39711,0,0,32282
133216,0,0,-1,-1,-1,0,483,0,0,32283
133217,1,6,0,-1,-1,0,39706,0,0,32283
133219,0,0,-1,-1,-1,0,483,0,0,32441
133220,1,6,0,-1,-1,0,40033,0,0,32441
133221,0,0,-1,-1,-1,0,483,0,0,32442
133222,1,6,0,-1,-1,0,40034,0,0,32442
133223,0,0,-1,-1,-1,0,483,0,0,32443
133224,1,6,0,-1,-1,0,40035,0,0,32443
133225,0,0,-1,-1,-1,0,483,0,0,32444
133226,1,6,0,-1,-1,0,40036,0,0,32444
133231,0,0,0,300000,0,0,40538,0,0,32534
133233,0,0,-1,-1,-1,0,55884,0,0,32622
133237,0,0,0,-1,-1,0,38482,0,0,31386
133246,0,0,-1,-1,-1,0,38779,0,0,31655
133252,0,0,0,30000,-1,0,39220,0,0,31752
133253,0,0,-1,0,0,0,39403,0,0,31842
133254,0,0,-1,0,0,0,39404,0,0,31843
133255,0,0,-1,0,0,0,39405,0,0,31844
133256,0,0,-1,0,0,0,39406,0,0,31845
133257,0,0,-1,0,0,0,39407,0,0,31846
133258,0,0,-1,0,0,0,39408,0,0,31847
133264,0,1,0,-1,-1,0,33066,0,0,32110
133268,1,1,0,-1,-1,0,96148,0,0,32113
133272,0,0,-1,-1,-1,0,483,0,0,32284
133273,1,6,0,-1,-1,0,39713,0,0,32284
133274,0,0,-1,-1,-1,0,483,0,0,32285
133275,1,6,0,-1,-1,0,39714,0,0,32285
133276,0,0,-1,-1,-1,0,483,0,0,32286
133277,1,6,0,-1,-1,0,39715,0,0,32286
133278,0,0,-1,-1,-1,0,483,0,0,32287
133279,1,6,0,-1,-1,0,39716,0,0,32287
133283,0,0,-1,-1,-1,0,37678,0,0,32446
133284,0,0,-1,-1,-1,0,483,0,0,32447
133285,1,6,0,-1,-1,0,40060,0,0,32447
133286,0,0,0,-1,-1,0,40098,0,0,32449
133289,1,0,0,1800000,-1,0,12438,0,0,32538
133291,1,0,0,1800000,-1,0,12438,0,0,32539
133295,0,0,-1,-1,-1,0,483,0,0,31390
133296,1,6,0,-1,-1,0,38473,0,0,31390
133297,0,0,-1,-1,-1,0,483,0,0,31391
133298,1,6,0,-1,-1,0,38475,0,0,31391
133307,0,0,-5,5000,5000,0,38780,0,0,31663
133308,0,0,-1,-1,-1,0,38790,0,0,31664
133309,0,0,-1,-1,-1,0,55884,0,0,31665
133310,0,0,-1,1000,-1,0,39161,0,0,31754
133314,0,0,-1,0,0,0,39410,0,0,31848
133315,0,0,-1,0,0,0,39411,0,0,31849
133316,0,1,0,-1,-1,0,39421,0,0,31850
133318,0,0,-1,0,60000,4,17534,0,0,31852
133319,0,0,-1,0,60000,4,17534,0,0,31853
133320,0,0,0,60000,0,0,39527,0,0,31946
133324,0,1,0,-1,-1,0,38501,0,0,32030
133333,1,1,0,-1,-1,0,96148,0,0,32118
133339,0,0,-1,-1,-1,0,483,0,0,32288
133340,1,6,0,-1,-1,0,39716,0,0,32288
133341,0,0,-1,-1,-1,0,483,0,0,32289
133342,1,6,0,-1,-1,0,39718,0,0,32289
133343,0,0,-1,-1,-1,0,483,0,0,32290
133344,1,6,0,-1,-1,0,39711,0,0,32290
133345,0,0,-1,-1,-1,0,483,0,0,32291
133346,1,6,0,-1,-1,0,39720,0,0,32291
133353,0,0,-1,0,1000,59,27089,0,0,32453
133354,0,0,-1,0,1000,59,22734,0,0,32455
133355,0,0,0,5000,-1,0,40160,0,0,32456
133356,0,0,0,30000,-1,0,40527,0,0,32542
133358,0,0,-1,0,1000,11,41030,0,0,32721
133359,0,0,-1,0,1000,11,41031,0,0,32722
133360,0,0,-1,-1,-1,0,483,0,0,31392
133361,1,6,0,-1,-1,0,38476,0,0,31392
133362,0,0,-1,-1,-1,0,483,0,0,31393
133363,1,6,0,-1,-1,0,38477,0,0,31393
133364,0,0,-1,-1,-1,0,483,0,0,31394
133365,1,6,0,-1,-1,0,38478,0,0,31394
133366,0,0,-1,-1,-1,0,483,0,0,31395
133367,1,6,0,-1,-1,0,38479,0,0,31395
133375,1,1,0,-1,-1,0,96148,0,0,31584
133380,0,0,-10,30000,-1,0,45257,0,0,31666
133381,0,0,0,-1,-1,611,22578,0,0,31667
133382,0,0,0,5000,5000,0,38862,0,0,31668
133383,0,0,-1,-1,-1,0,55884,0,0,31760
133386,0,0,0,120000,120000,0,38782,0,0,31763
133390,0,0,-1,0,60000,4,17531,0,0,31854
133391,0,0,-1,0,60000,4,17531,0,0,31855
133392,0,1,0,-1,-1,0,39438,0,0,31856
133393,1,1,0,-1,-1,0,39440,0,0,31856
133394,0,1,0,-1,-1,0,39442,0,0,31857
133395,0,1,0,-1,-1,0,39444,0,0,31858
133396,0,1,0,-1,-1,0,23044,0,0,32034
133408,1,1,0,-1,-1,0,61249,0,0,32124
133411,0,0,-1,-1,-1,0,483,0,0,32292
133412,1,6,0,-1,-1,0,39721,0,0,32292
133413,0,0,-1,-1,-1,0,483,0,0,32293
133414,1,6,0,-1,-1,0,39720,0,0,32293
133415,0,0,-1,-1,-1,0,483,0,0,32294
133416,1,6,0,-1,-1,0,39713,0,0,32294
133417,0,0,-1,-1,-1,0,483,0,0,32295
133418,1,6,0,-1,-1,0,39724,0,0,32295
133419,0,0,-1,-1,-1,0,483,0,0,32296
133420,1,6,0,-1,-1,0,39721,0,0,32296
133422,0,1,0,-1,-1,0,40407,0,0,32375
133425,0,0,0,-1,-1,0,40164,0,0,32457
133426,0,0,-1,-1,3000,330,55884,0,0,32458
133429,2,0,0,3000,-1,0,12883,0,0,32461
133430,0,1,0,-1,-1,0,38501,0,0,31397
133433,0,0,-1,-1,-1,0,483,0,0,31401
133434,1,6,0,-1,-1,0,38503,0,0,31401
133440,0,0,-1,-1,-1,0,38613,0,0,31495
133447,1,1,0,-1,-1,0,96148,0,0,31589
133454,0,0,-1,0,1000,11,35271,0,0,31672
133455,0,0,-1,0,1000,11,33264,0,0,31673
133456,0,0,-1,-1,-1,0,483,0,0,31674
133457,1,6,0,-1,-1,0,38868,0,0,31674
133458,0,0,-1,-1,-1,0,483,0,0,31675
133459,1,6,0,-1,-1,0,38867,0,0,31675
133460,0,0,-1,0,60000,4,38908,0,0,31676
133462,0,0,-1,-1,-1,0,3366,0,0,31767
133464,0,0,0,-1,-1,0,39189,0,0,31769
133466,0,0,0,60000,-1,0,39183,0,0,31772
133467,0,1,0,-1,-1,0,39446,0,0,31859
133469,1,1,0,-1,-1,0,144311,0,0,32040
133473,1,1,0,-1,-1,0,96148,0,0,32128
133482,0,0,-1,-1,-1,0,483,0,0,32297
133483,1,6,0,-1,-1,0,39727,0,0,32297
133484,0,0,-1,-1,-1,0,483,0,0,32298
133485,1,6,0,-1,-1,0,39728,0,0,32298
133486,0,0,-1,-1,-1,0,483,0,0,32299
133487,1,6,0,-1,-1,0,39728,0,0,32299
133488,0,0,-1,-1,-1,0,483,0,0,32300
133489,1,6,0,-1,-1,0,39736,0,0,32300
133490,0,0,-1,-1,-1,0,483,0,0,32381
133491,1,6,0,-1,-1,0,39895,0,0,32381
133492,0,0,0,-1,-1,0,55884,0,0,32465
133493,0,0,0,30000,-1,0,40328,0,0,32467
133494,0,0,-1,-1,-1,0,483,0,0,31402
133495,1,6,0,-1,-1,0,38504,0,0,31402
133496,0,0,3,1000,1000,0,38510,0,0,31403
133513,0,0,-1,0,60000,4,38929,0,0,31677
133514,0,0,0,45000,45000,0,38915,0,0,31678
133515,0,0,-1,0,3000,79,38954,0,0,31679
133516,0,0,-1,-1,-1,0,483,0,0,31680
133517,1,6,0,-1,-1,0,38960,0,0,31680
133518,0,0,-1,-1,-1,0,483,0,0,31681
133519,1,6,0,-1,-1,0,38962,0,0,31681
133521,1,1,0,-1,-1,0,28539,0,0,31961
133528,0,1,0,-1,-1,0,33066,0,0,32049
133534,1,1,0,-1,-1,0,28539,0,0,32134
133538,0,0,-1,-1,-1,0,483,0,0,32301
133539,1,6,0,-1,-1,0,39731,0,0,32301
133540,0,0,-1,-1,-1,0,483,0,0,32302
133541,1,6,0,-1,-1,0,39741,0,0,32302
133542,0,0,-1,-1,-1,0,483,0,0,32303
133543,1,6,0,-1,-1,0,39733,0,0,32303
133544,0,0,-1,-1,-1,0,483,0,0,32304
133545,1,6,0,-1,-1,0,39734,0,0,32304
133548,1,2,0,-1,-1,0,40393,0,0,32471
133550,3,0,0,3000,-1,0,12883,0,0,32472
133556,2,0,0,3000,-1,0,12883,0,0,32473
133557,0,0,-1,0,1000,11,40543,0,0,32563
133558,0,0,0,-1,-1,0,28226,0,0,32646
133569,0,0,0,-1,-1,0,45191,0,0,34533
133572,0,0,-1,0,60000,4,41617,0,0,32903
133573,0,0,-1,0,60000,4,41619,0,0,32904
133574,0,0,-1,0,60000,4,41620,0,0,32905
133575,0,0,12,5000,5000,0,41621,0,0,32907
133582,0,0,0,1500,0,0,42365,0,0,33079
133583,0,0,-1,1000,-1,0,42383,0,0,33081
133584,0,0,-1,-1,-1,0,42390,0,0,33082
133585,0,0,-1,10000,-1,0,42391,0,0,33083
133594,0,0,0,0,3000,330,42929,0,0,33302
133608,1,1,0,-1,-1,0,61249,0,0,33700
133614,0,5,0,-1,-1,0,44066,0,0,33797
133627,0,0,-1,-1,3000,330,55884,0,0,33977
133628,0,0,-1,-1,-1,0,483,0,0,34109
133629,1,6,0,-1,-1,0,43308,0,0,34109
133631,0,0,-1,0,600000,1193,44389,0,0,34113
133632,0,0,-1,-1,-1,0,483,0,0,34114
133633,1,6,0,-1,-1,0,44391,0,0,34114
133634,0,0,-1,-1,3000,330,55884,0,0,34129
133635,0,0,-1,0,3000,79,44467,0,0,34130
133640,0,0,-1,-1,-1,0,44856,0,0,34248
133651,0,0,-1,0,60000,4,45051,0,0,34440
133653,0,0,-1,-1,-1,0,55884,0,0,34535
133654,0,0,-1,0,3000,79,45373,0,0,34537
133655,0,0,-5,1000,-1,0,45395,0,0,34538
133656,0,0,-5,1000,-1,0,45397,0,0,34539
133662,0,0,0,0,10000,1167,41291,0,0,32825
133663,0,0,-1,0,60000,4,41304,0,0,32909
133664,0,0,-1,0,60000,4,41306,0,0,32910
133666,0,0,0,-1,-1,0,41920,0,0,32912
133673,0,0,-1,-1,-1,0,42169,0,0,33001
133674,0,0,0,1500,-1,0,42411,0,0,33088
133676,0,0,0,1500,-1,0,42418,0,0,33091
133677,0,0,-1,0,60000,4,67486,0,0,33092
133678,0,0,-1,0,60000,4,67487,0,0,33093
133679,0,0,-1,-1,-1,0,483,0,0,33305
133680,1,6,0,-1,-1,0,42558,0,0,33305
133681,0,0,0,-1,-1,0,42924,0,0,33306
133682,0,0,-1,-1,-1,0,483,0,0,33307
133683,1,6,0,-1,-1,0,42974,0,0,33307
133700,0,1,0,-1,-1,0,32973,0,0,33707
133708,0,0,0,30000,-1,0,43873,0,0,33808
133714,0,0,0,3600000,1000,59,44540,0,0,34140
133715,0,0,0,-1,3000,330,44655,0,0,34150
133716,0,0,0,1000,-1,0,44171,0,0,34151
133717,0,0,0,1000,-1,0,44170,0,0,34152
133718,0,0,0,1000,-1,0,44168,0,0,34153
133719,0,0,0,1000,-1,0,44169,0,0,34154
133720,0,0,0,-1,-1,0,44817,0,0,34250
133721,0,0,0,-1,-1,0,44012,0,0,34251
133722,0,0,0,5000,-1,0,44752,0,0,34252
133723,0,0,0,1500,-1,0,44879,0,0,34253
133724,0,0,-1,-1,-1,24,44881,0,0,34255
133748,0,0,0,-1,-1,59,41921,0,0,32915
133749,0,0,0,-1,-1,0,41943,0,0,32917
133750,0,0,0,-1,-1,0,41944,0,0,32918
133751,0,0,0,-1,-1,0,41945,0,0,32919
133752,1,0,0,120000,20000,1141,18061,0,0,33003
133754,0,0,-1,0,1000,11,64056,0,0,33004
133756,0,0,0,60000,-1,0,42425,0,0,33095
133757,0,0,-1,0,-1,0,42436,0,0,33096
133758,1,5,-1,-1,-1,0,42533,0,0,33096
133759,0,0,0,1500,-1,0,42452,0,0,33101
133762,0,0,-1,0,0,0,43005,0,0,33315
133778,0,1,0,-1,-1,0,32973,0,0,33712
133781,0,0,-1,-1,3000,330,55884,0,0,33809
133785,0,0,0,1000,-1,0,44173,0,0,34155
133786,0,1,0,-1,-1,0,44683,0,0,34158
133787,0,1,0,-1,-1,0,44684,0,0,34159
133788,0,0,0,5000,-1,0,44937,0,0,34257
133789,0,0,-1,1000,-1,0,45153,0,0,34258
133790,0,0,-1,-1,-1,0,483,0,0,34261
133791,1,6,0,-1,-1,0,44950,0,0,34261
133792,0,0,-1,-1,-1,0,483,0,0,34262
133793,1,6,0,-1,-1,0,44953,0,0,34262
133796,3,0,0,3000,-1,0,12883,0,0,34353
133802,2,0,0,3000,-1,0,12883,0,0,34354
133803,3,0,0,3000,-1,0,12883,0,0,34355
133807,3,0,0,3000,-1,0,12883,0,0,34356
133815,0,0,0,1500,-1,0,41423,0,0,32834
133816,0,0,0,-1,-1,0,41946,0,0,32920
133817,0,0,0,5000,-1,0,41921,0,0,32921
133818,0,0,-1,-1,-1,0,42222,0,0,33009
133819,0,0,-1,-1,-1,0,483,0,0,33205
133820,1,6,0,-1,-1,0,42731,0,0,33205
133846,0,1,0,-1,-1,0,44297,0,0,33717
133849,0,0,-1,-1,-1,0,55884,0,0,33816
133851,0,0,-1,-1,-1,0,55884,0,0,33818
133852,0,1,0,0,0,0,7823,0,0,33820
133853,1,0,0,600000,-1,0,43699,0,0,33820
133859,0,0,-1,-1,-1,0,55884,0,0,33993
133863,0,0,0,-1,-1,0,44740,0,0,34161
133864,1,0,0,180000,180000,1190,44055,0,0,34162
133865,1,0,0,180000,180000,1190,44055,0,0,34163
133871,2,0,0,3000,-1,0,12883,0,0,34357
133885,0,0,-1,0,0,0,41443,0,0,32839
133886,0,0,-1,0,60000,4,28536,0,0,32840
133887,0,0,0,-1,-1,0,41920,0,0,33016
133888,0,0,0,-1,-1,0,41921,0,0,33017
133889,0,0,0,5000,-1,0,41943,0,0,33018
133890,0,0,0,6000,-1,0,42489,0,0,33108
133891,0,0,0,120000,-1,0,42521,0,0,33113
133898,0,5,-1,-1,-1,0,42775,0,0,33217
133899,1,0,0,-1,-1,0,42775,0,0,33217
133915,1,1,0,-1,-1,0,38522,0,0,33723
133919,0,0,-1,0,1000,11,43706,0,0,33825
133927,0,0,-1,-1,3000,330,55884,0,0,33999
133949,0,0,-1,0,60000,4,28513,0,0,32844
133950,0,0,-1,0,60000,4,28537,0,0,32845
133951,0,0,-1,0,60000,4,28511,0,0,32846
133952,0,0,-1,0,60000,4,28512,0,0,32847
133953,0,0,0,5000,-1,0,41944,0,0,33019
133954,0,0,0,5000,-1,0,41945,0,0,33020
133955,0,0,0,5000,-1,0,41946,0,0,33021
133957,0,0,-1,0,1000,11,10256,0,0,33023
133958,0,0,-1,-1,-1,0,483,0,0,33124
133959,1,6,0,-1,-1,0,42546,0,0,33124
133960,0,0,-1,0,1000,11,42760,0,0,33218
133961,0,0,0,1800000,-1,0,42753,0,0,33219
133963,0,0,0,300000,-1,0,42766,0,0,33223
133964,0,0,-1,-1,3000,330,55884,0,0,33224
133965,0,0,-1,-1,3000,330,55884,0,0,33225
133981,0,1,0,-1,-1,0,22778,0,0,33729
133982,1,0,0,120000,20000,1141,43710,0,0,33828
133984,1,0,0,120000,20000,1141,43712,0,0,33829
133986,0,0,0,120000,-1,0,43713,0,0,33830
133987,1,0,0,120000,20000,1141,43716,0,0,33831
133992,0,0,-1,-1,-1,0,483,0,0,34172
133993,1,6,0,-1,-1,0,35544,0,0,34172
133994,0,0,-1,-1,-1,0,483,0,0,34173
133995,1,6,0,-1,-1,0,35544,0,0,34173
133996,0,0,-1,-1,-1,0,483,0,0,34174
133997,1,6,0,-1,-1,0,35539,0,0,34174
133998,0,0,-1,-1,-1,0,483,0,0,34175
133999,1,6,0,-1,-1,0,35539,0,0,34175
134001,0,0,0,2000,2000,0,44997,0,0,34368
134009,0,1,0,-1,-1,0,45054,0,0,34470
134011,0,1,0,-1,-1,0,45059,0,0,34471
134012,1,0,0,120000,-1,0,45064,0,0,34471
134014,0,1,0,-1,-1,0,45354,0,0,34472
134015,0,1,0,-1,-1,0,45057,0,0,34473
134016,0,0,0,1000,0,1170,45072,0,0,34475
134023,0,0,-1,0,0,0,41494,0,0,32849
134024,0,0,-1,0,0,0,41495,0,0,32850
134025,0,0,-1,0,0,0,41497,0,0,32851
134026,0,0,-1,0,0,0,41498,0,0,32852
134029,0,0,-1,0,1000,11,10257,0,0,33024
134030,0,0,-1,0,1000,11,33253,0,0,33025
134031,0,0,-1,0,1000,11,35271,0,0,33026
134032,0,7,0,-1,-1,0,42336,0,0,33027
134033,0,0,-1,0,1000,59,44109,0,0,33028
134034,0,0,-1,0,1000,59,44110,0,0,33029
134036,0,0,-1,1500,-1,0,44436,0,0,33226
134037,0,0,0,1000,-1,0,43210,0,0,33442
134056,1,0,0,180000,180000,1190,44055,0,0,33832
134069,0,1,0,-1,-1,0,43944,0,0,34008
134085,0,0,-1,-1,-1,0,45137,0,0,34477
134086,0,0,-1,-1,-1,0,55884,0,0,34478
134087,0,0,0,180000,-1,0,45094,0,0,34480
134088,0,0,-1,-1,-1,0,483,0,0,34481
134089,1,6,0,-1,-1,0,45061,0,0,34481
134096,1,0,0,180000,180000,1190,44055,0,0,34576
134098,0,0,-1,-1,3000,330,55884,0,0,32857
134099,0,0,-1,-1,3000,330,55884,0,0,32858
134100,0,0,-1,-1,3000,330,55884,0,0,32859
134105,0,0,-1,0,1000,59,44107,0,0,33030
134106,0,0,-1,0,1000,59,44111,0,0,33031
134107,0,0,-1,0,1000,59,44112,0,0,33032
134108,0,0,-1,0,1000,59,44113,0,0,33033
134109,0,0,-1,0,1000,59,44114,0,0,33034
134110,0,0,-1,0,1000,59,43154,0,0,33234
134111,0,0,-1,0,1000,59,34291,0,0,33236
134125,0,1,0,-1,-1,0,32973,0,0,33739
134130,0,0,-1,-1,-1,0,43718,0,0,33837
134135,0,0,-1,-1,-1,11,43777,0,0,33924
134136,0,0,-1,-1,-1,0,483,0,0,33925
134137,1,6,0,-1,-1,0,43779,0,0,33925
134142,0,0,-1,0,1000,59,44107,0,0,34017
134143,0,0,-1,0,1000,59,44109,0,0,34018
134144,0,0,-1,0,1000,59,44110,0,0,34019
134162,0,0,-1,-1,-1,0,45109,0,0,34483
134163,1,0,0,180000,180000,1190,44055,0,0,34577
134164,1,0,0,180000,180000,1190,44055,0,0,34578
134166,1,0,0,180000,180000,1190,44055,0,0,34579
134168,1,0,0,180000,180000,1190,44055,0,0,34580
134170,0,0,-1,-1,3000,330,55884,0,0,32860
134171,0,0,-1,-1,3000,330,55884,0,0,32861
134172,0,0,-1,-1,3000,330,55884,0,0,32862
134173,0,1,0,0,0,0,48776,0,0,32863
134174,0,0,0,600000,600000,1183,40815,0,0,32864
134177,0,0,-1,0,60000,4,28495,0,0,32947
134178,0,0,-1,0,60000,4,28499,0,0,32948
134179,0,0,-1,0,1000,59,44115,0,0,33035
134180,0,0,-1,0,1000,59,44116,0,0,33036
134181,0,0,-1,0,1000,11,27094,0,0,33246
134188,0,0,-1,-1,-1,0,483,0,0,33622
134189,1,6,0,-1,-1,0,39961,0,0,33622
134193,0,1,0,-1,-1,0,44297,0,0,33744
134200,0,0,0,1800000,-1,0,43808,0,0,33927
134201,0,0,-1,0,1000,59,11009,0,0,33929
134202,0,0,-1,0,0,0,43816,0,0,33930
134203,0,0,-1,0,0,0,43818,0,0,33931
134204,0,0,-1,0,1000,59,44111,0,0,34020
134205,0,0,-1,0,1000,59,44112,0,0,34021
134206,0,0,-1,0,1000,59,44113,0,0,34022
134207,0,0,0,600000,60000,94,43995,0,0,34029
134210,0,0,-1,30000,-1,0,44755,0,0,34191
134224,0,0,0,1000,0,1170,45115,0,0,34489
134225,0,0,-1,-1,-1,0,483,0,0,34491
134226,1,6,0,-1,-1,0,45117,0,0,34491
134227,0,0,-1,-1,-1,0,55884,0,0,34492
134234,0,0,-1,0,0,0,42012,0,0,32952
134235,0,1,0,-1,-1,0,42275,0,0,33040
134236,0,0,-1,0,1000,59,27089,0,0,33042
134237,0,0,-1,0,1000,11,5004,0,0,33043
134238,0,0,0,10000,-1,0,42287,0,0,33044
134258,1,1,0,-1,-1,0,44300,0,0,33750
134259,0,0,-1,-1,-1,0,43724,0,0,33851
134260,0,0,-1,0,0,0,43820,0,0,33932
134261,0,0,-1,0,0,0,43822,0,0,33933
134262,0,0,-1,0,60000,4,28495,0,0,33934
134263,0,0,-1,0,60000,4,28499,0,0,33935
134267,0,5,0,-1,-1,0,44021,0,0,34044
134285,0,0,-1,-1,-1,0,55884,0,0,34493
134286,0,0,-1,1000,-1,0,45129,0,0,34494
134288,0,0,0,30000,-1,0,45136,0,0,34496
134289,0,0,-1,-1,-1,0,45133,0,0,34497
134290,0,0,-5,5000,-1,0,45131,0,0,34498
134292,0,0,0,1800000,0,0,41301,0,0,32782
134293,0,0,-1,0,60000,4,41304,0,0,32783
134294,0,0,-1,0,60000,4,41306,0,0,32784
134299,0,0,15,5000,5000,0,41985,0,0,32960
134303,0,0,0,120000,120000,1182,42292,0,0,33046
134304,0,1,0,-1,-1,0,42156,0,0,33047
134305,0,0,-1,0,1000,11,35270,0,0,33048
134306,0,0,-1,-1,-1,0,483,0,0,33148
134307,1,6,0,-1,-1,0,25086,0,0,33148
134308,0,0,-1,-1,-1,0,483,0,0,33149
134309,1,6,0,-1,-1,0,25083,0,0,33149
134310,0,0,-1,-1,-1,0,483,0,0,33150
134311,1,6,0,-1,-1,0,25084,0,0,33150
134312,0,0,-1,0,1000,11,35270,0,0,33254
134324,1,1,0,-1,-1,0,28539,0,0,33665
134339,0,0,0,-1,-1,0,43723,0,0,33852
134348,0,0,0,5000,-1,0,44010,0,0,34046
134349,0,0,0,12000,-1,0,44029,0,0,34047
134350,0,0,0,-1,-1,0,44083,0,0,34048
134351,1,0,0,180000,180000,1190,44055,0,0,34049
134353,1,0,0,180000,180000,1190,44055,0,0,34050
134369,0,0,0,30000,-1,0,45135,0,0,34499
134370,0,0,-1,-1,-1,0,45149,0,0,34500
134379,0,0,0,500,-1,0,42118,0,0,32965
134380,0,0,0,500,-1,0,42132,0,0,32966
134381,0,0,0,500,-1,0,42114,0,0,32967
134382,0,0,-1,-1,-1,0,42301,0,0,33050
134383,0,0,-1,0,1000,11,33258,0,0,33052
134384,0,0,-1,0,1000,11,42309,0,0,33053
134387,0,0,-1,-1,-1,0,483,0,0,33151
134388,1,6,0,-1,-1,0,25084,0,0,33151
134389,0,0,-1,-1,-1,0,483,0,0,33152
134390,1,6,0,-1,-1,0,25080,0,0,33152
134391,0,0,-1,-1,-1,0,483,0,0,33153
134392,1,6,0,-1,-1,0,25072,0,0,33153
134393,0,0,-1,-1,-1,0,55884,0,0,33154
134402,1,1,0,-1,-1,0,61252,0,0,33671
134405,0,1,0,-1,-1,0,44301,0,0,33759
134419,0,0,-1,-1,3000,330,55884,0,0,34060
134420,0,0,-1,-1,3000,330,55884,0,0,34061
134421,0,0,-1,0,1000,11,44166,0,0,34062
134422,0,0,-1,0,1000,11,5006,0,0,34063
134423,0,0,-1,0,1000,11,5007,0,0,34064
134424,0,0,-1,0,1000,11,5005,0,0,34065
134427,0,0,-1,1000,-1,0,44769,0,0,34207
134443,0,0,-1,-1,-1,0,42340,0,0,32971
134444,1,5,-1,-1,-1,0,42336,0,0,32971
134454,0,0,-1,-1,-1,0,42323,0,0,33061
134455,0,0,-1,-1,-1,0,483,0,0,33155
134456,1,6,0,-1,-1,0,42588,0,0,33155
134457,0,0,-1,-1,-1,0,483,0,0,33156
134458,1,6,0,-1,-1,0,42589,0,0,33156
134459,0,0,-1,-1,-1,0,483,0,0,33157
134460,1,6,0,-1,-1,0,42590,0,0,33157
134461,0,0,-1,-1,-1,0,483,0,0,33158
134462,1,6,0,-1,-1,0,42591,0,0,33158
134463,0,0,-1,-1,-1,0,483,0,0,33159
134464,1,6,0,-1,-1,0,42592,0,0,33159
134471,0,1,0,-1,-1,0,95677,0,0,33676
134480,1,1,0,-1,-1,0,96148,0,0,33767
134487,0,0,-1,0,0,150,43732,0,0,33865
134491,0,0,-1,-1,-1,0,483,0,0,33954
134492,1,6,0,-1,-1,0,43846,0,0,33954
134495,0,0,-1,1500,-1,0,44212,0,0,34068
134504,0,0,-1,-1,-1,0,483,0,0,34319
134505,1,6,0,-1,-1,0,44958,0,0,34319
134510,0,0,-1,0,1000,11,35271,0,0,34410
134511,0,0,-1,0,1000,59,45020,0,0,34411
134512,0,0,-1,0,1000,59,45019,0,0,34412
134525,0,0,-1,1000,-1,0,42436,0,0,33062
134532,0,0,-1,-1,-1,0,483,0,0,33160
134533,1,6,0,-1,-1,0,42593,0,0,33160
134534,0,0,-1,-1,-1,0,483,0,0,33165
134535,1,6,0,-1,-1,0,42620,0,0,33165
134547,0,1,0,-1,-1,0,95677,0,0,33684
134555,0,0,-1,0,1000,11,43730,0,0,33866
134556,0,0,-1,0,1000,11,33253,0,0,33867
134557,0,0,-1,-1,-1,0,483,0,0,33869
134558,1,6,0,-1,-1,0,43761,0,0,33869
134559,0,0,-1,-1,-1,0,483,0,0,33870
134560,1,6,0,-1,-1,0,43707,0,0,33870
134561,0,0,-1,0,1000,59,43864,0,0,33956
134568,0,5,0,-1,-1,0,44245,0,0,34077
134571,0,0,-1,-1,-1,0,483,0,0,34221
134572,1,6,0,-1,-1,0,44794,0,0,34221
134573,0,1,0,0,0,0,27867,0,0,34227
134576,0,0,-1,-1,-1,0,483,0,0,34413
134577,1,6,0,-1,-1,0,45022,0,0,34413
134578,0,0,0,60000,60000,1139,45030,0,0,34414
134582,0,0,-1,-1,-1,0,55884,0,0,34518
134583,0,0,-1,-1,-1,0,55884,0,0,34519
134588,0,0,-1,-1,-1,0,42801,0,0,32895
134589,0,0,-1,-1,-1,0,42801,0,0,32896
134597,0,0,0,10000,-1,0,42325,0,0,33069
134598,0,0,-1,-1,-1,0,42338,0,0,33070
134599,0,0,0,1500,-1,0,42356,0,0,33072
134600,0,0,0,300000,-1,0,42644,0,0,33166
134602,0,0,-1,-1,-1,0,483,0,0,33174
134603,1,6,0,-1,-1,0,42662,0,0,33174
134618,1,1,0,-1,-1,0,96148,0,0,33690
134623,0,0,-1,-1,-1,0,483,0,0,33783
134624,1,6,0,-1,-1,0,43493,0,0,33783
134625,0,0,-1,-1,-1,0,43521,0,0,33784
134626,0,0,-1,-1,-1,0,483,0,0,33871
134627,1,6,0,-1,-1,0,43758,0,0,33871
134628,0,0,-1,0,1000,11,43763,0,0,33872
134629,0,0,-1,-1,-1,0,483,0,0,33873
134630,1,6,0,-1,-1,0,43765,0,0,33873
134631,0,0,-1,0,1000,11,65247,0,0,33874
134632,0,0,-1,-1,-1,0,483,0,0,33875
134633,1,6,0,-1,-1,0,43772,0,0,33875
134637,0,0,-1,-1,3000,330,55884,0,0,34092
134648,0,0,-1,1000,-1,0,44968,0,0,34330
134655,0,0,0,20000,20000,1140,45038,0,0,34420
134659,0,0,-1,-1,-1,0,55884,0,0,34425
134670,0,0,-1,0,3000,79,41609,0,0,32898
134671,0,0,-1,0,3000,79,41610,0,0,32899
134672,0,0,-1,0,3000,79,41611,0,0,32900
134673,0,0,-1,0,3000,79,41608,0,0,32901
134674,0,0,-1,0,60000,4,41618,0,0,32902
134687,0,0,-1,-1,-1,0,42687,0,0,33185
134688,0,0,-1,-1,-1,0,483,0,0,33186
134689,1,6,0,-1,-1,0,42688,0,0,33186
134690,0,0,0,0,-1,0,42436,0,0,33288
134691,1,5,0,-1,-1,0,42533,0,0,33288
134709,1,1,0,-1,-1,0,38522,0,0,33696
134712,0,0,-1,-1,-1,0,483,0,0,33792
134713,1,6,0,-1,-1,0,43549,0,0,33792
134720,0,0,-1,-1,3000,330,55884,0,0,33976
134736,3,1,0,-1,-1,0,46699,0,0,34334
134744,0,0,-1,-1,-1,0,44969,0,0,34338
134746,0,1,0,-1,-1,0,45355,0,0,34427
134747,0,0,0,300000,-1,0,45049,0,0,34428
134748,0,0,0,90000,15000,1141,45042,0,0,34429
134750,2,0,0,300000,-1,0,45052,0,0,34430
134752,0,0,-1,-1,-1,0,45385,0,0,34646
134753,0,0,-1,-1,-1,0,45731,0,0,34861
134754,0,0,0,1000,-1,0,45732,0,0,34862
134759,1,1,0,-1,-1,0,61252,0,0,34998
134762,1,1,0,-1,-1,0,44300,0,0,35089
134765,0,0,-1,-1,-1,0,483,0,0,35190
134766,1,6,0,-1,-1,0,46109,0,0,35190
134767,0,0,-1,-1,-1,0,483,0,0,35191
134768,1,6,0,-1,-1,0,46106,0,0,35191
134769,0,0,-1,-1,-1,0,483,0,0,35192
134770,1,6,0,-1,-1,0,46110,0,0,35192
134771,0,0,-1,-1,-1,0,483,0,0,35193
134772,1,6,0,-1,-1,0,46112,0,0,35193
134773,0,0,-1,-1,-1,0,483,0,0,35267
134774,1,6,0,-1,-1,0,39733,0,0,35267
134775,0,0,-1,-1,-1,0,483,0,0,35268
134776,1,6,0,-1,-1,0,47055,0,0,35268
134777,0,0,-1,-1,-1,0,483,0,0,35269
134778,1,6,0,-1,-1,0,39734,0,0,35269
134779,0,0,-1,-1,-1,0,483,0,0,35270
134780,1,6,0,-1,-1,0,39737,0,0,35270
134781,0,0,-1,-1,-1,0,483,0,0,35271
134782,1,6,0,-1,-1,0,39738,0,0,35271
134785,1,1,0,-1,-1,0,61249,0,0,35366
134790,0,0,-1,1000,-1,0,27984,0,0,35458
134791,0,0,-1,1000,-1,0,27972,0,0,35459
134792,0,0,-1,1000,-1,0,27982,0,0,35460
134793,0,0,-1,1000,-1,0,28003,0,0,35461
134794,0,0,-1,1000,-1,0,27981,0,0,35462
134795,0,0,-1,-1,-1,0,483,0,0,35551
134796,1,6,0,-1,-1,0,46128,0,0,35551
134797,0,0,-1,-1,-1,0,483,0,0,35552
134798,1,6,0,-1,-1,0,46130,0,0,35552
134799,0,0,-1,-1,-1,0,483,0,0,35553
134800,1,6,0,-1,-1,0,46141,0,0,35553
134801,0,0,-1,-1,-1,0,483,0,0,35554
134802,1,6,0,-1,-1,0,46144,0,0,35554
134803,0,0,0,-1,3000,330,47977,0,0,37011
134804,0,0,-1,-1,3000,330,483,0,0,37012
134805,0,0,0,600000,60000,94,48041,0,0,37127
134806,0,0,0,600000,60000,94,48042,0,0,37128
134808,1,0,0,600000,60000,94,50070,0,0,38175
134816,0,0,-1,-1,-1,0,483,0,0,34872
134817,1,6,0,-1,-1,0,45765,0,0,34872
134819,0,1,0,-1,-1,0,95677,0,0,35003
134828,0,1,0,-1,-1,0,44301,0,0,35098
134832,0,0,-1,-1,-1,0,483,0,0,35194
134833,1,6,0,-1,-1,0,46113,0,0,35194
134834,0,0,-1,-1,-1,0,483,0,0,35195
134835,1,6,0,-1,-1,0,46114,0,0,35195
134836,0,0,-1,-1,-1,0,483,0,0,35196
134837,1,6,0,-1,-1,0,46115,0,0,35196
134838,0,0,-1,-1,-1,0,483,0,0,35197
134839,1,6,0,-1,-1,0,46116,0,0,35197
134840,0,0,-1,-1,-1,0,483,0,0,35273
134841,1,6,0,-1,-1,0,46353,0,0,35273
134843,0,0,0,1800000,0,0,46354,0,0,35275
134845,1,1,0,-1,-1,0,96148,0,0,35371
134860,1,1,0,-1,-1,0,61249,0,0,35468
134863,0,0,-1,-1,-1,0,483,0,0,35555
134864,1,6,0,-1,-1,0,46142,0,0,35555
134865,0,0,-1,-1,-1,0,483,0,0,35556
134866,1,6,0,-1,-1,0,46140,0,0,35556
134867,0,0,-1,1000,1000,1197,46661,0,0,35557
134868,0,0,-1,0,1000,11,46898,0,0,35563
134869,0,0,-1,-1,-1,0,55884,0,0,37297
134870,0,0,-1,-1,-1,0,55884,0,0,37298
134871,0,0,-1,0,0,0,47103,0,0,37311
134872,0,0,-1,0,0,0,48401,0,0,37312
134873,0,0,-1,0,0,0,47103,0,0,37313
134874,0,0,-1,-1,-1,0,483,0,0,38229
134875,1,6,0,-1,-1,0,50194,0,0,38229
134876,0,0,0,900000,-1,0,50247,0,0,38233
134885,0,1,0,-1,-1,0,95677,0,0,35011
134895,0,0,-1,-1,-1,0,483,0,0,35198
134896,1,6,0,-1,-1,0,46122,0,0,35198
134897,0,0,-1,-1,-1,0,483,0,0,35199
134898,1,6,0,-1,-1,0,46123,0,0,35199
134899,0,0,-1,-1,-1,0,483,0,0,35200
134900,1,6,0,-1,-1,0,46124,0,0,35200
134901,0,0,-1,-1,-1,0,483,0,0,35201
134902,1,6,0,-1,-1,0,46125,0,0,35201
134907,0,0,-1,0,1000,11,35270,0,0,35285
134908,0,0,-1,0,120000,1153,2023,0,0,35287
134910,1,1,0,-1,-1,0,28539,0,0,35377
134917,1,1,0,-1,-1,0,96148,0,0,35471
134922,0,1,0,-1,-1,0,32973,0,0,35473
134924,0,0,-1,-1,-1,0,483,0,0,35564
134925,1,6,0,-1,-1,0,46684,0,0,35564
134926,0,0,-1,0,1000,11,46683,0,0,35565
134927,0,0,-1,-1,-1,0,483,0,0,35566
134928,1,6,0,-1,-1,0,46688,0,0,35566
134929,2,0,0,300000,300000,1203,51582,0,0,35581
134931,0,0,0,1500,-1,0,48722,0,0,37460
134932,0,0,-1,0,1000,59,42256,0,0,37488
134933,0,0,-1,0,1000,59,42255,0,0,37489
134934,0,0,-1,0,1000,59,42254,0,0,37490
134935,0,0,-1,0,1000,59,43961,0,0,37491
134936,1,0,0,120000,20000,1141,51955,0,0,38287
134938,2,1,0,-1,-1,0,45484,0,0,34677
134941,1,1,0,-1,-1,0,45481,0,0,34678
134943,1,1,0,-1,-1,0,45482,0,0,34679
134945,0,1,0,0,-1,0,45483,0,0,34680
134946,0,0,0,1000,-1,0,45416,0,0,34683
134947,0,0,-1,30000,-1,0,45417,0,0,34684
134963,1,1,0,-1,-1,0,96148,0,0,35111
134968,0,0,-1,-1,-1,0,483,0,0,35202
134969,1,6,0,-1,-1,0,46126,0,0,35202
134970,0,0,-1,-1,-1,0,483,0,0,35203
134971,1,6,0,-1,-1,0,46127,0,0,35203
134972,0,0,-1,-1,-1,0,483,0,0,35204
134973,1,6,0,-1,-1,0,46128,0,0,35204
134974,0,0,-1,-1,-1,0,483,0,0,35205
134975,1,6,0,-1,-1,0,46129,0,0,35205
134976,0,0,-1,-1,-1,0,483,0,0,35206
134977,1,6,0,-1,-1,0,46130,0,0,35206
134982,0,0,-1,-1,-1,0,483,0,0,35294
134983,1,6,0,-1,-1,0,28578,0,0,35294
134984,0,0,-1,-1,-1,0,483,0,0,35295
134985,1,6,0,-1,-1,0,28564,0,0,35295
134986,0,1,0,-1,-1,0,32973,0,0,35382
134989,1,1,0,-1,-1,0,28539,0,0,35475
134992,1,1,0,-1,-1,0,23300,0,0,35477
134993,0,0,0,120000,0,0,46567,0,0,35485
134994,0,0,-1,-1,-1,0,483,0,0,35582
134995,1,6,0,-1,-1,0,46697,0,0,35582
134996,0,1,0,-1,-1,0,46756,0,0,35674
134998,0,0,0,120000,0,0,46780,0,0,35693
134999,1,0,0,300000,0,0,46782,0,0,35694
135001,0,0,-1,0,1000,59,42263,0,0,37492
135002,0,0,-1,0,1000,59,42257,0,0,37493
135003,0,0,-1,0,1000,59,43959,0,0,37494
135004,0,0,-1,0,1000,59,42264,0,0,37495
135005,0,0,-1,0,1000,59,42259,0,0,37496
135006,1,0,0,120000,20000,1141,51954,0,0,38288
135008,2,0,0,120000,20000,1141,51952,0,0,38289
135010,1,0,0,120000,20000,1141,51953,0,0,38290
135012,0,0,-1,1000,-1,0,52009,0,0,38291
135013,0,0,-1,10000,0,0,50369,0,0,38294
135015,0,0,0,1000,-1,0,45418,0,0,34685
135016,0,0,0,180000,-1,0,45426,0,0,34686
135017,0,0,-1,-1,-1,0,483,0,0,34689
135018,1,6,0,-1,-1,0,44794,0,0,34689
135032,1,1,0,-1,-1,0,96148,0,0,35022
135047,0,0,-1,-1,-1,0,483,0,0,35207
135048,1,6,0,-1,-1,0,46131,0,0,35207
135049,0,0,-1,-1,-1,0,483,0,0,35208
135050,1,6,0,-1,-1,0,46140,0,0,35208
135051,0,0,-1,-1,-1,0,483,0,0,35209
135052,1,6,0,-1,-1,0,46141,0,0,35209
135053,0,0,-1,-1,-1,0,483,0,0,35210
135054,1,6,0,-1,-1,0,46142,0,0,35210
135055,0,0,-1,-1,-1,0,483,0,0,35296
135056,1,6,0,-1,-1,0,42688,0,0,35296
135057,0,0,-1,-1,-1,0,483,0,0,35297
135058,1,6,0,-1,-1,0,34008,0,0,35297
135059,0,0,-1,-1,-1,0,483,0,0,35298
135060,1,6,0,-1,-1,0,27948,0,0,35298
135061,0,1,0,-1,-1,0,32973,0,0,35387
135074,0,0,-1,-1,-1,0,483,0,0,35695
135075,1,6,0,-1,-1,0,46775,0,0,35695
135076,0,0,-1,-1,-1,0,483,0,0,35696
135077,1,6,0,-1,-1,0,46776,0,0,35696
135078,0,0,-1,-1,-1,0,483,0,0,35697
135079,1,6,0,-1,-1,0,46777,0,0,35697
135080,0,0,-1,-1,-1,0,483,0,0,35698
135081,1,6,0,-1,-1,0,46778,0,0,35698
135082,0,0,-1,0,1000,59,42260,0,0,37497
135083,0,0,-1,0,1000,59,42258,0,0,37498
135084,0,0,-1,0,1000,59,42261,0,0,37499
135085,0,0,-1,-1,-1,0,483,0,0,37504
135086,1,6,0,-1,-1,0,39741,0,0,37504
135087,0,0,-1,1000,-1,0,50425,0,0,38300
135088,0,0,0,300000,-1,0,50317,0,0,38301
135089,0,0,-1,1000,-1,0,50477,0,0,38308
135108,1,1,0,-1,-1,0,38522,0,0,35028
135121,0,0,-1,-1,-1,0,483,0,0,35211
135122,1,6,0,-1,-1,0,46144,0,0,35211
135123,0,0,-1,-1,-1,0,483,0,0,35212
135124,1,6,0,-1,-1,0,46132,0,0,35212
135125,0,0,-1,-1,-1,0,483,0,0,35213
135126,1,6,0,-1,-1,0,46133,0,0,35213
135127,0,0,-1,-1,-1,0,483,0,0,35214
135128,1,6,0,-1,-1,0,46134,0,0,35214
135129,0,0,-1,-1,-1,0,483,0,0,35299
135130,1,6,0,-1,-1,0,34007,0,0,35299
135131,0,0,-1,-1,-1,0,483,0,0,35300
135132,1,6,0,-1,-1,0,35568,0,0,35300
135133,0,0,-1,-1,-1,0,483,0,0,35301
135134,1,6,0,-1,-1,0,35573,0,0,35301
135135,0,0,-1,-1,-1,0,483,0,0,35302
135136,1,6,0,-1,-1,0,35559,0,0,35302
135137,0,0,-1,-1,-1,0,483,0,0,35303
135138,1,6,0,-1,-1,0,35562,0,0,35303
135139,0,1,0,-1,-1,0,32973,0,0,35392
135146,0,0,-1,1000,-1,0,27977,0,0,35396
135147,0,0,-1,1000,-1,0,27971,0,0,35397
135148,0,0,-1,-1,-1,0,483,0,0,35498
135149,1,6,0,-1,-1,0,46578,0,0,35498
135150,0,0,-1,0,60000,24,46590,0,0,35499
135151,0,0,-1,-1,-1,0,483,0,0,35500
135152,1,6,0,-1,-1,0,46594,0,0,35500
135153,0,0,-1,-1,-1,0,483,0,0,35699
135154,1,6,0,-1,-1,0,46779,0,0,35699
135155,0,0,0,120000,20000,1141,46783,0,0,35700
135157,2,0,0,90000,15000,1141,46784,0,0,35702
135159,1,0,0,180000,0,0,46785,0,0,35703
135161,0,0,-1,0,0,0,48807,0,0,37567
135162,0,0,-1,0,1000,11,48889,0,0,37582
135163,0,0,-1,0,1000,11,48890,0,0,37583
135164,0,0,-1,0,1000,11,48891,0,0,37584
135165,0,0,-1,0,1000,59,51010,0,0,38320
135166,0,0,-1,-1,-1,0,483,0,0,38327
135167,1,6,0,-1,-1,0,50644,0,0,38327
135174,0,1,0,0,0,0,45591,0,0,34776
135181,1,1,0,-1,-1,0,61249,0,0,35032
135195,0,0,-1,-1,-1,0,483,0,0,35215
135196,1,6,0,-1,-1,0,46135,0,0,35215
135197,0,0,-1,-1,-1,0,483,0,0,35216
135198,1,6,0,-1,-1,0,46136,0,0,35216
135199,0,0,-1,-1,-1,0,483,0,0,35217
135200,1,6,0,-1,-1,0,46137,0,0,35217
135201,0,0,-1,-1,-1,0,483,0,0,35218
135202,1,6,0,-1,-1,0,46138,0,0,35218
135203,0,0,-1,-1,-1,0,483,0,0,35304
135204,1,6,0,-1,-1,0,31092,0,0,35304
135205,0,0,-1,-1,-1,0,483,0,0,35305
135206,1,6,0,-1,-1,0,31088,0,0,35305
135207,0,0,-1,-1,-1,0,483,0,0,35306
135208,1,6,0,-1,-1,0,31085,0,0,35306
135209,0,0,-1,-1,-1,0,483,0,0,35307
135210,1,6,0,-1,-1,0,31098,0,0,35307
135211,0,0,-1,1000,-1,0,34008,0,0,35398
135212,0,0,-1,1000,-1,0,34007,0,0,35399
135213,0,0,-1,1000,-1,0,27951,0,0,35400
135215,1,1,0,-1,-1,0,23300,0,0,35403
135217,0,0,-1,-1,-1,0,483,0,0,35502
135218,1,6,0,-1,-1,0,46597,0,0,35502
135219,0,0,-1,-1,-1,0,55884,0,0,35504
135220,0,0,-1,-1,-1,0,483,0,0,35505
135221,1,6,0,-1,-1,0,46601,0,0,35505
135223,0,0,-1,-1,-1,0,483,0,0,35708
135224,1,6,0,-1,-1,0,46803,0,0,35708
135225,0,0,-1,0,1000,11,46812,0,0,35710
135226,0,0,-1,0,0,0,43699,0,0,35713
135227,0,0,-1,0,3000,79,46837,0,0,35716
135228,0,0,-1,0,1000,11,48892,0,0,37585
135229,0,2,0,-1,-1,0,48956,0,0,37596
135231,0,0,-1,-1,3000,330,55884,0,0,37598
135232,0,0,-1,-1,-1,0,483,0,0,38328
135233,1,6,0,-1,-1,0,50647,0,0,38328
135234,0,0,-1,0,1000,11,27094,0,0,38427
135235,0,0,-1,0,1000,11,35270,0,0,38428
135236,0,0,-1,0,1000,59,1137,0,0,38429
135237,0,0,-1,0,1000,59,34291,0,0,38430
135238,0,0,-1,0,1000,11,44166,0,0,34780
135258,0,0,-1,-1,-1,0,483,0,0,35219
135259,1,6,0,-1,-1,0,46139,0,0,35219
135260,0,0,-1,1000,-1,0,46168,0,0,35223
135261,0,0,-1,-1,3000,330,55884,0,0,35225
135262,0,0,-1,-1,-1,0,483,0,0,35308
135263,1,6,0,-1,-1,0,31434,0,0,35308
135264,0,0,-1,-1,-1,0,483,0,0,35309
135265,1,6,0,-1,-1,0,31442,0,0,35309
135266,0,0,-1,-1,-1,0,483,0,0,35310
135267,1,6,0,-1,-1,0,30551,0,0,35310
135268,0,0,-1,-1,-1,0,483,0,0,35311
135269,1,6,0,-1,-1,0,30552,0,0,35311
135273,0,1,0,-1,-1,0,22778,0,0,35408
135277,0,0,-1,-1,3000,330,55884,0,0,35513
135278,0,0,-1,0,3000,79,46839,0,0,35717
135279,0,0,-1,-1,-1,0,46927,0,0,35720
135280,0,0,0,-1,-1,0,46929,0,0,35721
135281,0,0,0,-1,-1,0,29820,0,0,35722
135282,0,0,-1,1000,-1,0,49007,0,0,37604
135283,0,0,-1,-1,3000,330,55884,0,0,37676
135284,0,0,0,5000,-1,0,49352,0,0,37710
135285,0,0,-1,0,1000,59,27089,0,0,38431
135286,0,0,-1,0,1000,59,11009,0,0,38432
135287,0,0,-1,0,1000,59,50986,0,0,38466
135288,0,1,0,-1,-1,0,52172,0,0,38506
135289,1,0,0,1500,-1,0,51149,0,0,38506
135290,0,0,-1,0,1000,0,50749,0,0,38518
135306,0,1,0,-1,-1,0,32973,0,0,35043
135316,0,0,-1,-1,3000,330,55884,0,0,35226
135317,0,0,0,30000,-1,0,46203,0,0,35227
135318,0,0,-1,20000,20000,1140,46149,0,0,35230
135319,0,1,0,-1,-1,0,46273,0,0,35233
135320,1,0,0,10000,-1,0,46281,0,0,35233
135323,1,1,0,-1,-1,0,23300,0,0,35413
135324,1,0,0,60000,-1,0,46643,0,0,35514
135327,0,0,-1,-1,-1,0,483,0,0,35517
135328,1,6,0,-1,-1,0,41161,0,0,35517
135329,0,0,-1,-1,-1,0,483,0,0,35518
135330,1,6,0,-1,-1,0,41205,0,0,35518
135331,0,0,-1,-1,-1,0,483,0,0,35519
135332,1,6,0,-1,-1,0,41156,0,0,35519
135333,0,0,-1,-1,-1,0,35439,0,0,35728
135334,0,0,-1,-1,-1,0,35433,0,0,35729
135335,0,0,-1,-1,-1,0,35435,0,0,35730
135336,0,0,-1,-1,-1,0,35437,0,0,35731
135337,0,0,-1,-1,3000,330,55884,0,0,37719
135350,0,1,0,-1,-1,0,32973,0,0,35049
135357,0,1,0,-1,-1,0,44297,0,0,35053
135364,0,0,0,-1000,-1,0,46337,0,0,35237
135365,0,0,-1,-1,-1,0,483,0,0,35238
135366,1,6,0,-1,-1,0,39728,0,0,35238
135367,0,0,-1,-1,-1,0,483,0,0,35239
135368,1,6,0,-1,-1,0,39731,0,0,35239
135369,0,0,-1,-1,-1,0,483,0,0,35240
135370,1,6,0,-1,-1,0,39736,0,0,35240
135372,0,0,-1,-1,-1,0,483,0,0,35322
135373,1,6,0,-1,-1,0,46403,0,0,35322
135374,0,0,-1,-1,-1,0,483,0,0,35323
135375,1,6,0,-1,-1,0,31108,0,0,35323
135377,0,0,-1,1000,-1,0,27950,0,0,35417
135378,0,0,-1,1000,-1,0,27954,0,0,35418
135379,0,0,-1,1000,-1,0,27948,0,0,35419
135380,0,0,-1,1000,-1,0,27899,0,0,35420
135381,0,0,-1,-1,-1,0,483,0,0,35520
135382,1,6,0,-1,-1,0,41163,0,0,35520
135383,0,0,-1,-1,-1,0,483,0,0,35521
135384,1,6,0,-1,-1,0,41164,0,0,35521
135385,0,0,-1,-1,-1,0,483,0,0,35522
135386,1,6,0,-1,-1,0,41206,0,0,35522
135387,0,0,-1,-1,-1,0,483,0,0,35523
135388,1,6,0,-1,-1,0,41157,0,0,35523
135390,0,1,0,-1,-1,0,17619,0,0,35748
135391,1,1,0,-1,-1,0,17619,0,0,35749
135393,1,1,0,-1,-1,0,17619,0,0,35750
135395,1,1,0,-1,-1,0,17619,0,0,35751
135397,0,0,-1,60000,-1,0,66052,0,0,37750
135398,0,0,-1,60000,-1,0,62062,0,0,37816
135399,0,0,-1,-1,3000,330,55884,0,0,37827
135400,0,0,-1,-1,3000,330,55884,0,0,37828
135401,0,0,0,3600000,-1,0,49844,0,0,37863
135402,0,0,0,120000,120000,1182,42292,0,0,37864
135403,0,0,-1,-1,3000,330,55884,0,0,38576
135404,0,0,-1,1000,-1,0,51510,0,0,38577
135405,0,0,0,60000,-1,0,51640,0,0,38578
135406,0,1,0,-1,-1,0,51414,0,0,38579
135431,0,0,-1,-1,-1,0,483,0,0,35241
135432,1,6,0,-1,-1,0,39741,0,0,35241
135433,0,0,-1,-1,-1,0,483,0,0,35242
135434,1,6,0,-1,-1,0,39728,0,0,35242
135435,0,0,-1,-1,-1,0,483,0,0,35243
135436,1,6,0,-1,-1,0,39727,0,0,35243
135437,0,0,-1,-1,-1,0,483,0,0,35244
135438,1,6,0,-1,-1,0,39705,0,0,35244
135439,0,0,-1,-1,-1,0,483,0,0,35325
135440,1,6,0,-1,-1,0,46405,0,0,35325
135441,1,0,0,180000,180000,1190,44055,0,0,35326
135442,1,0,0,180000,180000,1190,44055,0,0,35327
135443,0,1,0,-1,-1,0,95677,0,0,35328
135447,0,0,-1,1000,-1,0,27914,0,0,35421
135448,0,0,-1,1000,-1,0,27906,0,0,35422
135449,0,0,-1,1000,-1,0,34001,0,0,35423
135450,0,0,-1,1000,-1,0,27913,0,0,35424
135451,0,0,-1,1000,-1,0,27917,0,0,35425
135452,0,0,-1,1000,-1,0,27905,0,0,35426
135453,0,0,-1,-1,-1,0,483,0,0,35524
135454,1,6,0,-1,-1,0,41162,0,0,35524
135455,0,0,-1,-1,-1,0,483,0,0,35525
135456,1,6,0,-1,-1,0,41208,0,0,35525
135457,0,0,-1,-1,-1,0,483,0,0,35526
135458,1,6,0,-1,-1,0,41207,0,0,35526
135459,0,0,-1,-1,-1,0,483,0,0,35527
135460,1,6,0,-1,-1,0,41158,0,0,35527
135461,0,0,-1,-1,-1,0,483,0,0,35752
135462,1,6,0,-1,-1,0,47046,0,0,35752
135463,0,0,-1,-1,-1,0,483,0,0,35753
135464,1,6,0,-1,-1,0,47048,0,0,35753
135465,0,0,-1,-1,-1,0,483,0,0,35754
135466,1,6,0,-1,-1,0,47049,0,0,35754
135467,0,0,-1,-1,-1,0,483,0,0,35755
135468,1,6,0,-1,-1,0,47050,0,0,35755
135469,0,0,0,120000,120000,1182,42292,0,0,37865
135470,0,0,0,-1,-1,0,41920,0,0,37892
135471,0,0,0,-1,-1,0,41921,0,0,37893
135472,0,0,0,5000,-1,0,41943,0,0,37894
135473,0,0,0,5000,-1,0,41946,0,0,37895
135474,0,0,-1,1000,1000,1197,51661,0,0,38626
135475,0,0,-1,-1,-1,0,55884,0,0,38628
135477,0,0,-1,60000,-1,0,66051,0,0,39476
135478,0,0,-1,60000,-1,0,66050,0,0,39477
135479,0,0,-1,100,-1,0,45819,0,0,34599
135481,0,0,-1,-1,-1,0,45694,0,0,34832
135482,0,0,0,5000,-1,0,46747,0,0,34833
135488,1,1,0,-1,-1,0,38522,0,0,35060
135499,0,0,-1,-1,-1,0,483,0,0,35245
135500,1,6,0,-1,-1,0,39706,0,0,35245
135501,0,0,-1,-1,-1,0,483,0,0,35246
135502,1,6,0,-1,-1,0,39706,0,0,35246
135503,0,0,-1,-1,-1,0,483,0,0,35247
135504,1,6,0,-1,-1,0,39714,0,0,35247
135505,0,0,-1,-1,-1,0,483,0,0,35248
135506,1,6,0,-1,-1,0,39711,0,0,35248
135511,0,1,0,-1,-1,0,23044,0,0,35335
135514,0,0,-1,1000,-1,0,27911,0,0,35427
135515,0,0,-1,1000,-1,0,27957,0,0,35428
135516,0,0,-1,1000,-1,0,27960,0,0,35429
135517,0,0,-1,1000,-1,0,33992,0,0,35430
135518,0,0,-1,1000,-1,0,33990,0,0,35431
135519,0,0,-1,1000,-1,0,34004,0,0,35432
135520,0,0,-1,-1,-1,0,483,0,0,35528
135521,1,6,0,-1,-1,0,41160,0,0,35528
135522,0,0,-1,-1,-1,0,483,0,0,35529
135523,1,6,0,-1,-1,0,41134,0,0,35529
135524,0,0,-1,-1,-1,0,483,0,0,35530
135525,1,6,0,-1,-1,0,41135,0,0,35530
135526,0,0,-1,-1,-1,0,483,0,0,35531
135527,1,6,0,-1,-1,0,41132,0,0,35531
135528,0,0,-1,-1,-1,0,483,0,0,35756
135529,1,6,0,-1,-1,0,47051,0,0,35756
135530,0,0,0,5000,-1,0,41945,0,0,37896
135531,0,0,0,5000,-1,0,41944,0,0,37897
135532,0,0,-1,0,1000,59,42256,0,0,37898
135533,0,0,-1,0,1000,59,42255,0,0,37899
135534,0,0,-1,0,1000,59,42254,0,0,37900
135535,0,0,0,-1,-1,0,55884,0,0,39656
135542,0,0,-1,-1,-1,0,483,0,0,34834
135543,1,6,0,-1,-1,0,45695,0,0,34834
135544,0,0,-1,-1,-1,0,45697,0,0,34836
135550,0,1,0,-1,-1,0,22778,0,0,35067
135558,0,0,-1,-1,-1,0,483,0,0,35249
135559,1,6,0,-1,-1,0,39713,0,0,35249
135560,0,0,-1,-1,-1,0,483,0,0,35250
135561,1,6,0,-1,-1,0,39711,0,0,35250
135562,0,0,-1,-1,-1,0,483,0,0,35251
135563,1,6,0,-1,-1,0,39741,0,0,35251
135564,0,0,-1,-1,-1,0,483,0,0,35252
135565,1,6,0,-1,-1,0,39739,0,0,35252
135567,0,1,0,-1,-1,0,23044,0,0,35338
135576,0,0,-1,1000,-1,0,34003,0,0,35436
135577,0,0,-1,1000,-1,0,27961,0,0,35437
135578,0,0,-1,1000,-1,0,33996,0,0,35438
135579,0,0,-1,-1,-1,0,483,0,0,35532
135580,1,6,0,-1,-1,0,41133,0,0,35532
135581,0,0,-1,-1,-1,0,483,0,0,35533
135582,1,6,0,-1,-1,0,46126,0,0,35533
135583,0,0,-1,-1,-1,0,483,0,0,35534
135584,1,6,0,-1,-1,0,46124,0,0,35534
135585,0,0,-1,-1,-1,0,483,0,0,35535
135586,1,6,0,-1,-1,0,46127,0,0,35535
135587,0,0,-1,-1,-1,0,483,0,0,35536
135588,1,6,0,-1,-1,0,46122,0,0,35536
135589,0,0,-1,-1,-1,0,483,0,0,35762
135590,1,6,0,-1,-1,0,47055,0,0,35762
135591,0,0,-1,-1,-1,0,483,0,0,35763
135592,1,6,0,-1,-1,0,47056,0,0,35763
135593,0,0,-1,-1,-1,0,483,0,0,35764
135594,1,6,0,-1,-1,0,47054,0,0,35764
135595,0,0,-1,-1,-1,0,483,0,0,35765
135596,1,6,0,-1,-1,0,47053,0,0,35765
135597,0,0,-1,0,1000,59,43961,0,0,37901
135598,0,0,-1,0,1000,59,42263,0,0,37902
135599,0,0,-1,0,1000,59,42257,0,0,37903
135600,0,0,-1,0,1000,59,43959,0,0,37904
135601,0,0,-1,0,1000,59,42264,0,0,37905
135609,4,0,0,3000,-1,0,12883,0,0,34847
135631,0,0,-1,-1,-1,0,483,0,0,35253
135632,1,6,0,-1,-1,0,39742,0,0,35253
135633,0,0,-1,-1,-1,0,483,0,0,35254
135634,1,6,0,-1,-1,0,39740,0,0,35254
135635,0,0,-1,-1,-1,0,483,0,0,35255
135636,1,6,0,-1,-1,0,39711,0,0,35255
135637,0,0,-1,-1,-1,0,483,0,0,35256
135638,1,6,0,-1,-1,0,39720,0,0,35256
135641,0,1,0,-1,-1,0,33066,0,0,35345
135645,0,0,-1,1000,-1,0,33993,0,0,35439
135646,0,0,-1,1000,-1,0,33999,0,0,35440
135647,0,0,-1,1000,-1,0,33997,0,0,35441
135648,0,0,-1,1000,-1,0,33995,0,0,35442
135649,0,0,-1,1000,-1,0,33994,0,0,35443
135650,0,0,-1,1000,-1,0,27926,0,0,35444
135651,0,0,-1,-1,-1,0,483,0,0,35537
135652,1,6,0,-1,-1,0,46125,0,0,35537
135653,0,0,-1,-1,-1,0,483,0,0,35538
135654,1,6,0,-1,-1,0,46123,0,0,35538
135655,0,0,-1,-1,-1,0,483,0,0,35539
135656,1,6,0,-1,-1,0,46138,0,0,35539
135657,0,0,-1,-1,-1,0,483,0,0,35540
135658,1,6,0,-1,-1,0,46137,0,0,35540
135659,0,0,-1,-1,-1,0,483,0,0,35766
135660,1,6,0,-1,-1,0,47054,0,0,35766
135661,0,0,-1,-1,-1,0,483,0,0,35767
135662,1,6,0,-1,-1,0,47055,0,0,35767
135663,0,0,-1,-1,-1,0,483,0,0,35768
135664,1,6,0,-1,-1,0,47056,0,0,35768
135665,0,0,-1,-1,-1,0,483,0,0,35769
135666,1,6,0,-1,-1,0,47053,0,0,35769
135668,0,0,-1,0,1000,59,42259,0,0,37906
135669,0,0,-1,0,1000,59,42260,0,0,37907
135670,0,0,-1,0,1000,59,42258,0,0,37908
135671,0,0,-1,0,1000,59,42261,0,0,37909
135672,0,0,-1,-1,-1,0,483,0,0,37915
135673,1,6,0,-1,-1,0,49677,0,0,37915
135678,0,0,0,30000,-1,0,45257,0,0,34626
135679,0,0,-1,1500,-1,0,45729,0,0,34850
135680,0,0,-1,-1,-1,0,55884,0,0,34955
135689,0,1,0,-1,-1,0,32973,0,0,35078
135699,4,0,0,3000,-1,0,12883,0,0,35181
135703,4,0,0,3000,-1,0,12883,0,0,35182
135707,3,0,0,3000,-1,0,12883,0,0,35183
135711,4,0,0,3000,-1,0,12883,0,0,35184
135716,0,0,-1,-1,-1,0,483,0,0,35257
135717,1,6,0,-1,-1,0,39721,0,0,35257
135718,0,0,-1,-1,-1,0,483,0,0,35258
135719,1,6,0,-1,-1,0,39724,0,0,35258
135720,0,0,-1,-1,-1,0,483,0,0,35259
135721,1,6,0,-1,-1,0,39721,0,0,35259
135722,0,0,-1,-1,-1,0,483,0,0,35260
135723,1,6,0,-1,-1,0,39720,0,0,35260
135724,0,0,-1,-1,-1,0,483,0,0,35261
135725,1,6,0,-1,-1,0,39713,0,0,35261
135726,0,0,-1,-1,-1,0,55884,0,0,35349
135727,0,0,-1,-1,-1,0,55884,0,0,35350
135729,1,1,0,-1,-1,0,96148,0,0,35356
135733,0,0,-1,1000,-1,0,27924,0,0,35445
135734,0,0,-1,1000,-1,0,27927,0,0,35446
135735,0,0,-1,1000,-1,0,27920,0,0,35447
135736,0,0,-1,1000,-1,0,27945,0,0,35448
135737,0,0,-1,1000,-1,0,34009,0,0,35449
135739,0,0,-1,1000,-1,0,27946,0,0,35451
135740,0,0,-1,-1,-1,0,483,0,0,35541
135741,1,6,0,-1,-1,0,46133,0,0,35541
135742,0,0,-1,-1,-1,0,483,0,0,35542
135743,1,6,0,-1,-1,0,46134,0,0,35542
135746,0,0,-1,-1,-1,0,483,0,0,35544
135747,1,6,0,-1,-1,0,46129,0,0,35544
135748,0,0,-1,-1,-1,0,483,0,0,35545
135749,1,6,0,-1,-1,0,46136,0,0,35545
135754,0,0,0,60000,60000,0,47129,0,0,35828
135755,0,0,-1,-1,3000,330,55884,0,0,35906
135758,0,1,0,0,0,0,50200,0,0,37934
135759,0,0,-1,-1,-1,0,55884,0,0,38050
135762,1,1,0,-1,-1,0,28539,0,0,34991
135771,0,1,0,-1,-1,0,44297,0,0,35083
135777,3,0,0,3000,-1,0,12883,0,0,35185
135781,0,0,-1,-1,-1,0,483,0,0,35186
135782,1,6,0,-1,-1,0,46111,0,0,35186
135783,0,0,-1,-1,-1,0,483,0,0,35187
135784,1,6,0,-1,-1,0,46107,0,0,35187
135785,0,0,-1,-1,-1,0,483,0,0,35189
135786,1,6,0,-1,-1,0,46108,0,0,35189
135787,0,0,-1,-1,-1,0,483,0,0,35262
135788,1,6,0,-1,-1,0,39716,0,0,35262
135789,0,0,-1,-1,-1,0,483,0,0,35263
135790,1,6,0,-1,-1,0,39715,0,0,35263
135791,0,0,-1,-1,-1,0,483,0,0,35264
135792,1,6,0,-1,-1,0,39716,0,0,35264
135793,0,0,-1,-1,-1,0,483,0,0,35265
135794,1,6,0,-1,-1,0,39718,0,0,35265
135795,0,0,-1,-1,-1,0,483,0,0,35266
135796,1,6,0,-1,-1,0,39736,0,0,35266
135799,1,1,0,-1,-1,0,96148,0,0,35361
135808,0,0,-1,1000,-1,0,28004,0,0,35452
135809,0,0,-1,1000,-1,0,42620,0,0,35453
135810,0,0,-1,1000,-1,0,34010,0,0,35454
135811,0,0,-1,1000,-1,0,27968,0,0,35455
135812,0,0,-1,1000,-1,0,27975,0,0,35456
135813,0,0,-1,1000,-1,0,27967,0,0,35457
135814,0,0,-1,-1,-1,0,483,0,0,35546
135815,1,6,0,-1,-1,0,46132,0,0,35546
135818,0,0,-1,-1,-1,0,483,0,0,35548
135819,1,6,0,-1,-1,0,46131,0,0,35548
135820,0,0,-1,-1,-1,0,483,0,0,35549
135821,1,6,0,-1,-1,0,46139,0,0,35549
135822,0,0,-1,-1,-1,0,483,0,0,35550
135823,1,6,0,-1,-1,0,46135,0,0,35550
135826,0,0,-1,-1,-1,0,47371,0,0,36748
135827,1,5,0,-1,-1,0,47331,0,0,36748
135828,0,1,0,-1,-1,0,50009,0,0,38089
136389,0,0,-1,-1,3000,330,55884,0,0,184865
136401,1,6,0,-1,-1,0,498,0,0,1138
136402,1,6,0,0,0,0,3599,0,0,1029
136403,1,6,0,0,0,0,370,0,0,1049
136406,1,6,0,0,0,0,5730,0,0,1032
136411,1,6,0,-1,-1,0,5782,0,0,1238
136412,1,6,0,-1,-1,0,89,0,0,1681
136413,1,6,0,-1,-1,0,2060,0,0,3118
136414,1,6,0,-1,-1,0,3862,0,0,4355
136416,1,6,0,-1,-1,0,2156,0,0,2404
136420,1,6,0,-1,-1,0,5138,0,0,1239
136423,1,6,0,-1,-1,0,5697,0,0,1246
136424,1,6,0,-1,-1,0,132,0,0,1250
136426,1,6,0,-1,-1,0,1090,0,0,1676
136427,1,6,0,-1,-1,0,172,0,0,4211
136428,1,6,0,0,0,0,556,0,0,4170
136429,1,6,0,-1,-1,0,3513,0,0,3874
136430,1,6,0,-1,-1,0,2403,0,0,2601
136431,1,6,0,-1,-1,0,605,0,0,1109
136432,1,6,0,-1,-1,0,700,0,0,1111
136433,1,6,0,-1,-1,0,588,0,0,1086
136437,1,6,0,-1,-1,0,990,0,0,1655
136439,1,6,0,-1,-1,0,116,0,0,3090
136441,1,6,0,-1,-1,0,3174,0,0,3394
136442,1,6,0,-1,-1,0,642,0,0,1144
136443,1,6,0,-1,-1,0,7328,0,0,1146
136446,1,6,0,-1,-1,0,475,0,0,976
136447,1,6,0,-1,-1,0,491,0,0,985
136450,1,6,0,-1,-1,0,6146,0,0,3092
136452,1,6,0,0,0,0,2008,0,0,1035
136461,1,6,0,-1,-1,0,2543,0,0,728
136462,1,6,0,-1,-1,0,589,0,0,1087
136465,1,6,0,-1,-1,0,693,0,0,1229
136468,1,6,0,-1,-1,0,2136,0,0,968
136470,1,6,0,-1,-1,0,3336,0,0,3612
136471,1,6,0,-1,-1,0,2389,0,0,2598
136473,1,6,0,-1,-1,0,2545,0,0,2698
136474,1,6,0,-1,-1,0,5500,0,0,1224
136476,1,6,0,-1,-1,0,2158,0,0,2406
136477,1,6,0,-1,-1,0,2163,0,0,2407
136478,1,6,0,-1,-1,0,2164,0,0,2408
136479,1,6,0,-1,-1,0,2169,0,0,2409
136481,1,6,0,0,0,0,2608,0,0,3127
136485,1,6,0,-1,-1,0,113,0,0,975
136492,1,6,0,0,0,0,550,0,0,1061
136496,1,6,0,-1,-1,0,130,0,0,3096
136498,1,6,0,-1,-1,0,3230,0,0,2553
136501,1,6,0,-1,-1,0,7302,0,0,994
136502,1,6,0,-1,-1,0,512,0,0,1004
136506,1,6,0,-1,-1,0,139,0,0,1084
136507,1,6,0,-1,-1,0,2096,0,0,1085
136508,1,6,0,-1,-1,0,528,0,0,1089
136512,1,6,0,-1,-1,0,1706,0,0,3121
136520,1,6,0,-1,-1,0,5505,0,0,3097
136521,1,6,0,-1,-1,0,2667,0,0,2881
136523,1,6,0,-1,-1,0,122,0,0,989
136524,1,6,0,-1,-1,0,2782,0,0,1093
136525,1,6,0,-1,-1,0,527,0,0,1095
136527,1,6,0,-1,-1,0,597,0,0,1099
136529,1,6,0,-1,-1,0,339,0,0,1339
136530,1,6,0,-1,-1,0,8921,0,0,1341
136533,1,6,0,-1,-1,0,770,0,0,1328
136534,1,6,0,-1,-1,0,246,0,0,3098
136535,1,6,0,-1,-1,0,3507,0,0,3872
136536,1,6,0,-1,-1,0,3511,0,0,3873
136539,1,6,0,-1,-1,0,857,0,0,1567
136541,1,6,0,-1,-1,0,3497,0,0,3868
136545,1,6,0,0,0,0,2606,0,0,3126
136546,1,6,0,-1,-1,0,3370,0,0,3678
136547,1,6,0,-1,-1,0,3371,0,0,3679
136550,1,6,0,0,0,0,421,0,0,4189
136551,1,6,0,-1,-1,0,2333,0,0,3396
136552,1,6,0,-1,-1,0,3398,0,0,3735
136553,1,6,0,-1,-1,0,3399,0,0,3736
136554,1,6,0,-1,-1,0,3400,0,0,3737
136556,1,6,0,-1,-1,0,3858,0,0,4351
136557,1,6,0,-1,-1,0,3863,0,0,4353
136560,1,6,0,-1,-1,0,3849,0,0,4347
136561,1,6,0,-1,-1,0,2334,0,0,2554
136563,1,6,0,-1,-1,0,5244,0,0,5083
136568,1,6,0,0,0,0,131,0,0,5704
136572,1,6,0,-1,-1,0,3297,0,0,3608
136579,1,6,0,-1,-1,0,4508,0,0,4597
136581,1,6,0,-1,-1,0,3870,0,0,6401
136583,1,6,0,-1,-1,0,17,0,0,3113
136584,1,6,0,-1,-1,0,3944,0,0,4411
136587,1,6,0,-1,-1,0,3847,0,0,4345
136591,1,6,0,0,0,0,6196,0,0,5707
136596,1,6,0,-1,-1,0,3868,0,0,4348
136597,1,6,0,-1,-1,0,3325,0,0,3610
136598,1,6,0,-1,-1,0,3372,0,0,3680
136599,1,6,0,-1,-1,0,3373,0,0,3681
136600,1,6,0,-1,-1,0,2335,0,0,2555
136602,1,6,0,-1,-1,0,2671,0,0,5577
136603,1,6,0,0,0,0,324,0,0,5698
136604,1,6,0,0,0,0,2645,0,0,5699
136607,1,6,0,-1,-1,0,689,0,0,3141
136611,1,6,0,0,0,0,530,0,0,4177
136614,1,6,0,-1,-1,0,587,0,0,4141
136616,1,6,0,-1,-1,0,597,0,0,4143
136617,1,6,0,-1,-1,0,3779,0,0,4301
136618,1,6,0,-1,-1,0,755,0,0,4198
136620,1,6,0,-1,-1,0,3856,0,0,4350
136621,1,6,0,-1,-1,0,6129,0,0,4152
136623,1,6,0,-1,-1,0,5740,0,0,4215
136624,1,6,0,-1,-1,0,3758,0,0,4292
136625,1,6,0,-1,-1,0,2673,0,0,5578
136626,1,6,0,-1,-1,0,3377,0,0,3683
136627,1,6,0,0,0,0,6343,0,0,5703
136628,1,6,0,-1,-1,0,2547,0,0,2699
136629,1,6,0,-1,-1,0,5169,0,0,5126
136630,1,6,0,-1,-1,0,5264,0,0,5127
136631,1,6,0,-1,-1,0,990,0,0,4147
136632,1,6,0,-1,-1,0,3376,0,0,3682
136635,1,6,0,-1,-1,0,6705,0,0,5789
136636,1,6,0,-1,-1,0,7755,0,0,6330
136639,1,6,0,-1,-1,0,6139,0,0,4162
136641,1,6,0,-1,-1,0,3972,0,0,4417
136643,1,6,0,-1,-1,0,2336,0,0,2556
136645,1,6,0,-1,-1,0,6702,0,0,5786
136647,1,6,0,0,0,0,546,0,0,5709
136658,1,6,0,-1,-1,0,2157,0,0,2405
136660,1,6,0,-1,-1,0,3872,0,0,4354
136661,1,6,0,-1,-1,0,6146,0,0,4154
136665,1,6,0,0,0,0,5675,0,0,3133
136666,1,6,0,-1,-1,0,702,0,0,3134
136667,1,6,0,-1,-1,0,3295,0,0,2883
136668,1,6,0,-1,-1,0,8936,0,0,5141
136669,1,6,0,-1,-1,0,5268,0,0,5129
136670,1,6,0,-1,-1,0,4942,0,0,4624
136671,1,6,0,-1,-1,0,4094,0,0,4609
136679,1,6,0,-1,-1,0,1022,0,0,4166
136680,1,6,0,-1,-1,0,2812,0,0,4167
136681,1,6,0,0,0,0,2484,0,0,4168
136683,1,6,0,-1,-1,0,3968,0,0,4416
136685,1,6,0,-1,-1,0,3175,0,0,3395
136686,1,6,0,-1,-1,0,3762,0,0,4293
136688,1,6,0,-1,-1,0,7149,0,0,5973
136690,1,6,0,-1,-1,0,7754,0,0,6329
136691,1,6,0,-1,-1,0,7752,0,0,6326
136692,1,6,0,-1,-1,0,2120,0,0,3089
136693,1,6,0,-1,-1,0,3334,0,0,3611
136694,1,6,0,-1,-1,0,3330,0,0,2882
136699,1,6,0,-1,-1,0,3954,0,0,4412
136700,1,6,0,-1,-1,0,3959,0,0,4413
136701,1,6,0,-1,-1,0,3960,0,0,4414
136702,1,6,0,-1,-1,0,3767,0,0,4294
136703,1,6,0,-1,-1,0,7153,0,0,4295
136704,1,6,0,-1,-1,0,3321,0,0,3609
136705,1,6,0,-1,-1,0,3450,0,0,3830
136709,1,6,0,-1,-1,0,3188,0,0,6211
136710,1,6,0,-1,-1,0,3500,0,0,3869
136711,1,6,0,-1,-1,0,3504,0,0,3870
136712,1,6,0,-1,-1,0,3769,0,0,4296
136713,1,6,0,-1,-1,0,3775,0,0,4298
136715,1,6,0,-1,-1,0,6414,0,0,5484
136716,1,6,0,0,0,0,2609,0,0,4173
136719,1,6,0,-1,-1,0,774,0,0,5730
136721,1,6,0,-1,-1,0,3505,0,0,3871
136722,1,6,0,-1,-1,0,6415,0,0,5485
136723,1,6,0,-1,-1,0,3933,0,0,4409
136724,1,6,0,-1,-1,0,603,0,0,4207
136726,1,6,0,-1,-1,0,6229,0,0,4209
136728,1,6,0,-1,-1,0,126,0,0,4201
136729,1,6,0,-1,-1,0,1714,0,0,5724
136732,1,6,0,-1,-1,0,6617,0,0,5640
136733,1,6,0,-1,-1,0,3493,0,0,3866
136736,1,6,0,-1,-1,0,3940,0,0,4410
136740,1,6,0,-1,-1,0,6501,0,0,5528
136747,1,6,0,-1,-1,0,759,0,0,4145
136748,1,6,0,-1,-1,0,6413,0,0,5483
136750,1,6,0,-1,-1,0,6127,0,0,4150
136752,1,6,0,-1,-1,0,6688,0,0,5772
136753,1,6,0,-1,-1,0,6692,0,0,5773
136754,1,6,0,-1,-1,0,7213,0,0,6039
136757,1,6,0,-1,-1,0,8780,0,0,7092
136758,1,6,0,-1,-1,0,8778,0,0,7093
136759,1,6,0,-1,-1,0,7255,0,0,6053
136760,1,6,0,-1,-1,0,7256,0,0,6054
136761,1,6,0,-1,-1,0,10554,0,0,8399
136762,1,6,0,0,0,0,131,0,0,9058
136767,1,6,0,-1,-1,0,10544,0,0,8404
136770,1,6,0,-1,-1,0,7893,0,0,6391
136774,1,6,0,-1,-1,0,9818,0,0,7981
136775,1,6,0,-1,-1,0,5143,0,0,8837
136779,1,6,0,-1,-1,0,475,0,0,8806
136780,1,6,0,-1,-1,0,10,0,0,8808
136781,1,6,0,-1,-1,0,10564,0,0,8400
136782,1,6,0,-1,-1,0,6695,0,0,5775
136783,1,6,0,-1,-1,0,10490,0,0,8384
136784,1,6,0,-1,-1,0,9957,0,0,7994
136785,1,6,0,-1,-1,0,9269,0,0,7560
136786,1,6,0,-1,-1,0,9995,0,0,7992
136790,1,6,0,-1,-1,0,5265,0,0,5131
136791,1,6,0,-1,-1,0,5266,0,0,5132
136793,1,6,0,-1,-1,0,2139,0,0,4148
136797,1,6,0,-1,-1,0,9945,0,0,7983
136799,1,6,0,-1,-1,0,7639,0,0,6274
136800,1,6,0,-1,-1,0,697,0,0,6544
136801,1,6,0,-1,-1,0,10525,0,0,8395
136809,1,6,0,0,0,0,6346,0,0,5713
136810,1,6,0,-1,-1,0,1038,0,0,5684
136811,1,6,0,-1,-1,0,2362,0,0,5721
136814,1,6,0,-1,-1,0,6686,0,0,5771
136818,1,6,0,-1,-1,0,9937,0,0,7995
136819,1,6,0,0,0,0,3599,0,0,9059
136823,1,6,0,-1,-1,0,6412,0,0,5482
136824,1,6,0,-1,-1,0,7955,0,0,6476
136825,1,6,0,0,0,0,5730,0,0,9043
136829,1,6,0,-1,-1,0,693,0,0,9202
136833,1,6,0,-1,-1,0,2060,0,0,9002
136839,1,6,0,-1,-1,0,5782,0,0,9195
136845,1,6,0,-1,-1,0,7633,0,0,6272
136846,1,6,0,-1,-1,0,7636,0,0,6273
136861,1,6,0,0,0,0,2607,0,0,5696
136863,1,6,0,-1,-1,0,10520,0,0,8386
136868,1,6,0,-1,-1,0,6618,0,0,5643
136869,1,6,0,-1,-1,0,5504,0,0,5644
136870,1,6,0,-1,-1,0,8604,0,0,6891
136871,1,6,0,-1,-1,0,6129,0,0,8871
136872,1,6,0,-1,-1,0,7443,0,0,6342
136873,1,6,0,-1,-1,0,7451,0,0,6343
136874,1,6,0,-1,-1,0,6624,0,0,5642
136875,1,6,0,-1,-1,0,606,0,0,8962
136876,1,6,0,-1,-1,0,2060,0,0,9003
136877,1,6,0,-1,-1,0,2060,0,0,9014
136879,1,6,0,-1,-1,0,712,0,0,6623
136880,1,6,0,-1,-1,0,11468,0,0,9297
136881,1,6,0,-1,-1,0,879,0,0,5672
136882,1,6,0,-1,-1,0,5502,0,0,5676
136883,1,6,0,-1,-1,0,7221,0,0,6044
136884,1,6,0,-1,-1,0,7451,0,0,6222
136885,1,6,0,-1,-1,0,7776,0,0,6346
136888,1,6,0,-1,-1,0,700,0,0,8809
136890,1,6,0,-1,-1,0,9997,0,0,8029
136896,1,6,0,0,0,0,467,0,0,5139
136899,1,6,0,-1,-1,0,7643,0,0,6275
136900,1,6,0,-1,-1,0,8322,0,0,6710
136906,1,6,0,-1,-1,0,7892,0,0,6390
136908,1,6,0,-1,-1,0,6419,0,0,5489
136909,1,6,0,-1,-1,0,740,0,0,8801
136911,1,6,0,-1,-1,0,9813,0,0,7979
136912,1,6,0,-1,-1,0,9814,0,0,7980
136915,1,6,0,0,0,0,2484,0,0,9041
136916,1,6,0,-1,-1,0,7259,0,0,6057
136920,1,6,0,-1,-1,0,7786,0,0,6348
136922,1,6,0,-1,-1,0,740,0,0,5158
136923,1,6,0,-1,-1,0,691,0,0,6988
136924,1,6,0,-1,-1,0,8339,0,0,6716
136925,1,6,0,-1,-1,0,8795,0,0,7085
136926,1,6,0,-1,-1,0,8240,0,0,6663
136927,1,6,0,-1,-1,0,8367,0,0,6735
136928,1,6,0,-1,-1,0,10533,0,0,8397
136929,1,6,0,-1,-1,0,10,0,0,8873
136931,1,6,0,-1,-1,0,7782,0,0,6347
136932,1,6,0,-1,-1,0,7827,0,0,6368
136933,1,6,0,-1,-1,0,12063,0,0,10304
136934,1,6,0,-1,-1,0,12059,0,0,10301
136937,1,6,0,-1,-1,0,6416,0,0,5486
136940,1,6,0,-1,-1,0,8936,0,0,8772
136944,1,6,0,-1,-1,0,5394,0,0,6650
136945,1,6,0,-1,-1,0,113,0,0,8815
136946,1,6,0,-1,-1,0,3449,0,0,6068
136947,1,6,0,-1,-1,0,7859,0,0,6375
136948,1,6,0,-1,-1,0,7828,0,0,6369
136949,1,6,0,-1,-1,0,11643,0,0,9367
136950,1,6,0,-1,-1,0,5143,0,0,8804
136951,1,6,0,-1,-1,0,5143,0,0,8822
136953,1,6,0,-1,-1,0,10550,0,0,8388
136956,1,6,0,-1,-1,0,7863,0,0,6376
136959,1,6,0,-1,-1,0,606,0,0,4275
136964,1,6,0,-1,-1,0,9197,0,0,7450
136965,1,6,0,-1,-1,0,7954,0,0,6475
136967,1,6,0,-1,-1,0,10560,0,0,8389
136968,1,6,0,-1,-1,0,10562,0,0,8390
136969,1,6,0,-1,-1,0,355,0,0,6621
136970,1,6,0,-1,-1,0,8782,0,0,7091
136971,1,6,0,-1,-1,0,9064,0,0,7288
136972,1,6,0,-1,-1,0,9070,0,0,7289
136974,1,6,0,-1,-1,0,8921,0,0,8907
136977,1,6,0,-1,-1,0,7751,0,0,6325
136978,1,6,0,-1,-1,0,596,0,0,4269
136980,1,6,0,-1,-1,0,5143,0,0,8880
136983,1,6,0,-1,-1,0,8607,0,0,6892
136984,1,6,0,-1,-1,0,9820,0,0,7982
136985,1,6,0,-1,-1,0,8071,0,0,6648
136986,1,6,0,-1,-1,0,3599,0,0,6649
136989,1,6,0,-1,-1,0,1953,0,0,5647
136992,1,6,0,-1,-1,0,5143,0,0,8898
136994,1,6,0,-1,-1,0,10005,0,0,7993
136995,1,6,0,-1,-1,0,6703,0,0,5787
136997,1,6,0,-1,-1,0,8238,0,0,6661
136998,1,6,0,-1,-1,0,8243,0,0,6672
136999,1,6,0,-1,-1,0,759,0,0,8889
137001,1,6,0,-1,-1,0,6127,0,0,8892
137003,1,6,0,-1,-1,0,7630,0,0,6270
137004,1,6,0,-1,-1,0,7629,0,0,6271
137005,1,6,0,-1,-1,0,8793,0,0,7084
137006,1,6,0,-1,-1,0,7257,0,0,6055
137007,1,6,0,-1,-1,0,5506,0,0,5650
137008,1,6,0,-1,-1,0,740,0,0,8775
137009,1,6,0,-1,-1,0,5740,0,0,9204
137016,1,6,0,-1,-1,0,6146,0,0,8886
137018,1,6,0,-1,-1,0,113,0,0,8888
137021,1,6,0,-1,-1,0,9939,0,0,7976
137022,1,6,0,-1,-1,0,8789,0,0,7087
137023,1,6,0,-1,-1,0,8802,0,0,7088
137024,1,6,0,-1,-1,0,8784,0,0,7090
137025,1,6,0,-1,-1,0,8786,0,0,7089
137027,1,6,0,-1,-1,0,2060,0,0,9018
137028,1,6,0,0,0,0,131,0,0,9057
137029,1,6,0,-1,-1,0,5740,0,0,9205
137030,1,6,0,-1,-1,0,8921,0,0,8780
137031,1,6,0,-1,-1,0,139,0,0,8955
137032,1,6,0,-1,-1,0,606,0,0,8958
137038,1,6,0,-1,-1,0,12066,0,0,10312
137042,1,6,0,-1,-1,0,8921,0,0,8757
137043,1,6,0,-1,-1,0,8936,0,0,8791
137047,1,6,0,-1,-1,0,9811,0,0,7978
137049,1,6,0,-1,-1,0,12064,0,0,10311
137051,1,6,0,-1,-1,0,13868,0,0,11205
137053,1,6,0,-1,-1,0,13464,0,0,11081
137054,1,6,0,0,0,0,131,0,0,9089
137055,1,6,0,0,0,0,131,0,0,9090
137058,1,6,0,-1,-1,0,12607,0,0,10603
137063,1,6,0,-1,-1,0,113,0,0,8829
137068,1,6,0,-1,-1,0,9980,0,0,7987
137069,1,6,0,-1,-1,0,10516,0,0,8409
137073,1,6,0,-1,-1,0,10013,0,0,8030
137077,1,6,0,-1,-1,0,13646,0,0,11163
137081,1,6,0,0,0,0,3599,0,0,9039
137089,1,6,0,-1,-1,0,12062,0,0,10303
137090,1,6,0,-1,-1,0,759,0,0,8861
137091,1,6,0,-1,-1,0,6146,0,0,8864
137094,1,6,0,-1,-1,0,740,0,0,8786
137095,1,6,0,-1,-1,0,13841,0,0,11203
137097,1,6,0,-1,-1,0,2096,0,0,8967
137099,1,6,0,-1,-1,0,2060,0,0,9015
137100,1,6,0,-1,-1,0,8366,0,0,6734
137102,1,6,0,-1,-1,0,10,0,0,8896
137107,1,6,0,-1,-1,0,5740,0,0,9221
137108,1,6,0,-1,-1,0,5740,0,0,9222
137109,1,6,0,-1,-1,0,8936,0,0,8800
137114,1,6,0,-1,-1,0,9952,0,0,7985
137115,1,6,0,-1,-1,0,9972,0,0,7986
137116,1,6,0,0,0,0,421,0,0,9085
137118,1,6,0,-1,-1,0,3844,0,0,4346
137119,1,6,0,0,0,0,2610,0,0,4174
137121,1,6,0,-1,-1,0,9202,0,0,7451
137128,1,6,0,-1,-1,0,12587,0,0,10601
137134,1,6,0,-1,-1,0,6146,0,0,8848
137140,1,6,0,-1,-1,0,9966,0,0,7991
137145,1,6,0,-1,-1,0,10009,0,0,8028
137147,1,6,0,-1,-1,0,688,0,0,6516
137150,1,6,0,-1,-1,0,113,0,0,8866
137152,1,6,0,-1,-1,0,7935,0,0,6454
137167,1,6,0,0,0,0,370,0,0,9048
137169,1,6,0,-1,-1,0,8936,0,0,8781
137171,1,6,0,-1,-1,0,11458,0,0,9294
137172,1,6,0,-1,-1,0,11466,0,0,9296
137173,1,6,0,0,0,0,421,0,0,9086
137176,1,6,0,-1,-1,0,9208,0,0,7453
137178,1,6,0,-1,-1,0,10,0,0,5649
137179,1,6,0,-1,-1,0,6127,0,0,8868
137182,1,6,0,-1,-1,0,2812,0,0,8945
137183,1,6,0,-1,-1,0,8921,0,0,8761
137184,1,6,0,-1,-1,0,11456,0,0,10644
137185,1,6,0,-1,-1,0,13687,0,0,11167
137188,1,6,0,-1,-1,0,12086,0,0,10463
137190,1,6,0,-1,-1,0,980,0,0,9194
137191,1,6,0,-1,-1,0,12087,0,0,10322
137192,1,6,0,-1,-1,0,12090,0,0,10324
137196,1,6,0,-1,-1,0,9513,0,0,7678
137197,1,6,0,-1,-1,0,7766,0,0,6344
137198,1,6,0,-1,-1,0,10509,0,0,8385
137200,1,6,0,-1,-1,0,10,0,0,8833
137205,1,6,0,-1,-1,0,6127,0,0,8850
137206,1,6,0,-1,-1,0,3971,0,0,7742
137207,1,6,0,-1,-1,0,3494,0,0,10858
137217,1,6,0,-1,-1,0,5740,0,0,9203
137218,1,6,0,0,0,0,324,0,0,9044
137224,1,6,0,-1,-1,0,11477,0,0,9300
137226,1,6,0,-1,-1,0,7258,0,0,6056
137229,1,6,0,-1,-1,0,13898,0,0,11207
137236,1,6,0,-1,-1,0,9195,0,0,7449
137245,1,6,0,0,0,0,421,0,0,9084
137246,1,6,0,-1,-1,0,8936,0,0,8759
137247,1,6,0,-1,-1,0,12091,0,0,10325
137248,1,6,0,-1,-1,0,12093,0,0,10326
137249,1,6,0,-1,-1,0,9148,0,0,7363
137250,1,6,0,0,0,0,131,0,0,9091
137257,1,6,0,-1,-1,0,543,0,0,8897
137260,1,6,0,-1,-1,0,8936,0,0,8756
137262,1,6,0,-1,-1,0,9979,0,0,7988
137263,1,6,0,-1,-1,0,10,0,0,8858
137264,1,6,0,-1,-1,0,8936,0,0,8765
137266,1,6,0,-1,-1,0,10,0,0,8818
137268,1,6,0,-1,-1,0,543,0,0,8820
137272,1,6,0,-1,-1,0,13655,0,0,11165
137276,1,6,0,-1,-1,0,12060,0,0,10302
137277,1,6,0,-1,-1,0,12614,0,0,10604
137280,1,6,0,-1,-1,0,8936,0,0,8905
137286,1,6,0,-1,-1,0,113,0,0,8854
137288,1,6,0,-1,-1,0,11473,0,0,9302
137289,1,6,0,-1,-1,0,11479,0,0,9304
137290,1,6,0,0,0,0,421,0,0,9087
137293,1,6,0,-1,-1,0,9273,0,0,7561
137295,1,6,0,-1,-1,0,8368,0,0,6736
137296,1,6,0,-1,-1,0,13536,0,0,11101
137297,1,6,0,-1,-1,0,9149,0,0,7364
137304,1,6,0,-1,-1,0,12615,0,0,10605
137305,1,6,0,-1,-1,0,12616,0,0,10606
137306,1,6,0,-1,-1,0,12620,0,0,10608
137308,1,6,0,-1,-1,0,755,0,0,9198
137321,1,6,0,-1,-1,0,12597,0,0,10602
137322,1,6,0,-1,-1,0,12047,0,0,10316
137323,1,6,0,-1,-1,0,12084,0,0,10320
137325,1,6,0,-1,-1,0,3773,0,0,4299
137326,1,6,0,-1,-1,0,10568,0,0,8401
137327,1,6,0,-1,-1,0,13689,0,0,11168
137328,1,6,0,-1,-1,0,2060,0,0,9016
137333,1,6,0,0,0,0,3599,0,0,9047
137336,1,6,0,-1,-1,0,689,0,0,9200
137338,1,6,0,-1,-1,0,9964,0,0,7989
137341,1,6,0,-1,-1,0,12078,0,0,10315
137342,1,6,0,-1,-1,0,12080,0,0,10317
137344,1,6,0,-1,-1,0,16645,0,0,12685
137346,1,6,0,-1,-1,0,1714,0,0,9191
137347,1,6,0,-1,-1,0,172,0,0,9192
137352,1,6,0,-1,-1,0,10529,0,0,8403
137353,1,6,0,-1,-1,0,10546,0,0,8405
137355,1,6,0,-1,-1,0,3495,0,0,3867
137356,1,6,0,-1,-1,0,9970,0,0,7990
137357,1,6,0,-1,-1,0,7953,0,0,6474
137358,1,6,0,-1,-1,0,10572,0,0,8407
137368,1,6,0,-1,-1,0,11454,0,0,10713
137376,1,6,0,0,0,0,3599,0,0,9046
137379,1,6,0,-1,-1,0,759,0,0,8840
137380,1,6,0,-1,-1,0,3765,0,0,7360
137381,1,6,0,-1,-1,0,9146,0,0,7361
137382,1,6,0,-1,-1,0,9147,0,0,7362
137383,1,6,0,-1,-1,0,3854,0,0,7114
137390,1,6,0,-1,-1,0,16744,0,0,12726
137391,1,6,0,-1,-1,0,16745,0,0,12727
137392,1,6,0,-1,-1,0,6129,0,0,8853
137393,1,6,0,-1,-1,0,11480,0,0,9305
137394,1,6,0,0,0,0,2871,0,0,1063
137399,1,6,0,-1,-1,0,17560,0,0,13483
137400,1,6,0,-1,-1,0,15910,0,0,12240
137403,1,6,0,-1,-1,0,13380,0,0,11038
137404,1,6,0,-1,-1,0,12081,0,0,10318
137406,1,6,0,-1,-1,0,18247,0,0,13949
137407,1,6,0,-1,-1,0,18418,0,0,14482
137408,1,6,0,-1,-1,0,18419,0,0,14483
137409,1,6,0,-1,-1,0,18420,0,0,14484
137410,1,6,0,-1,-1,0,18423,0,0,14488
137411,1,6,0,-1,-1,0,18414,0,0,14478
137412,1,6,0,-1,-1,0,16985,0,0,12830
137413,1,6,0,-1,-1,0,3928,0,0,4408
137414,1,6,0,0,0,0,5394,0,0,5697
137415,1,6,0,-1,-1,0,9950,0,0,7984
137416,1,6,0,-1,-1,0,17561,0,0,13484
137417,1,6,0,-1,-1,0,18415,0,0,14479
137418,1,6,0,-1,-1,0,18416,0,0,14480
137419,1,6,0,-1,-1,0,16986,0,0,12831
137420,1,6,0,-1,-1,0,16988,0,0,12833
137422,1,6,0,-1,-1,0,16654,0,0,12695
137423,1,6,0,-1,-1,0,15292,0,0,11610
137424,1,6,0,-1,-1,0,15294,0,0,11611
137427,1,6,0,-1,-1,0,15293,0,0,11614
137428,1,6,0,-1,-1,0,11472,0,0,9298
137429,1,6,0,-1,-1,0,2812,0,0,8935
137431,1,6,0,-1,-1,0,13419,0,0,11039
137434,1,6,0,-1,-1,0,13846,0,0,11204
137435,1,6,0,-1,-1,0,18455,0,0,14510
137436,1,6,0,-1,-1,0,16725,0,0,12713
137437,1,6,0,-1,-1,0,15296,0,0,11612
137438,1,6,0,-1,-1,0,755,0,0,9199
137439,1,6,0,-1,-1,0,16746,0,0,12728
137441,1,6,0,-1,-1,0,12056,0,0,10300
137442,1,6,0,-1,-1,0,2542,0,0,2697
137443,1,6,0,-1,-1,0,15633,0,0,11827
137445,1,6,0,-1,-1,0,2006,0,0,1090
137448,1,6,0,-1,-1,0,18245,0,0,13947
137449,1,6,0,-1,-1,0,17566,0,0,13489
137451,1,6,0,-1,-1,0,15973,0,0,12261
137453,1,6,0,-1,-1,0,543,0,0,8843
137458,1,6,0,-1,-1,0,17555,0,0,13479
137459,1,6,0,-1,-1,0,16990,0,0,12834
137461,1,6,0,-1,-1,0,16973,0,0,12824
137462,1,6,0,-1,-1,0,16991,0,0,12835
137463,1,6,0,-1,-1,0,16667,0,0,12696
137464,1,6,0,-1,-1,0,16660,0,0,12698
137465,1,6,0,-1,-1,0,16992,0,0,12836
137468,1,6,0,-1,-1,0,2060,0,0,9001
137469,1,6,0,-1,-1,0,10531,0,0,8387
137472,1,6,0,-1,-1,0,12624,0,0,10609
137475,1,6,0,-1,-1,0,17557,0,0,13481
137476,1,6,0,-1,-1,0,17559,0,0,13482
137477,1,6,0,-1,-1,0,18238,0,0,13939
137478,1,6,0,-1,-1,0,16978,0,0,12825
137479,1,6,0,-1,-1,0,17571,0,0,13491
137480,1,6,0,-1,-1,0,16659,0,0,12702
137482,1,6,0,-1,-1,0,8921,0,0,8798
137483,1,6,0,-1,-1,0,10574,0,0,8408
137484,1,6,0,-1,-1,0,16993,0,0,12837
137486,1,6,0,-1,-1,0,6417,0,0,5487
137489,1,6,0,-1,-1,0,8797,0,0,7086
137490,1,6,0,-1,-1,0,15628,0,0,11828
137496,1,6,0,-1,-1,0,770,0,0,8790
137500,1,6,0,-1,-1,0,5267,0,0,5130
137501,1,6,0,-1,-1,0,3498,0,0,12164
137502,1,6,0,-1,-1,0,17637,0,0,13521
137504,1,6,0,-1,-1,0,3957,0,0,13308
137505,1,6,0,-1,-1,0,3979,0,0,13310
137511,1,6,0,-1,-1,0,16662,0,0,12704
137513,1,6,0,-1,-1,0,3492,0,0,12162
137515,1,6,0,-1,-1,0,16644,0,0,12684
137516,1,6,0,-1,-1,0,17564,0,0,13487
137521,1,6,0,-1,-1,0,16663,0,0,12705
137522,1,6,0,-1,-1,0,5138,0,0,9211
137527,1,6,0,-1,-1,0,16650,0,0,12691
137528,1,6,0,-1,-1,0,16651,0,0,12692
137529,1,6,0,-1,-1,0,16652,0,0,12693
137530,1,6,0,-1,-1,0,16653,0,0,12694
137531,1,6,0,-1,-1,0,16726,0,0,12714
137532,1,6,0,-1,-1,0,16730,0,0,12715
137534,1,6,0,-1,-1,0,18448,0,0,14507
137535,1,6,0,-1,-1,0,16647,0,0,12688
137536,1,6,0,-1,-1,0,3451,0,0,3831
137537,1,6,0,-1,-1,0,8921,0,0,8768
137538,1,6,0,-1,-1,0,15861,0,0,12231
137541,1,6,0,-1,-1,0,15295,0,0,11615
137542,1,6,0,-1,-1,0,851,0,0,4146
137543,1,6,0,-1,-1,0,13653,0,0,11164
137544,1,6,0,-1,-1,0,13947,0,0,11226
137545,1,6,0,-1,-1,0,12089,0,0,10323
137546,1,6,0,-1,-1,0,9933,0,0,7975
137547,1,6,0,-1,-1,0,16971,0,0,12823
137548,1,6,0,-1,-1,0,16643,0,0,12683
137549,1,6,0,-1,-1,0,15935,0,0,12226
137550,1,6,0,-1,-1,0,15856,0,0,12229
137552,1,6,0,-1,-1,0,7222,0,0,6045
137553,1,6,0,-1,-1,0,6693,0,0,5774
137554,1,6,0,-1,-1,0,8895,0,0,7192
137556,1,6,0,-1,-1,0,7133,0,0,5972
137559,1,6,0,-1,-1,0,17632,0,0,13517
137560,1,6,0,-1,-1,0,17634,0,0,13518
137561,1,6,0,-1,-1,0,18246,0,0,13948
137562,1,6,0,-1,-1,0,18456,0,0,14512
137563,1,6,0,-1,-1,0,18458,0,0,14514
137564,1,6,0,-1,-1,0,3496,0,0,12163
137565,1,6,0,-1,-1,0,17553,0,0,13477
137566,1,6,0,-1,-1,0,16646,0,0,12687
137567,1,6,0,-1,-1,0,16648,0,0,12689
137568,1,6,0,-1,-1,0,15906,0,0,12239
137571,1,6,0,-1,-1,0,16741,0,0,12720
137573,1,6,0,0,0,0,370,0,0,9050
137574,1,6,0,-1,-1,0,2060,0,0,9013
137577,1,6,0,-1,-1,0,12083,0,0,10319
137578,1,6,0,-1,-1,0,17562,0,0,13485
137579,1,6,0,-1,-1,0,18452,0,0,14509
137580,1,6,0,-1,-1,0,11476,0,0,9301
137582,1,6,0,-1,-1,0,16664,0,0,12706
137585,1,6,0,-1,-1,0,1454,0,0,3143
137586,1,6,0,-1,-1,0,15596,0,0,11813
137587,1,6,0,-1,-1,0,18242,0,0,13943
137588,1,6,0,-1,-1,0,18450,0,0,14505
137589,1,6,0,-1,-1,0,18451,0,0,14506
137597,1,6,0,-1,-1,0,3397,0,0,3734
137598,1,6,0,-1,-1,0,16980,0,0,12826
137599,1,6,0,-1,-1,0,16983,0,0,12827
137600,1,6,0,-1,-1,0,16984,0,0,12828
137601,1,6,0,-1,-1,0,16728,0,0,12716
137602,1,6,0,-1,-1,0,16729,0,0,12717
137603,1,6,0,-1,-1,0,16960,0,0,12816
137604,1,6,0,-1,-1,0,16965,0,0,12817
137605,1,6,0,-1,-1,0,16970,0,0,12821
137606,1,6,0,-1,-1,0,18243,0,0,13945
137607,1,6,0,-1,-1,0,18411,0,0,14474
137608,1,6,0,-1,-1,0,7793,0,0,6349
137609,1,6,0,-1,-1,0,19088,0,0,15762
137610,1,6,0,-1,-1,0,19792,0,0,16043
137611,1,6,0,-1,-1,0,3857,0,0,14630
137614,1,6,0,-1,-1,0,18412,0,0,14476
137617,1,6,0,-1,-1,0,19082,0,0,15756
137618,1,6,0,-1,-1,0,19833,0,0,16056
137619,1,6,0,-1,-1,0,6518,0,0,5543
137621,1,6,0,-1,-1,0,19049,0,0,15725
137624,1,6,0,-1,-1,0,19814,0,0,16046
137625,1,6,0,-1,-1,0,19795,0,0,16047
137626,1,6,0,-1,-1,0,20855,0,0,17025
137631,1,6,0,-1,-1,0,19796,0,0,16048
137632,1,6,0,-1,-1,0,19076,0,0,15749
137633,1,6,0,-1,-1,0,19072,0,0,15745
137634,1,6,0,-1,-1,0,19073,0,0,15746
137635,1,6,0,-1,-1,0,19089,0,0,15763
137638,1,6,0,-1,-1,0,19078,0,0,15752
137639,1,6,0,-1,-1,0,3869,0,0,14627
137640,1,6,0,-1,-1,0,19091,0,0,15765
137642,1,6,0,-1,-1,0,3778,0,0,14635
137643,1,6,0,-1,-1,0,17565,0,0,13488
137644,1,6,0,-1,-1,0,19097,0,0,15772
137645,1,6,0,-1,-1,0,20011,0,0,16251
137646,1,6,0,-1,-1,0,4096,0,0,13287
137648,1,6,0,-1,-1,0,18438,0,0,14491
137649,1,6,0,-1,-1,0,18437,0,0,14492
137650,1,6,0,-1,-1,0,18436,0,0,14493
137651,1,6,0,-1,-1,0,18405,0,0,14468
137653,1,6,0,-1,-1,0,19100,0,0,15774
137654,1,6,0,-1,-1,0,19102,0,0,15776
137656,1,6,0,-1,-1,0,17570,0,0,13490
137657,1,6,0,-1,-1,0,17572,0,0,13492
137658,1,6,0,-1,-1,0,15865,0,0,12233
137660,1,6,0,-1,-1,0,18439,0,0,14494
137662,1,6,0,-1,-1,0,18403,0,0,14466
137663,1,6,0,-1,-1,0,13612,0,0,11150
137664,1,6,0,-1,-1,0,17575,0,0,13495
137665,1,6,0,-1,-1,0,17576,0,0,13496
137666,1,6,0,-1,-1,0,19103,0,0,15777
137674,1,6,0,-1,-1,0,18445,0,0,14499
137675,1,6,0,-1,-1,0,18406,0,0,14469
137676,1,6,0,-1,-1,0,17577,0,0,13497
137677,1,6,0,-1,-1,0,18441,0,0,14495
137678,1,6,0,-1,-1,0,19052,0,0,15728
137683,1,6,0,-1,-1,0,19060,0,0,15733
137684,1,6,0,-1,-1,0,19061,0,0,15734
137685,1,6,0,-1,-1,0,19062,0,0,15735
137686,1,6,0,-1,-1,0,19079,0,0,15753
137687,1,6,0,-1,-1,0,16656,0,0,12697
137688,1,6,0,-1,-1,0,16661,0,0,12703
137689,1,6,0,-1,-1,0,16724,0,0,12711
137692,1,6,0,-1,-1,0,17574,0,0,13494
137694,1,6,0,-1,-1,0,18407,0,0,14470
137695,1,6,0,-1,-1,0,19050,0,0,15726
137696,1,6,0,-1,-1,0,20874,0,0,17051
137697,1,6,0,-1,-1,0,20873,0,0,17053
137698,1,6,0,-1,-1,0,19063,0,0,15737
137702,1,6,0,-1,-1,0,12075,0,0,10314
137703,1,6,0,-1,-1,0,4097,0,0,13288
137705,1,6,0,-1,-1,0,18409,0,0,14472
137706,1,6,0,-1,-1,0,19051,0,0,15727
137710,1,6,0,-1,-1,0,18239,0,0,13940
137713,1,6,0,-1,-1,0,13931,0,0,11223
137718,1,6,0,-1,-1,0,18434,0,0,14490
137720,1,6,0,-1,-1,0,18442,0,0,14496
137721,1,6,0,-1,-1,0,18440,0,0,14497
137724,1,6,0,-1,-1,0,19081,0,0,15755
137726,1,6,0,-1,-1,0,13945,0,0,11225
137727,1,6,0,-1,-1,0,3969,0,0,13311
137728,1,6,0,-1,-1,0,18244,0,0,13946
137731,1,6,0,-1,-1,0,19075,0,0,15748
137732,1,6,0,-1,-1,0,17578,0,0,13499
137733,1,6,0,-1,-1,0,18404,0,0,14467
137735,1,6,0,-1,-1,0,3454,0,0,14634
137737,1,6,0,-1,-1,0,19819,0,0,16052
137738,1,6,0,-1,-1,0,19830,0,0,16054
137739,1,6,0,-1,-1,0,19092,0,0,15768
137740,1,6,0,-1,-1,0,19093,0,0,15769
137743,1,6,0,-1,-1,0,19084,0,0,15758
137744,1,6,0,-1,-1,0,19085,0,0,15759
137745,1,6,0,-1,-1,0,19086,0,0,15760
137746,1,6,0,-1,-1,0,19048,0,0,15724
137750,1,6,0,-1,-1,0,3503,0,0,6047
137753,1,6,0,-1,-1,0,17187,0,0,12958
137754,1,6,0,-1,-1,0,19054,0,0,15730
137755,1,6,0,-1,-1,0,19059,0,0,15732
137756,1,6,0,-1,-1,0,19799,0,0,16049
137758,1,6,0,-1,-1,0,19793,0,0,16044
137759,1,6,0,-1,-1,0,19794,0,0,16045
137760,1,6,0,-1,-1,0,19087,0,0,15761
137762,1,6,0,-1,-1,0,20017,0,0,16217
137763,1,6,0,-1,-1,0,20036,0,0,16249
137764,1,6,0,-1,-1,0,16969,0,0,12819
137766,1,6,0,-1,-1,0,16731,0,0,12718
137767,1,6,0,-1,-1,0,16995,0,0,12839
137768,1,6,0,-1,-1,0,20030,0,0,16247
137769,1,6,0,-1,-1,0,21931,0,0,17725
137770,1,6,0,-1,-1,0,22866,0,0,18414
137772,1,6,0,-1,-1,0,20876,0,0,17052
137774,1,6,0,-1,-1,0,20853,0,0,17022
137775,1,6,0,-1,-1,0,18410,0,0,14473
137776,1,6,0,-1,-1,0,19095,0,0,15771
137777,1,6,0,-1,-1,0,22704,0,0,18235
137778,1,6,0,-1,-1,0,20035,0,0,16255
137779,1,6,0,-1,-1,0,19055,0,0,15731
137780,1,6,0,-1,-1,0,17556,0,0,13480
137781,1,6,0,-1,-1,0,17635,0,0,13519
137784,1,6,0,-1,-1,0,18457,0,0,14513
137785,1,6,0,-1,-1,0,23507,0,0,19027
137786,1,6,0,-1,-1,0,23664,0,0,19216
137787,1,6,0,-1,-1,0,23069,0,0,18650
137788,1,6,0,-1,-1,0,19071,0,0,15744
137789,1,6,0,-1,-1,0,20897,0,0,17060
137790,1,6,0,-1,-1,0,20028,0,0,16242
137791,1,6,0,-1,-1,0,19825,0,0,16053
137794,1,6,0,-1,-1,0,19066,0,0,15740
137795,1,6,0,-1,-1,0,19067,0,0,15741
137796,1,6,0,-1,-1,0,20013,0,0,16244
137798,1,6,0,-1,-1,0,15855,0,0,12228
137799,1,6,0,-1,-1,0,22926,0,0,18517
137800,1,6,0,-1,-1,0,15863,0,0,12232
137801,1,6,0,-1,-1,0,22921,0,0,18514
137802,1,6,0,-1,-1,0,22922,0,0,18515
137803,1,6,0,-1,-1,0,22793,0,0,18290
137805,1,6,0,-1,-1,0,22749,0,0,18259
137806,1,6,0,-1,-1,0,19104,0,0,15779
137807,1,6,0,-1,-1,0,22928,0,0,18519
137810,1,6,0,-1,-1,0,22868,0,0,18416
137811,1,6,0,-1,-1,0,19053,0,0,15729
137812,1,6,0,-1,-1,0,19074,0,0,15747
137813,1,6,0,-1,-1,0,16642,0,0,12682
137814,1,6,0,-1,-1,0,9072,0,0,7290
137815,1,6,0,-1,-1,0,19107,0,0,15781
137817,1,6,0,-1,-1,0,9513,0,0,18160
137818,1,6,0,-1,-1,0,15933,0,0,16110
137819,1,6,0,-1,-1,0,15915,0,0,16111
137822,1,6,0,-1,-1,0,16655,0,0,12699
137823,1,6,0,-1,-1,0,18446,0,0,14500
137824,1,6,0,-1,-1,0,20029,0,0,16223
137826,1,6,0,-1,-1,0,21923,0,0,17709
137827,1,6,0,-1,-1,0,22923,0,0,18516
137831,1,6,0,-1,-1,0,19098,0,0,15773
137832,1,6,0,-1,-1,0,19065,0,0,15739
137834,1,6,0,-1,-1,0,19801,0,0,16665
137835,1,6,0,-1,-1,0,19790,0,0,16041
137836,1,6,0,-1,-1,0,19791,0,0,16042
137838,1,6,0,-1,-1,0,23800,0,0,19445
137839,1,6,0,-1,-1,0,22727,0,0,18252
137840,1,6,0,-1,-1,0,7929,0,0,16112
137842,1,6,0,-1,-1,0,19831,0,0,16055
137843,1,6,0,-1,-1,0,20008,0,0,16214
137844,1,6,0,-1,-1,0,20626,0,0,16767
137846,1,6,0,-1,-1,0,22870,0,0,18418
137851,1,6,0,-1,-1,0,16657,0,0,12700
137852,1,6,0,-1,-1,0,22867,0,0,18415
137853,1,6,0,-1,-1,0,18408,0,0,14471
137854,1,6,0,-1,-1,0,19083,0,0,15757
137855,1,6,0,-1,-1,0,19094,0,0,15770
137856,1,6,0,-1,-1,0,21143,0,0,17200
137857,1,6,0,-1,-1,0,21144,0,0,17201
137858,1,6,0,-1,-1,0,20023,0,0,16245
137859,1,6,0,-1,-1,0,20010,0,0,16246
137862,1,6,0,-1,-1,0,23665,0,0,19217
137863,1,6,0,-1,-1,0,23666,0,0,19219
137864,1,6,0,-1,-1,0,23129,0,0,18661
137867,1,6,0,-1,-1,0,19101,0,0,15775
137868,1,6,0,-1,-1,0,20872,0,0,17049
137869,1,6,0,-1,-1,0,21913,0,0,17706
137870,1,6,0,-1,-1,0,23802,0,0,19447
137871,1,6,0,-1,-1,0,22732,0,0,18257
137874,1,6,0,-1,-1,0,19064,0,0,15738
137876,1,6,0,-1,-1,0,20890,0,0,17059
137877,1,6,0,-1,-1,0,18560,0,0,14526
137879,1,6,0,-1,-1,0,10840,0,0,16113
137881,1,6,0,-1,-1,0,16967,0,0,12818
137884,1,6,0,-1,-1,0,20848,0,0,17017
137885,1,6,0,-1,-1,0,20849,0,0,17018
137886,1,6,0,-1,-1,0,20025,0,0,16253
137889,1,6,0,-1,-1,0,21945,0,0,17724
137891,1,6,0,-1,-1,0,16987,0,0,12832
137892,1,6,0,-1,-1,0,23632,0,0,19203
137893,1,6,0,-1,-1,0,24399,0,0,20040
137896,1,6,0,-1,-1,0,23787,0,0,19442
137897,1,6,0,-1,-1,0,23636,0,0,19206
137898,1,6,0,-1,-1,0,18413,0,0,14477
137899,1,6,0,-1,-1,0,18421,0,0,14485
137900,1,6,0,-1,-1,0,23628,0,0,19202
137901,1,6,0,-1,-1,0,20009,0,0,16218
137904,1,6,0,-1,-1,0,24367,0,0,20013
137906,1,6,0,-1,-1,0,22711,0,0,18239
137907,1,6,0,-1,-1,0,20031,0,0,16250
137908,1,6,0,-1,-1,0,16742,0,0,12725
137909,1,6,0,-1,-1,0,23652,0,0,19211
137910,1,6,0,-1,-1,0,23653,0,0,19212
137911,1,6,0,-1,-1,0,23081,0,0,18657
137915,1,6,0,-1,-1,0,21161,0,0,18592
137916,1,6,0,-1,-1,0,20020,0,0,16215
137918,1,6,0,-1,-1,0,23708,0,0,19331
137920,1,6,0,-1,-1,0,23638,0,0,19208
137921,1,6,0,-1,-1,0,23639,0,0,19209
137922,1,6,0,-1,-1,0,23650,0,0,19210
137924,1,6,0,-1,-1,0,2548,0,0,2700
137926,1,6,0,-1,-1,0,20024,0,0,16220
137927,1,6,0,-1,-1,0,20016,0,0,16222
137928,1,6,0,-1,-1,0,23709,0,0,19332
137929,1,6,0,-1,-1,0,23710,0,0,19333
137932,1,6,0,-1,-1,0,24356,0,0,20000
137933,1,6,0,-1,-1,0,24357,0,0,20001
137934,1,6,0,-1,-1,0,23637,0,0,19207
137935,1,6,0,-1,-1,0,23667,0,0,19220
137936,1,6,0,-1,-1,0,23077,0,0,18652
137937,1,6,0,-1,-1,0,22761,0,0,18267
137938,1,6,0,-1,-1,0,22902,0,0,18487
137939,1,6,0,-1,-1,0,24091,0,0,19764
137943,1,6,0,-1,-1,0,12068,0,0,10313
137944,1,6,0,-1,-1,0,12085,0,0,10321
137945,1,6,0,-1,-1,0,23705,0,0,19328
137946,1,6,0,-1,-1,0,13617,0,0,11151
137947,1,6,0,-1,-1,0,2795,0,0,2889
137948,1,6,0,-1,-1,0,17552,0,0,13476
137949,1,6,0,-1,-1,0,21940,0,0,17720
137952,1,6,0,-1,-1,0,23067,0,0,18649
137953,1,6,0,-1,-1,0,24093,0,0,19766
137954,1,6,0,-1,-1,0,23703,0,0,19326
137955,1,6,0,-1,-1,0,19068,0,0,20253
137957,1,6,0,-1,-1,0,3873,0,0,10728
137958,1,6,0,-1,-1,0,7753,0,0,6328
137959,1,6,0,-1,-1,0,24368,0,0,20014
137960,1,6,0,-1,-1,0,18444,0,0,14498
137961,1,6,0,-1,-1,0,23078,0,0,18653
137962,1,6,0,-1,-1,0,23079,0,0,18655
137964,1,6,0,-1,-1,0,23190,0,0,18731
137965,1,6,0,-1,-1,0,17554,0,0,13478
137969,1,6,0,-1,-1,0,20033,0,0,16248
137974,1,6,0,-1,-1,0,17579,0,0,13500
137975,1,6,0,-1,-1,0,9207,0,0,7452
137977,1,6,0,-1,-1,0,24418,0,0,20075
137979,1,6,0,-1,-1,0,24123,0,0,19771
137980,1,6,0,-1,-1,0,24125,0,0,19773
137981,1,6,0,-1,-1,0,3851,0,0,4349
137983,1,6,0,-1,-1,0,17580,0,0,13501
137984,1,6,0,-1,-1,0,980,0,0,3142
137985,1,6,0,-1,-1,0,19080,0,0,20254
137986,1,6,0,-1,-1,0,23096,0,0,18654
137987,1,6,0,-1,-1,0,22757,0,0,18264
137988,1,6,0,-1,-1,0,22869,0,0,18417
137989,1,6,0,-1,-1,0,543,0,0,1574
137990,1,6,0,-1,-1,0,19106,0,0,15780
137991,1,6,0,-1,-1,0,23704,0,0,19327
137992,1,6,0,-1,-1,0,23706,0,0,19329
137993,1,6,0,-1,-1,0,22927,0,0,18518
137994,1,6,0,-1,-1,0,23399,0,0,18949
137998,1,6,0,-1,-1,0,24121,0,0,19769
137999,1,6,0,-1,-1,0,24122,0,0,19770
138001,1,6,0,-1,-1,0,19068,0,0,15742
138002,1,6,0,-1,-1,0,19070,0,0,15743
138003,1,6,0,-1,-1,0,24901,0,0,20546
138004,1,6,0,-1,-1,0,24703,0,0,20382
138006,1,6,0,-1,-1,0,19077,0,0,15751
138007,1,6,0,-1,-1,0,21943,0,0,17722
138008,1,6,0,-1,-1,0,23066,0,0,18647
138009,1,6,0,-1,-1,0,23068,0,0,18648
138012,1,6,0,-1,-1,0,543,0,0,8869
138014,1,6,0,-1,-1,0,18447,0,0,14501
138015,1,6,0,-1,-1,0,18454,0,0,14511
138017,1,6,0,-1,-1,0,25954,0,0,21219
138018,1,6,0,-1,-1,0,19090,0,0,15764
138020,1,6,0,-1,-1,0,22759,0,0,18265
138021,1,6,0,-1,-1,0,3952,0,0,14639
138022,1,6,0,-1,-1,0,18240,0,0,13942
138023,1,6,0,-1,-1,0,23082,0,0,18658
138024,1,6,0,-1,-1,0,6704,0,0,5788
138025,1,6,0,-1,-1,0,25073,0,0,20727
138027,1,6,0,-1,-1,0,25084,0,0,20735
138031,1,6,0,-1,-1,0,22480,0,0,18046
138034,1,6,0,-1,-1,0,24902,0,0,20548
138035,1,6,0,-1,-1,0,5143,0,0,4159
138038,1,6,0,-1,-1,0,24912,0,0,20553
138039,1,6,0,-1,-1,0,13817,0,0,11202
138040,1,6,0,-1,-1,0,26443,0,0,21737
138041,1,6,0,-1,-1,0,25124,0,0,20758
138042,1,6,0,-1,-1,0,25659,0,0,21025
138043,1,6,0,-1,-1,0,25125,0,0,20752
138044,1,6,0,-1,-1,0,25126,0,0,20753
138045,1,6,0,-1,-1,0,25127,0,0,20754
138046,1,6,0,-1,-1,0,25083,0,0,20734
138050,1,6,0,-1,-1,0,2060,0,0,9017
138051,1,6,0,-1,-1,0,26279,0,0,21548
138052,1,6,0,-1,-1,0,26420,0,0,21727
138053,1,6,0,-1,-1,0,26421,0,0,21728
138054,1,6,0,-1,-1,0,26423,0,0,21730
138055,1,6,0,-1,-1,0,27587,0,0,22222
138056,1,6,0,-1,-1,0,26086,0,0,21369
138057,1,6,0,-1,-1,0,25146,0,0,20761
138058,1,6,0,-1,-1,0,28480,0,0,22774
138059,1,6,0,-1,-1,0,24846,0,0,20506
138060,1,6,0,-1,-1,0,26417,0,0,21725
138061,1,6,0,-1,-1,0,26418,0,0,21726
138067,1,6,0,-1,-1,0,10570,0,0,8402
138068,1,6,0,-1,-1,0,23662,0,0,19215
138073,1,6,0,-1,-1,0,26407,0,0,21723
138074,1,6,0,-1,-1,0,24914,0,0,20554
138082,1,6,0,-1,-1,0,26424,0,0,21731
138083,1,6,0,-1,-1,0,27590,0,0,22221
138086,1,6,0,-1,-1,0,24903,0,0,20547
138087,1,6,0,-1,-1,0,28462,0,0,22767
138088,1,6,0,-1,-1,0,28474,0,0,22769
138089,1,6,0,-1,-1,0,28482,0,0,22772
138090,1,6,0,-1,-1,0,28220,0,0,22694
138094,1,6,0,-1,-1,0,24847,0,0,20507
138095,1,6,0,-1,-1,0,24848,0,0,20508
138096,1,6,0,-1,-1,0,23707,0,0,19330
138102,1,6,0,-1,-1,0,27660,0,0,22309
138103,1,6,0,-1,-1,0,27724,0,0,22310
138105,1,6,0,-1,-1,0,24850,0,0,20510
138106,1,6,0,-1,-1,0,24851,0,0,20511
138107,1,6,0,-1,-1,0,24366,0,0,20012
138113,1,6,0,-1,-1,0,28243,0,0,22704
138114,1,6,0,-1,-1,0,16658,0,0,12701
138116,1,6,0,-1,-1,0,24136,0,0,19776
138119,1,6,0,-1,-1,0,26442,0,0,21738
138120,1,6,0,-1,-1,0,20012,0,0,16219
138122,1,6,0,-1,-1,0,24137,0,0,19777
138124,1,6,0,-1,-1,0,25072,0,0,20726
138129,1,6,0,-1,-1,0,24092,0,0,19765
138130,1,6,0,-1,-1,0,24913,0,0,20555
138131,1,6,0,-1,-1,0,27586,0,0,22219
138132,1,6,0,-1,-1,0,26422,0,0,21729
138135,1,6,0,-1,-1,0,28244,0,0,22705
138142,1,6,0,-1,-1,0,26425,0,0,21732
138143,1,6,0,-1,-1,0,26426,0,0,21733
138144,1,6,0,-1,-1,0,26428,0,0,21735
138146,1,6,0,-1,-1,0,27830,0,0,22390
138148,1,6,0,-1,-1,0,24365,0,0,20011
138149,1,6,0,-1,-1,0,24141,0,0,19781
138150,1,6,0,-1,-1,0,27585,0,0,22209
138152,1,6,0,-1,-1,0,26085,0,0,21358
138153,1,6,0,-1,-1,0,25128,0,0,20755
138154,1,6,0,-1,-1,0,25129,0,0,20756
138155,1,6,0,-1,-1,0,27589,0,0,22220
138156,1,6,0,-1,-1,0,28219,0,0,22692
138157,1,6,0,-1,-1,0,24138,0,0,19778
138158,1,6,0,-1,-1,0,24139,0,0,19779
138162,1,6,0,-1,-1,0,28242,0,0,22703
138163,1,6,0,-1,-1,0,28461,0,0,22766
138164,1,6,0,-1,-1,0,24124,0,0,19772
138165,1,6,0,-1,-1,0,26403,0,0,21722
138166,1,6,0,-1,-1,0,26416,0,0,21724
138168,0,0,-50,30000,-1,0,45440,0,0,22728
138169,1,6,0,-1,-1,0,28327,0,0,22729
138171,1,6,0,-1,-1,0,28463,0,0,22768
138172,1,6,0,-1,-1,0,28473,0,0,22770
138173,1,6,0,-1,-1,0,28472,0,0,22771
138174,1,6,0,-1,-1,0,28271,0,0,22739
138175,1,6,0,-1,-1,0,9942,0,0,7977
138176,1,6,0,-1,-1,0,27588,0,0,22214
138177,1,6,0,-1,-1,0,26277,0,0,21547
138179,1,6,0,-1,-1,0,25704,0,0,21099
138180,1,6,0,-1,-1,0,25130,0,0,20757
138181,1,6,0,-1,-1,0,25074,0,0,20728
138187,1,6,0,-1,-1,0,27832,0,0,22389
138188,1,6,0,-1,-1,0,27725,0,0,22312
138192,1,6,0,-1,-1,0,28208,0,0,22685
138193,1,6,0,-1,-1,0,28222,0,0,22696
138194,1,6,0,-1,-1,0,28223,0,0,22697
138201,1,6,0,-1,-1,0,27658,0,0,22307
138207,1,6,0,-1,-1,0,28210,0,0,22683
138208,1,6,0,-1,-1,0,28205,0,0,22684
138209,1,6,0,-1,-1,0,28207,0,0,22686
138210,1,6,0,-1,-1,0,28221,0,0,22695
138211,1,6,0,-1,-1,0,28224,0,0,22698
138213,1,6,0,-1,-1,0,27829,0,0,22388
138219,1,6,0,-1,-1,0,3453,0,0,3832
138220,1,6,0,-1,-1,0,17636,0,0,13520
138221,1,6,0,-1,-1,0,18241,0,0,13941
138222,1,6,0,-1,-1,0,18417,0,0,14481
138223,1,6,0,-1,-1,0,19080,0,0,15754
138224,1,6,0,-1,-1,0,19815,0,0,16050
138225,1,6,0,-1,-1,0,15853,0,0,12227
138226,1,6,0,-1,-1,0,16649,0,0,12690
138227,1,6,0,-1,-1,0,16665,0,0,12707
138228,1,6,0,-1,-1,0,16732,0,0,12719
138229,1,6,0,-1,-1,0,16994,0,0,12838
138230,1,6,0,-1,-1,0,3939,0,0,13309
138231,1,6,0,-1,-1,0,17563,0,0,13486
138232,1,6,0,-1,-1,0,17573,0,0,13493
138233,1,6,0,-1,-1,0,18422,0,0,14486
138235,1,6,0,-1,-1,0,20026,0,0,16221
138236,1,6,0,-1,-1,0,20854,0,0,17023
138237,1,6,0,-1,-1,0,22750,0,0,18260
138238,1,6,0,-1,-1,0,23799,0,0,19444
138239,1,6,0,-1,-1,0,23801,0,0,19446
138240,1,6,0,-1,-1,0,18424,0,0,14489
138241,1,6,0,-1,-1,0,18449,0,0,14504
138242,1,6,0,-1,-1,0,18453,0,0,14508
138243,1,6,0,-1,-1,0,20015,0,0,16224
138244,1,6,0,-1,-1,0,20034,0,0,16252
138245,1,6,0,-1,-1,0,20032,0,0,16254
138246,1,6,0,-1,-1,0,20916,0,0,17062
138247,1,6,0,-1,-1,0,22797,0,0,18291
138248,1,6,0,-1,-1,0,22795,0,0,18292
138249,1,6,0,-1,-1,0,23071,0,0,18651
138250,1,6,0,-1,-1,0,23080,0,0,18656
138251,1,6,0,-1,-1,0,23629,0,0,19204
138252,1,6,0,-1,-1,0,23633,0,0,19205
138253,1,6,0,-1,-1,0,23663,0,0,19218
138254,1,6,0,-1,-1,0,23803,0,0,19448
138255,1,6,0,-1,-1,0,23804,0,0,19449
138257,1,6,0,-1,-1,0,2549,0,0,2701
138259,1,6,0,-1,-1,0,4987,0,0,1139
138263,1,6,0,-1,-1,0,6418,0,0,5488
138265,1,6,0,-1,-1,0,7153,0,0,5974
138266,1,6,0,-1,-1,0,11464,0,0,9295
138267,1,6,0,-1,-1,0,11459,0,0,9303
138268,1,6,0,-1,-1,0,12259,0,0,10424
138269,1,6,0,-1,-1,0,13882,0,0,11206
138270,1,6,0,-1,-1,0,13915,0,0,11208
138271,1,6,0,-1,-1,0,24140,0,0,19780
138272,1,6,0,-1,-1,0,24849,0,0,20509
138273,1,6,0,-1,-1,0,24940,0,0,20576
138274,1,6,0,-1,-1,0,25078,0,0,20729
138275,1,6,0,-1,-1,0,25079,0,0,20730
138276,1,6,0,-1,-1,0,25080,0,0,20731
138277,1,6,0,-1,-1,0,25086,0,0,20736
138281,1,6,0,-1,-1,0,26087,0,0,21371
138282,1,6,0,-1,-1,0,26427,0,0,21734
138283,1,6,0,-1,-1,0,27659,0,0,22308
138284,1,6,0,-1,-1,0,27837,0,0,22392
138285,1,6,0,-1,-1,0,28209,0,0,22687
138286,1,6,0,-1,-1,0,28481,0,0,22773
138287,1,6,0,-1,-1,0,3966,0,0,4415
138288,1,6,0,-1,-1,0,7224,0,0,6046
138289,1,6,0,-1,-1,0,7771,0,0,6345
138290,1,6,0,-1,-1,0,7867,0,0,6377
138291,1,6,0,-1,-1,0,3772,0,0,7613
138292,1,6,0,-1,-1,0,10542,0,0,8398
138293,1,6,0,-1,-1,0,1126,0,0,8743
138297,1,6,0,-1,-1,0,12617,0,0,10607
138298,1,6,0,-1,-1,0,13620,0,0,11152
138299,1,6,0,-1,-1,0,13698,0,0,11166
138300,1,6,0,-1,-1,0,3777,0,0,4300
138301,1,6,0,-1,-1,0,3860,0,0,4352
138302,1,6,0,-1,-1,0,3864,0,0,4356
138303,1,6,0,-1,-1,0,10566,0,0,8406
138306,1,6,0,-1,-1,0,5143,0,0,8812
138318,1,6,0,-1,-1,0,3515,0,0,3875
138319,1,6,0,-1,-1,0,3771,0,0,4297
138328,0,0,0,-1,-1,0,348699,0,0,184871
138372,0,0,-1,-1,3600000,1928,349858,0,0,184937
138373,0,0,0,-1,-1,0,349863,0,0,184938
138415,0,0,-50,0,120000,24,351355,0,0,185848
138416,0,0,-50,0,120000,24,351357,0,0,185849
138417,0,0,-50,0,120000,24,351358,0,0,185850
138418,0,0,-50,0,120000,24,351359,0,0,185851
138419,0,0,-50,0,120000,24,351360,0,0,185852
138429,0,0,-1,-1,-1,0,483,0,0,185922
138430,1,6,0,-1,-1,0,351766,0,0,185922
138431,0,0,-1,-1,-1,0,483,0,0,185923
138432,1,6,0,-1,-1,0,351768,0,0,185923
138433,0,0,-1,-1,-1,0,483,0,0,185924
138434,1,6,0,-1,-1,0,351769,0,0,185924
138435,0,0,-1,-1,-1,0,483,0,0,185925
138436,1,6,0,-1,-1,0,351770,0,0,185925
138437,0,0,-1,-1,-1,0,483,0,0,185926
138438,1,6,0,-1,-1,0,351771,0,0,185926
138457,0,0,-1,-1,-1,0,352055,0,0,185956
138462,0,0,0,-1,-1,0,352164,0,0,185964
138469,0,1,0,-1,-1,0,352334,0,0,185985
138472,0,1,0,-1,-1,0,352338,0,0,185987
138473,0,0,0,600000,0,0,352340,0,0,185988
138491,0,1,0,-1,-1,0,352515,0,0,186069
138495,0,1,0,-1,-1,0,4070,0,0,185986
138496,1,1,0,-1,-1,0,352341,0,0,185988
138498,0,1,0,-1,-1,0,9342,0,0,186023
138500,0,1,0,-1,-1,0,352511,0,0,186060
138512,0,1,0,-1,-1,0,352511,0,0,186163
138805,0,0,-1,-1,-1,0,483,0,0,186683
138806,1,6,0,-1,-1,0,27927,0,0,186683
138979,0,0,-1,-1,-1,0,483,0,0,187048
138980,1,6,0,-1,-1,0,351769,0,0,187048
138981,0,0,-1,-1,-1,0,483,0,0,187049
138982,1,6,0,-1,-1,0,351768,0,0,187049
139011,0,5,0,-1,-1,0,356105,0,0,187129
139012,0,5,0,-1,-1,0,356105,0,0,187130
139405,0,0,-1,1000,-1,0,359639,0,0,187737
139406,0,0,-1,1000,-1,0,359640,0,0,187738
139407,0,0,-1,1000,-1,0,359641,0,0,187739
139408,0,0,-1,1000,-1,0,359642,0,0,187740
139411,0,0,-1,1000,-1,0,359685,0,0,187783
139423,0,0,-1,1000,-1,0,359847,0,0,187800
139424,0,0,-1,1000,-1,0,359858,0,0,187801
139433,0,0,-1,1000,-1,0,359949,0,0,187807
139436,0,0,-1,1000,-1,0,359895,0,0,187814
139437,0,0,-1,1000,-1,0,359950,0,0,187815
140321,0,0,0,180000,0,0,366881,0,0,190181
140324,0,0,0,180000,0,0,366894,0,0,190186
140325,0,0,0,180000,0,0,366902,0,0,190187
140337,0,0,0,-1,-1,0,367062,0,0,190308
140338,0,0,0,-1,-1,0,367059,0,0,190307
140846,0,0,-1,-1,-1,0,52333,0,0,39266
140847,0,0,0,5000,-1,0,52596,0,0,39268
140856,1,0,0,120000,20000,1141,47816,0,0,38257
140857,0,5,-1,-1,-1,0,51086,0,0,38370
140858,0,0,-1,-1,-1,0,50901,0,0,38371
140859,0,0,-1,-1,-1,0,50902,0,0,38372
140860,0,0,-1,-1,-1,0,60581,0,0,38373
140861,0,0,-1,-1,-1,0,60582,0,0,38374
140862,0,0,0,10000,-1,0,51845,0,0,38657
140863,0,0,-1,-1,-1,0,55884,0,0,38658
140864,1,6,0,-1,-1,0,51851,0,0,38658
140865,0,0,0,5000,-1,0,51866,0,0,38659
140872,0,0,-1,0,0,0,13817,0,0,38828
140873,0,0,-1,0,0,0,13822,0,0,38829
140874,0,0,-1,0,0,0,13836,0,0,38830
140875,0,0,-1,0,0,0,13841,0,0,38831
140876,0,0,-1,0,0,0,13846,0,0,38832
140877,0,0,-1,0,0,0,27948,0,0,38908
140878,0,0,-1,0,0,0,27950,0,0,38909
140879,0,0,-1,0,0,0,27954,0,0,38910
140880,0,0,-1,0,0,0,27957,0,0,38911
140881,0,0,-1,0,0,0,27958,0,0,38912
140882,0,0,-1,0,0,0,44621,0,0,38988
140883,0,0,-1,0,0,0,44623,0,0,38989
140884,0,0,-1,0,0,0,44625,0,0,38990
140885,0,0,-1,0,0,0,44629,0,0,38991
140886,0,0,-1,0,0,0,44630,0,0,38992
140889,1,0,0,120000,20000,1141,48875,0,0,38077
140891,0,0,0,120000,20000,1141,48847,0,0,38078
140892,0,0,0,120000,20000,1141,48847,0,0,38079
140893,0,0,0,120000,20000,1141,51978,0,0,38080
140894,2,0,0,120000,20000,1141,51987,0,0,38081
140898,0,0,0,10000,-1,0,52366,0,0,39187
140910,1,0,0,120000,20000,1141,50261,0,0,38258
140912,2,0,0,120000,20000,1141,50263,0,0,38259
140914,0,0,-1,1000,-1,0,50906,0,0,38375
140915,0,0,-1,1000,-1,0,50909,0,0,38376
140916,0,0,-1,-1,-1,0,50911,0,0,38377
140917,0,0,-1,-1,-1,0,50913,0,0,38378
140918,0,5,-1,-1,-1,0,51098,0,0,38379
140919,0,0,0,1500,-1,0,50979,0,0,38467
140920,0,0,0,30000,-1,0,51319,0,0,38564
140921,0,0,0,10000,-1,0,51333,0,0,38566
140930,0,0,-1,0,0,0,13858,0,0,38833
140931,0,0,-1,0,0,0,13868,0,0,38834
140932,0,0,-1,0,0,0,13882,0,0,38835
140933,0,0,-1,0,0,0,13887,0,0,38836
140934,0,0,-1,0,0,0,13890,0,0,38837
140935,0,0,-1,0,0,0,27960,0,0,38913
140936,0,0,-1,0,0,0,27961,0,0,38914
140938,0,0,-1,0,0,0,27964,0,0,38916
140939,0,0,-1,0,0,0,27967,0,0,38917
140940,0,0,-1,0,0,0,44631,0,0,38993
140942,0,0,-1,0,0,0,44633,0,0,38995
140944,0,0,-1,0,0,0,44635,0,0,38997
140945,0,0,0,60000,-1,0,50141,0,0,38083
140961,0,0,0,0,3000,330,50281,0,0,38265
140962,0,0,-1,1000,-1,0,50282,0,0,38266
140963,0,0,-1,1000,-1,0,50894,0,0,38380
140964,0,5,-1,-1,-1,0,51063,0,0,38381
140965,1,1,0,-1,-1,0,54838,0,0,38383
140967,0,5,-1,-1,-1,0,51065,0,0,38384
140968,0,0,-50,0,120000,1153,51358,0,0,38571
140969,1,1,0,-1,-1,0,51359,0,0,38572
140970,2,1,0,-1,-1,0,51349,0,0,38572
140972,0,0,0,5000,-1,0,51330,0,0,38573
140977,1,0,0,120000,20000,1141,48875,0,0,38760
140978,0,0,0,120000,20000,1141,61778,0,0,38761
140979,0,0,-1,0,0,0,13898,0,0,38838
140980,0,0,-1,0,0,0,13905,0,0,38839
140981,0,0,-1,0,0,0,13915,0,0,38840
140982,0,0,-1,0,0,0,13917,0,0,38841
140983,0,0,-1,0,0,0,13931,0,0,38842
140984,0,0,-1,0,0,0,27968,0,0,38918
140985,0,0,-1,0,0,0,27971,0,0,38919
140986,0,0,-1,0,0,0,27972,0,0,38920
140987,0,0,-1,0,0,0,27975,0,0,38921
140988,0,0,-1,0,0,0,27977,0,0,38922
140989,0,0,-1,0,0,0,46578,0,0,38998
140990,0,0,-1,0,0,0,46594,0,0,38999
140991,0,0,-1,0,0,0,47051,0,0,39000
140992,0,0,-1,0,0,0,47672,0,0,39001
140993,0,0,-1,0,0,0,47766,0,0,39002
141010,0,5,-1,-1,-1,0,51068,0,0,38386
141011,0,0,0,60000,0,0,55248,0,0,38387
141012,0,0,0,60000,0,0,55247,0,0,38388
141013,0,0,0,60000,0,0,55246,0,0,38389
141014,0,0,0,60000,0,0,55245,0,0,38390
141016,0,0,0,10000,-1,0,51381,0,0,38574
141017,0,1,0,-1,-1,0,52420,0,0,38674
141018,1,0,0,120000,20000,1141,48875,0,0,38762
141019,1,0,0,120000,20000,0,61426,0,0,38763
141020,0,0,0,120000,20000,1141,61427,0,0,38764
141021,1,0,0,120000,20000,1141,61428,0,0,38765
141022,0,0,-1,0,0,0,7420,0,0,38766
141023,0,0,-1,0,0,0,7426,0,0,38767
141025,0,0,-1,0,0,0,13935,0,0,38844
141026,0,0,-1,0,0,0,13937,0,0,38845
141027,0,0,-1,0,0,0,13939,0,0,38846
141028,0,0,-1,0,0,0,13941,0,0,38847
141029,0,0,-1,0,0,0,27981,0,0,38923
141030,0,0,-1,0,0,0,27982,0,0,38924
141031,0,0,-1,0,0,0,27984,0,0,38925
141032,0,0,-1,0,0,0,28003,0,0,38926
141033,0,0,-1,0,0,0,28004,0,0,38927
141034,0,0,-1,0,0,0,47898,0,0,39003
141035,0,0,-1,0,0,0,47899,0,0,39004
141036,0,0,-1,0,0,0,47900,0,0,39005
141037,0,0,-1,0,0,0,47901,0,0,39006
141043,0,0,0,5000,-1,0,52389,0,0,39206
141044,0,0,-1,-1,-1,0,55884,0,0,39286
141045,1,6,0,-1,-1,0,52615,0,0,39286
141050,0,5,-1,-1,-1,0,51070,0,0,38393
141052,0,1,0,-1,-1,0,51041,0,0,38485
141053,0,1,0,-1,-1,0,51042,0,0,38486
141054,0,0,0,120000,120000,1182,42292,0,0,38588
141055,0,0,0,120000,120000,1182,42292,0,0,38589
141056,0,1,0,-1,-1,0,52423,0,0,38675
141057,0,0,0,5000,-1,0,51895,0,0,38676
141058,0,0,-1,0,0,0,7418,0,0,38679
141059,0,0,-1,0,0,0,7428,0,0,38768
141060,0,0,-1,0,0,0,7443,0,0,38769
141062,0,0,-1,0,0,0,7457,0,0,38771
141063,0,0,-1,0,0,0,7745,0,0,38772
141064,0,0,-1,0,0,0,13943,0,0,38848
141065,0,0,-1,0,0,0,13945,0,0,38849
141066,0,0,-1,0,0,0,13947,0,0,38850
141067,0,0,-1,0,0,0,13948,0,0,38851
141068,0,0,-1,0,0,0,20008,0,0,38852
141069,0,0,-1,0,0,0,33990,0,0,38928
141070,0,0,-1,0,0,0,33991,0,0,38929
141071,0,0,-1,0,0,0,33992,0,0,38930
141072,0,0,-1,0,0,0,33993,0,0,38931
141073,0,0,-1,0,0,0,33994,0,0,38932
141088,0,0,-1,1000,-1,0,52410,0,0,39213
141089,1,5,-1,-1,-1,0,52418,0,0,39213
141094,0,0,0,0,30000,1149,50426,0,0,38302
141095,0,5,-1,-1,-1,0,51075,0,0,38396
141096,0,5,-1,-1,-1,0,51078,0,0,38397
141097,0,5,-1,-1,-1,0,51080,0,0,38398
141098,0,1,0,-1,-1,0,51045,0,0,38489
141099,0,0,-1,-1,-1,0,483,0,0,38593
141100,1,6,0,-1,-1,0,45117,0,0,38593
141101,0,0,-1,-1,-1,0,483,0,0,38594
141102,1,6,0,-1,-1,0,45117,0,0,38594
141103,0,0,-1,-1,-1,0,483,0,0,38595
141104,1,6,0,-1,-1,0,45117,0,0,38595
141105,0,0,0,180000,180000,0,51957,0,0,38684
141106,0,0,-1,3600000,3600000,94,51958,0,0,38685
141107,0,0,-1,0,0,0,7748,0,0,38773
141108,0,0,-1,0,0,0,7766,0,0,38774
141109,0,0,-1,0,0,0,7771,0,0,38775
141110,0,0,-1,0,0,0,7776,0,0,38776
141111,0,0,-1,0,0,0,7779,0,0,38777
141112,0,0,-1,0,0,0,20009,0,0,38853
141113,0,0,-1,0,0,0,20010,0,0,38854
141114,0,0,-1,0,0,0,20011,0,0,38855
141115,0,0,-1,0,0,0,20012,0,0,38856
141116,0,0,-1,0,0,0,20013,0,0,38857
141117,0,0,-1,0,0,0,33995,0,0,38933
141118,0,0,-1,0,0,0,33996,0,0,38934
141119,0,0,-1,0,0,0,33997,0,0,38935
141120,0,0,-1,0,0,0,33999,0,0,38936
141121,0,0,-1,0,0,0,34001,0,0,38937
141136,0,0,0,90000,15000,1141,33667,0,0,39214
141145,0,0,-1,-1,-1,0,50564,0,0,38317
141146,0,0,-1,-1,-1,0,483,0,0,38596
141147,1,6,0,-1,-1,0,45117,0,0,38596
141148,0,0,-1,-1,-1,0,483,0,0,38597
141149,1,6,0,-1,-1,0,51568,0,0,38597
141150,0,0,-1,-1,-1,0,483,0,0,38598
141151,1,6,0,-1,-1,0,51569,0,0,38598
141152,0,0,-1,-1,-1,0,483,0,0,38599
141153,1,6,0,-1,-1,0,51570,0,0,38599
141154,0,0,0,6000,-1,0,51959,0,0,38689
141157,0,0,-1,0,0,0,7782,0,0,38778
141158,0,0,-1,0,0,0,7786,0,0,38779
141159,0,0,-1,0,0,0,7788,0,0,38780
141160,0,0,-1,0,0,0,7793,0,0,38781
141161,0,0,-1,0,0,0,7857,0,0,38782
141163,0,0,-1,0,0,0,20015,0,0,38859
141164,0,0,-1,0,0,0,20016,0,0,38860
141165,0,0,-1,0,0,0,20017,0,0,38861
141166,0,0,-1,0,0,0,20020,0,0,38862
141167,0,0,-1,0,0,0,34002,0,0,38938
141168,0,0,-1,0,0,0,34003,0,0,38939
141169,0,0,-1,0,0,0,34004,0,0,38940
141191,0,0,-1,1000,-1,0,50427,0,0,38323
141192,0,0,-1,1000,-1,0,50632,0,0,38324
141193,0,0,-1,0,0,0,7859,0,0,38783
141195,0,0,-1,0,0,0,7863,0,0,38785
141196,0,0,-1,0,0,0,7867,0,0,38786
141197,0,0,-1,0,0,0,13378,0,0,38787
141198,0,0,-1,0,0,0,20023,0,0,38863
141199,0,0,-1,0,0,0,20024,0,0,38864
141200,0,0,-1,0,0,0,20025,0,0,38865
141201,0,0,-1,0,0,0,20026,0,0,38866
141202,0,0,-1,0,0,0,20028,0,0,38867
141203,0,0,-1,0,0,0,34007,0,0,38943
141204,0,0,-1,0,0,0,34008,0,0,38944
141205,0,0,-1,0,0,0,34009,0,0,38945
141206,0,0,-1,0,0,0,34010,0,0,38946
141207,0,0,-1,0,0,0,42620,0,0,38947
141229,0,1,0,-1,-1,0,60490,0,0,39229
141234,0,0,0,120000,-1,0,50662,0,0,38330
141235,0,0,0,0,10000,1141,50675,0,0,38331
141236,0,0,0,5000,-1,0,50706,0,0,38332
141237,0,0,0,60000,-1,0,51151,0,0,38510
141238,0,0,0,-1,-1,0,51737,0,0,38606
141239,0,0,0,0,10000,1149,51769,0,0,38607
141240,0,0,0,5000,-1,0,51964,0,0,38696
141241,0,0,0,15000,-1,0,51962,0,0,38697
141242,0,0,-1,0,1000,59,43182,0,0,38698
141243,0,0,0,-1,-1,0,51966,0,0,38699
141244,0,0,0,5000,-1,0,52023,0,0,38701
141245,0,0,-1,0,0,0,13380,0,0,38788
141246,0,0,-1,0,0,0,13419,0,0,38789
141247,0,0,-1,0,0,0,13421,0,0,38790
141248,0,0,-1,0,0,0,13464,0,0,38791
141249,0,0,-1,0,0,0,13485,0,0,38792
141250,0,0,-1,0,0,0,20029,0,0,38868
141251,0,0,-1,0,0,0,20030,0,0,38869
141252,0,0,-1,0,0,0,20031,0,0,38870
141253,0,0,-1,0,0,0,20032,0,0,38871
141254,0,0,-1,0,0,0,20033,0,0,38872
141255,0,0,-1,0,0,0,42974,0,0,38948
141256,0,0,-1,0,0,0,44383,0,0,38949
141258,0,0,-1,0,0,0,44484,0,0,38951
141285,0,5,-1,-1,-1,0,51090,0,0,38335
141286,0,5,-1,-1,-1,0,51096,0,0,38336
141287,0,5,-1,-1,-1,0,51058,0,0,38337
141288,0,0,0,1500,-1,0,51189,0,0,38512
141290,0,0,0,5000,-1,0,51165,0,0,38515
141299,0,0,-1,-1,-1,0,52019,0,0,38702
141300,0,0,-1,0,1000,11,45548,0,0,38706
141301,0,0,-1,0,0,0,13501,0,0,38793
141302,0,0,-1,0,0,0,13503,0,0,38794
141304,0,0,-1,0,0,0,13529,0,0,38796
141305,0,0,-1,0,0,0,13536,0,0,38797
141306,0,0,-1,0,0,0,20034,0,0,38873
141307,0,0,-1,0,0,0,20035,0,0,38874
141308,0,0,-1,0,0,0,20036,0,0,38875
141309,0,0,-1,0,0,0,21931,0,0,38876
141310,0,0,-1,0,0,0,22749,0,0,38877
141311,0,0,-1,0,0,0,44488,0,0,38953
141312,0,0,-1,0,0,0,44489,0,0,38954
141313,0,0,-1,0,0,0,44492,0,0,38955
141332,0,0,0,5000,-1,0,52487,0,0,39238
141334,0,1,0,-1,-1,0,54695,0,0,38212
141335,1,0,0,120000,20000,1141,48846,0,0,38213
141338,0,5,-1,-1,-1,0,51047,0,0,38338
141339,0,5,-1,-1,-1,0,51060,0,0,38339
141340,0,5,-1,-1,-1,0,51088,0,0,38340
141341,0,5,-1,-1,-1,0,51056,0,0,38341
141342,0,5,-1,-1,-1,0,51101,0,0,38342
141343,0,0,0,5000,-1,0,51210,0,0,38519
141345,0,0,0,1500,-1,0,51186,0,0,38619
141346,0,0,0,1500,-1,0,51188,0,0,38621
141347,0,0,0,90000,-1,0,52066,0,0,38709
141353,0,0,-1,0,0,0,13538,0,0,38798
141354,0,0,-1,0,0,0,13607,0,0,38799
141355,0,0,-1,0,0,0,13612,0,0,38800
141356,0,0,-1,0,0,0,13617,0,0,38801
141357,0,0,-1,0,0,0,13620,0,0,38802
141358,0,0,-1,0,0,0,22750,0,0,38878
141359,0,0,-1,0,0,0,23799,0,0,38879
141360,0,0,-1,0,0,0,23800,0,0,38880
141361,0,0,-1,0,0,0,23801,0,0,38881
141362,0,0,-1,0,0,0,23802,0,0,38882
141364,0,0,-1,0,0,0,44500,0,0,38959
141365,0,0,-1,0,0,0,44506,0,0,38960
141366,0,0,-1,0,0,0,44508,0,0,38961
141367,0,0,-1,0,0,0,44509,0,0,38962
141368,0,0,0,5000,-1,0,52151,0,0,39041
141383,0,0,-1,-1,-1,0,483,0,0,39152
141384,1,6,0,-1,-1,0,45546,0,0,39152
141385,0,0,0,20000,-1,0,52227,0,0,39154
141398,0,5,-1,-1,-1,0,51084,0,0,38343
141399,0,5,-1,-1,-1,0,51092,0,0,38344
141400,0,5,-1,-1,-1,0,51104,0,0,38345
141401,0,5,-1,-1,-1,0,51094,0,0,38346
141403,1,0,0,120000,20000,1141,51984,0,0,38526
141406,0,0,0,1500,-1,0,51190,0,0,38622
141407,0,0,0,1500,-1,0,51191,0,0,38623
141408,0,0,0,1500,-1,0,51192,0,0,38624
141409,0,0,0,15000,-1,0,51659,0,0,38627
141410,0,5,0,-1,-1,0,51812,0,0,38629
141416,0,0,-1,0,0,0,13622,0,0,38803
141417,0,0,-1,0,0,0,13626,0,0,38804
141418,0,0,-1,0,0,0,13631,0,0,38805
141419,0,0,-1,0,0,0,13635,0,0,38806
141420,0,0,-1,0,0,0,13637,0,0,38807
141421,0,0,-1,0,0,0,23803,0,0,38883
141422,0,0,-1,0,0,0,23804,0,0,38884
141423,0,0,-1,0,0,0,25072,0,0,38885
141424,0,0,-1,0,0,0,25073,0,0,38886
141425,0,0,-1,0,0,0,25074,0,0,38887
141426,0,0,-1,0,0,0,44510,0,0,38963
141427,0,0,-1,0,0,0,44513,0,0,38964
141428,0,0,-1,0,0,0,44524,0,0,38965
141429,0,0,-1,0,0,0,44528,0,0,38966
141430,0,0,-1,0,0,0,44529,0,0,38967
141446,0,0,0,10000,-1,0,52252,0,0,39157
141447,0,0,0,5000,-1,0,52251,0,0,39158
141458,0,0,-1,0,1000,59,11009,0,0,38350
141459,0,0,-1,0,60000,4,50809,0,0,38351
141466,0,0,-1,-1,-1,0,51220,0,0,38724
141468,0,0,-1,0,0,0,13640,0,0,38808
141469,0,0,-1,0,0,0,13642,0,0,38809
141470,0,0,-1,0,0,0,13644,0,0,38810
141471,0,0,-1,0,0,0,13646,0,0,38811
141472,0,0,-1,0,0,0,13648,0,0,38812
141473,0,0,-1,0,0,0,25078,0,0,38888
141474,0,0,-1,0,0,0,25079,0,0,38889
141475,0,0,-1,0,0,0,25080,0,0,38890
141478,0,0,-1,0,0,0,44555,0,0,38968
141481,0,0,-1,0,0,0,60616,0,0,38971
141482,0,0,-1,0,0,0,44576,0,0,38972
141493,0,0,-1,-1,-1,0,50032,0,0,38149
141495,0,0,-1,-1,-1,0,1064,0,0,39163
141496,0,0,0,15000,-1,0,52308,0,0,39164
141497,0,0,0,10000,-1,0,52315,0,0,39165
141501,0,0,0,0,6000,1149,52481,0,0,39253
141508,1,1,0,-1,-1,0,51352,0,0,38358
141510,1,1,0,-1,-1,0,51346,0,0,38359
141515,0,0,-1,0,1000,150,51803,0,0,38640
141516,0,0,-1,0,1000,150,51809,0,0,38641
141521,0,0,0,1000,-1,0,52090,0,0,38731
141523,0,0,-1,0,0,0,13653,0,0,38813
141524,0,0,-1,0,0,0,13655,0,0,38814
141526,0,0,-1,0,0,0,13659,0,0,38816
141527,0,0,-1,0,0,0,13661,0,0,38817
141528,0,0,-1,0,0,0,25083,0,0,38893
141529,0,0,-1,0,0,0,25084,0,0,38894
141530,0,0,-1,0,0,0,25086,0,0,38895
141531,0,0,-1,0,0,0,27837,0,0,38896
141532,0,0,-1,0,0,0,27899,0,0,38897
141533,0,0,-1,0,0,0,44582,0,0,38973
141534,0,0,-1,0,0,0,44584,0,0,38974
141535,0,0,-1,0,0,0,44588,0,0,38975
141536,0,0,-1,0,0,0,44589,0,0,38976
141541,0,0,-1,-1,-1,0,52158,0,0,39061
141550,0,0,0,120000,20000,1141,51985,0,0,38070
141561,0,0,0,120000,20000,1141,60439,0,0,39257
141578,0,0,0,-1,-1,0,51247,0,0,38544
141579,0,0,-1,0,1000,150,51827,0,0,38643
141580,0,0,-1,-1,-1,0,3366,0,0,38644
141584,0,0,-1,0,0,0,13663,0,0,38818
141585,0,0,-1,0,0,0,13687,0,0,38819
141586,0,0,-1,0,0,0,13689,0,0,38820
141587,0,0,-1,0,0,0,13693,0,0,38821
141588,0,0,-1,0,0,0,13695,0,0,38822
141589,0,0,-1,0,0,0,27905,0,0,38898
141590,0,0,-1,0,0,0,27906,0,0,38899
141591,0,0,-1,0,0,0,27911,0,0,38900
141592,0,0,-1,0,0,0,27913,0,0,38901
141593,0,0,-1,0,0,0,27914,0,0,38902
141594,0,0,-1,0,0,0,44591,0,0,38978
141595,0,0,-1,0,0,0,44592,0,0,38979
141596,0,0,-1,0,0,0,44593,0,0,38980
141597,0,0,-1,0,0,0,44595,0,0,38981
141599,1,1,0,-1,-1,0,54838,0,0,38071
141601,1,1,0,-1,-1,0,54841,0,0,38072
141602,1,0,0,120000,20000,1141,144108,0,0,38073
141604,1,0,0,120000,20000,1141,48865,0,0,38074
141606,1,0,0,120000,20000,1141,48875,0,0,38075
141608,0,0,0,120000,20000,1141,48847,0,0,38076
141620,0,0,-1,-1,-1,0,52276,0,0,39265
141630,0,5,-1,-1,-1,0,51082,0,0,38369
141631,0,0,-1,-1,-1,0,51404,0,0,38555
141632,0,0,0,10000,-1,0,51276,0,0,38556
141634,0,0,-1,0,0,0,13698,0,0,38823
141635,0,0,-1,0,0,0,13700,0,0,38824
141636,0,0,-1,0,0,0,13746,0,0,38825
141638,0,0,-1,0,0,0,13815,0,0,38827
141639,0,0,-1,0,0,0,27917,0,0,38903
141640,0,0,-1,0,0,0,27944,0,0,38904
141641,0,0,-1,0,0,0,27945,0,0,38905
141642,0,0,-1,0,0,0,27946,0,0,38906
141645,0,0,-1,0,0,0,44598,0,0,38984
141646,0,0,-1,0,0,0,44612,0,0,38985
141647,0,0,-1,0,0,0,60623,0,0,38986
141648,0,0,-1,0,0,0,44616,0,0,38987
141688,0,0,-1,0,1000,79,53808,0,0,40195
141692,0,0,-1,0,1000,11,43180,0,0,40356
141693,0,0,-1,0,1000,59,27089,0,0,40357
141694,0,0,-1,0,1000,11,43180,0,0,40358
141695,0,0,-1,0,1000,11,43180,0,0,40359
141711,0,0,0,60000,10000,1141,54418,0,0,40593
141721,0,0,0,-1,-1,0,53038,0,0,39598
141722,0,0,-1,0,60000,24,54466,0,0,39687
141724,0,0,0,60000,-1,0,53440,0,0,39769
141734,0,0,-1,0,1000,59,11007,0,0,40035
141735,0,0,-1,0,1000,59,11008,0,0,40036
141755,0,0,-1,1000,-1,0,52668,0,0,39313
141756,0,0,-1,5000,-1,0,52669,0,0,39314
141757,0,0,-1,1000,-1,0,52673,0,0,39315
141763,0,0,0,1000,-1,0,18277,0,0,40600
141764,0,0,0,60000,10000,1141,54329,0,0,40601
141774,0,0,0,-1,-1,0,53020,0,0,39599
141779,0,0,0,30000,-1,0,53279,0,0,39689
141780,0,0,-1,0,1000,11,57285,0,0,39691
141781,0,0,-1,-1,-1,0,483,0,0,39692
141782,1,6,0,-1,-1,0,45547,0,0,39692
141792,0,0,-1,0,1000,59,11009,0,0,40042
141793,0,0,-1,0,1000,11,45548,0,0,40202
141810,0,0,-1,1000,-1,0,52674,0,0,39316
141811,0,5,0,-1,-1,0,52678,0,0,39319
141829,0,0,-1,0,1000,59,52911,0,0,39520
141833,0,0,0,30000,-1,0,53287,0,0,39693
141834,0,0,0,15000,-1,0,53286,0,0,39694
141835,0,0,0,6000,-1,0,53078,0,0,39695
141836,0,0,0,6000,-1,0,53079,0,0,39696
141837,0,0,0,6000,-1,0,53075,0,0,39697
141838,0,5,0,-1,-1,0,53459,0,0,39698
141851,0,0,-1,0,60000,4,53908,0,0,40211
141857,0,1,0,-1,-1,0,60442,0,0,40371
141858,0,0,0,120000,-1,0,60258,0,0,40372
141859,0,1,0,-1,-1,0,60487,0,0,40373
141880,0,0,0,0,30000,1149,53173,0,0,39700
141891,0,0,-1,0,60000,4,53909,0,0,40212
141892,0,0,-1,0,60000,4,53910,0,0,40213
141893,0,0,-1,0,60000,4,53911,0,0,40214
141894,0,0,-1,0,60000,4,53913,0,0,40215
141895,0,0,-1,0,60000,4,53914,0,0,40216
141915,0,0,-1,0,60000,4,52697,0,0,39327
141921,0,0,0,120000,20000,1141,60319,0,0,40531
141922,0,0,0,60000,0,0,60526,0,0,40532
141923,0,0,0,1000,-1,0,52815,0,0,39434
141934,0,0,0,5000,-1,0,53031,0,0,39615
141945,0,1,0,-1,-1,0,55747,0,0,39889
141948,0,0,0,0,60000,4,53670,0,0,39971
141949,0,0,-50,0,120000,24,35476,0,0,39972
141950,0,0,-1,-1,-1,0,55884,0,0,39973
141951,1,6,0,-1,-1,0,53316,0,0,39973
141952,0,0,-1,0,60000,4,53915,0,0,40217
141960,0,1,0,-1,-1,0,60537,0,0,40382
141973,0,0,-1,0,120000,24,54359,0,0,40536
141974,0,0,-1,1000,0,0,54360,0,0,40538
141997,0,0,-1,1000,-1,0,55884,0,0,39896
141998,1,6,0,-1,-1,0,61348,0,0,39896
142004,0,1,0,-1,-1,0,50002,0,0,40389
142005,0,0,-3,6000,-1,0,44235,0,0,40390
142009,0,0,0,120000,120000,1182,42292,0,0,40476
142019,0,1,0,-1,-1,0,52394,0,0,39715
142030,0,0,-1,1000,-1,0,55884,0,0,39898
142031,1,6,0,-1,-1,0,61351,0,0,39898
142032,0,0,-1,1000,-1,0,55884,0,0,39899
142033,1,6,0,-1,-1,0,61349,0,0,39899
142037,0,0,-1,0,60000,4,28499,0,0,40067
142045,0,0,0,5000,-1,0,54191,0,0,40397
142047,0,0,0,120000,120000,1182,42292,0,0,40477
142048,0,5,0,-1,-1,0,54295,0,0,40482
142049,0,0,0,300000,300000,1182,42292,0,0,40483
142070,1,0,0,120000,20000,1141,62088,0,0,39811
142074,0,0,-1,0,3000,79,53746,0,0,40068
142075,0,0,-1,0,3000,79,33721,0,0,40070
142078,0,0,-1,0,3000,79,53747,0,0,40072
142079,0,0,-1,0,3000,79,53748,0,0,40073
142096,0,0,-1,3600000,0,0,54291,0,0,40484
142101,0,0,0,1000,-1,0,6509,0,0,40551
142113,1,0,0,120000,20000,1141,48875,0,0,39819
142115,1,0,0,120000,20000,1141,144130,0,0,39821
142117,0,0,-1,0,3000,79,53749,0,0,40076
142118,0,0,-1,0,60000,4,53750,0,0,40077
142119,0,0,-1,0,3000,79,53751,0,0,40078
142120,0,0,-1,0,3000,79,53752,0,0,40079
142129,0,0,-1,0,0,0,65254,0,0,40404
142137,0,0,0,600000,60000,94,54308,0,0,40492
142142,0,0,-1,-1,-1,0,54530,0,0,40641
142152,0,0,-1,-1,-1,0,483,0,0,39644
142153,1,6,0,-1,-1,0,53056,0,0,39644
142154,0,0,0,0,30000,1170,53061,0,0,39645
142167,0,0,-1,0,60000,4,53753,0,0,40081
142168,0,0,-1,0,0,0,65253,0,0,40082
142169,0,0,-1,0,0,0,65255,0,0,40083
142170,0,0,-1,0,0,0,65252,0,0,40084
142201,0,0,0,5000,-1,0,52956,0,0,39566
142205,0,0,0,5000,-1,0,53145,0,0,39651
142209,0,0,0,-1,-1,0,53355,0,0,39737
142210,0,0,-1,0,1000,59,53373,0,0,39738
142211,0,0,0,-1,-1,0,53392,0,0,39739
142215,0,0,-1,0,60000,4,53761,0,0,40087
142244,0,0,-1,-1,-1,0,54544,0,0,40652
142245,0,0,-1,-1,-1,0,483,0,0,40653
142246,1,6,0,-1,-1,0,40990,0,0,40653
142253,0,0,0,5000,-1,0,52892,0,0,39571
142254,0,0,0,30000,-1,0,52941,0,0,39572
142263,0,0,-1,0,120000,4,53762,0,0,40093
142264,0,1,0,-1,-1,0,60493,0,0,40255
142265,0,1,0,-1,-1,0,60436,0,0,40256
142266,0,0,0,120000,-1,0,60286,0,0,40257
142267,0,1,0,-1,-1,0,60529,0,0,40258
142292,0,2,0,-1,-1,0,52781,0,0,39371
142304,0,0,-1,-1,-1,0,52963,0,0,39574
142305,0,0,-1,-1,-1,0,52967,0,0,39576
142306,0,0,0,5000,-1,0,52992,0,0,39577
142308,0,0,0,5000,-1,0,53102,0,0,39664
142309,0,0,0,-1,-1,0,53416,0,0,39747
142310,0,0,0,-1,-1,0,53371,0,0,39748
142317,0,0,-1,0,3000,79,53763,0,0,40097
142330,0,1,0,-1,-1,0,60524,0,0,40430
142332,0,0,0,180000,-1,0,60180,0,0,39292
142360,0,0,-1,0,3000,79,28497,0,0,39666
142361,0,5,-1,-1,-1,0,53147,0,0,39668
142362,0,5,-1,-1,-1,0,53146,0,0,39669
142378,0,1,0,-1,-1,0,60313,0,0,40431
142379,0,1,0,-1,-1,0,60485,0,0,40432
142387,0,0,-1,-1,-1,0,52639,0,0,39300
142390,0,0,0,-1,-1,0,54403,0,0,40582
142392,1,0,0,1800000,1800000,1212,54406,0,0,40585
142394,1,0,0,1800000,1800000,1212,54406,0,0,40586
142396,0,0,-10,1000,-1,0,52741,0,0,40587
142407,0,0,-1,-1,-1,0,51220,0,0,39584
142408,0,0,-1,-1,-1,0,51220,0,0,39585
142409,0,0,-1,-1,-1,0,51220,0,0,39586
142410,0,0,-1,-1,-1,0,51220,0,0,39587
142413,0,5,-1,-1,-1,0,53149,0,0,39670
142414,0,0,-1,0,60000,4,28495,0,0,39671
142432,0,0,-1,0,3000,79,53764,0,0,40109
142433,0,5,0,-1,-1,0,53768,0,0,40110
142450,0,0,0,60000,10000,1141,54092,0,0,40354
142451,0,0,-1,1500,-1,0,54101,0,0,40355
142457,0,0,-1,-1,-1,0,52648,0,0,39302
142458,0,0,-1,-1,3000,330,55884,0,0,39303
142459,0,0,-1,-1,-1,0,52084,0,0,39304
142460,0,0,-1,1500,-1,0,52655,0,0,39305
142464,0,0,0,120000,20000,0,60527,0,0,39388
142467,0,1,0,0,0,0,54707,0,0,40767
142468,0,0,0,3600000,0,0,54710,0,0,40768
142469,0,0,-1,900000,0,0,54711,0,0,40769
142470,0,0,-1,0,60000,24,67769,0,0,40771
142471,0,1,0,0,0,0,54808,0,0,40865
142473,0,0,-1,0,0,0,55016,0,0,41118
142474,0,0,-1,0,60000,24,56350,0,0,41119
142475,0,0,-1,-1,-1,0,483,0,0,41120
142476,1,6,0,-1,-1,0,54980,0,0,41120
142477,0,0,0,60000,10000,1141,55039,0,0,41121
142479,1,1,0,-1,-1,0,33830,0,0,41290
142480,1,1,0,-1,-1,0,33830,0,0,41291
142481,1,1,0,-1,-1,0,33830,0,0,41292
142482,1,1,0,-1,-1,0,33830,0,0,41293
142483,0,0,0,5000,-1,0,21855,0,0,41372
142484,0,0,-1,0,1000,59,55296,0,0,41374
142485,0,0,-1,0,0,0,483,0,0,41524
142486,0,0,-1,0,0,0,483,0,0,41526
142487,0,0,-1,0,0,0,483,0,0,41527
142488,0,0,-1,0,0,0,483,0,0,41529
142489,0,0,-1,-1,-1,0,55655,0,0,41611
142490,0,0,-1,1000,-1,0,55647,0,0,41612
142491,0,0,-1,-1,-1,0,483,0,0,41690
142492,1,6,0,-1,-1,0,53987,0,0,41690
142493,0,0,-1,-1,-1,0,483,0,0,41692
142494,1,6,0,-1,-1,0,54011,0,0,41692
142495,0,0,-1,-1,-1,0,483,0,0,41693
142496,1,6,0,-1,-1,0,54001,0,0,41693
142497,1,1,0,-1,-1,0,61249,0,0,41765
142498,1,1,0,-1,-1,0,61249,0,0,41766
142499,1,1,0,-1,-1,0,61249,0,0,41767
142500,0,0,-1,0,120000,4,54572,0,0,40677
142501,0,0,0,1800000,1800000,1051,54732,0,0,40772
142502,0,0,-1,-1,-1,0,483,0,0,41122
142503,1,6,0,-1,-1,0,54981,0,0,41122
142504,0,0,-1,-1,-1,0,483,0,0,41123
142505,1,6,0,-1,-1,0,54979,0,0,41123
142506,0,0,-1,-1,-1,0,483,0,0,41124
142507,1,6,0,-1,-1,0,54978,0,0,41124
142508,0,0,0,1800000,1800000,1051,54732,0,0,41125
142509,1,1,0,-1,-1,0,33830,0,0,41294
142511,0,0,-1,0,0,0,483,0,0,41530
142512,0,0,-1,0,0,0,483,0,0,41531
142513,0,0,-1,0,0,0,483,0,0,41532
142514,0,0,-1,0,0,0,483,0,0,41533
142515,0,0,-1,0,0,0,483,0,0,41534
142516,0,0,-1,0,0,0,483,0,0,41535
142517,0,0,0,5000,-1,0,55705,0,0,41615
142518,0,0,-1,-1,-1,0,483,0,0,41694
142519,1,6,0,-1,-1,0,54011,0,0,41694
142520,0,0,-1,-1,-1,0,483,0,0,41696
142521,1,6,0,-1,-1,0,54009,0,0,41696
142522,0,0,-1,-1,-1,0,483,0,0,41697
142523,1,6,0,-1,-1,0,53998,0,0,41697
142524,1,1,0,-1,-1,0,61249,0,0,41768
142526,0,1,0,-1,-1,0,61252,0,0,41770
142527,0,1,0,-1,-1,0,61252,0,0,41771
142528,0,1,0,-1,-1,0,61252,0,0,41772
142529,0,1,0,-1,-1,0,61252,0,0,41773
142530,0,1,0,-1,-1,0,60063,0,0,40682
142531,0,0,0,120000,-1,0,60054,0,0,40683
142532,0,1,0,-1,-1,0,33648,0,0,40684
142533,0,1,0,-1,-1,0,33953,0,0,40685
142534,0,0,-1,1500,-1,0,54577,0,0,40686
142535,1,5,0,-1,-1,0,54584,0,0,40686
142536,0,5,-1,-1,-1,0,54784,0,0,40796
142537,0,1,0,-1,-1,0,22778,0,0,40797
142539,0,0,-1,5000,-1,0,55165,0,0,41130
142540,0,0,0,0,500,1149,55037,0,0,41131
142541,0,0,-1,0,0,0,483,0,0,41536
142542,0,0,-1,0,0,0,483,0,0,41537
142543,0,0,-1,0,0,0,483,0,0,41538
142544,0,0,-1,0,0,0,483,0,0,41539
142545,0,0,-1,0,0,0,483,0,0,41540
142546,0,0,-1,0,0,0,483,0,0,41541
142547,0,0,-1,0,0,0,483,0,0,41542
142548,0,0,-1,-1,-1,0,483,0,0,41698
142549,1,6,0,-1,-1,0,53997,0,0,41698
142550,0,0,-1,-1,-1,0,483,0,0,41699
142551,1,6,0,-1,-1,0,53966,0,0,41699
142552,0,0,-1,-1,-1,0,483,0,0,41701
142553,1,6,0,-1,-1,0,53966,0,0,41701
142554,0,0,-1,-1,-1,0,483,0,0,41702
142555,1,6,0,-1,-1,0,53996,0,0,41702
142556,0,1,0,-1,-1,0,61252,0,0,41774
142558,0,0,0,5000,-1,0,31696,0,0,41776
142559,0,0,-1,-1,-1,0,483,0,0,41777
142560,1,6,0,-1,-1,0,53976,0,0,41777
142561,0,0,-1,-1,-1,0,483,0,0,41778
142562,1,6,0,-1,-1,0,54023,0,0,41778
142566,0,1,0,-1,-1,0,44300,0,0,40798
142567,0,1,0,-1,-1,0,62459,0,0,40799
142568,0,0,-1,0,0,0,54793,0,0,40800
142569,0,1,0,-1,-1,0,22778,0,0,40801
142570,0,1,0,-1,-1,0,44300,0,0,40802
142571,0,0,0,5000,-1,0,49642,0,0,40970
142572,0,0,0,120000,-1,0,61122,0,0,40971
142573,0,0,-1,-1,-1,0,55884,0,0,41133
142574,1,6,0,-1,-1,0,55068,0,0,41133
142575,0,1,0,-1,-1,0,32973,0,0,41134
142576,0,1,0,-1,-1,0,32973,0,0,41135
142577,0,1,0,-1,-1,0,32973,0,0,41136
142578,0,0,0,60000,-1,0,55368,0,0,41390
142579,0,0,-1,0,0,0,483,0,0,41547
142580,0,0,-1,-1,-1,0,483,0,0,41703
142581,1,6,0,-1,-1,0,53998,0,0,41703
142582,0,0,-1,-1,-1,0,483,0,0,41704
142583,1,6,0,-1,-1,0,55389,0,0,41704
142584,0,0,-1,-1,-1,0,483,0,0,41705
142585,1,6,0,-1,-1,0,55384,0,0,41705
142586,0,0,-1,-1,-1,0,483,0,0,41706
142587,1,6,0,-1,-1,0,55392,0,0,41706
142588,0,0,-1,-1,-1,0,483,0,0,41779
142589,1,6,0,-1,-1,0,53993,0,0,41779
142590,0,0,-1,-1,-1,0,483,0,0,41780
142591,1,6,0,-1,-1,0,53977,0,0,41780
142592,0,0,-1,-1,-1,0,483,0,0,41781
142593,1,6,0,-1,-1,0,54003,0,0,41781
142594,0,0,-1,-1,-1,0,483,0,0,41782
142595,1,6,0,-1,-1,0,54009,0,0,41782
142604,0,1,0,-1,-1,0,62459,0,0,40803
142605,0,1,0,-1,-1,0,22778,0,0,40804
142606,0,1,0,-1,-1,0,44300,0,0,40805
142607,0,1,0,-1,-1,0,62459,0,0,40806
142608,0,1,0,-1,-1,0,22778,0,0,40807
142609,0,1,0,-1,-1,0,32973,0,0,41137
142610,0,1,0,-1,-1,0,32973,0,0,41138
142612,0,1,0,-1,-1,0,61255,0,0,41140
142613,0,1,0,-1,-1,0,61255,0,0,41141
142614,0,0,-1,0,0,0,483,0,0,41552
142615,0,0,-1,-1,-1,0,483,0,0,41707
142616,1,6,0,-1,-1,0,55407,0,0,41707
142617,0,0,-1,-1,-1,0,483,0,0,41708
142618,1,6,0,-1,-1,0,55396,0,0,41708
142619,0,0,-1,-1,-1,0,483,0,0,41709
142620,1,6,0,-1,-1,0,55404,0,0,41709
142621,0,0,-1,-1,-1,0,483,0,0,41710
142622,1,6,0,-1,-1,0,55400,0,0,41710
142623,0,0,-1,-1,-1,0,483,0,0,41783
142624,1,6,0,-1,-1,0,53966,0,0,41783
142625,0,0,-1,-1,-1,0,483,0,0,41784
142626,1,6,0,-1,-1,0,53962,0,0,41784
142627,0,0,-1,-1,-1,0,483,0,0,41785
142628,1,6,0,-1,-1,0,53980,0,0,41785
142629,0,0,-1,-1,-1,0,483,0,0,41786
142630,1,6,0,-1,-1,0,55390,0,0,41786
142636,0,1,0,-1,-1,0,44297,0,0,41847
142637,0,1,0,-1,-1,0,44300,0,0,40808
142638,0,1,0,-1,-1,0,62459,0,0,40809
142639,0,1,0,-1,-1,0,22778,0,0,40810
142640,0,1,0,-1,-1,0,62459,0,0,40811
142641,0,1,0,-1,-1,0,44300,0,0,40812
142642,0,0,0,6000,-1,0,54933,0,0,41058
142643,0,1,0,-1,-1,0,61255,0,0,41142
142644,0,1,0,-1,-1,0,61255,0,0,41143
142645,0,1,0,-1,-1,0,61255,0,0,41144
142647,0,0,-1,-1,-1,0,55076,0,0,41146
142648,0,0,-1,-1,-1,0,483,0,0,41711
142649,1,6,0,-1,-1,0,55403,0,0,41711
142650,0,0,-1,-1,-1,0,483,0,0,41787
142651,1,6,0,-1,-1,0,55395,0,0,41787
142652,0,0,-1,-1,-1,0,483,0,0,41788
142653,1,6,0,-1,-1,0,55405,0,0,41788
142654,0,0,-1,-1,-1,0,483,0,0,41789
142655,1,6,0,-1,-1,0,53975,0,0,41789
142656,0,0,-1,-1,-1,0,483,0,0,41790
142657,1,6,0,-1,-1,0,53951,0,0,41790
142664,0,1,0,-1,-1,0,44297,0,0,41937
142665,0,1,0,-1,-1,0,44297,0,0,41938
142669,0,0,0,1000,3000,1476,54844,0,0,40895
142670,0,0,-1,0,0,0,483,0,0,40896
142671,0,0,-1,0,0,0,483,0,0,40897
142672,0,0,-1,0,0,0,483,0,0,40899
142673,0,0,-1,0,0,0,483,0,0,40900
142676,0,0,-1,-1,-1,0,483,0,0,41403
142677,1,6,0,-1,-1,0,55396,0,0,41403
142678,0,0,-1,-1,-1,0,483,0,0,41404
142679,1,6,0,-1,-1,0,55397,0,0,41404
142680,0,0,-1,-1,-1,0,483,0,0,41405
142681,1,6,0,-1,-1,0,55398,0,0,41405
142682,0,0,-1,-1,-1,0,483,0,0,41559
142683,1,6,0,-1,-1,0,53857,0,0,41559
142684,0,0,-1,-1,-1,0,483,0,0,41560
142685,1,6,0,-1,-1,0,53943,0,0,41560
142686,0,0,-1,-1,-1,0,483,0,0,41561
142687,1,6,0,-1,-1,0,53885,0,0,41561
142688,1,1,0,-1,-1,0,61249,0,0,41643
142689,0,0,-1,-1,-1,0,483,0,0,41718
142690,1,6,0,-1,-1,0,53946,0,0,41718
142691,0,0,-1,-1,-1,0,483,0,0,41719
142692,1,6,0,-1,-1,0,53948,0,0,41719
142693,0,0,-1,-1,-1,0,483,0,0,41791
142694,1,6,0,-1,-1,0,53948,0,0,41791
142695,0,0,-1,-1,-1,0,483,0,0,41792
142696,1,6,0,-1,-1,0,53991,0,0,41792
142697,0,0,-1,-1,-1,0,483,0,0,41793
142698,1,6,0,-1,-1,0,54019,0,0,41793
142699,0,0,-1,-1,-1,0,483,0,0,41794
142700,1,6,0,-1,-1,0,53988,0,0,41794
142706,0,1,0,-1,-1,0,44297,0,0,41939
142707,0,1,0,-1,-1,0,44297,0,0,41940
142708,0,1,0,-1,-1,0,44297,0,0,41941
142711,0,0,-1,0,0,0,483,0,0,40901
142712,0,0,-1,0,0,0,483,0,0,40902
142713,0,0,-1,0,0,0,483,0,0,40903
142714,0,0,-1,0,0,0,483,0,0,40906
142716,0,0,-1,-1,-1,0,483,0,0,41406
142717,1,6,0,-1,-1,0,55399,0,0,41406
142718,0,0,-1,-1,-1,0,483,0,0,41407
142719,1,6,0,-1,-1,0,55400,0,0,41407
142720,0,0,-1,-1,-1,0,483,0,0,41408
142721,1,6,0,-1,-1,0,55401,0,0,41408
142722,0,0,-1,-1,-1,0,483,0,0,41562
142723,1,6,0,-1,-1,0,53877,0,0,41562
142724,0,0,-1,-1,-1,0,483,0,0,41563
142725,1,6,0,-1,-1,0,53884,0,0,41563
142726,0,0,-1,-1,-1,0,483,0,0,41564
142727,1,6,0,-1,-1,0,53879,0,0,41564
142728,0,0,-1,-1,-1,0,483,0,0,41565
142729,1,6,0,-1,-1,0,53879,0,0,41565
142730,0,0,-1,-1,-1,0,483,0,0,41720
142731,1,6,0,-1,-1,0,53957,0,0,41720
142732,0,0,-1,-1,-1,0,483,0,0,41721
142733,1,6,0,-1,-1,0,53988,0,0,41721
142734,0,0,-1,-1,-1,0,483,0,0,41722
142735,1,6,0,-1,-1,0,53993,0,0,41722
142736,0,0,-1,-1,-1,0,483,0,0,41723
142737,1,6,0,-1,-1,0,53996,0,0,41723
142738,0,0,-1,-1,-1,0,483,0,0,41724
142739,1,6,0,-1,-1,0,54003,0,0,41724
142740,0,0,-1,-1,-1,0,483,0,0,41795
142741,1,6,0,-1,-1,0,53965,0,0,41795
142742,0,0,-1,-1,-1,0,483,0,0,41796
142743,1,6,0,-1,-1,0,53980,0,0,41796
142744,0,0,-1,-1,-1,0,483,0,0,41797
142745,1,6,0,-1,-1,0,55401,0,0,41797
142746,0,0,-1,-1,-1,0,483,0,0,41798
142747,1,6,0,-1,-1,0,55397,0,0,41798
142754,0,0,-1,0,0,0,483,0,0,40908
142755,0,0,-1,0,0,0,483,0,0,40909
142756,0,0,-1,0,0,0,483,0,0,40912
142757,0,0,-1,-1,-1,0,55083,0,0,41161
142758,0,0,-1,-1,-1,0,483,0,0,41409
142759,1,6,0,-1,-1,0,55402,0,0,41409
142760,0,0,-1,-1,-1,0,483,0,0,41410
142761,1,6,0,-1,-1,0,55403,0,0,41410
142762,0,0,-1,-1,-1,0,483,0,0,41411
142763,1,6,0,-1,-1,0,55404,0,0,41411
142764,0,0,-1,-1,-1,0,483,0,0,41412
142765,1,6,0,-1,-1,0,55405,0,0,41412
142766,0,0,-1,-1,-1,0,483,0,0,41566
142767,1,6,0,-1,-1,0,53875,0,0,41566
142768,0,0,-1,-1,-1,0,483,0,0,41567
142769,1,6,0,-1,-1,0,53917,0,0,41567
142770,0,0,-1,-1,-1,0,483,0,0,41568
142771,1,6,0,-1,-1,0,53921,0,0,41568
142772,0,0,-1,-1,-1,0,483,0,0,41569
142773,1,6,0,-1,-1,0,53933,0,0,41569
142774,0,0,-1,-1,-1,0,483,0,0,41725
142775,1,6,0,-1,-1,0,53965,0,0,41725
142776,0,0,-1,-1,-1,0,483,0,0,41726
142777,1,6,0,-1,-1,0,53974,0,0,41726
142778,0,0,-1,-1,-1,0,483,0,0,41727
142779,1,6,0,-1,-1,0,53960,0,0,41727
142780,0,0,-1,-1,-1,0,483,0,0,41728
142781,1,6,0,-1,-1,0,53955,0,0,41728
142782,0,0,-1,-1,-1,0,483,0,0,41799
142783,1,6,0,-1,-1,0,55398,0,0,41799
142788,0,0,0,86400000,0,0,54614,0,0,40725
142789,0,1,0,-1,-1,0,44297,0,0,41872
142791,0,0,-1,0,0,0,483,0,0,40913
142792,0,0,-1,0,0,0,483,0,0,40914
142793,0,0,-1,0,0,0,483,0,0,40915
142794,0,0,-1,0,0,0,483,0,0,40916
142795,0,0,0,5000,-1,0,20211,0,0,40917
142796,1,1,0,-1,-1,0,38522,0,0,40918
142797,0,1,0,-1,-1,0,32973,0,0,40998
142798,0,1,0,-1,-1,0,32973,0,0,40999
142799,0,1,0,-1,-1,0,32973,0,0,41000
142800,0,1,0,-1,-1,0,32973,0,0,41001
142801,0,0,-1,0,60000,4,67489,0,0,41166
142802,0,0,-1,-1,-1,0,55135,0,0,41167
142804,0,0,-1,-1,-1,0,483,0,0,41413
142805,1,6,0,-1,-1,0,55407,0,0,41413
142806,0,0,-1,-1,-1,0,483,0,0,41414
142807,1,6,0,-1,-1,0,55384,0,0,41414
142808,0,0,-1,-1,-1,0,483,0,0,41415
142809,1,6,0,-1,-1,0,55386,0,0,41415
142810,0,0,-1,-1,-1,0,483,0,0,41416
142811,1,6,0,-1,-1,0,55387,0,0,41416
142812,0,0,-1,-1,-1,0,483,0,0,41570
142813,1,6,0,-1,-1,0,53932,0,0,41570
142814,0,0,-1,-1,-1,0,483,0,0,41571
142815,1,6,0,-1,-1,0,53924,0,0,41571
142816,0,0,-1,-1,-1,0,483,0,0,41572
142817,1,6,0,-1,-1,0,53919,0,0,41572
142818,0,0,-1,-1,-1,0,483,0,0,41573
142819,1,6,0,-1,-1,0,53924,0,0,41573
142820,0,0,-1,-1,-1,0,483,0,0,41574
142821,1,6,0,-1,-1,0,53869,0,0,41574
142822,0,0,-1,0,1000,11,45548,0,0,41729
142823,0,0,-1,-1,-1,0,483,0,0,41730
142824,1,6,0,-1,-1,0,53986,0,0,41730
142825,0,0,-1,0,1000,59,43183,0,0,41731
142826,0,0,-1,-1,-1,0,483,0,0,41732
142827,1,6,0,-1,-1,0,53981,0,0,41732
142828,0,0,-1,-1,-1,0,483,0,0,41733
142829,1,6,0,-1,-1,0,53981,0,0,41733
142830,0,0,0,0,0,0,89496,0,0,40727
142831,0,0,0,30000,-1,0,26560,0,0,40730
142832,0,0,0,-1,-1,0,54963,0,0,40731
142833,0,0,0,-1,-1,0,54669,0,0,40732
142834,0,1,0,-1,-1,0,44297,0,0,41873
142835,0,1,0,-1,-1,0,44297,0,0,41874
142836,0,1,0,-1,-1,0,44297,0,0,41875
142838,0,0,-1,0,0,0,483,0,0,40919
142839,0,0,-1,0,0,0,483,0,0,40920
142840,0,0,-1,0,0,0,483,0,0,40921
142841,0,0,-1,0,0,0,483,0,0,40922
142842,0,0,-1,0,0,0,483,0,0,40923
142843,0,0,-1,0,0,0,483,0,0,40924
142844,0,1,0,-1,-1,0,32973,0,0,41002
142846,0,1,0,-1,-1,0,32973,0,0,41004
142847,0,1,0,-1,-1,0,32973,0,0,41005
142848,0,1,0,-1,-1,0,32973,0,0,41006
142849,0,0,-5,1000,-1,0,55152,0,0,41170
142854,0,0,-1,1500,-1,0,56393,0,0,41340
142857,0,0,-1,-1,-1,0,483,0,0,41417
142858,1,6,0,-1,-1,0,55388,0,0,41417
142859,0,0,-1,-1,-1,0,483,0,0,41418
142860,1,6,0,-1,-1,0,55389,0,0,41418
142861,0,0,-1,-1,-1,0,483,0,0,41419
142862,1,6,0,-1,-1,0,55390,0,0,41419
142863,0,0,-1,-1,-1,0,483,0,0,41420
142864,1,6,0,-1,-1,0,55392,0,0,41420
142865,0,0,-1,-1,-1,0,483,0,0,41575
142866,1,6,0,-1,-1,0,53865,0,0,41575
142867,0,0,-1,-1,-1,0,483,0,0,41576
142868,1,6,0,-1,-1,0,53830,0,0,41576
142869,0,0,-1,-1,-1,0,483,0,0,41577
142870,1,6,0,-1,-1,0,53945,0,0,41577
142871,0,0,-1,-1,-1,0,483,0,0,41578
142872,1,6,0,-1,-1,0,53949,0,0,41578
142873,0,0,-1,-1,-1,0,483,0,0,41734
142874,1,6,0,-1,-1,0,53978,0,0,41734
142875,0,0,-1,-1,-1,0,483,0,0,41735
142876,1,6,0,-1,-1,0,54014,0,0,41735
142877,0,0,-1,-1,-1,0,483,0,0,41736
142878,1,6,0,-1,-1,0,54012,0,0,41736
142879,0,0,-1,-1,-1,0,483,0,0,41737
142880,1,6,0,-1,-1,0,54005,0,0,41737
142886,0,1,0,-1,-1,0,54803,0,0,40839
142887,1,1,0,-1,-1,0,38522,0,0,40925
142888,1,1,0,-1,-1,0,38522,0,0,40926
142889,1,1,0,-1,-1,0,38522,0,0,40927
142890,1,1,0,-1,-1,0,38522,0,0,40928
142892,0,1,0,-1,-1,0,32973,0,0,41007
142893,0,1,0,-1,-1,0,32973,0,0,41008
142895,0,0,-1,0,0,0,54998,0,0,41091
142896,0,0,-1,14400000,0,0,54903,0,0,41178
142897,0,0,0,5000,-1,0,55161,0,0,41179
142898,0,0,0,5000,-1,0,30740,0,0,41265
142899,0,0,-1,-1,-1,0,483,0,0,41421
142900,1,6,0,-1,-1,0,55393,0,0,41421
142901,0,0,-1,-1,-1,0,483,0,0,41422
142902,1,6,0,-1,-1,0,55394,0,0,41422
142903,0,0,-1,-1,-1,0,483,0,0,41423
142904,1,6,0,-1,-1,0,55395,0,0,41423
142905,0,0,-1,-1,-1,0,483,0,0,41579
142906,1,6,0,-1,-1,0,53961,0,0,41579
142907,0,0,-1,-1,-1,0,483,0,0,41580
142908,1,6,0,-1,-1,0,53958,0,0,41580
142909,0,0,-1,-1,-1,0,483,0,0,41581
142910,1,6,0,-1,-1,0,53954,0,0,41581
142911,0,0,-1,-1,-1,0,483,0,0,41582
142912,1,6,0,-1,-1,0,53980,0,0,41582
142913,0,0,-1,-1,-1,0,483,0,0,41738
142914,1,6,0,-1,-1,0,54000,0,0,41738
142915,0,0,-1,-1,-1,0,483,0,0,41739
142916,1,6,0,-1,-1,0,54005,0,0,41739
142917,0,0,-1,-1,-1,0,483,0,0,41740
142918,1,6,0,-1,-1,0,53968,0,0,41740
142919,0,0,-1,-1,-1,0,483,0,0,41817
142920,1,6,0,-1,-1,0,53957,0,0,41817
142921,0,0,-1,-1,-1,0,483,0,0,41818
142922,1,6,0,-1,-1,0,53994,0,0,41818
142923,0,0,-1,-1,-1,0,483,0,0,41819
142924,1,6,0,-1,-1,0,54012,0,0,41819
142925,0,0,-1,-1,-1,0,483,0,0,41820
142926,1,6,0,-1,-1,0,53972,0,0,41820
142934,0,1,0,-1,-1,0,44301,0,0,41968
142935,0,1,0,-1,-1,0,44301,0,0,41969
142936,0,1,0,-1,-1,0,44301,0,0,41970
142937,0,1,0,-1,-1,0,44301,0,0,41971
142938,0,0,-1,0,0,0,483,0,0,41092
142939,0,0,-1,0,0,0,54758,0,0,41093
142940,0,0,-1,0,0,0,483,0,0,41094
142941,0,0,-1,0,0,0,483,0,0,41095
142942,0,0,-1,0,0,0,483,0,0,41096
142943,0,0,-1,0,0,0,483,0,0,41097
142945,1,1,0,-1,-1,0,33830,0,0,41268
142946,0,0,-1,1000,-1,0,55420,0,0,41427
142947,0,0,-1,-1,-1,0,54530,0,0,41428
142948,0,0,0,5000,-1,0,54964,0,0,41430
142949,0,0,0,10000,-1,0,55818,0,0,41505
142950,1,0,0,180000,180000,1190,144129,0,0,41587
142951,1,0,0,180000,180000,1190,144129,0,0,41588
142952,0,0,-1,-1,-1,0,483,0,0,41742
142953,1,6,0,-1,-1,0,55393,0,0,41742
142954,0,0,-1,-1,-1,0,483,0,0,41743
142955,1,6,0,-1,-1,0,55387,0,0,41743
142956,0,0,-1,-1,-1,0,483,0,0,41744
142957,1,6,0,-1,-1,0,55388,0,0,41744
142965,0,1,0,-1,-1,0,44301,0,0,41972
142967,0,0,-1,-1,-1,0,55836,0,0,41976
142968,0,0,-1,0,0,0,483,0,0,41098
142969,0,0,-1,0,0,0,483,0,0,41099
142970,0,0,-1,0,0,0,483,0,0,41100
142971,0,0,-1,0,0,0,483,0,0,41101
142972,0,0,-1,0,0,0,483,0,0,41102
142973,0,0,-1,0,0,0,483,0,0,41103
142974,0,0,-1,0,0,0,483,0,0,41104
142977,0,0,-5,1000,-1,0,55171,0,0,41191
142978,0,0,0,1500,-1,0,55522,0,0,41431
142979,0,0,0,-1,-1,0,55525,0,0,41507
142980,0,0,-1,-1,3000,330,483,0,0,41508
142981,1,6,0,0,0,0,55531,0,0,41508
142982,0,0,-1,0,60000,24,55536,0,0,41509
142983,1,0,0,180000,180000,1190,144129,0,0,41589
142984,1,0,0,180000,180000,1190,144129,0,0,41590
142985,0,1,0,-1,-1,0,55735,0,0,41746
142986,0,0,-1,-1,-1,0,483,0,0,41747
142987,1,6,0,-1,-1,0,53963,0,0,41747
142989,0,0,-1,0,1000,11,27094,0,0,41751
142994,0,0,0,900000,900000,30,54621,0,0,40754
142997,0,0,-1,-1,3000,330,483,0,0,40775
142998,1,6,0,-1,-1,0,54729,0,0,40775
142999,0,0,-1,0,0,0,54736,0,0,40776
143000,0,0,-1,-1,3000,330,483,0,0,40777
143001,1,6,0,0,0,0,54753,0,0,40777
143002,0,0,10,10000,10000,1157,28451,0,0,40945
143003,0,0,0,1000,-1,0,21014,0,0,40946
143004,0,0,-1,0,0,0,483,0,0,41105
143005,0,0,-1,0,0,0,483,0,0,41106
143006,0,0,-1,0,0,0,483,0,0,41107
143007,0,0,-1,0,0,0,483,0,0,41108
143008,0,0,-1,0,0,0,483,0,0,41109
143009,0,0,-1,0,0,0,483,0,0,41110
143010,0,0,-1,0,0,0,55002,0,0,41111
143016,0,0,-1,0,0,0,483,0,0,41517
143017,0,0,-1,0,0,0,483,0,0,41518
143018,0,0,-1,-1,-1,0,55630,0,0,41601
143026,0,0,-1,3600000,0,0,54910,0,0,40948
143027,0,1,0,-1,-1,0,61477,0,0,41112
143028,1,1,0,-1,-1,0,33830,0,0,41284
143029,1,1,0,-1,-1,0,33830,0,0,41286
143030,1,1,0,-1,-1,0,33830,0,0,41287
143031,1,1,0,-1,-1,0,33830,0,0,41288
143032,0,0,0,5000,-1,0,29070,0,0,41366
143033,0,0,-40,0,0,0,55346,0,0,41367
143034,0,0,-1,-1,-1,0,55631,0,0,41602
143035,0,0,-1,-1,-1,0,55632,0,0,41603
143036,0,0,-1,-1,-1,0,55634,0,0,41604
143037,0,0,-1,-1,-1,0,55631,0,0,41605
143038,0,0,-1,-1,-1,0,55634,0,0,41606
143039,0,0,-1,-1,-1,0,483,0,0,41686
143040,1,6,0,-1,-1,0,53984,0,0,41686
143041,0,0,-1,-1,-1,0,483,0,0,41687
143042,1,6,0,-1,-1,0,53991,0,0,41687
143043,0,0,-1,-1,-1,0,483,0,0,41688
143044,1,6,0,-1,-1,0,53985,0,0,41688
143045,0,0,-1,-1,-1,0,483,0,0,41689
143046,1,6,0,-1,-1,0,53987,0,0,41689
143048,0,0,0,1500,-1,0,54536,0,0,40676
143060,0,0,-1,-1,-1,0,483,0,0,43320
143061,1,6,0,-1,-1,0,58150,0,0,43320
143062,0,0,-1,-1,-1,0,483,0,0,42178
143063,1,6,0,-1,-1,0,55999,0,0,42178
143064,0,0,-1,-1,-1,0,483,0,0,42179
143065,1,6,0,-1,-1,0,56000,0,0,42179
143066,0,0,-1,-1,-1,0,483,0,0,42180
143067,1,6,0,-1,-1,0,56002,0,0,42180
143068,0,0,-1,-1,-1,0,483,0,0,42181
143069,1,6,0,-1,-1,0,56001,0,0,42181
143070,0,0,-1,-1,-1,0,483,0,0,42182
143071,1,6,0,-1,-1,0,56003,0,0,42182
143072,0,0,-1,1800000,-1,0,56261,0,0,42439
143073,0,0,0,5000,-1,0,56275,0,0,42441
143074,0,0,0,60000,-1,0,56278,0,0,42442
143085,0,1,0,-1,-1,0,23044,0,0,42703
143093,0,1,0,-1,-1,0,23044,0,0,42708
143095,0,0,0,5000,-1,0,56893,0,0,42894
143096,0,1,0,-1,-1,0,57351,0,0,42989
143097,0,1,0,-1,-1,0,57352,0,0,42990
143098,0,1,0,-1,-1,0,59906,0,0,42991
143099,0,1,0,-1,-1,0,59915,0,0,42992
143100,0,0,-1,0,1000,11,57354,0,0,42993
143101,0,0,-1,0,1000,11,57355,0,0,42994
143102,0,0,-1,-1,-1,0,57844,0,0,43170
143103,0,0,0,0,60000,1149,58013,0,0,43243
143104,0,0,-1,-1,-1,0,483,0,0,42183
143105,1,6,0,-1,-1,0,56004,0,0,42183
143106,0,0,-1,-1,-1,0,483,0,0,42184
143107,1,6,0,-1,-1,0,56005,0,0,42184
143108,0,0,-1,-1,-1,0,483,0,0,42185
143109,1,6,0,-1,-1,0,56006,0,0,42185
143110,0,0,-1,-1,-1,0,483,0,0,42186
143111,1,6,0,-1,-1,0,56007,0,0,42186
143112,0,0,-1,-1,-1,0,483,0,0,42187
143113,1,6,0,-1,-1,0,56009,0,0,42187
143114,0,0,-1,1000,1000,11,7737,0,0,42350
143115,0,0,-1,0,60000,4,67490,0,0,42545
143127,0,0,-1,0,0,0,483,0,0,42897
143128,0,0,-1,0,0,0,483,0,0,42898
143129,0,0,-1,0,0,0,483,0,0,42899
143130,0,0,-1,0,0,0,483,0,0,42900
143131,0,0,-1,0,0,0,483,0,0,42901
143132,0,0,-1,0,0,0,483,0,0,42902
143133,0,0,-1,0,1000,11,57357,0,0,42995
143134,0,0,-1,0,1000,11,57359,0,0,42996
143135,0,0,-1,0,1000,11,57362,0,0,42997
143136,0,0,-1,0,1000,11,57364,0,0,42998
143137,0,0,-1,0,1000,11,57366,0,0,42999
143138,0,0,-1,0,1000,11,57370,0,0,43000
143139,0,0,-1,0,1000,11,57372,0,0,43001
143140,0,0,-1,0,1000,59,43182,0,0,43086
143141,0,0,-1,0,1000,11,45548,0,0,43087
143142,0,0,-1,1800000,-1,0,57653,0,0,43088
143143,0,0,-1,0,0,0,483,0,0,43331
143144,0,0,-1,0,0,0,483,0,0,43332
143145,0,0,-1,0,0,0,483,0,0,43334
143146,0,0,-1,0,0,0,483,0,0,43335
143147,0,0,-1,3600000,0,0,58173,0,0,43336
143148,0,0,-1,-1,-1,0,58073,0,0,42104
143149,0,0,-1,-1,-1,0,58074,0,0,42105
143150,0,0,-1,-1,-1,0,58075,0,0,42106
143151,0,0,-1,-1,-1,0,58076,0,0,42107
143152,0,0,-1,-1,-1,0,58077,0,0,42108
143153,0,0,-1,-1,-1,0,483,0,0,42188
143154,1,6,0,-1,-1,0,56011,0,0,42188
143155,0,0,-1,-1,-1,0,483,0,0,42189
143156,1,6,0,-1,-1,0,56016,0,0,42189
143157,0,0,-1,-1,-1,0,483,0,0,42190
143158,1,6,0,-1,-1,0,56017,0,0,42190
143159,0,0,-1,-1,-1,0,483,0,0,42191
143160,1,6,0,-1,-1,0,56018,0,0,42191
143161,0,0,-1,0,0,0,483,0,0,42453
143162,0,0,-1,0,0,0,483,0,0,42454
143163,0,0,-1,0,0,0,483,0,0,42455
143164,0,0,-1,0,0,0,483,0,0,42456
143165,0,0,-1,0,0,0,483,0,0,42457
143166,0,0,-1,0,0,0,56403,0,0,42546
143167,0,0,-1,0,120000,4,53908,0,0,42548
143168,3,0,0,3000,0,0,12883,0,0,42549
143169,2,0,0,3000,0,0,12883,0,0,42550
143170,0,0,0,10000,-1,0,56448,0,0,42624
143171,0,1,0,-1,-1,0,22778,0,0,42626
143172,0,1,0,-1,-1,0,33066,0,0,42715
143178,0,1,0,-1,-1,0,95677,0,0,42720
143180,0,0,-1,0,0,0,483,0,0,42903
143181,0,0,-1,0,0,0,483,0,0,42904
143182,0,0,-1,0,0,0,483,0,0,42905
143183,0,0,-1,0,0,0,483,0,0,42906
143184,0,0,-1,0,0,0,483,0,0,42907
143185,0,0,-1,0,0,0,483,0,0,42908
143186,0,0,-1,0,0,0,483,0,0,42909
143187,0,0,-1,1000,-1,0,57375,0,0,43002
143188,1,5,-1,-1,-1,0,57378,0,0,43002
143189,0,0,-1,0,1000,11,57388,0,0,43004
143190,0,0,-1,0,1000,11,43771,0,0,43005
143191,0,0,-1,1500,-1,0,49349,0,0,43006
143192,0,0,-1,-1,-1,0,57672,0,0,43090
143193,0,0,-1,-1,-1,0,7865,0,0,43094
143194,0,0,-1,3600000,0,0,58166,0,0,43337
143195,0,0,-1,0,0,0,483,0,0,43338
143196,0,0,-1,0,0,0,483,0,0,43339
143197,0,0,-1,0,0,0,483,0,0,43340
143198,0,0,-1,0,0,0,483,0,0,43342
143199,0,0,-1,-1,-1,0,483,0,0,42192
143200,1,6,0,-1,-1,0,56019,0,0,42192
143201,0,0,-1,-1,-1,0,483,0,0,42193
143202,1,6,0,-1,-1,0,56020,0,0,42193
143203,0,0,-1,-1,-1,0,483,0,0,42194
143204,1,6,0,-1,-1,0,56021,0,0,42194
143205,0,0,-1,-1,-1,0,483,0,0,42195
143206,1,6,0,-1,-1,0,56022,0,0,42195
143207,0,0,-1,-1,-1,0,483,0,0,42196
143208,1,6,0,-1,-1,0,56023,0,0,42196
143209,0,0,-1,0,0,0,483,0,0,42458
143210,0,0,-1,0,0,0,483,0,0,42459
143211,0,0,-1,0,0,0,483,0,0,42460
143212,0,0,-1,0,0,0,483,0,0,42461
143213,0,0,-1,0,0,0,483,0,0,42462
143214,0,0,-1,0,0,0,483,0,0,42463
143215,0,0,-1,0,0,0,483,0,0,42464
143216,2,0,0,3000,0,0,12883,0,0,42551
143217,2,0,0,3000,0,0,12883,0,0,42552
143218,2,0,0,3000,0,0,12883,0,0,42553
143219,2,0,0,3000,0,0,12883,0,0,42554
143220,2,0,0,3000,0,0,12883,0,0,42555
143221,1,1,0,-1,-1,0,144310,0,0,42631
143225,0,0,-1,0,0,0,483,0,0,42910
143226,0,0,-1,0,0,0,483,0,0,42911
143227,0,0,-1,0,0,0,483,0,0,42912
143228,0,0,-1,0,0,0,483,0,0,42913
143229,0,0,-1,0,0,0,483,0,0,42914
143230,0,0,-1,0,0,0,483,0,0,42915
143232,0,0,-1,0,0,0,57683,0,0,43097
143234,0,1,0,-1,-1,0,33063,0,0,42014
143235,0,0,-1,0,0,0,483,0,0,43343
143236,0,0,-1,0,0,0,483,0,0,43344
143237,0,0,-1,-1,-1,0,483,0,0,42197
143238,1,6,0,-1,-1,0,56024,0,0,42197
143239,0,0,-1,-1,-1,0,483,0,0,42198
143240,1,6,0,-1,-1,0,56025,0,0,42198
143241,0,0,-1,-1,-1,0,483,0,0,42199
143242,1,6,0,-1,-1,0,56026,0,0,42199
143243,0,0,-1,-1,-1,0,483,0,0,42200
143244,1,6,0,-1,-1,0,56027,0,0,42200
143245,0,0,-1,0,0,0,483,0,0,42465
143246,0,0,-1,0,0,0,483,0,0,42466
143247,0,0,-1,0,0,0,483,0,0,42467
143250,0,0,-1,0,0,0,483,0,0,42470
143251,0,0,-1,0,0,0,483,0,0,42471
143252,1,1,0,-1,-1,0,38522,0,0,42636
143257,0,0,-1,300000,60000,24,56488,0,0,42641
143258,0,0,-1,0,0,0,483,0,0,42917
143259,0,0,0,30000,-1,0,56863,0,0,42918
143260,0,0,-1,0,1000,11,57426,0,0,43015
143261,0,0,-1,-1,-1,0,483,0,0,43017
143262,1,6,0,-1,-1,0,57423,0,0,43017
143263,0,0,-1,-1,-1,0,483,0,0,43018
143264,1,6,0,-1,-1,0,45555,0,0,43018
143265,0,0,-1,-1,-1,0,57686,0,0,43101
143266,0,1,0,-1,-1,0,33063,0,0,42015
143267,0,1,0,-1,-1,0,33063,0,0,42016
143268,0,1,0,-1,-1,0,33063,0,0,42017
143269,0,1,0,-1,-1,0,33063,0,0,42018
143271,0,0,-1,0,0,0,483,0,0,43350
143272,0,0,-1,0,0,0,483,0,0,43351
143273,0,0,-1,0,-1,0,55592,0,0,43352
143275,0,0,0,120000,120000,1182,42292,0,0,42122
143276,0,0,0,120000,120000,1182,42292,0,0,42123
143277,0,0,-1,-1,-1,0,483,0,0,42201
143278,1,6,0,-1,-1,0,56028,0,0,42201
143279,0,0,-1,-1,-1,0,483,0,0,42202
143280,1,6,0,-1,-1,0,56029,0,0,42202
143281,0,0,-1,0,0,0,483,0,0,42472
143282,0,0,-1,0,0,0,483,0,0,42473
143284,0,0,0,10000,-1,0,56562,0,0,42732
143285,0,0,-1,-1,-1,0,56573,0,0,42733
143287,0,0,-1,0,0,0,483,0,0,42735
143288,0,0,-1,0,0,0,483,0,0,42736
143289,0,0,-1,0,0,0,483,0,0,42737
143290,0,0,0,300000,300000,1232,56894,0,0,42922
143291,0,0,0,5000,-1,0,36851,0,0,42928
143292,0,0,-1,-1,-1,0,483,0,0,43019
143293,1,6,0,-1,-1,0,45556,0,0,43019
143294,0,0,-1,-1,-1,0,483,0,0,43020
143295,1,6,0,-1,-1,0,45557,0,0,43020
143296,0,0,-1,-1,-1,0,483,0,0,43021
143297,1,6,0,-1,-1,0,45558,0,0,43021
143298,0,0,-1,-1,-1,0,483,0,0,43022
143299,1,6,0,-1,-1,0,45559,0,0,43022
143300,0,0,-1,0,1000,11,58067,0,0,43268
143301,0,0,-1,0,0,0,483,0,0,43355
143302,0,0,-1,0,0,0,483,0,0,43356
143304,0,0,-1,0,0,0,483,0,0,43359
143305,0,0,-1,0,0,0,483,0,0,43360
143306,0,0,0,120000,120000,1182,42292,0,0,42124
143308,0,0,0,120000,120000,1182,42292,0,0,42126
143310,1,0,0,180000,180000,1190,55915,0,0,42128
143311,1,0,0,180000,180000,1190,55915,0,0,42129
143312,0,0,-1,-1,-1,0,483,0,0,42298
143313,1,6,0,-1,-1,0,56049,0,0,42298
143314,0,0,-1,-1,-1,0,483,0,0,42299
143315,1,6,0,-1,-1,0,56052,0,0,42299
143316,0,0,-1,1000,1000,0,56128,0,0,42381
143317,0,0,0,30000,-1,0,56313,0,0,42479
143318,0,0,0,1000,-1,0,23301,0,0,42480
143319,0,0,0,15000,-1,0,56345,0,0,42481
143320,0,0,0,-1,-1,0,3366,0,0,42482
143321,0,0,-1,-1,-1,0,483,0,0,42648
143322,1,6,0,-1,-1,0,56496,0,0,42648
143323,0,0,-1,-1,-1,0,483,0,0,42649
143324,1,6,0,-1,-1,0,56497,0,0,42649
143325,0,0,-1,-1,-1,0,483,0,0,42650
143326,1,6,0,-1,-1,0,56498,0,0,42650
143327,0,0,-1,0,0,0,483,0,0,42738
143328,0,0,-1,0,0,0,483,0,0,42739
143330,0,0,-1,0,0,0,483,0,0,42741
143332,0,0,-1,0,0,0,483,0,0,42743
143333,0,0,-1,0,0,0,483,0,0,42744
143334,0,0,0,5000,5000,1140,56033,0,0,42837
143335,0,0,-1,-1,-1,0,483,0,0,43023
143336,1,6,0,-1,-1,0,45567,0,0,43023
143337,0,0,-1,-1,-1,0,483,0,0,43024
143338,1,6,0,-1,-1,0,45568,0,0,43024
143339,0,0,-1,-1,-1,0,483,0,0,43025
143340,1,6,0,-1,-1,0,45571,0,0,43025
143341,0,0,-1,-1,-1,0,483,0,0,43026
143342,1,6,0,-1,-1,0,45570,0,0,43026
143343,0,0,-1,0,0,0,483,0,0,43361
143344,0,0,-1,0,0,0,483,0,0,43362
143345,0,0,-1,0,0,0,483,0,0,43364
143346,0,0,-1,0,0,0,483,0,0,43365
143347,0,0,-1,0,0,0,483,0,0,43366
143348,1,0,0,180000,180000,1190,55915,0,0,42130
143349,1,0,0,180000,180000,1190,55915,0,0,42131
143350,1,0,0,180000,180000,1190,55915,0,0,42132
143351,1,0,0,180000,180000,1190,67596,0,0,42133
143352,1,0,0,180000,180000,1190,67596,0,0,42134
143353,1,0,0,180000,180000,1190,67596,0,0,42135
143354,0,0,-1,-1,-1,0,483,0,0,42300
143355,1,6,0,-1,-1,0,56053,0,0,42300
143356,0,0,-1,-1,-1,0,483,0,0,42301
143357,1,6,0,-1,-1,0,56052,0,0,42301
143358,0,0,-1,-1,-1,0,483,0,0,42302
143359,1,6,0,-1,-1,0,56056,0,0,42302
143360,0,0,-1,-1,-1,0,483,0,0,42303
143361,1,6,0,-1,-1,0,56085,0,0,42303
143366,0,0,-1,-1,-1,0,483,0,0,42651
143367,1,6,0,-1,-1,0,56499,0,0,42651
143368,0,0,-1,-1,-1,0,483,0,0,42652
143369,1,6,0,-1,-1,0,56500,0,0,42652
143370,0,0,-1,-1,-1,0,483,0,0,42653
143371,1,6,0,-1,-1,0,56501,0,0,42653
143372,0,0,-1,0,0,0,483,0,0,42745
143373,0,0,-1,0,0,0,483,0,0,42746
143375,0,0,-1,0,0,0,483,0,0,42748
143376,0,0,-1,0,0,0,483,0,0,42749
143378,0,0,-1,0,0,0,483,0,0,42751
143379,0,0,0,5000,-1,0,57939,0,0,42839
143380,0,0,0,60000,-1,0,56409,0,0,42840
143381,0,0,-1,-1,-1,0,483,0,0,43027
143382,1,6,0,-1,-1,0,57433,0,0,43027
143383,0,0,-1,-1,-1,0,483,0,0,43028
143384,1,6,0,-1,-1,0,57434,0,0,43028
143385,0,0,-1,-1,-1,0,483,0,0,43029
143386,1,6,0,-1,-1,0,57435,0,0,43029
143387,0,0,-1,-1,-1,0,483,0,0,43030
143388,1,6,0,-1,-1,0,57436,0,0,43030
143389,0,0,0,0,10000,1149,57906,0,0,43206
143390,0,0,-1,0,0,0,483,0,0,43367
143391,0,0,-1,0,0,0,483,0,0,43368
143392,0,0,-1,0,0,0,483,0,0,43369
143393,0,0,-1,0,0,0,483,0,0,43370
143394,0,0,-1,0,0,0,483,0,0,43371
143395,0,0,-1,0,0,0,483,0,0,43372
143396,1,0,0,180000,180000,1190,67596,0,0,42136
143397,1,0,0,180000,180000,1190,67596,0,0,42137
143398,0,0,-1,-1,-1,0,483,0,0,42138
143399,1,6,0,-1,-1,0,53952,0,0,42138
143401,0,0,-1,-1,-1,0,483,0,0,42304
143402,1,6,0,-1,-1,0,56087,0,0,42304
143403,0,0,-1,-1,-1,0,483,0,0,42305
143404,1,6,0,-1,-1,0,56079,0,0,42305
143405,0,0,-1,-1,-1,0,483,0,0,42306
143406,1,6,0,-1,-1,0,56081,0,0,42306
143407,0,0,-1,-1,-1,0,483,0,0,42307
143408,1,6,0,-1,-1,0,56083,0,0,42307
143409,0,0,0,120000,20000,1141,56184,0,0,42395
143410,0,0,-1,0,0,0,483,0,0,42396
143416,0,1,0,-1,-1,0,22778,0,0,42655
143419,0,1,0,-1,-1,0,32973,0,0,42660
143421,0,0,-1,0,0,0,483,0,0,42752
143422,0,0,-1,0,0,0,483,0,0,42753
143423,0,0,-1,0,0,0,483,0,0,42754
143427,0,0,-1,0,1000,11,57101,0,0,42942
143428,0,0,-1,-1,-1,0,483,0,0,43031
143429,1,6,0,-1,-1,0,57437,0,0,43031
143430,0,0,-1,-1,-1,0,483,0,0,43032
143431,1,6,0,-1,-1,0,57438,0,0,43032
143432,0,0,-1,-1,-1,0,483,0,0,43033
143433,1,6,0,-1,-1,0,57439,0,0,43033
143434,0,0,-1,-1,-1,0,483,0,0,43034
143435,1,6,0,-1,-1,0,57440,0,0,43034
143436,0,0,0,2000,-1,0,57908,0,0,43214
143437,0,0,-1,0,0,0,483,0,0,43373
143438,0,0,-1,0,0,0,483,0,0,43374
143439,0,0,-1,0,0,0,483,0,0,43376
143440,0,0,-1,0,0,0,483,0,0,43377
143441,0,0,-1,0,0,0,483,0,0,43378
143442,0,0,-1,0,0,0,483,0,0,43379
143443,0,0,-1,-1,-1,0,483,0,0,42308
143444,1,6,0,-1,-1,0,56084,0,0,42308
143445,0,0,-1,-1,-1,0,483,0,0,42309
143446,1,6,0,-1,-1,0,56053,0,0,42309
143447,0,0,-1,-1,-1,0,483,0,0,42310
143448,1,6,0,-1,-1,0,56085,0,0,42310
143449,0,0,-1,-1,-1,0,483,0,0,42311
143450,1,6,0,-1,-1,0,56086,0,0,42311
143451,0,0,-1,0,0,0,483,0,0,42397
143452,0,0,-1,0,0,0,483,0,0,42398
143453,0,0,-1,0,0,0,483,0,0,42399
143454,0,0,-1,0,0,0,483,0,0,42400
143455,0,0,-1,0,0,0,483,0,0,42401
143456,0,0,-1,0,0,0,483,0,0,42402
143457,0,0,-1,0,0,0,483,0,0,42403
143458,0,0,0,15000,-1,0,54301,0,0,42499
143459,0,0,-1,-1,-1,0,56353,0,0,42500
143472,0,1,0,-1,-1,0,38501,0,0,42665
143480,0,1,0,-1,-1,0,57353,0,0,42949
143481,0,1,0,-1,-1,0,57353,0,0,42950
143482,0,0,-1,-1,-1,0,483,0,0,43035
143483,1,6,0,-1,-1,0,57441,0,0,43035
143484,0,0,-1,-1,-1,0,483,0,0,43036
143485,1,6,0,-1,-1,0,57442,0,0,43036
143486,0,0,-1,-1,-1,0,483,0,0,43037
143487,1,6,0,-1,-1,0,57443,0,0,43037
143488,0,0,-1,0,60000,24,57489,0,0,43038
143489,0,0,0,300000,300000,1232,56894,0,0,43039
143490,0,0,-1,5000,-1,0,58085,0,0,43289
143491,0,0,-1,0,0,0,483,0,0,43380
143492,0,0,-1,0,0,0,483,0,0,43381
143493,0,0,-1,3600000,0,0,58261,0,0,43383
143494,0,0,-1,3600000,0,0,58262,0,0,43384
143495,0,0,-1,0,0,0,483,0,0,43385
143496,0,5,-1,-1,-1,0,55953,0,0,42147
143497,0,0,-1,-1,-1,0,483,0,0,42312
143498,1,6,0,-1,-1,0,56087,0,0,42312
143499,0,0,-1,-1,-1,0,483,0,0,42313
143500,1,6,0,-1,-1,0,56088,0,0,42313
143501,0,0,-1,-1,-1,0,483,0,0,42314
143502,1,6,0,-1,-1,0,56055,0,0,42314
143503,0,0,-1,-1,-1,0,483,0,0,42315
143504,1,6,0,-1,-1,0,56055,0,0,42315
143505,0,0,-1,0,0,0,483,0,0,42404
143506,0,0,-1,0,0,0,483,0,0,42405
143507,0,0,-1,0,0,0,483,0,0,42406
143508,0,0,-1,0,0,0,483,0,0,42407
143509,0,0,-1,0,0,0,483,0,0,42408
143510,0,0,-1,0,0,0,483,0,0,42409
143513,0,0,-1,0,1000,11,56439,0,0,42590
143521,0,1,0,-1,-1,0,33020,0,0,42670
143523,0,1,0,-1,-1,0,57353,0,0,42951
143524,0,1,0,-1,-1,0,57353,0,0,42952
143525,0,0,-1,0,0,0,483,0,0,42954
143526,0,0,-1,0,0,0,483,0,0,42955
143527,0,0,-1,0,0,0,483,0,0,42956
143536,0,0,-1,-1,-1,0,50781,0,0,43134
143537,0,0,-1,-1,-1,0,57727,0,0,43135
143538,0,0,-1,-1,-1,0,58115,0,0,43299
143539,0,0,-1,0,0,0,483,0,0,43386
143540,0,0,-1,0,0,0,483,0,0,43388
143541,0,0,-1,0,0,0,483,0,0,43389
143542,0,0,-1,0,0,0,483,0,0,43390
143543,0,0,-1,0,0,0,483,0,0,43391
143544,0,0,-1,0,0,0,483,0,0,42410
143545,0,0,-1,0,0,0,483,0,0,42411
143546,0,0,-1,0,0,0,483,0,0,42412
143547,0,0,0,300000,0,0,56186,0,0,42413
143548,0,0,-1,0,0,0,483,0,0,42414
143549,0,0,-1,0,0,0,483,0,0,42415
143550,0,0,-1,0,0,0,483,0,0,42416
143556,1,1,0,-1,-1,0,28539,0,0,42675
143561,0,0,0,1500,-1,0,56510,0,0,42679
143562,0,0,0,20000,-1,0,56671,0,0,42769
143563,0,0,0,15000,-1,0,56727,0,0,42774
143564,0,0,-1,0,0,0,483,0,0,42957
143565,0,0,-1,0,0,0,483,0,0,42958
143566,0,0,-1,0,0,0,483,0,0,42959
143567,0,0,-1,0,0,0,483,0,0,42960
143568,0,0,-1,0,0,0,483,0,0,42961
143569,0,0,-1,0,0,0,483,0,0,42962
143570,0,0,-1,0,0,0,483,0,0,42963
143579,0,0,-1,-1,-1,0,57729,0,0,43139
143580,0,0,-1,-1,-1,0,7434,0,0,43141
143581,0,0,-1,-1,-1,0,57760,0,0,43142
143582,0,0,0,5000,-1,0,57957,0,0,43229
143587,0,0,-1,-1,-1,0,58126,0,0,43302
143588,0,0,-1,-1,-1,0,58128,0,0,43303
143589,0,0,-1,-1,-1,0,58129,0,0,43304
143590,0,0,-1,0,0,0,483,0,0,43392
143591,0,0,-1,0,0,0,483,0,0,43393
143592,0,0,-1,0,0,0,483,0,0,43394
143593,0,0,-1,0,0,0,483,0,0,43395
143594,0,0,-1,0,0,0,483,0,0,43396
143595,0,0,-1,0,0,0,483,0,0,43397
143596,0,0,-1,10000,-1,0,56099,0,0,42246
143597,0,0,-1,0,0,0,483,0,0,42417
143598,1,0,0,300000,0,0,56188,0,0,42418
143599,0,0,0,60000,-1,0,56189,0,0,42419
143600,0,0,-40,0,0,0,56190,0,0,42420
143601,0,0,-40,0,0,0,56191,0,0,42421
143608,1,1,0,-1,-1,0,96148,0,0,42680
143619,1,1,0,-1,-1,0,96148,0,0,42685
143622,0,0,-1,0,1000,59,43183,0,0,42777
143623,0,0,-1,0,1000,11,45548,0,0,42778
143624,0,0,-1,0,1000,11,53283,0,0,42779
143625,0,0,0,10000,-1,0,56765,0,0,42781
143626,0,0,-1,0,0,0,483,0,0,42964
143627,0,0,-1,0,0,0,483,0,0,42965
143628,0,0,-1,0,0,0,483,0,0,42966
143629,0,0,-1,0,0,0,483,0,0,42967
143630,0,0,-1,0,0,0,483,0,0,42968
143631,0,0,-1,0,0,0,483,0,0,42969
143632,0,0,-1,0,0,0,483,0,0,42970
143636,0,0,-1,-1,-1,0,57553,0,0,43059
143640,0,0,-1,-1,-1,0,57768,0,0,43147
143641,0,0,-1,-1,-1,0,57804,0,0,43150
143644,0,0,-1,0,1000,59,43183,0,0,43236
143645,0,0,-1,0,-1,0,26785,0,0,43237
143646,0,0,-1,0,0,0,483,0,0,43398
143647,0,0,-1,0,0,0,483,0,0,43399
143648,0,0,-1,0,0,0,483,0,0,43400
143649,0,0,0,2000,-1,0,55983,0,0,42164
143650,0,0,-1,-1,-1,0,56192,0,0,42422
143651,0,0,0,10000,-1,0,56227,0,0,42424
143667,1,1,0,-1,-1,0,96148,0,0,42690
143670,0,0,-1,0,0,0,483,0,0,42971
143671,0,0,-1,0,0,0,483,0,0,42972
143672,0,0,-1,0,0,0,483,0,0,42973
143673,0,0,-1,0,0,0,483,0,0,42974
143674,0,0,-1,-1,-1,0,57310,0,0,42975
143680,0,0,0,0,1500,1149,57806,0,0,43153
143681,0,1,0,-1,-1,0,57818,0,0,43154
143682,1,1,0,-1,-1,0,57819,0,0,43154
143683,0,1,0,-1,-1,0,57818,0,0,43155
143684,1,1,0,-1,-1,0,57820,0,0,43155
143685,0,0,-1,-1,-1,0,483,0,0,42172
143686,1,6,0,-1,-1,0,55993,0,0,42172
143687,0,0,-1,0,1000,11,43180,0,0,42428
143688,0,0,-1,0,1000,11,45548,0,0,42429
143689,0,0,-1,0,1000,11,43180,0,0,42430
143690,0,0,-1,0,1000,11,45548,0,0,42431
143691,0,0,-1,0,1000,11,43180,0,0,42432
143699,1,1,0,-1,-1,0,61249,0,0,42695
143703,0,0,-1,-1,-1,0,57311,0,0,42977
143704,0,0,-1,-1,-1,0,57312,0,0,42978
143705,0,0,-1,-1,-1,0,57313,0,0,42979
143706,0,0,-1,-1,-1,0,57314,0,0,42980
143707,0,0,-1,-1,-1,0,57315,0,0,42981
143708,0,0,-1,-1,-1,0,57316,0,0,42982
143709,0,0,-1,-1,-1,0,57317,0,0,42983
143710,0,1,0,-1,-1,0,57818,0,0,43156
143711,1,1,0,-1,-1,0,57822,0,0,43156
143712,0,1,0,-1,-1,0,57818,0,0,43157
143713,1,1,0,-1,-1,0,57821,0,0,43157
143714,0,0,0,5000,-1,0,57853,0,0,43159
143715,0,0,0,0,10000,1149,55797,0,0,41988
143716,0,0,0,1500,-1,0,58151,0,0,43315
143717,0,0,-1,0,0,0,483,0,0,43316
143718,0,0,-1,-1,-1,0,483,0,0,43317
143719,1,6,0,-1,-1,0,58147,0,0,43317
143720,0,0,-1,-1,-1,0,483,0,0,43318
143721,1,6,0,-1,-1,0,58148,0,0,43318
143722,0,0,-1,-1,-1,0,483,0,0,43319
143723,1,6,0,-1,-1,0,58149,0,0,43319
143724,0,0,-1,-1,-1,0,483,0,0,42173
143725,1,6,0,-1,-1,0,55994,0,0,42173
143726,0,0,-1,-1,-1,0,483,0,0,42174
143727,1,6,0,-1,-1,0,55995,0,0,42174
143728,0,0,-1,-1,-1,0,483,0,0,42175
143729,1,6,0,-1,-1,0,55996,0,0,42175
143730,0,0,-1,-1,-1,0,483,0,0,42176
143731,1,6,0,-1,-1,0,55998,0,0,42176
143732,0,0,-1,-1,-1,0,483,0,0,42177
143733,1,6,0,-1,-1,0,55997,0,0,42177
143734,0,0,0,180000,0,0,56121,0,0,42341
143735,0,0,-1,1000,1000,11,7737,0,0,42342
143736,0,0,-1,0,1000,11,43180,0,0,42433
143737,0,0,-1,0,1000,11,45548,0,0,42434
143738,0,0,-1,1800000,-1,0,56245,0,0,42436
143740,0,0,-1,1800000,-1,0,56255,0,0,42438
143748,0,0,-1,4000,-1,0,56788,0,0,42797
143749,0,1,0,-1,-1,0,57353,0,0,42984
143750,0,1,0,-1,-1,0,57353,0,0,42985
143751,0,0,-1,1000,-1,0,49761,0,0,42986
143752,1,5,-1,-1,-1,0,57348,0,0,42986
143753,0,1,0,-1,-1,0,57345,0,0,42987
143754,0,0,0,300000,300000,0,57350,0,0,42988
143755,0,0,0,1000,-1,0,3921,0,0,43166
143756,0,0,-1,-1,-1,0,58069,0,0,41989
143757,0,0,-1,0,60000,4,28499,0,0,43530
143758,0,0,-1,0,60000,4,28495,0,0,43531
143759,0,0,-1,0,0,0,483,0,0,43533
143760,0,0,-1,0,0,0,483,0,0,43534
143761,0,0,-1,0,0,0,483,0,0,43535
143762,0,0,-1,-1,-1,0,59066,0,0,43620
143763,0,0,-1,-1,-1,0,59070,0,0,43621
143770,0,0,0,120000,20000,1141,59658,0,0,44014
143771,0,0,0,120000,20000,1141,59657,0,0,44015
143772,0,2,0,-1,-1,0,59830,0,0,44096
143773,0,0,0,120000,120000,1182,42292,0,0,44097
143774,0,0,0,120000,120000,1182,42292,0,0,44098
143775,0,1,0,-1,-1,0,57353,0,0,44099
143776,0,1,0,-1,-1,0,57353,0,0,44100
143777,0,1,0,-1,-1,0,57353,0,0,44101
143778,0,0,-1,-1,3000,330,55884,0,0,44175
143779,1,6,0,-1,-1,0,60021,0,0,44175
143780,0,0,0,5000,-1,0,60256,0,0,44251
143781,0,0,0,10000,-1,0,60458,0,0,44430
143782,0,0,-1,0,0,0,60460,0,0,44432
143783,0,0,-1,-1,-1,0,483,0,0,44516
143784,1,6,0,-1,-1,0,60704,0,0,44516
143785,0,0,-1,-1,-1,0,483,0,0,44517
143786,1,6,0,-1,-1,0,60705,0,0,44517
143787,0,0,-1,-1,-1,0,483,0,0,44518
143788,1,6,0,-1,-1,0,60706,0,0,44518
143789,0,0,-1,-1,-1,0,483,0,0,44519
143790,1,6,0,-1,-1,0,60711,0,0,44519
143791,0,0,-1,0,0,0,483,0,0,43422
143792,0,0,-1,0,0,0,483,0,0,43423
143793,0,0,-1,0,0,0,483,0,0,43424
143794,0,0,-1,0,0,0,483,0,0,43425
143796,0,0,-1,0,0,0,483,0,0,43427
143797,0,0,-1,0,0,0,483,0,0,43428
143798,0,0,-1,-1,3000,330,55884,0,0,43516
143799,1,6,0,-1,-1,0,58615,0,0,43516
143800,0,0,-1,-1,-1,0,483,0,0,44566
143801,1,6,0,-1,-1,0,53937,0,0,44566
143802,0,0,-1,-1,-1,0,483,0,0,44567
143803,1,6,0,-1,-1,0,53942,0,0,44567
143804,0,0,-1,-1,-1,0,483,0,0,44568
143805,1,6,0,-1,-1,0,53938,0,0,44568
143806,0,0,-1,-500,-1,0,61311,0,0,44711
143810,0,0,-1,-500,-1,0,61312,0,0,44713
143811,0,0,-1,-1,-1,0,483,0,0,44714
143812,1,6,0,-1,-1,0,61316,0,0,44714
143813,0,0,-1,0,0,0,483,0,0,43536
143814,0,0,-1,0,0,0,483,0,0,43537
143816,0,0,-1,0,0,0,483,0,0,43539
143817,0,0,-1,0,0,0,483,0,0,43541
143818,0,0,-1,0,-1,0,59090,0,0,43626
143819,0,0,-1,-1,-1,0,59125,0,0,43627
143820,0,0,-1,-1,-1,0,59125,0,0,43628
143821,0,0,-1,0,1000,59,11009,0,0,43695
143822,0,0,-1,0,1000,59,11009,0,0,43696
143830,0,0,-1,0,0,0,59385,0,0,43850
143831,0,0,-1,-1,-1,0,59403,0,0,43853
143832,0,0,-1,-1,-1,0,59404,0,0,43854
143833,0,1,0,-1,-1,0,57353,0,0,44102
143834,0,1,0,-1,-1,0,57353,0,0,44103
143835,0,1,0,-1,-1,0,57353,0,0,44105
143836,0,1,0,-1,-1,0,57353,0,0,44107
143837,0,0,-1,-1,3000,330,55884,0,0,44177
143838,1,6,0,-1,-1,0,60024,0,0,44177
143839,0,0,-1,-1,3000,330,55884,0,0,44178
143840,1,6,0,-1,-1,0,60025,0,0,44178
143841,0,1,0,-1,-1,0,57345,0,0,44253
143842,0,1,0,-1,-1,0,57345,0,0,44254
143843,0,1,0,-1,-1,0,57345,0,0,44255
143844,0,0,0,5000,-1,0,60528,0,0,44433
143845,0,0,-5,0,-1,0,60535,0,0,44435
143846,0,0,-1,-1,-1,0,483,0,0,44520
143847,1,6,0,-1,-1,0,60712,0,0,44520
143848,0,0,-1,-1,-1,0,483,0,0,44521
143849,1,6,0,-1,-1,0,60715,0,0,44521
143850,0,0,-1,-1,-1,0,483,0,0,44522
143851,1,6,0,-1,-1,0,60716,0,0,44522
143852,0,0,-1,-1,-1,0,483,0,0,44523
143853,1,6,0,-1,-1,0,60718,0,0,44523
143855,0,0,-1,0,0,0,483,0,0,43430
143856,0,0,-1,0,0,0,483,0,0,43431
143857,0,0,-1,0,0,0,483,0,0,43432
143858,0,0,-1,0,1000,59,11007,0,0,44570
143859,0,0,-1,0,1000,59,11008,0,0,44571
143861,0,0,-1,0,1000,59,11009,0,0,44573
143862,0,0,-1,1000,-1,0,11629,0,0,44716
143863,0,0,0,1800000,0,0,61340,0,0,44719
143864,0,0,-1,0,0,0,483,0,0,43542
143865,0,0,-1,0,0,0,483,0,0,43543
143866,0,0,-1,0,0,0,483,0,0,43544
143868,0,0,-1,0,0,0,483,0,0,43546
143869,0,0,-1,0,0,0,483,0,0,43547
143870,0,0,-1,0,0,0,483,0,0,43548
143871,0,0,-1,-1,-1,0,59125,0,0,43629
143872,0,0,-1,-1,-1,0,59125,0,0,43630
143873,0,0,-1,-1,-1,0,59125,0,0,43631
143874,0,0,-1,-1,-1,0,55884,0,0,43698
143875,1,6,0,-1,-1,0,59250,0,0,43698
143885,0,0,-1,-500,-1,0,61306,0,0,43950
143886,0,0,-1,-1,3000,330,55884,0,0,43951
143887,1,6,0,-1,-1,0,59569,0,0,43951
143890,0,0,0,300000,300000,1232,56894,0,0,44184
143891,0,0,-1,0,0,0,60245,0,0,44260
143892,0,0,-1,0,0,0,60246,0,0,44261
143893,0,0,-1,0,0,0,60247,0,0,44262
143894,0,0,-1,-1,-1,0,483,0,0,44524
143895,1,6,0,-1,-1,0,60720,0,0,44524
143896,0,0,-1,-1,-1,0,483,0,0,44525
143897,1,6,0,-1,-1,0,60721,0,0,44525
143898,0,0,-1,-1,-1,0,483,0,0,44526
143899,1,6,0,-1,-1,0,60723,0,0,44526
143900,0,0,-1,-1,-1,0,483,0,0,44527
143901,1,6,0,-1,-1,0,60725,0,0,44527
143902,0,0,-1,0,1000,59,11009,0,0,44574
143903,0,0,-1,0,1000,59,11008,0,0,44575
143904,0,0,0,30000,-1,0,60983,0,0,44576
143905,0,0,0,120000,120000,1155,60986,0,0,44579
143906,0,0,0,5000,-1,0,60428,0,0,44653
143907,0,1,0,-1,-1,0,61131,0,0,44656
143908,0,0,-1,0,0,0,483,0,0,43549
143909,0,0,-1,0,0,0,483,0,0,43550
143910,0,0,-1,0,0,0,483,0,0,43551
143911,0,0,-1,0,0,0,483,0,0,43552
143912,0,0,-1,0,0,0,483,0,0,43553
143913,0,0,-1,0,0,0,483,0,0,43554
143914,0,0,-1,-1,-1,0,59125,0,0,43632
143915,0,0,-1,-1,-1,0,59125,0,0,43633
143916,0,0,-1,-1,-1,0,59125,0,0,43634
143922,0,0,-1,-1,3000,330,55884,0,0,43952
143923,1,6,0,-1,-1,0,59567,0,0,43952
143924,0,0,-1,-1,3000,330,55884,0,0,43953
143925,1,6,0,-1,-1,0,59568,0,0,43953
143926,0,0,-1,-1,3000,330,55884,0,0,43954
143927,1,6,0,-1,-1,0,59571,0,0,43954
143928,0,0,-1,10000,1000,11,60106,0,0,44114
143929,0,0,-1,2000,-1,0,61700,0,0,44115
143930,0,0,0,300000,300000,1232,56894,0,0,44185
143931,0,0,0,-1,-1,0,60036,0,0,44186
143933,0,0,-1,0,0,0,60248,0,0,44263
143934,0,0,-1,0,0,0,60249,0,0,44264
143935,0,0,-1,0,0,0,60250,0,0,44265
143936,0,0,-1,0,0,0,60251,0,0,44266
143937,0,0,-1,0,0,0,60252,0,0,44267
143938,0,0,-1,0,0,0,60255,0,0,44268
143939,0,0,-1,-1,-1,0,483,0,0,44528
143940,1,6,0,-1,-1,0,60727,0,0,44528
143941,0,0,-1,-1,-1,0,483,0,0,44530
143942,1,6,0,-1,-1,0,60728,0,0,44530
143943,0,0,-1,-1,-1,0,483,0,0,44531
143944,1,6,0,-1,-1,0,60729,0,0,44531
143947,1,1,0,-1,-1,0,58783,0,0,43555
143948,0,0,-1,-1,-1,0,59125,0,0,43635
143949,0,0,-1,-1,-1,0,59125,0,0,43636
143950,0,0,-1,-1,-1,0,59125,0,0,43637
143951,0,0,-1,-1,-1,0,59125,0,0,43638
143958,0,0,-1,0,0,0,483,0,0,43867
143959,0,0,-1,0,0,0,483,0,0,43868
143960,0,0,-1,0,0,0,483,0,0,43869
143961,0,0,-1,-1,3000,330,55884,0,0,43955
143962,1,6,0,-1,-1,0,59570,0,0,43955
143963,0,0,-1,-1,3000,330,55884,0,0,43956
143964,1,6,0,0,0,0,59785,0,0,43956
143967,0,0,-1,-1,-1,0,483,0,0,44119
143968,1,6,0,-1,-1,0,3397,0,0,44119
143970,0,0,-1,0,0,0,60257,0,0,44269
143971,0,0,-1,0,0,0,60259,0,0,44270
143972,0,0,-1,0,0,0,60260,0,0,44271
143973,0,0,-1,0,0,0,60261,0,0,44272
143974,0,0,-1,0,0,0,60262,0,0,44273
143975,0,0,-1,0,0,0,60263,0,0,44274
143976,0,0,-1,0,0,0,60606,0,0,44449
143977,0,0,0,210000,-1,0,60808,0,0,44450
143978,0,0,-1,-1,-1,0,483,0,0,44532
143979,1,6,0,-1,-1,0,60730,0,0,44532
143980,0,0,-1,-1,-1,0,483,0,0,44533
143981,1,6,0,-1,-1,0,60731,0,0,44533
143982,0,0,-1,-1,-1,0,483,0,0,44534
143983,1,6,0,-1,-1,0,60732,0,0,44534
143984,0,0,-1,-1,-1,0,483,0,0,44535
143985,1,6,0,-1,-1,0,60734,0,0,44535
143986,0,0,-1,-1,-1,0,483,0,0,44536
143987,1,6,0,-1,-1,0,60735,0,0,44536
143988,0,0,-1,-1,-1,0,483,0,0,44584
143989,1,6,0,-1,-1,0,60996,0,0,44584
143990,0,0,-1,-1,-1,0,483,0,0,44585
143991,1,6,0,-1,-1,0,60997,0,0,44585
143992,0,0,-1,-1,-1,0,483,0,0,44586
143993,1,6,0,-1,-1,0,60998,0,0,44586
143994,0,0,-1,-1,-1,0,483,0,0,44587
143995,1,6,0,-1,-1,0,60999,0,0,44587
143996,0,0,-1,-1,-1,0,483,0,0,44588
143997,1,6,0,-1,-1,0,61000,0,0,44588
143998,0,0,-1,-1,-1,0,59125,0,0,43639
143999,0,0,-1,-1,-1,0,59125,0,0,43640
144000,0,0,-1,-1,-1,0,59125,0,0,43641
144007,0,0,-1,-1,-1,0,483,0,0,43876
144008,1,6,0,-1,-1,0,59390,0,0,43876
144009,0,0,-1,-1,3000,330,55884,0,0,43958
144010,1,6,0,0,0,0,59799,0,0,43958
144011,0,0,-1,-1,3000,330,55884,0,0,43959
144012,1,6,0,0,0,0,61465,0,0,43959
144015,0,0,-1,-1,3000,330,55884,0,0,43961
144016,1,6,0,0,0,0,61470,0,0,43961
144017,0,0,-1,-1,3000,330,55884,0,0,43962
144018,1,6,0,0,0,0,54753,0,0,43962
144020,0,0,-1,-1,-1,0,59771,0,0,44125
144021,0,0,-1,-1,-1,0,59771,0,0,44126
144022,0,0,-1,0,0,0,60264,0,0,44275
144023,0,0,-1,0,0,0,60265,0,0,44277
144024,0,0,-1,0,0,0,60268,0,0,44278
144025,0,0,-1,0,0,0,60269,0,0,44279
144026,0,0,-1,0,0,0,60270,0,0,44280
144027,0,0,-1,0,0,0,60621,0,0,44453
144028,0,0,-1,0,0,0,60653,0,0,44455
144029,0,0,-1,0,0,0,60609,0,0,44456
144030,0,0,-1,0,0,0,60663,0,0,44457
144031,0,0,-1,-1,-1,0,483,0,0,44537
144032,1,6,0,-1,-1,0,60737,0,0,44537
144033,0,0,-1,-1,-1,0,483,0,0,44538
144034,1,6,0,-1,-1,0,60743,0,0,44538
144035,0,0,-1,-1,-1,0,483,0,0,44539
144036,1,6,0,-1,-1,0,60746,0,0,44539
144037,0,0,-1,-1,-1,0,483,0,0,44540
144038,1,6,0,-1,-1,0,60747,0,0,44540
144039,0,0,-1,-1,-1,0,483,0,0,44589
144040,1,6,0,-1,-1,0,61002,0,0,44589
144041,0,0,0,10000,-1,0,58856,0,0,43564
144042,0,0,-1,0,1000,11,35270,0,0,43646
144046,0,0,-1,-1,3000,330,55884,0,0,43963
144047,1,6,0,0,0,0,59573,0,0,43963
144048,0,0,-1,-1,3000,330,55884,0,0,43964
144049,1,6,0,0,0,0,59572,0,0,43964
144052,0,0,0,20000,-1,0,59036,0,0,44048
144053,0,0,-1,0,1000,11,45548,0,0,44049
144054,0,1,0,-1,-1,0,59731,0,0,44050
144055,1,1,0,-1,-1,0,11789,0,0,44050
144056,0,0,0,10000,-1,0,59925,0,0,44127
144057,0,0,-1,-1,-1,0,59927,0,0,44129
144058,0,0,-1,-1,-1,0,59928,0,0,44130
144059,0,0,-1,-1,-1,0,59929,0,0,44131
144060,0,0,-1,0,0,0,60271,0,0,44281
144061,0,0,-1,0,0,0,60272,0,0,44282
144062,0,0,-1,0,0,0,60273,0,0,44284
144063,0,0,-1,0,0,0,60274,0,0,44285
144064,0,0,-1,0,0,0,60276,0,0,44286
144065,0,0,-1,0,0,0,60668,0,0,44458
144066,0,0,-1,-1,-1,0,60679,0,0,44459
144067,0,0,-1,-1,-1,0,60680,0,0,44460
144068,0,0,-1,-1,-1,0,60681,0,0,44461
144069,0,0,-1,-1,-1,0,483,0,0,44541
144070,1,6,0,-1,-1,0,60748,0,0,44541
144071,0,0,-1,-1,-1,0,483,0,0,44542
144072,1,6,0,-1,-1,0,60749,0,0,44542
144073,0,0,-1,-1,-1,0,483,0,0,44543
144074,1,6,0,-1,-1,0,60750,0,0,44543
144075,0,0,-1,-1,-1,0,483,0,0,44544
144076,1,6,0,-1,-1,0,60751,0,0,44544
144077,0,0,0,120000,120000,1155,60986,0,0,44597
144078,0,0,-1,0,60000,24,39965,0,0,44598
144079,0,0,0,0,60000,4,28495,0,0,43569
144080,0,0,0,0,60000,4,28499,0,0,43570
144081,0,0,-1,0,1000,11,43180,0,0,43571
144082,0,0,-1,0,1000,11,58886,0,0,43572
144083,1,1,0,-1,-1,0,58901,0,0,43573
144084,0,0,-1,0,1000,11,43180,0,0,43647
144085,0,1,0,-1,-1,0,57353,0,0,43649
144091,0,0,0,20000,-1,0,59565,0,0,43968
144092,0,0,-1,-1,-1,0,59932,0,0,44132
144093,0,0,-1,-1,-1,0,59934,0,0,44133
144094,0,0,-1,-1,-1,0,59936,0,0,44134
144095,0,0,-1,-1,-1,0,59937,0,0,44135
144096,0,0,-1,0,0,0,60277,0,0,44287
144097,0,0,-1,0,0,0,60278,0,0,44288
144098,0,0,-1,0,0,0,60279,0,0,44289
144099,0,0,-1,0,0,0,60280,0,0,44290
144100,0,0,-1,0,0,0,60281,0,0,44291
144101,0,0,-1,0,0,0,60282,0,0,44292
144102,0,0,-1,0,0,0,60691,0,0,44463
144103,0,0,-1,0,0,0,60692,0,0,44465
144104,0,0,-1,0,0,0,60707,0,0,44466
144105,0,0,-1,-1,-1,0,483,0,0,44545
144106,1,6,0,-1,-1,0,60752,0,0,44545
144107,0,0,-1,-1,-1,0,483,0,0,44546
144108,1,6,0,-1,-1,0,60754,0,0,44546
144109,0,0,-1,-1,-1,0,483,0,0,44547
144110,1,6,0,-1,-1,0,60755,0,0,44547
144111,0,0,-1,-1,-1,0,483,0,0,44548
144112,1,6,0,-1,-1,0,60756,0,0,44548
144113,0,0,-1,120000,-1,0,58442,0,0,43462
144114,0,0,-1,1000,-1,0,58450,0,0,43463
144115,0,0,-1,1000,-1,0,58451,0,0,43464
144116,0,0,-1,1000,-1,0,58448,0,0,43465
144117,0,0,-1,1000,-1,0,58449,0,0,43466
144118,0,0,-1,1000,-1,0,58452,0,0,43467
144119,0,0,-1,20000,-1,0,61021,0,0,44599
144120,0,0,-1,-1,-1,0,483,0,0,44600
144121,1,6,0,-1,-1,0,61025,0,0,44600
144122,0,0,-1,20000,-1,0,61022,0,0,44601
144123,0,0,-1,-1,-1,0,483,0,0,44602
144124,1,6,0,-1,-1,0,61316,0,0,44602
144125,0,0,-1,0,0,0,483,0,0,44684
144126,0,1,0,-1,-1,0,59188,0,0,43651
144127,0,0,-1,0,1000,11,59227,0,0,43652
144128,0,1,0,0,0,0,21600,0,0,43655
144129,0,0,0,600000,600000,102,59191,0,0,43656
144130,0,0,-1,0,0,0,483,0,0,43725
144133,0,0,-1,-1,-1,0,59941,0,0,44136
144138,0,0,0,5000,-1,0,60079,0,0,44212
144139,0,0,-1,0,0,0,60283,0,0,44293
144140,0,0,-1,0,0,0,60714,0,0,44467
144141,0,0,-1,0,0,0,60763,0,0,44469
144142,0,0,-1,0,0,0,60767,0,0,44470
144143,0,0,-1,-1,-1,0,483,0,0,44549
144144,1,6,0,-1,-1,0,60757,0,0,44549
144145,0,0,-1,-1,-1,0,483,0,0,44550
144146,1,6,0,-1,-1,0,60758,0,0,44550
144147,0,0,-1,-1,-1,0,483,0,0,44551
144148,1,6,0,-1,-1,0,60759,0,0,44551
144149,0,0,-1,-1,-1,0,483,0,0,44552
144150,1,6,0,-1,-1,0,60760,0,0,44552
144151,0,0,-1,1000,-1,0,58453,0,0,43468
144152,0,0,-1,120000,-1,0,58444,0,0,43470
144153,0,0,-1,120000,-1,0,58440,0,0,43471
144154,0,0,-1,120000,-1,0,58441,0,0,43472
144155,0,0,-1,120000,-1,0,58454,0,0,43473
144156,0,0,0,-1,3000,330,61289,0,0,44604
144157,0,0,0,1800000,-1,0,61031,0,0,44606
144158,0,0,-1,0,1000,11,45548,0,0,44607
144159,0,0,-1,0,1000,11,43180,0,0,44608
144160,0,0,-1,0,1000,11,43180,0,0,44609
144161,0,0,-1,-1,3000,330,55884,0,0,44689
144162,1,6,0,-1,-1,0,61229,0,0,44689
144163,0,0,0,300000,60000,1153,59195,0,0,43657
144164,0,0,0,120000,20000,1141,59197,0,0,43660
144165,0,0,0,120000,60000,1153,59198,0,0,43661
144166,0,0,0,120000,60000,24,59199,0,0,43663
144176,0,0,0,60000,0,1141,59757,0,0,44063
144177,0,0,-1,-1,-1,0,59755,0,0,44064
144178,0,0,-1,-1,-1,0,59776,0,0,44065
144180,0,0,-1,-1,-1,0,59962,0,0,44143
144181,0,0,-1,-1,-1,0,59956,0,0,44144
144182,0,0,-1,-1,-1,0,59957,0,0,44145
144183,0,0,-1,-1,-1,0,60304,0,0,44301
144184,0,0,-1,-1,-1,0,483,0,0,44471
144185,1,6,0,-1,-1,0,47672,0,0,44471
144186,0,0,-1,-1,-1,0,60824,0,0,44476
144187,0,0,-1,-1,-1,0,483,0,0,44553
144188,1,6,0,-1,-1,0,60761,0,0,44553
144189,0,0,-1,-1,3000,330,55884,0,0,44554
144190,1,6,0,0,0,0,61451,0,0,44554
144191,0,0,-1,-1,3000,330,55884,0,0,44555
144192,1,6,0,-1,-1,0,61442,0,0,44555
144193,0,0,-1,0,1000,11,58465,0,0,43478
144194,0,0,-1,1800000,-1,0,61038,0,0,44610
144195,0,0,-1,1800000,-1,0,61035,0,0,44612
144196,0,0,-1,1800000,-1,0,61033,0,0,44613
144197,0,0,-1,0,1000,59,11007,0,0,44616
144198,0,0,-1,-1,3000,330,55884,0,0,44690
144199,1,6,0,-1,-1,0,61230,0,0,44690
144200,0,0,0,300000,60000,1153,60060,0,0,43664
144201,0,0,0,300000,0,0,59202,0,0,43667
144208,0,0,0,-1,-1,0,4336,0,0,43985
144209,0,0,-1,-1,3000,330,55884,0,0,43986
144210,1,6,0,-1,-1,0,59650,0,0,43986
144211,0,0,-1,0,0,0,59625,0,0,43987
144212,0,0,-1,-1,-1,0,59771,0,0,44067
144213,0,0,-1,-1,-1,0,59773,0,0,44068
144216,0,0,-1,0,1000,11,45548,0,0,44071
144217,0,0,-1,-1,-1,0,59958,0,0,44146
144218,0,0,-1,-1,-1,0,59959,0,0,44147
144221,0,0,0,-1,3000,330,64749,0,0,44221
144222,0,0,0,5000,-1,0,60100,0,0,44222
144223,0,0,-1,-1,3000,330,55884,0,0,44223
144224,1,6,0,0,0,0,60118,0,0,44223
144225,0,0,-1,-1,-1,0,60310,0,0,44304
144226,0,0,0,5000,-1,0,60311,0,0,44307
144227,0,0,-1,-1,-1,0,60820,0,0,44477
144228,0,0,-1,-1,-1,0,60823,0,0,44478
144229,0,0,-1,-1,-1,0,60822,0,0,44479
144230,0,0,0,-1,-1,0,60831,0,0,44480
144231,0,0,-1,-1,3000,330,55884,0,0,44556
144232,1,6,0,-1,-1,0,61446,0,0,44556
144233,0,0,-1,-1,3000,330,55884,0,0,44557
144234,1,6,0,-1,-1,0,61444,0,0,44557
144235,0,0,-1,-1,3000,330,55884,0,0,44558
144236,1,6,0,-1,-1,0,61309,0,0,44558
144239,0,0,-1,0,1000,11,58474,0,0,43480
144240,0,0,-1,-1,-1,0,483,0,0,43485
144241,1,6,0,-1,-1,0,58492,0,0,43485
144242,0,0,-1,0,1000,59,11008,0,0,44617
144243,0,0,-1,0,1000,59,11008,0,0,44618
144244,0,0,-1,0,1000,59,11008,0,0,44619
144245,0,0,-1,0,1000,59,11007,0,0,44620
144246,0,0,-1,1800000,-1,0,61047,0,0,44621
144247,0,0,-1,180000,1000,11,61247,0,0,44698
144259,0,0,-1,0,1000,11,45548,0,0,44072
144260,0,1,0,-1,-1,0,59818,0,0,44073
144261,0,1,0,-1,-1,0,59787,0,0,44074
144263,0,0,-1,-1,3000,330,55884,0,0,44151
144264,1,6,0,-1,-1,0,59996,0,0,44151
144266,0,0,-1,-1,-1,0,59964,0,0,44154
144267,0,0,-1,-1,3000,330,55884,0,0,44224
144268,1,6,0,0,0,0,60119,0,0,44224
144269,0,0,-1,-1,3000,330,55884,0,0,44225
144270,1,6,0,0,0,0,60114,0,0,44225
144271,0,0,-1,-1,3000,330,55884,0,0,44226
144272,1,6,0,0,0,0,60116,0,0,44226
144273,0,0,-1,10000,1000,11,60122,0,0,44228
144274,0,1,0,0,0,0,60317,0,0,44308
144275,0,0,-1,20000,-1,0,60832,0,0,44481
144276,0,0,-1,20000,-1,0,60838,0,0,44482
144277,0,0,-1,0,0,0,483,0,0,44490
144278,1,6,0,0,0,0,60763,0,0,44490
144279,0,0,-1,0,0,0,59621,0,0,44493
144286,0,0,-1,0,1000,11,58496,0,0,43488
144287,0,0,-1,1000,-1,0,58493,0,0,43489
144288,0,0,-1,0,1000,11,58499,0,0,43490
144289,0,0,-1,0,1000,11,58500,0,0,43491
144290,0,0,-1,1800000,-1,0,61052,0,0,44622
144291,0,0,-1,1800000,-1,0,61045,0,0,44623
144293,0,0,-1,1800000,-1,0,61050,0,0,44625
144294,0,0,-1,1800000,-1,0,61057,0,0,44626
144295,0,0,-1,1800000,-1,0,61063,0,0,44627
144297,0,0,0,5000,-1,0,55197,0,0,44704
144298,0,0,-1,-1,-1,0,483,0,0,43597
144299,1,6,0,-1,-1,0,58954,0,0,43597
144300,0,0,0,-1,3000,330,483,0,0,43599
144301,1,6,0,-1,3000,0,58983,0,0,43599
144302,0,1,0,-1,-1,0,55755,0,0,43600
144303,0,1,0,-1,-1,0,55755,0,0,43601
144304,0,0,-1,0,0,0,483,0,0,43671
144305,0,0,-1,0,0,0,483,0,0,43672
144306,0,0,-1,0,0,0,483,0,0,43673
144307,0,0,-1,0,0,0,483,0,0,43674
144311,0,0,0,-1,-1,0,59317,0,0,43824
144312,0,0,-1,0,0,0,483,0,0,43825
144313,0,0,-1,0,0,0,483,0,0,43826
144316,0,0,-1,-1,3000,330,55884,0,0,44077
144317,1,6,0,0,0,0,59788,0,0,44077
144320,0,0,-1,-1,3000,330,55884,0,0,44080
144321,1,6,0,0,0,0,59797,0,0,44080
144322,0,0,-1,-1,-1,0,59966,0,0,44155
144323,0,0,-1,-1,-1,0,59967,0,0,44156
144324,0,0,-1,-1,-1,0,59968,0,0,44157
144326,0,0,0,-1,3000,330,64762,0,0,44229
144327,0,0,-1,-1,3000,330,55884,0,0,44230
144328,1,6,0,0,0,0,59791,0,0,44230
144329,0,0,-1,-1,3000,330,55884,0,0,44231
144330,1,6,0,0,0,0,59793,0,0,44231
144331,0,0,-1,1200000,1200000,1229,60320,0,0,44314
144332,0,0,-1,1200000,1200000,1229,60321,0,0,44315
144333,0,0,-1,0,0,0,59619,0,0,44497
144334,0,0,-1,-1,-1,0,483,0,0,44502
144335,1,6,0,-1,-1,0,60866,0,0,44502
144338,0,0,-1,-1,-1,0,483,0,0,44564
144339,1,6,0,-1,-1,0,53936,0,0,44564
144340,0,0,-1,-1,-1,0,483,0,0,44565
144341,1,6,0,-1,-1,0,53939,0,0,44565
144342,0,0,-1,0,1000,11,58502,0,0,43492
144343,0,0,-1,-1,-1,0,58515,0,0,43494
144344,1,5,0,-1,-1,0,58539,0,0,43494
144347,0,0,-1,1800000,-1,0,61067,0,0,44629
144349,0,0,-1,1800000,-1,0,61053,0,0,44632
144350,0,0,-1,-1,3000,330,55884,0,0,44707
144351,1,6,0,-1,-1,0,61294,0,0,44707
144352,0,0,-1,-1,-1,0,483,0,0,44709
144353,1,6,0,-1,-1,0,61305,0,0,44709
144354,0,0,-1,-500,-1,0,61308,0,0,44710
144358,0,0,-1,0,0,0,483,0,0,43827
144359,0,1,0,-1,-1,0,59345,0,0,43829
144361,0,0,-1,-1,3000,330,55884,0,0,44083
144362,1,6,0,0,0,0,61467,0,0,44083
144363,0,0,-1,-1,3000,330,55884,0,0,44160
144364,1,6,0,-1,-1,0,59961,0,0,44160
144365,0,0,-1,-1,3000,330,55884,0,0,44234
144366,1,6,0,0,0,0,61447,0,0,44234
144367,0,0,-1,-1,3000,330,55884,0,0,44235
144368,1,6,0,0,0,0,61425,0,0,44235
144369,1,1,0,-1,-1,0,17619,0,0,44322
144370,0,0,-1,-1,3000,330,483,0,0,44413
144371,1,6,0,0,0,0,60424,0,0,44413
144372,0,0,-1,5000,5000,0,60428,0,0,44414
144373,0,0,-1,-1,-1,0,483,0,0,44503
144374,1,6,0,-1,-1,0,60867,0,0,44503
144375,0,2,0,-1,-1,0,60871,0,0,44505
144376,0,0,-10,0,-1,0,60875,0,0,44506
144378,0,0,-1,-1,-1,0,483,0,0,43497
144379,1,6,0,-1,-1,0,58507,0,0,43497
144380,0,0,0,3600000,-1,0,58501,0,0,43499
144383,0,0,-1,0,1000,11,61828,0,0,43518
144384,0,0,0,20000,-1,0,59036,0,0,43608
144385,0,2,0,-1,-1,0,59043,0,0,43613
144392,0,0,0,120000,20000,1141,61620,0,0,43836
144393,0,0,0,120000,20000,1141,61617,0,0,43837
144394,0,1,0,-1,-1,0,61618,0,0,43838
144399,0,0,-1,-1,3000,330,55884,0,0,44086
144400,1,6,0,0,0,0,61469,0,0,44086
144401,0,0,-1,-1,3000,330,55884,0,0,44164
144402,1,6,0,-1,-1,0,59976,0,0,44164
144403,0,0,-1,-1,-1,0,59953,0,0,44165
144405,1,1,0,-1,-1,0,17619,0,0,44323
144406,1,1,0,-1,-1,0,17619,0,0,44324
144407,0,0,-1,0,3000,79,60340,0,0,44325
144408,0,0,-1,0,3000,79,60341,0,0,44327
144409,0,0,-1,-1,-1,0,483,0,0,44509
144410,1,6,0,-1,-1,0,50970,0,0,44509
144411,0,0,-1,-1,-1,0,483,0,0,44510
144412,1,6,0,-1,-1,0,50971,0,0,44510
144415,0,0,-1,0,0,0,483,0,0,43412
144416,0,0,-1,0,0,0,483,0,0,43413
144417,0,0,-1,0,0,0,483,0,0,43414
144418,0,0,-1,0,0,0,483,0,0,43415
144419,0,0,-1,-1,-1,0,483,0,0,43505
144420,1,6,0,-1,-1,0,58527,0,0,43505
144421,0,0,-1,-1,-1,0,483,0,0,43506
144422,1,6,0,-1,-1,0,58528,0,0,43506
144423,0,0,-1,0,1000,150,1159,0,0,44646
144424,0,0,-1,0,1000,11,95197,0,0,43523
144425,0,0,0,5000,-1,0,58641,0,0,43524
144426,0,0,-1,-1,-1,0,59042,0,0,43614
144433,0,0,-1,-1,-1,0,59648,0,0,44009
144434,0,0,0,30000,-1,0,59655,0,0,44010
144435,0,0,-1,0,3000,79,59640,0,0,44012
144436,0,0,0,120000,20000,1141,59657,0,0,44013
144437,0,1,0,-1,-1,0,57353,0,0,44090
144438,0,0,-1,-1,3000,330,55884,0,0,44168
144439,1,6,0,-1,-1,0,60002,0,0,44168
144442,0,0,-1,1000,-1,0,5513,0,0,44246
144443,0,0,-1,0,3000,79,60343,0,0,44328
144444,0,0,-1,0,3000,79,60344,0,0,44329
144445,0,0,-1,0,3000,79,80532,0,0,44330
144446,0,0,-1,0,3000,79,60346,0,0,44331
144447,0,0,-1,0,3000,79,60347,0,0,44332
144450,0,0,-1,-1,-1,0,483,0,0,44513
144451,1,6,0,-1,-1,0,60697,0,0,44513
144452,0,0,-1,-1,-1,0,483,0,0,44514
144453,1,6,0,-1,-1,0,60702,0,0,44514
144454,0,0,-1,-1,-1,0,483,0,0,44515
144455,1,6,0,-1,-1,0,60703,0,0,44515
144456,0,0,-1,0,0,0,483,0,0,43416
144457,0,0,-1,0,0,0,483,0,0,43417
144458,0,0,-1,0,0,0,483,0,0,43418
144459,0,0,-1,0,0,0,483,0,0,43419
144461,0,0,-1,0,0,0,483,0,0,43421
144462,0,0,-1,-1,-1,0,483,0,0,43507
144463,1,6,0,-1,-1,0,58512,0,0,43507
144464,0,0,-1,-1,-1,0,483,0,0,43508
144465,1,6,0,-1,-1,0,58521,0,0,43508
144466,0,0,-1,-1,-1,0,483,0,0,43509
144467,1,6,0,-1,-1,0,58523,0,0,43509
144468,0,0,-1,-1,-1,0,483,0,0,43510
144469,1,6,0,-1,-1,0,58525,0,0,43510
144470,0,0,-1,0,1000,11,65421,0,0,44836
144471,0,0,-1,0,1000,11,65419,0,0,44837
144472,0,0,-1,0,1000,11,65422,0,0,44838
144473,0,0,-1,0,1000,11,65418,0,0,44839
144474,0,0,-1,0,1000,11,65420,0,0,44840
144475,0,0,0,120000,20000,1141,64525,0,0,46087
144476,0,0,0,120000,20000,1141,64527,0,0,46088
144477,0,1,0,-1,-1,0,62853,0,0,46089
144478,0,1,0,-1,-1,0,62853,0,0,46090
144479,0,0,-1,0,1000,11,433,0,0,44854
144480,0,0,-1,0,1000,11,433,0,0,44855
144481,0,0,-1,-1,-1,0,483,0,0,44945
144482,1,6,0,-1,-1,0,62257,0,0,44945
144483,0,0,-1,0,0,0,62257,0,0,44946
144484,0,0,-1,0,0,0,62256,0,0,44947
144485,2,0,0,3000,0,0,12883,0,0,44949
144486,0,0,0,2000,-1,0,62272,0,0,44950
144487,0,0,-1,0,0,0,62959,0,0,45060
144488,0,1,0,-1,-1,0,62972,0,0,45061
144489,1,0,0,2500,-1,0,62973,0,0,45061
144490,0,0,0,1800000,-1,0,62985,0,0,45063
144491,0,0,0,-1,10000,1203,61810,0,0,45067
144493,0,0,0,120000,20000,1141,398475,0,0,45148
144495,0,1,0,-1,-1,0,65007,0,0,45308
144496,0,0,0,-1,-1,0,63663,0,0,45568
144497,0,0,0,-1,-1,0,63664,0,0,45569
144503,0,0,-1,0,0,0,483,0,0,45753
144505,0,0,0,600000,600000,102,64048,0,0,45850
144506,0,0,0,600000,600000,102,64047,0,0,45851
144507,0,0,0,600000,600000,102,64049,0,0,45852
144508,0,0,-1,-1,-1,0,55884,0,0,45942
144509,1,6,0,-1,-1,0,64351,0,0,45942
144510,0,0,-1,-1,-1,0,55884,0,0,44738
144511,1,6,0,-1,-1,0,61472,0,0,44738
144512,0,0,-1,-1,-1,0,61468,0,0,44739
144513,0,1,0,-1,-1,0,61477,0,0,44740
144514,0,1,0,-1,-1,0,61477,0,0,44741
144515,0,1,0,-1,-1,0,61477,0,0,44742
144516,0,0,-1,-1,-1,0,483,0,0,44841
144517,1,6,0,-1,-1,0,61991,0,0,44841
144518,0,0,-1,0,0,0,64579,0,0,46098
144519,0,0,-1,-1,3000,330,55884,0,0,46099
144520,1,6,0,0,0,0,64658,0,0,46099
144521,0,0,-1,-1,3000,330,55884,0,0,46100
144522,1,6,0,-1,-1,0,64657,0,0,46100
144523,0,0,-1,-1,-1,0,62047,0,0,44856
144526,0,0,-1,-1,-1,0,483,0,0,44858
144527,1,6,0,-1,-1,0,62049,0,0,44858
144528,0,0,-1,-1,-1,0,483,0,0,44859
144529,1,6,0,-1,-1,0,62051,0,0,44859
144530,0,0,-1,0,1000,11,57359,0,0,44953
144531,0,0,-1,-1,-1,0,483,0,0,44954
144532,1,6,0,-1,-1,0,62350,0,0,44954
144533,0,0,-1,0,0,0,483,0,0,44955
144534,0,0,0,-1,-1,0,63070,0,0,45070
144535,0,0,0,300000,-1,0,61815,0,0,45073
144536,0,0,0,120000,20000,1141,65011,0,0,45313
144537,0,0,0,3000,-1,0,63691,0,0,45575
144538,0,0,-1,0,0,0,483,0,0,45755
144539,0,0,-1,0,0,0,483,0,0,45756
144540,0,0,-1,0,0,0,483,0,0,45757
144541,0,0,-1,0,0,0,483,0,0,45758
144543,0,0,-1,0,0,0,483,0,0,45760
144544,0,0,0,600000,600000,102,64046,0,0,45853
144545,0,0,0,600000,600000,102,64052,0,0,45854
144546,0,1,0,-1,-1,0,8082,0,0,45858
144548,0,1,0,-1,-1,0,64415,0,0,46017
144549,1,1,0,-1,-1,0,68496,0,0,46017
144550,0,0,-1,-1,3000,330,55884,0,0,46101
144551,1,6,0,0,0,0,64656,0,0,46101
144552,0,0,-1,-1,3000,330,55884,0,0,46102
144553,1,6,0,0,0,0,64659,0,0,46102
144554,0,1,0,-1,-1,0,63388,0,0,46103
144555,0,1,0,-1,-1,0,63388,0,0,46104
144556,0,0,-1,-1,-1,0,483,0,0,44860
144557,1,6,0,-1,-1,0,62050,0,0,44860
144558,0,0,-1,-1,-1,0,483,0,0,44861
144559,1,6,0,-1,-1,0,62045,0,0,44861
144560,0,0,-1,-1,-1,0,483,0,0,44862
144561,1,6,0,-1,-1,0,62044,0,0,44862
144563,0,0,0,43200000,60000,23,62067,0,0,44866
144564,0,0,-1,-1,60000,23,62076,0,0,44867
144565,0,0,-1,-1,-1,0,483,0,0,44956
144566,1,6,0,-1,-1,0,22967,0,0,44956
144567,0,0,-1,-1,-1,0,62384,0,0,44957
144568,0,0,-1,-1,-1,0,62408,0,0,44958
144569,0,0,-1,-1,-1,0,62447,0,0,44963
144570,0,0,-1,-1,3000,133,50864,0,0,44964
144571,0,0,0,5000,-1,0,63124,0,0,45080
144572,0,0,0,120000,-1,0,398478,0,0,45158
144573,0,1,0,-1,-1,0,64742,0,0,45490
144574,0,0,-1,0,0,0,483,0,0,45761
144575,0,0,-1,0,0,0,483,0,0,45762
144577,0,0,-1,0,0,0,483,0,0,45764
144578,0,1,0,-1,-1,0,62853,0,0,45765
144579,0,0,-1,0,0,0,483,0,0,45766
144580,0,0,-1,0,0,0,483,0,0,45767
144581,0,0,-1,0,1000,11,43180,0,0,44749
144582,0,0,-1,0,1000,59,27089,0,0,44750
144583,0,0,0,120000,0,0,65012,0,0,46021
144584,0,1,0,-1,-1,0,63388,0,0,46105
144585,0,1,0,-1,-1,0,62853,0,0,46106
144586,0,1,0,-1,-1,0,62853,0,0,46107
144587,0,0,-1,-1,-1,0,483,0,0,46108
144588,1,6,0,-1,-1,0,64051,0,0,46108
144589,0,1,0,-1,-1,0,59818,0,0,44869
144590,0,1,0,-1,-1,0,59787,0,0,44870
144591,0,0,-1,-1,-1,0,59934,0,0,44871
144592,0,0,-1,-1,-1,0,59936,0,0,44872
144593,0,0,-1,-1,-1,0,59941,0,0,44873
144594,0,0,-1,-1,-1,0,59937,0,0,44874
144595,0,0,-1,-1,-1,0,483,0,0,44965
144596,1,6,0,-1,-1,0,62491,0,0,44965
144597,0,0,-1,-1,-1,0,55884,0,0,44970
144598,1,6,0,-1,-1,0,62508,0,0,44970
144599,0,0,-1,-1,-1,0,55884,0,0,44971
144600,1,6,0,-1,-1,0,62510,0,0,44971
144601,0,0,-1,-1,-1,0,55884,0,0,44972
144602,1,6,0,-1,-1,0,62514,0,0,44972
144603,0,0,-1,-1,-1,0,55884,0,0,44973
144604,1,6,0,-1,-1,0,62513,0,0,44973
144605,0,0,0,5000,-1,0,63163,0,0,45083
144606,0,5,0,-1,-1,0,63166,0,0,45084
144610,0,0,-1,-1,3000,330,55884,0,0,45586
144611,1,6,0,-1,-1,0,63636,0,0,45586
144612,0,0,-1,-1,3000,330,55884,0,0,45589
144613,1,6,0,-1,-1,0,63638,0,0,45589
144614,0,0,-1,-1,3000,330,55884,0,0,45590
144615,1,6,0,-1,-1,0,63639,0,0,45590
144616,0,0,-1,0,0,0,483,0,0,45768
144617,0,0,-1,0,0,0,483,0,0,45769
144618,0,0,-1,0,0,0,483,0,0,45770
144619,0,0,-1,0,0,0,483,0,0,45771
144620,0,0,-1,0,0,0,483,0,0,45772
144621,0,1,0,-1,-1,0,65005,0,0,45866
144622,0,0,-1,0,0,0,64441,0,0,46026
144623,0,0,-1,-1,-1,0,55884,0,0,46109
144624,1,6,0,-1,-1,0,64731,0,0,46109
144630,0,0,-1,-1,-1,0,55884,0,0,44974
144631,1,6,0,-1,-1,0,62516,0,0,44974
144632,0,0,-1,-1,-1,0,483,0,0,44977
144633,1,6,0,-1,-1,0,6417,0,0,44977
144634,0,0,-1,-1,-1,0,55884,0,0,44980
144635,1,6,0,-1,-1,0,62542,0,0,44980
144636,0,0,-1,-1,-1,0,483,0,0,45088
144637,1,6,0,-1,-1,0,63187,0,0,45088
144638,0,0,-1,-1,-1,0,483,0,0,45089
144639,1,6,0,-1,-1,0,63188,0,0,45089
144640,0,0,-1,-1,-1,0,483,0,0,45090
144641,1,6,0,-1,-1,0,63189,0,0,45090
144642,0,0,-1,-1,-1,0,483,0,0,45091
144643,1,6,0,-1,-1,0,63190,0,0,45091
144644,0,0,-1,-1,-1,0,483,0,0,45092
144645,1,6,0,-1,-1,0,63191,0,0,45092
144646,0,0,-1,-1,3000,330,55884,0,0,45591
144647,1,6,0,-1,-1,0,63637,0,0,45591
144648,0,0,-1,-1,3000,330,55884,0,0,45592
144649,1,6,0,-1,-1,0,63641,0,0,45592
144650,0,0,-1,-1,3000,330,55884,0,0,45593
144651,1,6,0,-1,-1,0,63635,0,0,45593
144652,0,0,-1,-1,-1,0,483,0,0,45774
144653,1,6,0,-1,-1,0,63924,0,0,45774
144654,0,0,-1,0,0,0,483,0,0,45775
144655,0,0,-1,0,0,0,483,0,0,45776
144656,0,0,-1,0,0,0,483,0,0,45777
144657,0,0,-1,0,0,0,483,0,0,45778
144658,0,0,-1,0,0,0,483,0,0,45779
144659,0,0,-1,0,0,0,483,0,0,45780
144660,0,0,-1,-1,-1,0,64444,0,0,46029
144668,0,0,-1,-1,-1,0,55884,0,0,44982
144669,1,6,0,-1,-1,0,62564,0,0,44982
144670,0,0,-1,-1,-1,0,55884,0,0,44983
144671,1,6,0,-1,-1,0,62561,0,0,44983
144672,0,0,-1,-1,-1,0,55884,0,0,44984
144673,1,6,0,-1,-1,0,62562,0,0,44984
144674,0,0,0,3000,-1,0,62574,0,0,44986
144675,0,0,-1,-1,-1,0,483,0,0,45093
144676,1,6,0,-1,-1,0,63192,0,0,45093
144677,0,0,-1,-1,-1,0,483,0,0,45094
144678,1,6,0,-1,-1,0,63194,0,0,45094
144679,0,0,-1,-1,-1,0,483,0,0,45095
144680,1,6,0,-1,-1,0,63195,0,0,45095
144681,0,0,-1,-1,-1,0,483,0,0,45096
144682,1,6,0,-1,-1,0,63196,0,0,45096
144687,0,1,0,-1,-1,0,64764,0,0,45507
144689,0,0,-1,-1,3000,330,55884,0,0,45595
144690,1,6,0,-1,-1,0,63640,0,0,45595
144691,0,0,-1,-1,3000,330,55884,0,0,45596
144692,1,6,0,-1,-1,0,63642,0,0,45596
144693,0,0,-1,-1,3000,330,55884,0,0,45597
144694,1,6,0,-1,-1,0,63643,0,0,45597
144695,1,0,0,1800000,1800000,1212,54406,0,0,45688
144696,1,0,0,1800000,1800000,1212,54406,0,0,45689
144697,1,0,0,1800000,1800000,1212,54406,0,0,45690
144698,0,0,-1,0,0,0,483,0,0,45781
144699,0,0,-1,0,0,0,483,0,0,45782
144700,0,0,-1,0,0,0,483,0,0,45783
144701,0,0,-1,0,0,0,483,0,0,45785
144702,0,1,0,-1,-1,0,65025,0,0,46038
144703,0,0,0,5000,-1,0,62105,0,0,44890
144704,0,0,-1,-1,-1,0,483,0,0,45097
144705,1,6,0,-1,-1,0,63197,0,0,45097
144706,0,0,-1,-1,-1,0,483,0,0,45098
144707,1,6,0,-1,-1,0,63198,0,0,45098
144708,0,0,-1,-1,-1,0,483,0,0,45099
144709,1,6,0,-1,-1,0,63199,0,0,45099
144710,0,0,-1,-1,-1,0,483,0,0,45100
144711,1,6,0,-1,-1,0,63200,0,0,45100
144712,0,1,0,-1,-1,0,62972,0,0,45176
144713,1,0,0,2500,-1,0,62973,0,0,45176
144714,0,1,0,-1,-1,0,62972,0,0,45177
144715,1,0,0,2500,-1,0,62973,0,0,45177
144716,0,1,0,-1,-1,0,62972,0,0,45178
144717,1,0,0,2500,-1,0,62973,0,0,45178
144718,0,1,0,-1,-1,0,62972,0,0,45179
144719,1,0,0,2500,-1,0,62973,0,0,45179
144724,0,0,-1,0,0,0,483,0,0,45601
144725,0,0,-1,0,0,0,483,0,0,45602
144726,0,0,-1,0,0,0,483,0,0,45603
144727,0,0,-1,0,0,0,483,0,0,45604
144728,0,0,-1,-1,-1,0,55884,0,0,45606
144729,1,6,0,-1,-1,0,63712,0,0,45606
144730,1,0,0,1800000,1800000,1212,54406,0,0,45691
144731,0,0,-1,-1,3000,330,55884,0,0,45693
144732,1,6,0,-1,-1,0,63796,0,0,45693
144733,0,0,-1,0,0,0,483,0,0,45789
144734,0,0,-1,0,0,0,483,0,0,45790
144735,0,0,-1,0,0,0,483,0,0,45792
144736,0,0,-1,0,0,0,483,0,0,45793
144737,0,0,-1,-1,-1,0,468215,0,0,44998
144739,0,0,-1,3000,-1,0,62629,0,0,45000
144740,0,0,-1,-1,-1,0,55884,0,0,45002
144741,1,6,0,-1,-1,0,62674,0,0,45002
144742,0,0,-1,-1,-1,0,483,0,0,45101
144743,1,6,0,-1,-1,0,63201,0,0,45101
144744,0,0,-1,-1,-1,0,483,0,0,45102
144745,1,6,0,-1,-1,0,63203,0,0,45102
144746,0,0,-1,-1,-1,0,483,0,0,45103
144747,1,6,0,-1,-1,0,63204,0,0,45103
144748,0,0,-1,-1,-1,0,483,0,0,45104
144749,1,6,0,-1,-1,0,63205,0,0,45104
144750,0,0,-1,-1,-1,0,55884,0,0,45180
144751,1,6,0,-1,-1,0,63318,0,0,45180
144752,0,0,0,120000,20000,1141,398488,0,0,45263
144753,0,1,0,-1,-1,0,64714,0,0,45518
144754,0,1,0,-1,-1,0,64786,0,0,45609
144755,0,0,-1,0,0,0,483,0,0,45794
144756,0,0,-1,0,0,0,483,0,0,45795
144758,0,0,-1,0,0,0,483,0,0,45797
144759,0,0,0,-1,-1,0,3366,0,0,45798
144760,0,0,-1,0,0,0,483,0,0,45799
144761,0,0,-1,0,0,0,483,0,0,45800
144763,0,0,0,300000,-1,0,61131,0,0,44784
144764,0,1,0,-1,-1,0,66303,0,0,44785
144765,0,0,-1,5000,-1,0,62767,0,0,45005
144766,0,0,-1,0,3000,79,53760,0,0,45006
144767,0,0,-1,0,3000,79,54212,0,0,45007
144768,0,0,-1,0,3000,79,53758,0,0,45008
144769,0,0,-1,0,3000,79,53755,0,0,45009
144770,0,0,-1,-1,-1,0,483,0,0,45105
144771,1,6,0,-1,-1,0,63206,0,0,45105
144774,0,1,0,-1,-1,0,64792,0,0,45522
144775,0,1,0,-1,-1,0,65010,0,0,45703
144776,0,0,-1,-1,-1,0,63826,0,0,45705
144777,0,0,-1,-1,3000,330,55884,0,0,45802
144778,1,6,0,-1,-1,0,63963,0,0,45802
144780,0,0,-1,0,0,0,483,0,0,45804
144782,0,0,-1,0,0,0,483,0,0,45806
144783,0,0,0,20000,-1,0,64184,0,0,45896
144784,0,0,0,10000,0,0,64385,0,0,45984
144785,0,0,-1,0,1000,11,61874,0,0,44791
144786,0,0,-5,1500,-1,0,61717,0,0,44792
144787,0,0,0,120000,20000,0,64999,0,0,46051
144789,0,0,0,-1,180000,1246,62736,0,0,45011
144790,0,0,0,-1,180000,1246,62745,0,0,45013
144791,0,0,0,-1,180000,1246,62742,0,0,45014
144792,0,0,0,-1,180000,1246,62738,0,0,45015
144793,0,0,0,-1,180000,1246,62743,0,0,45016
144795,0,0,-1,0,60000,4,43186,0,0,45276
144796,0,0,-1,0,60000,4,43185,0,0,45277
144797,0,0,-1,0,3000,79,63729,0,0,45621
144799,0,0,-1,0,1000,11,45548,0,0,45901
144800,0,0,-1,-1,-1,0,64366,0,0,45902
144801,0,1,0,-1,-1,0,59731,0,0,45991
144802,0,1,0,-1,-1,0,59731,0,0,45992
144803,0,0,-1,-1,-1,0,483,0,0,44793
144804,1,6,0,-1,-1,0,61721,0,0,44793
144805,0,0,-1,-1,-1,0,55884,0,0,44794
144806,1,6,0,-1,-1,0,61725,0,0,44794
144809,0,1,0,-1,-1,0,62114,0,0,44912
144810,0,1,0,-1,-1,0,62115,0,0,44914
144811,0,0,-88,3000,-1,0,26374,0,0,44915
144812,0,0,-1,-1,-1,0,483,0,0,44916
144813,1,6,0,-1,-1,0,26403,0,0,44916
144814,0,0,0,-1,180000,1246,62744,0,0,45017
144815,0,0,0,-1,180000,1246,62737,0,0,45018
144816,0,0,0,-1,180000,1246,62741,0,0,45019
144817,0,0,0,-1,180000,1246,62740,0,0,45020
144818,0,0,0,-1,180000,1246,62739,0,0,45021
144819,0,0,-1,-1,-1,0,468215,0,0,45022
144821,0,0,-1,0,1000,11,57426,0,0,45279
144822,0,1,0,-1,-1,0,63388,0,0,45280
144823,0,0,0,7000,-1,0,63381,0,0,45281
144824,0,1,0,-1,-1,0,64738,0,0,45535
144825,0,0,-1,0,0,0,483,0,0,45622
144826,0,0,-1,0,0,0,483,0,0,45623
144827,0,0,-1,0,0,0,483,0,0,45625
144828,0,0,-1,-500,-1,0,63832,0,0,45714
144829,0,0,-1,-500,-1,0,63833,0,0,45715
144830,0,0,-1,-500,-1,0,63834,0,0,45716
144831,0,0,-1,-500,-1,0,63835,0,0,45717
144833,0,0,-1,-1,-1,0,64202,0,0,45909
144834,0,0,0,60000,-1,0,61818,0,0,44800
144836,0,0,0,-1,10000,1203,61810,0,0,44802
144837,0,0,0,-1,-1,0,61729,0,0,44804
144838,0,0,-1,-1,-1,0,483,0,0,44917
144839,1,6,0,-1,-1,0,26407,0,0,44917
144840,0,0,-1,-1,-1,0,483,0,0,44918
144841,1,6,0,-1,-1,0,26443,0,0,44918
144842,0,0,-1,-1,-1,0,483,0,0,44919
144843,1,6,0,-1,-1,0,26442,0,0,44919
144844,0,0,-1,0,0,0,483,0,0,44920
144845,0,0,0,-1,-1,0,62774,0,0,45026
144846,0,0,0,-1,-1,0,62779,0,0,45028
144847,0,0,0,-1,-1,0,62780,0,0,45029
144848,0,0,0,-1,-1,0,62781,0,0,45030
144849,0,1,0,-1,-1,0,65013,0,0,45286
144851,0,0,-1,0,0,0,63746,0,0,45628
144853,0,0,0,600000,0,0,25823,0,0,45631
144854,0,0,-1,-500,-1,0,63836,0,0,45718
144855,0,0,-1,-500,-1,0,63837,0,0,45719
144856,0,0,-1,-500,-1,0,63838,0,0,45720
144857,0,0,-1,-500,-1,0,63839,0,0,45721
144858,0,0,-1,-500,-1,0,63840,0,0,45722
144859,0,0,-1,-500,-1,0,63841,0,0,45723
144861,0,0,-1,-1,-1,0,64323,0,0,45912
144866,0,0,0,-1,-1,0,23789,0,0,44805
144867,0,0,0,-1,-1,0,124,0,0,44807
144868,0,0,-1,-1,-1,0,55884,0,0,44810
144869,1,6,0,-1,-1,0,61773,0,0,44810
144870,0,1,0,-1,-1,0,62853,0,0,46069
144871,0,1,0,-1,-1,0,62853,0,0,46070
144872,0,0,-1,0,0,0,483,0,0,44922
144873,0,0,-1,0,0,0,483,0,0,44923
144874,0,0,0,60000,-1,0,132452,0,0,44924
144875,0,0,-1,0,0,0,483,0,0,44928
144876,0,0,0,-1,-1,0,62782,0,0,45031
144877,0,0,0,-1,-1,0,62783,0,0,45032
144878,0,0,0,-1,-1,0,62784,0,0,45033
144879,0,0,0,-1,-1,0,62785,0,0,45034
144880,0,0,0,-1,-1,0,62786,0,0,45035
144881,0,0,0,-1,-1,0,62787,0,0,45036
144882,0,0,-1,-1,3000,330,55884,0,0,45125
144883,1,6,0,-1,-1,0,63232,0,0,45125
144884,0,0,-1,300000,60000,24,63234,0,0,45126
144885,0,0,0,120000,20000,1141,65008,0,0,45292
144887,0,0,-1,-1,3000,330,55884,0,0,45725
144888,1,6,0,-1,-1,0,63844,0,0,45725
144890,0,1,0,-1,-1,0,62853,0,0,45918
144894,0,0,-1,-1,-1,0,64401,0,0,46006
144895,0,0,-1,-1,-1,0,483,0,0,44811
144896,1,6,0,-1,-1,0,61780,0,0,44811
144897,0,0,-1,1000,-1,0,61781,0,0,44812
144899,0,0,-1,0,0,0,44575,0,0,44815
144902,0,0,-1,-1,-1,0,483,0,0,44932
144903,1,6,0,-1,-1,0,62176,0,0,44932
144904,0,0,-1,-1,-1,0,483,0,0,44933
144905,1,6,0,-1,-1,0,62177,0,0,44933
144906,1,0,0,1800000,1800000,1212,54406,0,0,44934
144908,1,0,0,1800000,1800000,1212,54406,0,0,44935
144909,0,0,0,10000,-1,0,63604,0,0,45037
144910,0,0,-1,-1,-1,0,62812,0,0,45038
144913,0,1,0,0,0,0,63251,0,0,45131
144917,0,0,-1,0,0,0,483,0,0,45731
144918,0,0,-1,0,0,0,483,0,0,45732
144919,0,0,-1,0,0,0,483,0,0,45733
144920,0,0,-1,0,0,0,483,0,0,45734
144923,0,0,-1,-1,-1,0,64347,0,0,45924
144924,0,1,0,-1,-1,0,62853,0,0,45925
144925,0,0,-1,1000,-1,0,55884,0,0,44721
144926,1,6,0,-1,-1,0,61350,0,0,44721
144927,0,0,-1,0,1000,11,45548,0,0,44722
144928,0,0,-1,-1,-1,0,483,0,0,44723
144929,1,6,0,-1,-1,0,61357,0,0,44723
144930,0,0,-1,0,-1,0,61819,0,0,44817
144931,0,0,-1,3600000,-1,0,61820,0,0,44818
144932,0,0,0,-1,-1,0,55884,0,0,44819
144933,1,6,0,-1,-1,0,61855,0,0,44819
144934,0,0,0,1500,-1,0,61856,0,0,44820
144935,0,0,-1,-1,-1,0,55884,0,0,44822
144936,1,6,0,-1,-1,0,10713,0,0,44822
144937,0,0,0,120000,120000,1182,42292,0,0,46081
144938,0,0,-1,-1,3000,330,55884,0,0,44842
144939,1,6,0,-1,-1,0,61997,0,0,44842
144940,0,0,-1,-1,3000,330,55884,0,0,44843
144941,1,6,0,-1,-1,0,61996,0,0,44843
144942,0,0,0,120000,-1,0,62012,0,0,44844
144945,0,0,-1,-1,-1,0,62201,0,0,44936
144946,0,0,-1,-1,-1,0,483,0,0,44937
144947,1,6,0,-1,-1,0,62202,0,0,44937
144948,0,0,-1,-1,-1,0,483,0,0,44938
144949,1,6,0,-1,-1,0,62202,0,0,44938
144951,0,0,-1,0,1000,11,45548,0,0,44940
144952,0,0,0,4000,-1,0,62990,0,0,45046
144953,0,0,-1,180000,-1,0,62857,0,0,45047
144955,0,0,-1,-1,-1,0,483,0,0,45050
144956,1,6,0,-1,-1,0,15596,0,0,45050
144958,0,1,0,0,0,0,63251,0,0,45219
144961,0,0,0,120000,20000,1141,64707,0,0,45466
144962,0,0,-1,0,0,0,483,0,0,45735
144963,0,0,-1,0,0,0,483,0,0,45736
144964,0,0,-1,0,0,0,483,0,0,45737
144965,0,0,-1,0,0,0,483,0,0,45738
144966,0,0,-1,0,0,0,483,0,0,45739
144967,0,0,-1,0,0,0,483,0,0,45740
144968,0,0,-1,0,0,0,483,0,0,45741
144970,0,1,0,-1,-1,0,65002,0,0,45929
144971,0,1,0,-1,-1,0,65020,0,0,45931
144972,0,0,-1,0,1000,11,64354,0,0,45932
144973,0,0,0,300000,-1,0,61415,0,0,44731
144982,0,0,0,120000,120000,1182,42292,0,0,46082
144983,0,0,0,120000,120000,1182,42292,0,0,46083
144984,0,0,0,120000,120000,1182,42292,0,0,46084
144985,0,0,0,120000,120000,1182,42292,0,0,46085
144986,0,0,0,120000,20000,1141,64524,0,0,46086
144992,0,0,0,1800000,-1,0,62040,0,0,44849
144993,0,0,-1,-1,-1,0,483,0,0,44851
144994,1,6,0,-1,-1,0,15856,0,0,44851
144995,2,6,0,-1,-1,0,2548,0,0,44851
144996,0,0,-1,0,1000,59,43182,0,0,44941
144997,0,0,-1,-1,-1,0,483,0,0,44944
144998,1,6,0,-1,-1,0,62256,0,0,44944
144999,0,0,-1,0,0,0,62948,0,0,45056
145000,0,0,0,1800000,-1,0,62949,0,0,45057
145002,0,0,-1,0,0,0,483,0,0,45742
145003,0,0,-1,0,0,0,483,0,0,45743
145004,0,0,-1,0,0,0,483,0,0,45744
145005,0,0,-1,0,0,0,483,0,0,45745
145006,0,0,-1,0,0,0,483,0,0,45746
145007,0,0,-1,0,0,0,483,0,0,45747
145014,0,0,-1,20000,-1,0,61868,0,0,44832
145016,0,0,-1,0,1000,59,65363,0,0,46403
145017,0,0,-1,-1,-1,0,55884,0,0,46544
145018,1,6,0,-1,-1,0,65382,0,0,46544
145019,0,0,-1,-1,-1,0,55884,0,0,46545
145020,1,6,0,-1,-1,0,65381,0,0,46545
145023,0,0,-1,-1,-1,0,55884,0,0,46820
145024,1,6,0,-1,-1,0,66096,0,0,46820
145025,0,0,-1,-1,-1,0,55884,0,0,46821
145026,1,6,0,-1,-1,0,66096,0,0,46821
145027,0,1,0,-1,-1,0,66303,0,0,46824
145028,0,0,-1,-1,-1,0,483,0,0,46925
145029,1,6,0,-1,-1,0,66498,0,0,46925
145030,0,0,-1,-1,-1,0,483,0,0,46926
145031,1,6,0,-1,-1,0,66499,0,0,46926
145032,0,0,-1,-1,-1,0,483,0,0,46927
145033,1,6,0,-1,-1,0,66498,0,0,46927
145034,0,0,-1,-1,-1,0,483,0,0,46928
145035,1,6,0,-1,-1,0,66501,0,0,46928
145036,0,0,-1,-1,3000,330,55884,0,0,47180
145037,1,6,0,-1,-1,0,67466,0,0,47180
145038,0,1,0,-1,-1,0,67712,0,0,47182
145040,0,0,-1,-1,-1,0,483,0,0,47625
145041,1,6,0,-1,-1,0,67094,0,0,47625
145042,0,0,-1,-1,-1,0,483,0,0,47626
145043,1,6,0,-1,-1,0,67095,0,0,47626
145044,0,0,-1,-1,-1,0,483,0,0,47627
145045,1,6,0,-1,-1,0,67096,0,0,47627
145046,0,0,-1,-1,-1,0,483,0,0,47628
145047,1,6,0,-1,-1,0,67080,0,0,47628
145048,0,0,-1,0,1000,11,433,0,0,46690
145049,0,0,-1,0,1000,11,24869,0,0,46691
145050,0,0,-1,15000,-1,0,65357,0,0,46693
145051,0,0,-1,-1,-1,0,55884,0,0,46707
145052,1,6,0,-1,-1,0,44369,0,0,46707
145053,0,0,-1,1500,-1,0,55884,0,0,46831
145054,2,0,0,0,1000,1091,22563,0,0,46839
145055,0,1,0,-1,-1,0,66214,0,0,46840
145056,2,0,0,0,1000,1091,22563,0,0,46840
145057,0,0,-1,-1,-1,0,483,0,0,46929
145058,1,6,0,-1,-1,0,66502,0,0,46929
145059,0,0,-1,-1,-1,0,483,0,0,46930
145060,1,6,0,-1,-1,0,66446,0,0,46930
145061,0,0,-1,-1,-1,0,483,0,0,46931
145062,1,6,0,-1,-1,0,66452,0,0,46931
145063,0,0,-1,-1,-1,0,483,0,0,46932
145064,1,6,0,-1,-1,0,66505,0,0,46932
145065,0,0,0,1500,-1,0,66642,0,0,47006
145066,0,0,-1,-1,-1,0,483,0,0,47007
145067,1,6,0,-1,-1,0,66574,0,0,47007
145068,0,0,-1,-1,-1,0,483,0,0,47008
145069,1,6,0,-1,-1,0,66573,0,0,47008
145070,0,0,-1,-1,3000,330,55884,0,0,47100
145071,1,6,0,0,0,0,66847,0,0,47100
145072,0,0,-1,-1,3000,330,55884,0,0,47101
145073,1,6,0,0,0,0,66846,0,0,47101
145074,0,1,0,-1,-1,0,67758,0,0,47188
145075,0,1,0,-1,-1,0,67698,0,0,47271
145076,0,0,-1,-1,-1,0,483,0,0,47629
145077,1,6,0,-1,-1,0,67081,0,0,47629
145078,0,0,-1,-1,-1,0,483,0,0,47630
145079,1,6,0,-1,-1,0,67082,0,0,47630
145080,0,0,-1,-1,-1,0,483,0,0,47631
145081,1,6,0,-1,-1,0,67083,0,0,47631
145082,0,0,-1,-1,3000,330,55884,0,0,46708
145083,1,6,0,-1,-1,0,64927,0,0,46708
145084,0,0,0,30000,-1,0,65451,0,0,46709
145085,0,0,-1,-1,-1,0,483,0,0,46710
145086,1,6,0,-1,-1,0,65454,0,0,46710
145087,0,0,-1,300000,-1,0,65460,0,0,46711
145090,1,0,0,1800000,-1,0,66238,0,0,46842
145091,0,0,0,-1,180000,1246,66241,0,0,46843
145092,0,0,-1,1000,-1,0,52410,0,0,46845
145093,1,5,-1,-1,-1,0,52418,0,0,46845
145096,0,0,-1,0,0,1152,66268,0,0,46847
145097,1,5,0,-1,-1,0,66271,0,0,46847
145098,0,0,-1,-1,-1,0,483,0,0,46933
145099,1,6,0,-1,-1,0,66506,0,0,46933
145100,0,0,-1,-1,-1,0,483,0,0,46934
145101,1,6,0,-1,-1,0,66557,0,0,46934
145102,0,0,-1,-1,-1,0,483,0,0,46935
145103,1,6,0,-1,-1,0,66554,0,0,46935
145104,0,0,-1,-1,-1,0,483,0,0,46936
145105,1,6,0,-1,-1,0,66432,0,0,46936
145106,0,0,0,1500,-1,0,66621,0,0,47009
145107,0,0,-1,-1,-1,0,483,0,0,47010
145108,1,6,0,-1,-1,0,66576,0,0,47010
145109,0,0,-1,-1,-1,0,483,0,0,47011
145110,1,6,0,-1,-1,0,53946,0,0,47011
145111,0,0,-1,-1,-1,0,483,0,0,47012
145112,1,6,0,-1,-1,0,66581,0,0,47012
145114,0,1,0,-1,-1,0,67771,0,0,47464
145115,0,0,-1,-1,-1,0,483,0,0,47632
145116,1,6,0,-1,-1,0,67084,0,0,47632
145117,0,0,-1,-1,-1,0,483,0,0,47633
145118,1,6,0,-1,-1,0,67085,0,0,47633
145119,0,0,-1,-1,-1,0,483,0,0,47634
145120,1,6,0,-1,-1,0,67086,0,0,47634
145121,0,0,-1,-1,-1,0,483,0,0,47635
145122,1,6,0,-1,-1,0,67087,0,0,47635
145123,0,0,-1,30000,-1,0,65393,0,0,46718
145124,0,1,0,-1,-1,0,66304,0,0,46723
145125,0,0,200,0,1000,133,67533,0,0,46725
145126,0,1,0,-1,-1,0,65607,0,0,46735
145128,0,0,-1,-1,-1,0,483,0,0,46937
145129,1,6,0,-1,-1,0,66556,0,0,46937
145130,0,0,-1,-1,-1,0,483,0,0,46938
145131,1,6,0,-1,-1,0,66557,0,0,46938
145132,0,0,-1,-1,-1,0,483,0,0,46939
145133,1,6,0,-1,-1,0,66556,0,0,46939
145134,0,0,-1,-1,-1,0,483,0,0,46940
145135,1,6,0,-1,-1,0,66338,0,0,46940
145136,0,0,-1,-1,-1,0,483,0,0,47015
145137,1,6,0,-1,-1,0,66579,0,0,47015
145138,0,0,-1,-1,-1,0,483,0,0,47016
145139,1,6,0,-1,-1,0,66585,0,0,47016
145140,0,0,-1,-1,-1,0,483,0,0,47017
145141,1,6,0,-1,-1,0,66581,0,0,47017
145142,0,0,-1,-1,-1,0,483,0,0,47018
145143,1,6,0,-1,-1,0,66582,0,0,47018
145144,0,0,-1,-1,-1,0,483,0,0,47636
145145,1,6,0,-1,-1,0,67144,0,0,47636
145146,0,0,-1,-1,-1,0,483,0,0,47637
145147,1,6,0,-1,-1,0,67147,0,0,47637
145148,0,0,-1,-1,-1,0,483,0,0,47638
145149,1,6,0,-1,-1,0,67146,0,0,47638
145150,0,0,-1,-1,-1,0,483,0,0,47639
145151,1,6,0,-1,-1,0,67145,0,0,47639
145152,0,0,-1,-1,3000,330,55884,0,0,46308
145153,1,6,0,0,0,0,64977,0,0,46308
145154,0,0,-1,-1,3000,330,55884,0,0,46743
145155,1,6,0,-1,-1,0,65644,0,0,46743
145156,0,0,0,30000,-1,0,65393,0,0,46861
145158,0,0,-1,-1,-1,0,483,0,0,46941
145159,1,6,0,-1,-1,0,66560,0,0,46941
145160,0,0,-1,-1,-1,0,483,0,0,46942
145161,1,6,0,-1,-1,0,66561,0,0,46942
145162,0,0,-1,-1,-1,0,483,0,0,46943
145163,1,6,0,-1,-1,0,66562,0,0,46943
145164,0,0,-1,-1,-1,0,483,0,0,46944
145165,1,6,0,-1,-1,0,66431,0,0,46944
145166,0,0,-1,-1,-1,0,483,0,0,47019
145167,1,6,0,-1,-1,0,66583,0,0,47019
145168,0,0,-1,-1,-1,0,483,0,0,47020
145169,1,6,0,-1,-1,0,66584,0,0,47020
145170,0,0,-1,-1,-1,0,483,0,0,47021
145171,1,6,0,-1,-1,0,66585,0,0,47021
145172,0,0,-1,-1,-1,0,483,0,0,47022
145173,1,6,0,-1,-1,0,66586,0,0,47022
145174,0,1,0,-1,-1,0,67702,0,0,47115
145176,0,1,0,-1,-1,0,67758,0,0,47477
145177,0,0,-1,-1,-1,0,483,0,0,47640
145178,1,6,0,-1,-1,0,67130,0,0,47640
145179,0,0,-1,-1,-1,0,483,0,0,47641
145180,1,6,0,-1,-1,0,67131,0,0,47641
145181,0,0,-1,-1,-1,0,483,0,0,47642
145182,1,6,0,-1,-1,0,67135,0,0,47642
145183,0,0,-1,-1,-1,0,483,0,0,47643
145184,1,6,0,-1,-1,0,67134,0,0,47643
145185,0,0,-1,-1,-1,0,483,0,0,47644
145186,1,6,0,-1,-1,0,67132,0,0,47644
145187,0,0,0,120000,45000,1141,64981,0,0,46312
145188,0,0,-1,0,1000,59,11007,0,0,46319
145189,1,5,0,-1,-1,0,65041,0,0,46319
145190,0,0,-1,-1,3000,330,55884,0,0,46744
145191,1,6,0,-1,-1,0,65638,0,0,46744
145192,0,0,-1,-1,3000,330,55884,0,0,46745
145193,1,6,0,-1,-1,0,65637,0,0,46745
145194,0,0,-1,-1,3000,330,55884,0,0,46746
145195,1,6,0,-1,-1,0,65645,0,0,46746
145196,0,0,-1,-1,3000,330,55884,0,0,46747
145197,1,6,0,-1,-1,0,65642,0,0,46747
145198,0,0,0,1500,-1,0,66390,0,0,46870
145201,0,0,0,1800000,-1,0,66238,0,0,46874
145202,0,0,-1,-1,-1,0,483,0,0,46945
145203,1,6,0,-1,-1,0,66573,0,0,46945
145204,0,0,-1,-1,-1,0,483,0,0,46946
145205,1,6,0,-1,-1,0,66573,0,0,46946
145206,0,0,-1,-1,-1,0,483,0,0,46947
145207,1,6,0,-1,-1,0,66556,0,0,46947
145208,0,0,-1,-1,-1,0,483,0,0,46948
145209,1,6,0,-1,-1,0,66567,0,0,46948
145210,0,0,-1,-1,-1,0,483,0,0,47023
145211,1,6,0,-1,-1,0,66584,0,0,47023
145212,0,0,0,1500,-1,0,66661,0,0,47029
145213,0,0,-1,0,0,1152,66674,0,0,47030
145214,1,5,0,-1,-1,0,68377,0,0,47030
145216,0,0,0,180000,180000,1190,67699,0,0,47290
145217,0,0,-1,-1,-1,0,483,0,0,47645
145218,1,6,0,-1,-1,0,67133,0,0,47645
145219,0,0,-1,-1,-1,0,483,0,0,47646
145220,1,6,0,-1,-1,0,67137,0,0,47646
145221,0,0,-1,-1,-1,0,483,0,0,47647
145222,1,6,0,-1,-1,0,67139,0,0,47647
145223,0,0,-1,-1,-1,0,483,0,0,47648
145224,1,6,0,-1,-1,0,67143,0,0,47648
145225,0,0,0,120000,20000,1141,67738,0,0,47725
145226,0,0,0,120000,20000,1141,67736,0,0,47726
145227,0,0,0,120000,20000,0,67728,0,0,47727
145228,0,0,0,120000,20000,1141,67726,0,0,47728
145229,0,0,0,120000,20000,1141,67736,0,0,47879
145230,0,0,0,120000,20000,1141,67726,0,0,47880
145231,0,0,0,120000,20000,1141,67738,0,0,47881
145232,0,0,0,120000,-10,0,67728,0,0,47882
145233,0,0,-1,-1,3000,330,55884,0,0,46748
145234,1,6,0,-1,-1,0,65643,0,0,46748
145235,0,0,-1,-1,3000,330,55884,0,0,46749
145236,1,6,0,-1,-1,0,65646,0,0,46749
145237,0,0,-1,-1,3000,330,55884,0,0,46750
145238,1,6,0,-1,-1,0,65641,0,0,46750
145239,0,0,-1,-1,3000,330,55884,0,0,46751
145240,1,6,0,-1,-1,0,65639,0,0,46751
145241,0,0,-1,-1,-1,0,483,0,0,46949
145242,1,6,0,-1,-1,0,66568,0,0,46949
145243,0,0,-1,-1,-1,0,483,0,0,46950
145244,1,6,0,-1,-1,0,66569,0,0,46950
145245,0,0,-1,-1,-1,0,483,0,0,46951
145246,1,6,0,-1,-1,0,66570,0,0,46951
145247,0,0,-1,-1,-1,0,483,0,0,46952
145248,1,6,0,-1,-1,0,66571,0,0,46952
145249,0,0,0,1500,-1,0,66719,0,0,47033
145250,0,0,-1,1500,-1,0,66741,0,0,47036
145255,0,1,0,-1,-1,0,67670,0,0,47213
145256,0,1,0,-1,-1,0,67672,0,0,47214
145257,0,1,0,-1,-1,0,67667,0,0,47215
145258,0,1,0,-1,-1,0,67653,0,0,47216
145260,0,0,-1,-1,-1,0,483,0,0,47649
145261,1,6,0,-1,-1,0,67138,0,0,47649
145262,0,0,-1,-1,-1,0,483,0,0,47650
145263,1,6,0,-1,-1,0,67136,0,0,47650
145264,0,0,-1,-1,-1,0,483,0,0,47651
145265,1,6,0,-1,-1,0,67142,0,0,47651
145266,0,0,-1,-1,3000,330,55884,0,0,46752
145267,1,6,0,-1,-1,0,65640,0,0,46752
145268,0,0,-1,-1,3000,330,55884,0,0,46755
145269,1,6,0,-1,-1,0,65641,0,0,46755
145270,0,0,-1,-1,3000,330,55884,0,0,46756
145271,1,6,0,-1,-1,0,65637,0,0,46756
145272,0,0,-1,-1,3000,330,55884,0,0,46757
145273,1,6,0,-1,-1,0,65646,0,0,46757
145274,0,0,0,1500,-1,0,66474,0,0,46885
145275,0,0,-1,0,1000,11,66476,0,0,46887
145276,0,0,-1,-1,-1,0,66486,0,0,46888
145277,0,0,-1,-1,-1,0,483,0,0,46953
145278,1,6,0,-1,-1,0,66572,0,0,46953
145279,0,0,0,1000,-1,0,66588,0,0,46954
145280,0,0,-1,-1,-1,0,483,0,0,46956
145281,1,6,0,-1,-1,0,66573,0,0,46956
145282,0,1,0,-1,-1,0,67698,0,0,47041
145283,0,1,0,-1,-1,0,67771,0,0,47131
145284,0,1,0,-1,-1,0,67702,0,0,47303
145285,0,0,-1,-1,-1,0,483,0,0,47652
145286,1,6,0,-1,-1,0,67140,0,0,47652
145287,0,0,-1,-1,-1,0,483,0,0,47653
145288,1,6,0,-1,-1,0,67141,0,0,47653
145289,0,0,-1,-1,-1,0,483,0,0,47654
145290,1,6,0,-1,-1,0,67079,0,0,47654
145291,0,0,-1,-1,-1,0,483,0,0,47655
145292,1,6,0,-1,-1,0,67066,0,0,47655
145293,0,0,0,120000,20000,1141,67695,0,0,47734
145294,0,0,0,120000,-1,0,67694,0,0,47735
145295,0,0,-1,-1,3000,330,55884,0,0,46758
145296,1,6,0,-1,-1,0,65640,0,0,46758
145297,0,0,-1,-1,3000,330,55884,0,0,46759
145298,1,6,0,-1,-1,0,65638,0,0,46759
145299,0,0,-1,-1,3000,330,55884,0,0,46760
145300,1,6,0,-1,-1,0,65644,0,0,46760
145301,0,0,-1,-1,3000,330,55884,0,0,46761
145302,1,6,0,-1,-1,0,65639,0,0,46761
145307,0,0,-1,-1,-1,0,55884,0,0,46892
145308,1,6,0,-1,-1,0,63318,0,0,46892
145309,0,0,0,1500,-1,0,66512,0,0,46893
145310,0,0,0,-1,-1,0,55884,0,0,46894
145311,1,6,0,-1,-1,0,66520,0,0,46894
145316,0,0,-1,-1,-1,0,483,0,0,47656
145317,1,6,0,-1,-1,0,67065,0,0,47656
145318,0,0,-1,-1,-1,0,483,0,0,47657
145319,1,6,0,-1,-1,0,67064,0,0,47657
145322,0,0,-1,-1,3000,330,55884,0,0,46762
145323,1,6,0,-1,-1,0,65643,0,0,46762
145324,0,0,-1,-1,3000,330,55884,0,0,46763
145325,1,6,0,-1,-1,0,65642,0,0,46763
145326,0,0,-1,-1,3000,330,55884,0,0,46764
145327,1,6,0,-1,-1,0,65645,0,0,46764
145328,0,0,-1,1000,-1,0,65673,0,0,46765
145329,0,0,-1,-1,-1,0,66531,0,0,46895
145330,0,0,-1,-1,-1,0,483,0,0,46897
145331,1,6,0,-1,-1,0,66338,0,0,46897
145332,0,0,-1,-1,-1,0,483,0,0,46898
145333,1,6,0,-1,-1,0,66428,0,0,46898
145334,0,0,-1,-1,-1,0,483,0,0,46899
145335,1,6,0,-1,-1,0,66429,0,0,46899
145336,0,0,-1,-1,-1,0,483,0,0,46900
145337,1,6,0,-1,-1,0,66556,0,0,46900
145339,0,1,0,-1,-1,0,67752,0,0,47059
145347,0,1,0,-1,-1,0,67556,0,0,46349
145348,0,0,-1,1000,-1,0,65683,0,0,46766
145349,0,0,-1,-1,-1,0,55884,0,0,46767
145350,1,6,0,-1,-1,0,65682,0,0,46767
145351,0,0,-1,-1,3000,330,55884,0,0,46778
145352,1,6,0,0,0,0,65917,0,0,46778
145353,0,0,-1,1000,-1,0,65745,0,0,46779
145354,0,0,0,1800000,-1,0,65783,0,0,46780
145355,0,0,-1,-1,-1,0,483,0,0,46901
145356,1,6,0,-1,-1,0,66431,0,0,46901
145357,0,0,-1,-1,-1,0,483,0,0,46902
145358,1,6,0,-1,-1,0,66432,0,0,46902
145359,0,0,-1,-1,-1,0,483,0,0,46903
145360,1,6,0,-1,-1,0,66556,0,0,46903
145361,0,0,-1,-1,-1,0,483,0,0,46904
145362,1,6,0,-1,-1,0,66434,0,0,46904
145363,0,1,0,-1,-1,0,67712,0,0,47316
145370,0,0,-30,60000,0,0,67324,0,0,47828
145371,0,0,0,1500,-1,0,65183,0,0,46362
145372,0,0,-1,1500,-1,0,65200,0,0,46367
145373,0,0,-1,1000,-1,11,65780,0,0,46783
145374,0,0,-1,0,1000,11,433,0,0,46784
145375,0,0,-1,0,1000,11,433,0,0,46793
145376,0,0,-1,0,1000,11,433,0,0,46796
145377,0,0,-1,-1,-1,0,483,0,0,46905
145378,1,6,0,-1,-1,0,66435,0,0,46905
145379,0,0,-1,-1,-1,0,483,0,0,46906
145380,1,6,0,-1,-1,0,53981,0,0,46906
145381,0,0,-1,-1,-1,0,483,0,0,46907
145382,1,6,0,-1,-1,0,66439,0,0,46907
145383,0,0,-1,-1,-1,0,483,0,0,46908
145384,1,6,0,-1,-1,0,66441,0,0,46908
145385,0,1,0,-1,-1,0,67752,0,0,47432
145388,0,0,5,5000,-1,0,11007,0,0,46371
145390,0,0,-1,0,1000,11,433,0,0,46797
145391,0,1,0,-1,-1,0,66303,0,0,46800
145392,0,0,-1,-1,-1,0,55884,0,0,46802
145393,1,6,0,-1,-1,0,66030,0,0,46802
145394,0,0,-1,-1,-1,0,483,0,0,46803
145395,1,6,0,-1,-1,0,66038,0,0,46803
145396,0,0,-1,-1,-1,0,483,0,0,46909
145397,1,6,0,-1,-1,0,66439,0,0,46909
145398,0,0,-1,-1,-1,0,483,0,0,46910
145399,1,6,0,-1,-1,0,66442,0,0,46910
145400,0,0,-1,-1,-1,0,483,0,0,46911
145401,1,6,0,-1,-1,0,66441,0,0,46911
145402,0,0,-1,-1,-1,0,483,0,0,46912
145403,1,6,0,-1,-1,0,66442,0,0,46912
145404,0,0,-1,-1,3000,330,55884,0,0,47840
145405,1,6,0,-1,-1,0,67336,0,0,47840
145406,0,0,0,0,0,0,30427,0,0,47842
145407,1,5,0,-1,-1,0,30645,0,0,47842
145408,0,0,-1,0,3000,79,53755,0,0,46376
145409,0,0,-1,0,3000,79,53760,0,0,46377
145410,0,0,-1,0,3000,79,54212,0,0,46378
145411,0,0,-1,0,3000,79,53758,0,0,46379
145412,0,0,-1,1500,-1,0,65258,0,0,46380
145413,0,0,-1,-1,-1,0,483,0,0,46804
145414,1,6,0,-1,-1,0,66036,0,0,46804
145415,0,0,-1,-1,-1,0,483,0,0,46805
145416,1,6,0,-1,-1,0,66035,0,0,46805
145417,0,0,-1,-1,-1,0,483,0,0,46806
145418,1,6,0,-1,-1,0,66034,0,0,46806
145419,0,0,-1,-1,-1,0,483,0,0,46807
145420,1,6,0,-1,-1,0,66037,0,0,46807
145421,0,0,-1,-1,-1,0,483,0,0,46913
145422,1,6,0,-1,-1,0,66443,0,0,46913
145423,0,0,-1,-1,-1,0,483,0,0,46914
145424,1,6,0,-1,-1,0,66445,0,0,46914
145425,0,0,-1,-1,-1,0,483,0,0,46915
145426,1,6,0,-1,-1,0,66445,0,0,46915
145427,0,0,-1,-1,-1,0,483,0,0,46916
145428,1,6,0,-1,-1,0,66446,0,0,46916
145429,0,0,0,180000,180000,1190,67699,0,0,47080
145431,0,0,-1,1500,-1,0,65265,0,0,46382
145432,0,0,0,1500,-1,0,65353,0,0,46396
145433,0,0,0,1500,-1,0,65352,0,0,46397
145434,0,0,-1,-1,3000,330,55884,0,0,46813
145435,1,6,0,-1,-1,0,66087,0,0,46813
145436,0,0,-1,-1,-1,0,483,0,0,46917
145437,1,6,0,-1,-1,0,66447,0,0,46917
145438,0,0,-1,-1,-1,0,483,0,0,46918
145439,1,6,0,-1,-1,0,66448,0,0,46918
145440,0,0,-1,-1,-1,0,483,0,0,46919
145441,1,6,0,-1,-1,0,66448,0,0,46919
145442,0,0,-1,-1,-1,0,483,0,0,46920
145443,1,6,0,-1,-1,0,66450,0,0,46920
145445,0,0,-1,-1,3000,330,55884,0,0,46171
145446,1,6,0,-1,-1,0,65439,0,0,46171
145448,0,0,-1,-1,-1,0,55884,0,0,46398
145449,1,6,0,-1,-1,0,65358,0,0,46398
145450,0,0,-1,0,1000,59,69560,0,0,46399
145451,0,0,-1,0,1000,59,69561,0,0,46400
145452,0,0,-1,0,1000,59,69561,0,0,46401
145453,0,0,-1,0,1000,59,69560,0,0,46402
145454,0,0,-1,-1,3000,330,55884,0,0,46814
145455,1,6,0,-1,-1,0,66088,0,0,46814
145456,0,0,-1,-1,3000,330,55884,0,0,46815
145457,1,6,0,-1,-1,0,66090,0,0,46815
145458,0,0,-1,-1,3000,330,55884,0,0,46816
145459,1,6,0,-1,-1,0,66091,0,0,46816
145460,0,0,-1,-1,-1,0,483,0,0,46921
145461,1,6,0,-1,-1,0,66502,0,0,46921
145462,0,0,-1,-1,-1,0,483,0,0,46922
145463,1,6,0,-1,-1,0,66452,0,0,46922
145464,0,0,-1,-1,-1,0,483,0,0,46923
145465,1,6,0,-1,-1,0,66453,0,0,46923
145466,0,0,-1,-1,-1,0,483,0,0,46924
145467,1,6,0,-1,-1,0,66497,0,0,46924
145468,0,0,0,180000,180000,1190,67753,0,0,47088
145469,0,0,-1,-1,3000,330,55884,0,0,47179
145470,1,6,0,-1,-1,0,66906,0,0,47179
145473,0,0,0,180000,180000,1190,67753,0,0,47451
145474,0,0,-1,-1,-1,0,67056,0,0,47541
145475,0,0,-1,-1,-1,0,483,0,0,47622
145476,1,6,0,-1,-1,0,67091,0,0,47622
145477,0,0,-1,-1,-1,0,483,0,0,47623
145478,1,6,0,-1,-1,0,67092,0,0,47623
145479,0,0,-1,-1,-1,0,483,0,0,47624
145480,1,6,0,-1,-1,0,67093,0,0,47624
145483,0,1,0,-1,-1,0,57353,0,0,48677
145486,0,0,-1,-1,3000,330,55884,0,0,49283
145487,1,6,0,0,0,0,42776,0,0,49283
145488,0,0,-1,-1,3000,330,55884,0,0,49284
145489,1,6,0,0,0,0,42777,0,0,49284
145490,0,0,-1,-1,3000,330,55884,0,0,49285
145491,1,6,0,-1,-1,0,46197,0,0,49285
145492,0,0,-1,-1,3000,330,55884,0,0,49286
145493,1,6,0,-1,-1,0,46199,0,0,49286
145503,0,0,0,120000,20000,1141,67744,0,0,47946
145506,0,1,0,-1,-1,0,57353,0,0,48683
145507,0,1,0,-1,-1,0,57353,0,0,48685
145508,0,1,0,-1,-1,0,57353,0,0,48687
145509,0,1,0,-1,-1,0,57353,0,0,48689
145512,0,0,-1,-1,-1,0,55884,0,0,49287
145513,1,6,0,-1,-1,0,68767,0,0,49287
145514,0,0,-1,-1,-1,0,68769,0,0,49288
145515,0,0,-1,-1,-1,0,68768,0,0,49289
145516,0,0,-1,-1,3000,330,55884,0,0,49290
145517,1,6,0,0,0,0,65917,0,0,49290
145525,0,0,0,120000,20000,1141,67740,0,0,47947
145526,0,0,0,120000,20000,1141,67747,0,0,47948
145527,0,0,0,120000,20000,0,67742,0,0,47949
145529,0,0,-1,-1,-1,0,67538,0,0,48601
145530,0,1,0,-1,-1,0,57353,0,0,48691
145531,0,2,0,-1,-1,0,69209,0,0,49296
145532,0,2,0,-1,-1,0,69211,0,0,49297
145541,0,0,-1,-1,-1,0,69695,0,0,49692
145542,0,0,-1,-1,-1,0,55884,0,0,49693
145543,1,6,0,-1,-1,0,69677,0,0,49693
145546,0,0,0,3600000,0,0,67826,0,0,49040
145549,0,2,0,-1,-1,0,144230,0,0,49301
145551,0,2,0,-1,-1,0,144231,0,0,49302
145552,1,0,1,-1,-1,1150,68787,0,0,49302
145561,0,0,-1,-500,-1,0,69757,0,0,49702
145562,0,0,0,30000,0,0,30161,0,0,49703
145563,0,0,0,600000,0,0,30167,0,0,49704
145565,0,0,-1,-1,3000,330,55884,0,0,49044
145566,1,6,0,-1,-1,0,68057,0,0,49044
145567,0,0,-1,-1,3000,330,55884,0,0,49046
145568,1,6,0,0,0,0,68056,0,0,49046
145569,0,0,-1,-1,-1,0,483,0,0,49050
145570,1,6,0,-1,-1,0,68067,0,0,49050
145571,0,2,0,-1,-1,0,69207,0,0,49303
145579,0,0,0,900000,60000,94,69206,0,0,49490
145589,0,0,-1,0,0,0,483,0,0,48720
145590,0,0,0,120000,20000,1141,67683,0,0,48722
145591,0,0,0,120000,20000,1141,67684,0,0,48724
145592,0,1,0,-1,-1,0,33648,0,0,49074
145593,0,1,0,-1,-1,0,60063,0,0,49076
145594,0,1,0,-1,-1,0,33953,0,0,49078
145595,0,0,0,900000,60000,94,69206,0,0,49308
145601,0,2,0,-1,-1,0,69208,0,0,49495
145602,0,2,0,-1,-1,0,21170,0,0,49496
145603,1,0,1,-1,-1,1150,69419,0,0,49496
145604,0,2,0,-1,-1,0,21179,0,0,49497
145606,0,0,-1,-1,-1,0,55884,0,0,48527
145607,1,6,0,-1,-1,0,67527,0,0,48527
145608,0,0,0,120000,-1,0,68443,0,0,49080
145609,0,0,-1,0,0,0,483,0,0,49084
145610,0,0,-1,-1,3000,330,55884,0,0,49096
145611,1,6,0,-1,-1,0,68187,0,0,49096
145612,0,0,-1,-1,3000,330,55884,0,0,49098
145613,1,6,0,-1,-1,0,68188,0,0,49098
145625,0,2,0,-1,-1,0,69212,0,0,49500
145626,0,2,0,-1,-1,0,69210,0,0,49501
145627,0,1,0,-1,-1,0,71903,0,0,49623
145630,0,0,-1,-1,-1,0,69838,0,0,49723
145634,0,0,-1,-1,-1,0,483,0,0,49112
145635,1,6,0,-1,-1,0,68253,0,0,49112
145636,0,0,0,600000,60000,94,68271,0,0,49116
145637,0,0,0,600000,60000,94,68270,0,0,49118
145644,0,0,-1,0,0,0,69377,0,0,49632
145645,0,0,-50,4000,0,0,69378,0,0,49633
145646,0,0,-50,0,120000,1153,78164,0,0,49634
145647,0,0,-1,-1,3000,330,55884,0,0,49636
145648,1,6,0,-1,-1,0,69395,0,0,49636
145651,0,0,0,30000,-1,0,43873,0,0,49126
145652,1,0,0,600000,60000,94,50070,0,0,49128
145678,0,0,-1,-1,-1,0,55884,0,0,49646
145679,1,6,0,-1,-1,0,69452,0,0,49646
145684,0,0,-1,-1,-1,0,483,0,0,49177
145685,1,6,0,-1,-1,0,54197,0,0,49177
145686,0,0,-1,0,1000,0,69531,0,0,49655
145690,0,5,0,0,-1,0,70013,0,0,49766
145691,0,0,-1,0,1000,1142,70233,0,0,49856
145692,0,0,-1,0,1000,1142,70234,0,0,49857
145700,0,0,-1,-1,-1,0,55884,0,0,49343
145701,1,6,0,-1,-1,0,68810,0,0,49343
145702,0,0,0,600000,60000,94,68887,0,0,49349
145705,0,0,-1,-1,-1,0,55884,0,0,49662
145706,1,6,0,-1,-1,0,69535,0,0,49662
145707,0,0,-1,-1,-1,0,55884,0,0,49663
145708,1,6,0,-1,-1,0,69536,0,0,49663
145709,0,0,0,-1,-1,0,55884,0,0,49664
145710,1,6,0,-1,-1,0,69539,0,0,49664
145711,0,0,-1,-1,-1,0,55884,0,0,49665
145712,1,6,0,-1,-1,0,69541,0,0,49665
145713,0,0,-1,0,0,0,69994,0,0,49768
145714,0,0,-1,0,1000,1142,70235,0,0,49858
145715,0,0,-1,0,1000,1142,70242,0,0,49859
145716,0,0,-1,0,1000,1142,70244,0,0,49860
145717,0,0,-1,0,1000,1142,70243,0,0,49861
145718,0,0,-1,-1,-1,0,55884,0,0,48112
145719,1,6,0,-1,-1,0,67413,0,0,48112
145723,0,0,0,14400000,-1,0,67833,0,0,48933
145724,0,0,0,600000,0,0,67799,0,0,48945
145725,0,0,0,15000,-1,0,68529,0,0,49351
145726,0,0,0,15000,-1,0,68530,0,0,49352
145727,0,0,0,0,1000,1142,69445,0,0,49668
145728,0,0,0,0,1000,1142,69563,0,0,49669
145729,0,0,0,0,1000,1142,69489,0,0,49670
145732,0,0,0,30000,5000,0,70287,0,0,49865
145733,0,0,-1,-1,-1,0,55884,0,0,48114
145734,1,6,0,-1,-1,0,67414,0,0,48114
145735,0,0,-1,-1,-1,0,55884,0,0,48116
145736,1,6,0,-1,-1,0,67415,0,0,48116
145737,0,0,-1,-1,-1,0,55884,0,0,48118
145738,1,6,0,-1,-1,0,67416,0,0,48118
145739,0,0,-1,-1,-1,0,55884,0,0,48120
145740,1,6,0,-1,-1,0,67417,0,0,48120
145741,0,0,-1,-1,-1,0,55884,0,0,48122
145742,1,6,0,-1,-1,0,67418,0,0,48122
145747,1,0,0,1800000,1800000,1212,54406,0,0,48954
145748,1,0,0,1800000,1800000,1212,54406,0,0,48955
145749,1,0,0,1800000,1800000,1212,54406,0,0,48956
145750,1,0,0,1800000,1800000,1212,54406,0,0,48957
145751,0,0,-1,-1,-1,0,68565,0,0,49223
145752,0,0,-1,-1,-1,0,68566,0,0,49224
145753,0,0,-1,-1,-1,0,68567,0,0,49225
145754,0,0,0,-1,-1,0,55884,0,0,49362
145755,1,6,0,-1,-1,0,69002,0,0,49362
145756,0,0,-1,-1,-1,0,69071,0,0,49372
145757,0,0,-1,-1,-1,0,69072,0,0,49373
145758,0,0,-1,-1,-1,0,69073,0,0,49374
145759,0,0,-1,-1,-1,0,55884,0,0,48124
145760,1,6,0,-1,-1,0,67419,0,0,48124
145761,0,0,-1,-1,-1,0,55884,0,0,48126
145762,1,6,0,-1,-1,0,67420,0,0,48126
145764,0,2,0,-1,-1,0,69180,0,0,49437
145767,0,0,0,-1,-1,0,68645,0,0,49278
145768,1,1,0,-1,-1,0,73077,0,0,49278
145769,0,0,-1,-1,3000,330,55884,0,0,49282
145770,1,6,0,0,0,0,51412,0,0,49282
145771,0,2,0,-1,-1,0,69181,0,0,49465
145778,0,0,0,120000,20000,1141,67744,0,0,48018
145779,0,0,0,120000,20000,1141,67740,0,0,48019
145780,0,0,0,120000,20000,1141,67747,0,0,48020
145781,0,0,0,120000,-10,0,67742,0,0,48021
145782,0,0,-1,0,1000,27,70884,0,0,50091
145783,0,0,-1,0,1000,27,70884,0,0,50092
145785,0,5,0,-1,-1,0,71655,0,0,50386
145786,0,5,0,-1,-1,0,71650,0,0,50387
145787,0,5,0,-1,-1,0,71653,0,0,50388
145789,0,2,0,-1,-1,0,71838,0,0,51322
145790,0,0,0,120000,120000,1182,42292,0,0,51378
145793,0,0,-1,0,1000,27,70884,0,0,50093
145796,0,0,-1,-1,-1,0,71466,0,0,50307
145800,0,5,0,-1,-1,0,71581,0,0,50397
145801,1,1,0,-1,-1,0,72417,0,0,50397
145802,0,5,0,-1,-1,0,71581,0,0,50398
145803,1,1,0,-1,-1,0,72417,0,0,50398
145804,0,5,0,-1,-1,0,71655,0,0,50399
145805,1,1,0,-1,-1,0,72419,0,0,50399
145806,0,5,0,-1,-1,0,71655,0,0,50400
145807,1,1,0,-1,-1,0,72419,0,0,50400
145810,0,1,0,-1,-1,0,71545,0,0,50706
145811,0,1,0,-1,-1,0,71873,0,0,50708
145814,0,0,-1,-1,-1,0,55884,0,0,49912
145815,1,6,0,-1,-1,0,70613,0,0,49912
145817,0,5,0,-1,-1,0,71650,0,0,50401
145818,1,1,0,-1,-1,0,72413,0,0,50401
145819,0,5,0,-1,-1,0,71650,0,0,50402
145820,1,1,0,-1,-1,0,72413,0,0,50402
145821,0,5,0,-1,-1,0,71653,0,0,50403
145822,1,1,0,-1,-1,0,72415,0,0,50403
145823,0,5,0,-1,-1,0,71653,0,0,50404
145824,1,1,0,-1,-1,0,72415,0,0,50404
145825,0,2,0,-1,-1,0,71839,0,0,50709
145827,0,0,0,0,5000,1149,70660,0,0,49917
145828,0,0,-1,-1,-1,0,483,0,0,50406
145829,1,6,0,-1,-1,0,71692,0,0,50406
145830,0,2,0,1000,-1,0,71838,0,0,50415
145833,0,1,0,-1,-1,0,71836,0,0,50638
145836,0,0,-1,-1,-1,0,69922,0,0,49920
145838,0,1,0,-1,-1,0,71865,0,0,50028
145840,0,0,0,180000,180000,1190,71569,0,0,50235
145842,0,1,0,-1,-1,0,71892,0,0,50641
145848,0,1,0,-1,-1,0,71835,0,0,50034
145849,0,1,0,-1,-1,0,71876,0,0,50035
145851,0,0,-1,-1,-1,0,59934,0,0,50335
145852,0,0,-1,1000,0,24,71755,0,0,50422
145855,0,1,0,-1,-1,0,71846,0,0,50648
145856,0,0,0,120000,-1,0,71646,0,0,50726
145858,0,0,-1,0,0,0,71692,0,0,50816
145859,0,0,-1,-1,3000,330,483,0,0,50818
145860,1,6,0,-1,3000,0,72286,0,0,50818
145861,0,0,-1,0,1000,27,70771,0,0,49936
145862,0,0,-1,-1,-1,0,71024,0,0,50130
145863,0,0,0,5000,5000,0,70192,0,0,50131
145865,0,0,-1,-1,3000,330,483,0,0,50250
145866,1,6,0,-1,-1,0,71342,0,0,50250
145867,0,1,0,-1,-1,0,71168,0,0,50251
145868,0,0,-1,-1,-1,0,59936,0,0,50336
145869,0,0,-1,-1,-1,0,59941,0,0,50337
145870,0,0,-1,-1,-1,0,59937,0,0,50338
145871,0,0,0,120000,-1,0,71565,0,0,50339
145872,0,1,0,-1,-1,0,71571,0,0,50340
145875,0,0,-1,0,1000,27,70771,0,0,49937
145876,0,0,-1,0,1000,27,70774,0,0,49938
145877,0,0,-1,0,1000,27,70774,0,0,49939
145878,0,0,-1,0,1000,27,70777,0,0,49940
145879,0,0,-1,0,1000,27,70777,0,0,49941
145880,0,0,-1,0,0,0,483,0,0,50045
145881,0,0,-1,0,1000,1142,71087,0,0,50163
145882,0,0,-1,60000,-1,79,71092,0,0,50164
145883,0,1,0,-1,-1,0,71354,0,0,50255
145884,0,1,0,-1,-1,0,71168,0,0,50256
145886,0,0,0,180000,20000,1141,71563,0,0,50259
145887,0,1,0,-1,-1,0,71567,0,0,50260
145888,1,0,0,120000,20000,1141,71568,0,0,50260
145889,0,1,0,-1,-1,0,71576,0,0,50341
145890,0,1,0,-1,-1,0,71402,0,0,50342
145891,0,1,0,-1,-1,0,71540,0,0,50343
145892,0,1,0,-1,-1,0,71578,0,0,50344
145893,0,1,0,-1,-1,0,71573,0,0,50345
145894,0,0,-1,-1,3000,330,55884,0,0,50435
145895,1,6,0,-1,-1,0,71810,0,0,50435
145896,0,2,0,-1,-1,0,18112,0,0,50442
145899,0,0,-1,0,1000,27,70779,0,0,49942
145900,0,0,-1,0,1000,27,70779,0,0,49943
145901,0,0,-1,-1,-1,0,483,0,0,50166
145902,1,6,0,-1,-1,0,71101,0,0,50166
145905,0,0,-1,-1,-1,0,483,0,0,50168
145906,1,6,0,-1,-1,0,71102,0,0,50168
145907,0,0,0,120000,-10,0,71574,0,0,50346
145909,0,1,0,-1,-1,0,71645,0,0,50348
145910,0,1,0,-1,-1,0,71640,0,0,50349
145912,0,0,-1,-1,-1,0,55884,0,0,50446
145913,1,6,0,-1,-1,0,71840,0,0,50446
145915,0,1,0,-1,-1,0,71947,0,0,50741
145916,1,0,0,1200000,-1,0,71988,0,0,50741
145918,0,0,-1,-1,-1,0,483,0,0,49953
145919,1,6,0,-1,-1,0,70550,0,0,49953
145920,0,0,-1,-1,-1,0,483,0,0,49954
145921,1,6,0,-1,-1,0,70551,0,0,49954
145922,0,0,-1,-1,-1,0,483,0,0,49955
145923,1,6,0,-1,-1,0,70552,0,0,49955
145924,0,1,0,-1,-1,0,71406,0,0,50351
145925,0,1,0,-1,-1,0,71634,0,0,50352
145926,0,1,0,-1,-1,0,71602,0,0,50353
145927,0,0,0,120000,-1,0,71607,0,0,50354
145928,0,1,0,-1,-1,0,71397,0,0,50355
145935,0,0,-1,-1,-1,0,483,0,0,49956
145936,1,6,0,-1,-1,0,70553,0,0,49956
145937,0,0,-1,-1,-1,0,483,0,0,49957
145938,1,6,0,-1,-1,0,70554,0,0,49957
145939,0,0,-1,-1,-1,0,483,0,0,49958
145940,1,6,0,-1,-1,0,70555,0,0,49958
145941,0,0,-1,-1,-1,0,483,0,0,49959
145942,1,6,0,-1,-1,0,70556,0,0,49959
145944,0,1,0,-1,-1,0,71871,0,0,50179
145945,0,0,0,120000,20000,0,71586,0,0,50356
145946,0,0,0,120000,20000,1141,71579,0,0,50357
145947,0,1,0,-1,-1,0,71585,0,0,50358
145948,0,1,0,-1,-1,0,71611,0,0,50359
145949,0,1,0,-1,-1,0,71606,0,0,50360
145959,0,0,-1,-1,-1,0,483,0,0,49961
145960,1,6,0,-1,-1,0,70557,0,0,49961
145961,0,0,-1,-1,-1,0,483,0,0,49962
145962,1,6,0,-1,-1,0,70558,0,0,49962
145963,0,0,-1,-1,-1,0,483,0,0,49963
145964,1,6,0,-1,-1,0,70559,0,0,49963
145966,0,0,0,60000,-1,0,71635,0,0,50361
145967,0,1,0,-1,-1,0,71519,0,0,50362
145968,0,1,0,-1,-1,0,71562,0,0,50363
145969,0,0,0,60000,-1,0,71638,0,0,50364
145970,0,1,0,-1,-1,0,71637,0,0,50365
145974,0,0,0,5000,0,0,72424,0,0,50851
145975,0,0,0,900000,60000,94,72770,0,0,50966
145977,0,0,-1,-1,-1,0,483,0,0,49965
145978,1,6,0,-1,-1,0,70560,0,0,49965
145979,0,0,-1,-1,-1,0,483,0,0,49966
145980,1,6,0,-1,-1,0,70561,0,0,49966
145981,0,0,0,120000,120000,1182,42292,0,0,51377
145982,0,1,0,-1,-1,0,71435,0,0,50287
145983,1,0,0,86400000,0,0,71436,0,0,50287
145984,0,1,0,-1,-1,0,71642,0,0,50366
145989,0,0,0,60000,-1,0,71909,0,0,50471
145994,0,0,-1,0,-1,0,70477,0,0,49879
145995,0,0,-1,-1,-1,0,483,0,0,49969
145996,1,6,0,-1,-1,0,70562,0,0,49969
145997,0,0,-1,-1,-1,0,483,0,0,49970
145998,1,6,0,-1,-1,0,70563,0,0,49970
145999,0,0,-1,-1,-1,0,483,0,0,49971
146000,1,6,0,-1,-1,0,70565,0,0,49971
146001,0,0,-1,-1,-1,0,483,0,0,49972
146002,1,6,0,-1,-1,0,70566,0,0,49972
146003,0,1,0,-1,-1,0,71845,0,0,49992
146004,0,0,-1,0,1000,27,70884,0,0,50076
146005,0,0,-1,0,0,0,483,0,0,50077
146008,0,5,0,-1,-1,0,71653,0,0,50375
146009,0,5,0,-1,-1,0,71650,0,0,50376
146010,0,5,0,-1,-1,0,71581,0,0,50377
146011,0,1,0,-1,-1,0,71868,0,0,50685
146012,0,1,0,-1,-1,0,71168,0,0,49888
146013,0,0,-1,0,-1,0,70548,0,0,49889
146015,0,0,-1,-1,-1,0,483,0,0,49973
146016,1,6,0,-1,-1,0,70567,0,0,49973
146017,0,0,-1,-1,-1,0,483,0,0,49974
146018,1,6,0,-1,-1,0,70568,0,0,49974
146019,0,1,0,-1,-1,0,71404,0,0,50198
146022,0,5,0,-1,-1,0,71655,0,0,50378
146023,0,5,0,-1,-1,0,71581,0,0,50384
146024,0,1,0,-1,-1,0,71878,0,0,50692
146026,0,1,0,-1,-1,0,71880,0,0,49982
146027,0,1,0,-1,-1,0,44297,0,0,51488
146029,0,1,0,-1,-1,0,32973,0,0,51504
146030,0,0,0,3600000,-1,0,73331,0,0,52253
146031,0,0,0,-1,-1,0,73300,0,0,52272
146032,0,0,-1,1000,-1,0,74903,0,0,53510
146033,1,0,0,60000,-1,0,46643,0,0,54806
146035,0,1,0,-1,-1,0,32973,0,0,51510
146036,0,0,0,-1,-1,0,73300,0,0,52345
146037,0,0,0,1500,-1,0,74977,0,0,53637
146039,0,0,-1,-1,-1,0,55884,0,0,53641
146040,1,6,0,-1,-1,0,74932,0,0,53641
146041,0,0,-1,-1,-1,0,55884,0,0,54810
146042,1,6,0,-1,-1,0,75613,0,0,54810
146043,0,0,-1,-1,3000,330,483,0,0,54811
146044,1,6,0,-1,3000,0,75614,0,0,54811
146045,0,0,0,14400000,-1,0,75693,0,0,54822
146046,0,0,-1,-1,-1,0,55884,0,0,54847
146047,1,6,0,-1,-1,0,75906,0,0,54847
146048,0,1,0,-1,-1,0,75914,0,0,54848
146050,0,0,-1,-1,-1,0,73535,0,0,52361
146051,0,0,0,-1,-1,0,73082,0,0,52541
146055,0,0,-1,-1,-1,0,55884,0,0,54857
146056,1,6,0,-1,-1,0,63318,0,0,54857
146057,0,0,-1,-1,3000,330,55884,0,0,54860
146058,1,6,0,-1,-1,0,75973,0,0,54860
146059,0,0,-1,-1,-1,0,55884,0,0,56806
146060,1,6,0,-1,-1,0,78381,0,0,56806
146061,0,1,0,-1,-1,0,62459,0,0,51414
146063,0,0,0,-1,-1,0,74035,0,0,52566
146064,1,0,0,1800000,1800000,1212,54406,0,0,52567
146066,0,5,0,-1,-1,0,73961,0,0,52569
146067,0,5,0,-1,-1,0,73961,0,0,52570
146068,0,5,0,-1,-1,0,73961,0,0,52571
146069,1,1,0,-1,-1,0,72413,0,0,52571
146070,0,0,-1,-1,3000,330,55884,0,0,54068
146071,1,6,0,0,0,0,74918,0,0,54068
146072,0,0,-1,-1,3000,330,55884,0,0,54069
146073,1,6,0,-1,0,0,74856,0,0,54069
146074,1,1,0,-1,-1,0,33830,0,0,51420
146076,0,0,0,900000,60000,94,72770,0,0,51887
146077,0,5,0,-1,-1,0,73961,0,0,52572
146078,1,1,0,-1,-1,0,72413,0,0,52572
146079,0,0,0,1500,-1,0,74033,0,0,52706
146081,0,0,0,1500,-1,0,74098,0,0,52707
146083,0,0,0,1800000,-1,0,74890,0,0,54212
146084,0,0,0,1500,-1,0,75102,0,0,54215
146085,0,0,-1,-1,-1,0,85325,0,0,54218
146086,0,0,0,5000,-1,0,75111,0,0,54343
146087,0,1,0,-1,-1,0,61252,0,0,51426
146088,0,0,0,-1,-1,0,74222,0,0,52709
146089,0,0,0,-1,-1,0,74148,0,0,52713
146090,0,1,0,-1,-1,0,74267,0,0,52729
146091,0,0,-1,-1,-1,0,55884,0,0,54436
146092,1,6,0,-1,-1,0,75134,0,0,54436
146093,0,0,0,1800000,-1,0,62040,0,0,54437
146094,0,0,0,1800000,-1,0,75135,0,0,54438
146095,0,0,0,1800000,1800000,1176,75136,0,0,54452
146096,0,0,-1,-1,-1,0,74797,0,0,54455
146098,0,1,0,-1,-1,0,74491,0,0,53048
146099,1,1,0,-1,-1,0,33830,0,0,51434
146101,0,1,0,-1,-1,0,33063,0,0,51537
146102,0,1,0,-1,-1,0,22778,0,0,51542
146104,1,0,0,1800000,1800000,1212,54406,0,0,51557
146105,1,0,0,1800000,1800000,1212,54406,0,0,51558
146106,1,0,0,1800000,1800000,1212,54406,0,0,51559
146113,0,1,0,-1,-1,0,75455,0,0,54569
146114,0,1,0,-1,-1,0,75475,0,0,54571
146115,0,1,0,-1,-1,0,75465,0,0,54572
146116,0,0,0,120000,15000,1141,75490,0,0,54573
146117,0,1,0,-1,-1,0,61255,0,0,51459
146118,1,0,0,1800000,1800000,1212,54406,0,0,51560
146121,0,1,0,-1,-1,0,72968,0,0,52019
146122,0,0,0,14400000,-1,0,74842,0,0,53476
146124,0,1,0,-1,-1,0,44301,0,0,51464
146130,1,1,0,-1,-1,0,38522,0,0,51469
146131,0,1,0,-1,-1,0,75474,0,0,54588
146132,0,0,0,120000,-1,0,75495,0,0,54589
146133,0,1,0,-1,-1,0,75457,0,0,54590
146135,1,1,0,-1,-1,0,61249,0,0,51493
146136,0,0,0,-1,-1,0,73251,0,0,52189
146137,0,1,0,-1,-1,0,75481,0,0,54591
146139,0,1,0,-1,-1,0,44300,0,0,51475
146141,0,1,0,-1,-1,0,32973,0,0,51498
146143,0,0,-1,-1,3000,330,483,0,0,52200
146144,1,6,0,-1,3000,0,73313,0,0,52200
146145,0,0,0,1800000,-1,0,73320,0,0,52201
146146,0,0,0,-1,-1,0,73323,0,0,52202
146147,0,0,0,3600000,-1,0,73324,0,0,52251
146148,0,0,0,1800000,-1,0,73326,0,0,52252
146149,0,0,0,14400000,0,0,75531,0,0,54651
146150,0,0,0,14400000,0,0,75532,0,0,54653
146151,0,0,-1,-1,3000,330,55884,0,0,54797
146152,1,6,0,-1,-1,0,75596,0,0,54797
146153,0,0,-1,-1,-1,0,483,0,0,54798
146154,1,6,0,-1,-1,0,75597,0,0,54798
146155,0,1,0,-1,-1,0,44297,0,0,51483
146156,0,0,0,-1,-1,0,49624,0,0,33606
146157,0,0,0,15000,-1,0,43354,0,0,33607
146160,0,0,0,10000,0,0,46368,0,0,35293
146161,0,0,0,20000,-1,0,46432,0,0,35352
146175,0,0,0,1000,-1,0,42564,0,0,33164
146176,0,0,0,1000,-1,0,43157,0,0,33418
146177,0,0,0,30000,-1,0,43392,0,0,33613
146178,0,0,0,-1,-1,0,43373,0,0,33614
146179,0,0,0,-1,-1,0,43375,0,0,33615
146181,0,0,0,60000,60000,0,44018,0,0,34108
146182,0,0,0,0,15000,1167,44323,0,0,34111
146183,0,0,0,-1,-1,0,45414,0,0,34669
146184,0,0,0,10000,-1,0,45653,0,0,34806
146185,0,0,0,6000,-1,0,45634,0,0,34811
146186,0,0,0,5000,-1,0,46485,0,0,35401
146187,0,0,0,-1,-1,0,46547,0,0,35479
146202,0,0,0,-1,-1,0,43375,0,0,33616
146203,0,0,0,5000,-1,0,43369,0,0,33618
146204,0,0,0,-1,-1,0,43381,0,0,33621
146205,0,0,-1,-1,-1,0,3366,0,0,34117
146206,0,0,0,-1,-1,0,45441,0,0,34688
146207,0,0,0,-1,-1,0,45611,0,0,34691
146208,0,0,0,1000,-1,0,45474,0,0,34692
146209,0,0,0,5000,-1,0,51912,0,0,34812
146210,0,0,0,5000,-1,0,46574,0,0,35491
146224,0,5,-1,-1,-1,0,31694,0,0,33188
146225,0,0,0,5000,-1,1157,42703,0,0,33190
146226,0,0,0,1000,-1,0,43386,0,0,33627
146227,0,0,0,0,15000,1167,44407,0,0,34121
146228,0,0,0,0,15000,1167,50019,0,0,34124
146229,0,0,0,0,10000,1167,45503,0,0,34710
146230,0,0,0,0,5000,1167,45692,0,0,34830
146231,0,0,0,200000,-1,0,46607,0,0,35506
146245,0,0,0,2000,-1,0,42769,0,0,33221
146246,0,0,-1,2000,-1,0,42788,0,0,33238
146247,0,0,0,1500,-1,0,42793,0,0,33278
146248,0,0,0,5000,-1,0,43172,0,0,33441
146249,0,0,-1,1000,-1,0,43403,0,0,33634
146250,0,0,0,-1,-1,0,42786,0,0,33637
146252,0,0,-1,0,1000,11,57287,0,0,34125
146253,0,0,-1,-1,-1,0,483,0,0,34126
146254,1,6,0,-1,-1,0,44438,0,0,34126
146255,0,0,-1,1000,-1,0,44454,0,0,34127
146256,0,0,-1,-1,-1,0,45504,0,0,34711
146257,0,0,0,30000,-1,0,45536,0,0,34715
146258,0,0,0,0,30000,1170,45703,0,0,34844
146259,0,0,-1,5000,-1,0,45742,0,0,34869
146260,0,0,0,5000,-1,0,45759,0,0,34870
146261,0,0,0,7000,-1,0,45780,0,0,34897
146270,0,0,-1,0,1000,11,35270,0,0,35794
146271,0,0,0,-1,-1,0,47110,0,0,35797
146278,0,0,0,30000,-1,0,42817,0,0,33282
146279,0,0,-1,-1,-1,0,42822,0,0,33284
146280,0,0,-1,-1,-1,0,42836,0,0,33290
146281,0,0,-1,0,1000,11,43180,0,0,33443
146282,0,0,-1,0,1000,59,43182,0,0,33444
146283,0,0,-1,0,1000,59,43183,0,0,33445
146284,0,0,-1,0,60000,4,43185,0,0,33447
146285,0,0,-1,0,60000,4,43186,0,0,33448
146286,0,0,-1,0,1000,11,43180,0,0,33449
146296,0,0,-1,0,1000,150,45543,0,0,34721
146297,0,0,-1,0,1000,150,45544,0,0,34722
146298,0,0,-1,-1,-1,0,45807,0,0,34908
146299,0,0,0,5000,-1,0,45834,0,0,34913
146300,0,0,0,5000,-1,0,45835,0,0,34915
146317,0,0,-1,-1,-1,0,42981,0,0,33308
146318,0,0,0,1000,-1,0,43036,0,0,33310
146319,0,0,0,5000,-1,0,43042,0,0,33311
146320,0,0,0,-1,-1,0,43189,0,0,33450
146321,0,0,-1,0,1000,11,43180,0,0,33451
146322,0,0,-1,0,1000,11,43180,0,0,33452
146323,0,0,-1,0,1000,11,43180,0,0,33454
146325,0,0,-1,1000,-1,0,43194,0,0,33457
146339,0,0,0,-1,-1,0,45853,0,0,34920
146340,0,0,0,0,10000,1167,45875,0,0,34954
146358,0,0,0,-1,-1,0,47190,0,0,35907
146359,1,0,-3,0,120000,100,5405,0,0,33312
146362,0,0,-1,1000,-1,0,43195,0,0,33458
146363,0,0,-1,1000,-1,0,43196,0,0,33459
146364,0,0,-1,1000,-1,0,43197,0,0,33460
146365,0,0,-1,1000,-1,0,43198,0,0,33461
146366,0,0,-1,1000,-1,0,43199,0,0,33462
146369,0,0,0,-1,-1,0,43466,0,0,33774
146370,0,0,0,-1,-1,0,43490,0,0,33778
146371,0,0,0,-1,-1,0,43490,0,0,33779
146376,0,0,0,-1,-1,0,45933,0,0,34961
146377,0,0,0,-1,-1,0,45932,0,0,34962
146379,0,0,-1,-1,-1,0,46700,0,0,35586
146383,0,0,0,120000,-1,0,46760,0,0,35671
146388,0,0,-50,2000,-1,0,47207,0,0,35908
146394,0,0,0,1000,-1,0,43057,0,0,33321
146395,0,0,0,1000,-1,0,49634,0,0,33323
146396,0,0,0,0,5000,1168,43076,0,0,33335
146397,0,0,0,1000,-1,0,43051,0,0,33336
146398,0,0,0,-1,-1,0,43233,0,0,33472
146399,0,1,0,-1,-1,0,43827,0,0,33475
146400,0,0,-1,-1,-1,0,43209,0,0,33477
146401,0,0,0,20000,-1,0,43232,0,0,33486
146402,0,0,0,-1,-1,0,43490,0,0,33780
146403,0,0,0,300000,-1,0,49859,0,0,33796
146404,0,0,0,10000,-1,0,43666,0,0,33806
146408,0,0,0,-1,-1,0,45942,0,0,34968
146427,0,0,0,5000,-1,0,43089,0,0,33339
146428,0,0,0,5000,-1,0,43102,0,0,33340
146429,0,0,0,1000,-1,0,43051,0,0,33341
146430,0,0,0,1000,-1,0,43036,0,0,33342
146431,0,0,0,1000,-1,0,43057,0,0,33343
146432,0,0,0,60000,-1,0,43692,0,0,33819
146433,0,0,0,1000,-1,0,50133,0,0,33960
146434,0,0,-1,0,1000,11,45548,0,0,34747
146435,0,0,-1,0,1000,11,57110,0,0,34748
146436,0,0,0,0,100000,1167,45958,0,0,34971
146437,0,0,0,5000,-1,0,45980,0,0,34973
146457,0,0,0,1000,-1,0,49625,0,0,33344
146458,0,0,0,5000,-1,0,43089,0,0,33346
146459,0,0,0,-1,-1,0,43955,0,0,34013
146460,0,0,0,-1,-1,0,43973,0,0,34023
146461,0,0,0,-1,-1,0,43972,0,0,34024
146462,0,0,0,-1,-1,0,43969,0,0,34026
146463,0,0,0,0,60000,1167,44942,0,0,34260
146464,0,0,-1,0,1000,11,57138,0,0,34749
146465,0,0,-1,0,1000,11,57285,0,0,34750
146466,0,0,-1,0,1000,11,57287,0,0,34751
146467,0,0,-1,0,1000,11,57289,0,0,34752
146468,0,0,-1,0,1000,11,57301,0,0,34753
146469,0,0,-1,0,1000,11,57324,0,0,34754
146470,0,0,0,15000,-1,0,45990,0,0,34975
146471,0,0,-1,-1,-1,0,45995,0,0,34978
146472,0,0,0,0,10000,1167,46010,0,0,34979
146477,0,0,-1,-1,-1,0,47970,0,0,35688
146490,0,0,0,2000,0,1170,43115,0,0,33349
146491,0,2,0,-1,-1,0,16916,0,0,33350
146492,0,0,-1,-1,-1,0,43214,0,0,33352
146493,0,0,0,-1,-1,0,43286,0,0,33554
146494,0,0,0,0,30000,1164,50331,0,0,34032
146495,0,0,-1,-1,-1,0,45274,0,0,34598
146496,0,0,-1,0,1000,11,57326,0,0,34755
146497,0,0,-1,0,1000,11,57328,0,0,34756
146498,0,0,-1,0,1000,11,57331,0,0,34757
146499,0,0,-1,0,1000,11,57333,0,0,34758
146500,0,0,-1,0,1000,11,57070,0,0,34759
146501,0,0,-1,0,1000,11,57070,0,0,34760
146502,0,0,0,15000,-1,0,46017,0,0,34981
146503,0,0,0,5000,-1,0,46023,0,0,35116
146509,0,0,0,2000,-1,0,46793,0,0,35690
146510,0,0,0,5000,5000,0,46797,0,0,35704
146511,0,0,-1,-1,-1,0,3366,0,0,35705
146514,0,0,0,60000,-1,0,47130,0,0,35837
146515,0,0,0,-1,-1,0,47159,0,0,35838
146521,1,0,0,120000,20000,1141,47215,0,0,35935
146522,0,0,0,15000,0,0,43178,0,0,33563
146523,0,0,0,-1,-1,0,45278,0,0,34620
146524,0,0,0,0,10000,1167,45323,0,0,34624
146525,0,0,-1,0,1000,11,57070,0,0,34761
146526,0,0,-1,0,1000,11,57085,0,0,34762
146527,0,0,-1,0,1000,11,57096,0,0,34763
146528,0,0,-1,0,1000,11,57098,0,0,34764
146529,0,0,-1,0,1000,11,57106,0,0,34765
146530,0,0,-1,0,1000,11,57335,0,0,34766
146531,0,0,0,15000,-1,0,53326,0,0,35121
146536,0,0,-1,0,0,0,46831,0,0,35715
146537,0,0,0,120000,-1,0,46849,0,0,35718
146542,0,0,0,120000,20000,1141,47217,0,0,35937
146544,0,0,-1,-1,-1,0,47256,0,0,35941
146545,0,0,0,6000,-1,0,47166,0,0,35943
146546,0,0,-1,0,0,0,59926,0,0,33567
146547,0,0,0,0,60000,1167,44117,0,0,34051
146548,0,0,-1,1000,0,0,61755,0,0,34053
146549,0,0,-1,1000,-1,0,44122,0,0,34055
146550,0,0,-1,1000,-1,0,44123,0,0,34056
146551,0,0,-1,0,1000,11,57341,0,0,34767
146552,0,0,-1,0,1000,11,57343,0,0,34768
146553,0,0,-1,0,1000,11,57344,0,0,34769
146555,0,0,-1,-1,-1,0,45583,0,0,34772
146556,0,0,0,30000,-1,0,46078,0,0,35125
146557,0,0,0,0,15000,391,46085,0,0,35127
146564,0,0,-1,-1,-1,0,47005,0,0,35734
146566,0,0,0,120000,-1,0,47042,0,0,35736
146569,0,0,0,-1,-1,0,47170,0,0,35850
146570,0,0,0,300000,-1,0,47276,0,0,35944
146571,0,0,-1,-1,-1,0,47228,0,0,35946
146572,0,0,-1,0,1000,11,45548,0,0,35947
146573,0,0,-1,0,1000,11,45548,0,0,35948
146574,0,0,-1,0,1000,11,43180,0,0,35949
146575,0,0,-1,0,1000,11,45548,0,0,35950
146576,0,0,0,1000,-1,0,42406,0,0,33098
146577,0,0,0,10000,-1,0,43315,0,0,33581
146579,0,0,-3,6000,-1,0,44235,0,0,34076
146580,0,0,0,-1,-1,0,44002,0,0,34078
146581,0,0,0,15000,-1,0,46171,0,0,35224
146582,0,0,0,0,15000,391,46201,0,0,35228
146584,0,0,-1,500,-1,0,56040,0,0,35622
146585,0,0,-1,500,-1,0,56045,0,0,35623
146586,0,0,-1,500,-1,0,56041,0,0,35624
146587,0,0,-1,500,-1,0,56043,0,0,35625
146588,0,0,0,-1,-1,0,47039,0,0,35739
146590,0,0,-1,0,1000,11,45548,0,0,35951
146591,0,0,-1,0,1000,11,45548,0,0,35952
146592,0,0,-1,0,1000,11,45548,0,0,35953
146593,0,0,-1,0,1000,59,27089,0,0,35954
146594,0,0,0,10000,-1,0,40969,0,0,33119
146595,0,0,0,-1,-1,0,43333,0,0,33604
146596,0,1,0,-1,-1,0,50002,0,0,34082
146597,0,0,-1,5000,-1,0,50165,0,0,34083
146598,0,0,0,30000,30000,0,45594,0,0,34779
146599,0,0,0,10000,10000,0,45606,0,0,34781
146600,0,1,0,-1,-1,0,45614,0,0,34782
146601,0,0,0,60000,-1,0,46338,0,0,35272
146602,0,0,0,20000,-1,0,46361,0,0,35278
146603,0,0,0,30000,-1,0,46379,0,0,35281
146604,0,0,-1,-1,-1,0,46387,0,0,35288
146605,0,0,-1,500,-1,0,56044,0,0,35627
146607,0,0,0,0,10000,1167,47058,0,0,35746
146615,0,0,0,10000,-1,0,40978,0,0,33129
146616,0,0,-1,-1,-1,0,49736,0,0,37925
146617,0,0,-1,0,120000,4,49748,0,0,37926
146618,0,0,0,5000,-1,0,48974,0,0,37932
146619,0,0,0,0,15000,1164,47304,0,0,36738
146620,0,0,-1,0,1000,11,35270,0,0,36831
146621,0,0,0,30000,-1,0,47701,0,0,36834
146624,0,1,0,-1,-1,0,50929,0,0,37018
146630,0,1,0,-1,-1,0,60510,0,0,37111
146633,0,0,-1,1000,-1,0,48290,0,0,37202
146645,0,0,0,-1,-1,0,48625,0,0,37358
146650,0,0,0,60000,-1,0,48711,0,0,37445
146657,1,0,0,120000,20000,1141,48846,0,0,37555
146661,0,0,-1,-1,-1,0,3366,0,0,37742
146669,0,0,0,0,60000,1149,49817,0,0,37933
146675,0,0,0,0,10000,1167,47058,0,0,36745
146676,0,0,0,5000,-1,0,47097,0,0,36747
146677,0,0,0,-1,-1,0,47702,0,0,36835
146678,0,0,-1,-1,-1,0,483,0,0,36837
146679,1,6,0,-1,-1,0,7867,0,0,36837
146680,0,0,-1,-1,-1,0,483,0,0,36838
146681,1,6,0,-1,-1,0,7867,0,0,36838
146682,0,0,-1,-1,-1,0,483,0,0,36839
146683,1,6,0,-1,-1,0,7867,0,0,36839
146693,0,0,-1,1200000,1200000,1229,48129,0,0,37118
146703,0,0,0,5000,-1,0,48427,0,0,37300
146711,0,0,-1,0,3000,79,48719,0,0,37449
146715,0,0,-1,0,1000,11,43180,0,0,37452
146717,0,0,0,120000,20000,1141,48847,0,0,37556
146718,0,0,0,120000,20000,1141,48848,0,0,37557
146719,1,0,0,120000,20000,1141,48855,0,0,37558
146721,1,1,0,-1,-1,0,54738,0,0,37559
146722,1,0,0,120000,20000,1141,48865,0,0,37560
146724,0,0,0,120000,20000,1141,48867,0,0,37561
146728,0,1,0,-1,-1,0,60519,0,0,37657
146743,0,0,0,5000,-1,0,47374,0,0,36751
146744,0,0,-1,0,0,0,483,0,0,36840
146745,1,6,0,0,0,0,7867,0,0,36840
146746,0,0,-1,-1,-1,0,483,0,0,36841
146747,1,6,0,-1,-1,0,17557,0,0,36841
146748,0,0,-1,-1,-1,0,483,0,0,36842
146749,1,6,0,-1,-1,0,17557,0,0,36842
146750,0,0,-1,-1,-1,0,483,0,0,36843
146751,1,6,0,-1,-1,0,17557,0,0,36843
146752,0,0,0,-1,-1,0,47935,0,0,36935
146753,0,0,0,15000,-1,0,47794,0,0,36936
146764,0,0,0,5000,-1,0,48455,0,0,37304
146765,0,0,0,5000,-1,0,48481,0,0,37306
146776,0,0,-1,0,5000,1149,48731,0,0,37459
146777,0,0,0,120000,20000,1141,48868,0,0,37562
146778,1,0,0,120000,20000,1141,48874,0,0,37563
146782,0,1,0,-1,-1,0,60473,0,0,37660
146783,0,0,0,5000,5000,0,49097,0,0,37661
146784,0,5,-1,-1,-1,0,49163,0,0,37664
146793,0,1,0,-1,-1,0,49622,0,0,37835
146801,0,0,-1,-1,-1,0,483,0,0,36844
146802,1,6,0,-1,-1,0,17557,0,0,36844
146803,0,0,-1,0,3000,79,11328,0,0,36845
146804,0,0,0,-1,-1,0,47722,0,0,36847
146805,0,0,0,-1,-1,0,50342,0,0,36849
146806,0,0,0,-1,-1,0,50342,0,0,36850
146808,0,1,0,-1,-1,0,43827,0,0,36942
146816,0,0,0,-1,-1,0,48046,0,0,37125
146817,0,0,-1,-1,-1,0,48188,0,0,37129
146821,0,1,0,-1,-1,0,60221,0,0,37220
146824,0,0,0,-1,-1,0,48549,0,0,37307
146825,0,0,0,5000,-1,0,48603,0,0,37314
146828,0,0,-1,-1,-1,0,51355,0,0,37372
146834,0,0,-1,300000,60000,94,48739,0,0,37464
146835,0,0,0,0,10000,1149,48741,0,0,37465
146836,0,0,0,15000,-1,0,48812,0,0,37568
146837,0,0,-1,-1,-1,0,48810,0,0,37570
146840,0,0,0,3000,-1,0,49134,0,0,37665
146863,0,0,-1,-1,-1,0,47412,0,0,36760
146865,0,0,0,30000,-1,0,47394,0,0,36764
146866,0,0,0,-1,-1,0,50342,0,0,36851
146897,0,0,0,15000,-1,0,48845,0,0,37576
146898,0,5,0,-1,-1,0,48864,0,0,37577
146899,1,0,0,0,60000,1149,48866,0,0,37577
146900,1,0,0,120000,20000,1141,48875,0,0,37578
146912,0,0,0,120000,20000,1141,60521,0,0,37844
146920,0,0,-1,-1,-1,0,47430,0,0,36770
146921,0,0,0,15000,-1,0,47778,0,0,36859
146922,0,0,-1,500,-1,0,56042,0,0,36860
146926,0,0,-1,-1,-1,0,47965,0,0,36955
146927,0,0,0,-1,-1,0,46770,0,0,36956
146928,0,0,0,-1,-1,0,48046,0,0,37045
146937,0,0,-1,-1,-1,0,48221,0,0,37140
146941,0,0,-1,-1,-1,0,48234,0,0,37143
146950,0,0,0,300000,-1,0,48679,0,0,37381
146959,0,0,0,1500,0,0,48929,0,0,37589
146983,0,0,0,10000,-1,0,47431,0,0,36771
146984,0,0,0,0,180000,1149,47423,0,0,36774
146985,0,0,0,15000,-1,0,47435,0,0,36775
146986,0,0,0,10000,0,0,47776,0,0,36862
146987,0,0,0,10000,0,0,47770,0,0,36863
146988,0,0,0,120000,-1,0,48328,0,0,36864
146989,0,0,0,30000,-1,0,47910,0,0,36865
146991,0,0,-1,-1,-1,0,47998,0,0,36960
146995,0,0,-1,-1,-1,0,48239,0,0,37145
146996,0,0,-1,-1,-1,0,48240,0,0,37147
147003,0,0,-1,-1,-1,0,483,0,0,37326
147004,1,6,0,-1,-1,0,44593,0,0,37326
147005,0,0,-1,0,0,0,483,0,0,37327
147006,1,6,0,0,0,0,44595,0,0,37327
147011,0,1,0,-1,-1,0,60301,0,0,37390
147019,0,5,0,-1,-1,0,140453,0,0,37601
147042,0,0,0,300000,-1,0,47455,0,0,36777
147043,0,0,0,5000,-1,0,47469,0,0,36779
147048,0,0,-1,-1,-1,0,48006,0,0,36963
147049,0,0,-1,-1,-1,0,48001,0,0,36964
147050,0,0,-1,-1,-1,0,48002,0,0,36965
147051,0,0,-1,-1,-1,0,48003,0,0,36966
147069,0,0,-1,-1,-1,0,483,0,0,37328
147071,0,0,-1,-1,-1,0,483,0,0,37329
147072,1,6,0,-1,-1,0,44510,0,0,37329
147083,0,0,-1,0,0,0,27951,0,0,37603
147094,0,0,0,10000,-1,0,49461,0,0,37859
147095,0,0,0,10000,-1,0,49462,0,0,37860
147103,0,0,-1,-1,-1,0,57844,0,0,36781
147105,0,0,-1,-1,-1,0,47530,0,0,36786
147106,0,0,0,10000,-1,0,47542,0,0,36787
147107,0,0,0,90000,15000,1141,47806,0,0,36871
147108,2,0,0,120000,20000,1141,47807,0,0,36872
147110,0,0,-1,-1,-1,0,48052,0,0,36873
147111,0,0,0,120000,20000,1141,47816,0,0,36874
147112,0,0,-1,-1,-1,0,48004,0,0,36967
147113,0,0,-1,-1,-1,0,48005,0,0,36968
147114,0,0,-1,-1,-1,0,48006,0,0,36970
147116,0,0,0,120000,20000,1141,60471,0,0,36972
147117,0,0,-1,-1,-1,0,48061,0,0,37063
147118,0,1,0,-1,-1,0,60306,0,0,37064
147121,0,0,-1,-1,-1,0,48235,0,0,37156
147122,0,0,-1,-1,-1,0,48236,0,0,37157
147123,0,0,-1,-1,-1,0,48238,0,0,37158
147124,0,0,-1,-1,-1,0,48244,0,0,37159
147125,0,0,-1,-1,-1,0,48242,0,0,37160
147172,0,0,0,30000,-1,0,48064,0,0,37071
147175,0,0,0,120000,20000,1141,60305,0,0,37166
147177,0,0,-1,0,1000,11,43180,0,0,37252
147178,0,0,-1,0,1000,59,27089,0,0,37253
147179,0,0,0,3600000,300000,102,48332,0,0,37254
147183,0,0,-1,-1,-1,0,483,0,0,37335
147184,1,6,0,-1,-1,0,44500,0,0,37335
147185,0,0,-1,-1,-1,0,483,0,0,37336
147186,1,6,0,-1,-1,0,47766,0,0,37336
147203,0,0,-1,500,-1,0,49234,0,0,37700
147204,0,0,-1,500,-1,0,49248,0,0,37701
147208,0,0,0,120000,20000,1141,60215,0,0,37872
147209,0,0,0,120000,20000,1141,60480,0,0,37873
147218,0,0,0,10000,-1,0,47604,0,0,36796
147219,1,0,-3,0,120000,100,5405,0,0,36799
147239,0,0,0,5000,-1,0,48345,0,0,37259
147240,0,0,-1,-1,-1,0,483,0,0,37337
147241,1,6,0,-1,-1,0,44616,0,0,37337
147242,0,0,-1,-1,-1,0,483,0,0,37338
147243,1,6,0,-1,-1,0,44630,0,0,37338
147251,0,0,0,10000,-1,0,49075,0,0,37621
147255,0,0,-1,500,-1,0,49244,0,0,37702
147256,0,0,-1,500,-1,0,49246,0,0,37703
147257,0,0,-1,500,-1,0,49247,0,0,37704
147258,0,0,-1,500,-1,0,49245,0,0,37705
147259,0,0,0,-1,-1,0,49266,0,0,37708
147265,0,0,0,6000,-1,0,49546,0,0,37877
147266,0,0,0,5000,5000,0,50166,0,0,37878
147267,0,0,0,10000,-1,0,49566,0,0,37881
147293,0,0,0,5000,5000,0,48218,0,0,37173
147300,0,1,0,-1,-1,0,60482,0,0,37264
147301,0,0,-6,10000,-1,0,48359,0,0,37265
147302,0,0,-1,-1,-1,0,483,0,0,37339
147303,1,6,0,-1,-1,0,44621,0,0,37339
147304,0,0,-1,-1,-1,0,483,0,0,37340
147305,1,6,0,-1,-1,0,44588,0,0,37340
147320,0,0,-1,-1,-1,0,3366,0,0,37711
147328,0,0,0,5000,-1,0,49587,0,0,37887
147335,0,0,-5,0,1000,79,47904,0,0,36899
147340,0,0,0,120000,-1,0,60214,0,0,36993
147347,0,0,-1,-1,-1,0,483,0,0,37341
147348,1,6,0,-1,-1,0,44589,0,0,37341
147349,0,0,-1,-1,-1,0,483,0,0,37342
147350,1,6,0,-1,-1,0,44612,0,0,37342
147351,0,0,-1,-1,-1,0,483,0,0,37343
147352,1,6,0,-1,-1,0,44633,0,0,37343
147372,0,0,0,5000,-1,0,49319,0,0,37716
147378,0,0,0,10000,-1,0,49345,0,0,37815
147380,0,0,0,10000,-1,0,49590,0,0,37888
147388,0,0,0,10000,-1,0,47634,0,0,36815
147394,0,0,-1,1000,-1,0,48099,0,0,37091
147395,0,0,-1,1000,-1,0,48100,0,0,37092
147396,0,0,-1,1000,-1,0,48101,0,0,37093
147397,0,0,-1,1000,-1,0,48102,0,0,37094
147403,0,0,0,5000,-1,0,48268,0,0,37187
147411,0,0,-1,-1,-1,0,483,0,0,37344
147412,1,6,0,-1,-1,0,44524,0,0,37344
147413,0,0,-1,-1,-1,0,483,0,0,37345
147414,1,6,0,-1,-1,0,44513,0,0,37345
147415,0,0,-1,-1,-1,0,483,0,0,37346
147416,1,6,0,-1,-1,0,44598,0,0,37346
147429,0,0,0,180000,-1,0,60180,0,0,37638
147431,0,0,0,120000,20000,1141,60299,0,0,37723
147434,0,0,0,-1,-1,0,47291,0,0,36726
147435,0,0,0,0,2000,1149,47627,0,0,36818
147441,0,0,-1,1000,-1,0,48103,0,0,37097
147442,0,0,-1,1000,-1,0,48104,0,0,37098
147454,0,0,-1,0,0,0,483,0,0,37347
147455,1,6,0,0,0,0,44591,0,0,37347
147456,0,0,-1,0,0,0,483,0,0,37348
147457,1,6,0,0,0,0,47898,0,0,37348
147458,0,0,-1,0,0,0,483,0,0,37349
147459,1,6,0,0,0,0,44631,0,0,37349
147460,0,0,-1,3000,-1,0,48650,0,0,37431
147466,0,0,0,30000,-1,0,48790,0,0,37539
147468,0,0,0,-1,-1,0,48794,0,0,37542
147475,0,0,-1,1500,-1,0,49349,0,0,37727
147478,0,0,0,210000,-1,0,49890,0,0,37923
147479,0,0,0,2000,-1,0,47305,0,0,36732
147480,0,0,0,120000,-1,0,47919,0,0,36734
147481,0,0,0,-1,-1,0,50251,0,0,36827
147482,0,0,0,10000,-1,0,48021,0,0,37006
147486,0,0,-1,-1,-1,0,47978,0,0,37013
147493,0,0,-2,6000,-1,0,48252,0,0,37198
147498,0,0,0,0,30000,1149,48388,0,0,37287
147505,0,0,0,5000,-1,0,48712,0,0,37438
147521,0,0,0,120000,-1,0,60517,0,0,37734
147522,0,0,-1,-1,-1,0,483,0,0,44487
147523,1,6,0,-1,-1,0,60714,0,0,44487
147524,0,0,-1,0,0,0,483,0,0,44488
147525,1,6,0,0,0,0,47899,0,0,44488
147526,0,0,-1,0,0,0,483,0,0,44489
147527,1,6,0,0,0,0,60692,0,0,44489
147528,0,0,-1,0,0,0,483,0,0,44491
147529,1,6,0,0,0,0,47901,0,0,44491
147530,0,0,-1,-1,-1,0,483,0,0,44492
147531,1,6,0,-1,-1,0,59621,0,0,44492
147532,0,0,-1,-1,-1,0,483,0,0,44494
147533,1,6,0,-1,-1,0,44576,0,0,44494
147534,0,0,-1,-1,-1,0,483,0,0,44495
147535,1,6,0,-1,-1,0,59625,0,0,44495
147536,0,0,-1,-1,-1,0,483,0,0,44496
147537,1,6,0,-1,-1,0,59619,0,0,44496
147538,0,0,-1,0,0,0,483,0,0,44498
147539,1,6,0,0,0,0,60767,0,0,44498
147540,0,0,-1,-1,-1,0,483,0,0,44472
147541,1,6,0,-1,-1,0,47898,0,0,44472
147542,0,0,-1,-1,-1,0,483,0,0,44473
147543,1,6,0,-1,-1,0,44595,0,0,44473
147544,0,0,-1,-1,-1,0,483,0,0,44483
147545,1,6,0,-1,-1,0,60691,0,0,44483
147546,0,0,-1,-1,-1,0,483,0,0,44484
147547,1,6,0,-1,-1,0,44575,0,0,44484
147548,0,0,-1,0,0,0,483,0,0,44485
147549,1,6,0,0,0,0,44625,0,0,44485
147550,0,0,-1,-1,-1,0,483,0,0,44486
147551,1,6,0,-1,-1,0,60707,0,0,44486
147552,0,0,-1,-1,-1,0,483,0,0,45059
147553,1,6,0,-1,-1,0,62948,0,0,45059
147554,0,0,-1,-1,3000,330,55884,0,0,45801
147555,1,6,0,-1,-1,0,63956,0,0,45801
147556,0,0,-1,-1,-1,0,483,0,0,46027
147557,1,6,0,-1,-1,0,64441,0,0,46027
147558,0,0,-1,-1,-1,0,483,0,0,46348
147559,1,6,0,-1,-1,0,64579,0,0,46348
147560,0,5,-1,-1,-1,0,69510,0,0,49661
147561,0,0,-1,-1,3000,330,55884,0,0,51954
147562,1,6,0,-1,-1,0,72808,0,0,51954
147563,0,0,-1,-1,3000,330,55884,0,0,51955
147564,1,6,0,-1,-1,0,72807,0,0,51955
147594,0,1,0,-1,-1,0,370919,0,0,23705
147886,0,1,0,-1,-1,0,372857,0,0,191481
165718,1,6,0,-1,-1,0,470,0,0,2411
165719,1,6,0,0,0,0,580,0,0,1132
165720,1,6,0,0,0,0,581,0,0,1133
165721,1,6,0,0,0,0,459,0,0,1134
165722,2,0,0,1800000,0,0,17712,0,0,833
165724,0,0,0,-1,-1,0,7,0,0,192
165725,0,0,100,-1,-1,0,7,0,0,17
165726,0,0,-1,-1,-1,0,58172,0,0,5523
165729,1,6,0,-1,-1,0,6899,0,0,5872
165730,1,6,0,-1,-1,0,6898,0,0,5873
165731,1,6,0,-1,-1,0,6896,0,0,5874
165732,1,6,0,-1,-1,0,6897,0,0,5875
165734,1,6,0,-1,-1,0,471,0,0,2413
165735,1,6,0,-1,-1,0,6648,0,0,5655
165736,1,6,0,-1,-1,0,4055,0,0,4401
165737,1,6,0,0,0,0,6654,0,0,5668
165738,0,0,-1,-1,-1,0,58168,0,0,5524
165739,1,6,0,-1,-1,0,472,0,0,2414
165741,0,0,-1,-1,-1,0,68417,0,0,5048
165742,1,6,0,-1,-1,0,10684,0,0,8495
165743,1,6,0,-1,-1,0,10711,0,0,8497
165744,1,6,0,-1,-1,0,10697,0,0,8499
165745,1,6,0,0,0,0,8395,0,0,8588
165746,1,6,0,0,0,0,10795,0,0,8589
165747,1,6,0,0,0,0,10798,0,0,8590
165748,0,1,0,-1,-1,0,63751,0,0,6786
165749,1,6,0,-1,-1,0,458,0,0,5656
165750,1,6,0,0,0,0,10796,0,0,8591
165751,1,6,0,0,0,0,10799,0,0,8592
165752,0,0,0,-1,-1,0,68417,0,0,5014
165753,0,0,-1,-1,-1,0,68417,0,0,5042
165754,1,6,0,-1,-1,0,10707,0,0,8500
165755,1,6,0,0,0,0,6653,0,0,5665
165756,0,0,-1,-1,-1,0,58165,0,0,7973
165757,1,6,0,-1,-1,0,10695,0,0,10822
165758,1,6,0,0,0,0,10792,0,0,8628
165759,1,6,0,-1,-1,0,10683,0,0,8492
165760,1,6,0,-1,-1,0,10709,0,0,10394
165761,1,6,0,-1,-1,0,10717,0,0,10392
165762,1,6,0,-1,-1,0,10688,0,0,10393
165763,1,6,0,-1,-1,0,10714,0,0,10360
165764,1,6,0,0,0,0,8980,0,0,8583
165765,1,6,0,-1,-1,0,10716,0,0,10361
165766,1,6,0,0,0,0,10788,0,0,8633
165767,1,6,0,0,0,0,579,0,0,5663
165768,1,6,0,-1,-1,0,10673,0,0,8485
165769,1,6,0,-1,-1,0,10674,0,0,8486
165770,1,6,0,-1,-1,0,10676,0,0,8487
165771,1,6,0,-1,-1,0,10706,0,0,8501
165772,1,6,0,0,0,0,10789,0,0,8632
165773,1,6,0,-1,-1,0,10675,0,0,8491
165774,1,6,0,0,0,0,10787,0,0,8627
165775,1,6,0,-1,-1,0,10678,0,0,8488
165776,1,6,0,-1,-1,0,10873,0,0,8563
165777,1,6,0,-1,-1,0,10679,0,0,8489
165778,1,6,0,-1,-1,0,10698,0,0,8498
165779,1,6,0,-1,-1,0,12243,0,0,10398
165780,1,6,0,-1,-1,0,15648,0,0,11903
165781,1,6,0,0,0,0,10790,0,0,8630
165782,1,6,0,-1,-1,0,10685,0,0,11023
165783,1,6,0,-1,-1,0,15048,0,0,11825
165785,1,6,0,-1,-1,0,15779,0,0,13326
165786,1,6,0,-1,-1,0,15999,0,0,12264
165787,1,6,0,0,0,0,17229,0,0,13086
165788,1,6,0,-1,-1,0,468,0,0,2415
165789,1,6,0,-1,-1,0,17454,0,0,13322
165790,1,6,0,0,0,0,17463,0,0,13332
165791,1,6,0,-1,-1,0,17481,0,0,13335
165792,1,6,0,0,0,0,16058,0,0,12325
165793,1,6,0,-1,-1,0,10682,0,0,8494
165794,1,6,0,0,0,0,16081,0,0,12351
165795,1,0,0,1500,-1,0,17567,0,0,12185
165796,1,6,0,-1,-1,0,10704,0,0,11026
165797,1,6,0,-1,-1,0,10703,0,0,11027
165798,1,6,0,-1,-1,0,10969,0,0,8595
165799,1,6,0,-1,-1,0,17458,0,0,13325
165800,1,6,0,-1,-1,0,17459,0,0,13327
165801,0,1,0,-1,-1,0,70313,0,0,12549
165802,1,6,0,0,0,0,16060,0,0,12327
165803,1,6,0,-1,-1,0,15067,0,0,11474
165804,1,6,0,-1,-1,0,17460,0,0,13329
165805,1,6,0,0,0,0,17462,0,0,13331
165806,1,6,0,-1,-1,0,16450,0,0,12529
165807,1,6,0,0,0,0,8394,0,0,8631
165808,1,6,0,0,0,0,16080,0,0,12330
165809,1,6,0,-1,-1,0,6777,0,0,5864
165810,1,6,0,-1,-1,0,10680,0,0,8496
165811,1,6,0,-1,-1,0,16083,0,0,12353
165813,1,6,0,-1,-1,0,17709,0,0,13582
165814,1,6,0,-1,-1,0,17708,0,0,13584
165815,1,6,0,0,0,0,16056,0,0,12302
165816,1,6,0,0,0,0,16055,0,0,12303
165817,1,6,0,-1,-1,0,15049,0,0,11826
165818,1,6,0,0,0,0,10793,0,0,8629
165819,1,6,0,-1,-1,0,13548,0,0,11110
165820,1,6,0,-1,-1,0,17455,0,0,13323
165821,1,6,0,-1,-1,0,17456,0,0,13324
165822,0,0,0,300000,0,0,62352,0,0,16608
165823,1,6,0,-1,-1,0,18990,0,0,15290
165824,1,6,0,0,0,0,17450,0,0,13317
165825,1,6,0,0,0,0,17464,0,0,13333
165826,1,6,0,0,0,0,17465,0,0,13334
165827,1,6,0,-1,-1,0,18989,0,0,15277
165828,1,6,0,-1,-1,0,17453,0,0,13321
165829,1,6,0,0,0,0,18363,0,0,14062
165830,1,6,0,-1,-1,0,10677,0,0,8490
165831,1,6,0,-1,-1,0,18991,0,0,15292
165832,0,0,-1,-1,-1,0,61898,0,0,15874
165833,1,6,0,0,0,0,16059,0,0,12326
165834,1,6,0,-1,-1,0,22720,0,0,18244
165835,1,6,0,-1,-1,0,23228,0,0,18778
165836,1,6,0,0,0,0,23246,0,0,18791
165837,1,6,0,0,0,0,23251,0,0,18797
165838,1,6,0,-1,-1,0,16082,0,0,16339
165839,1,6,0,0,0,0,22723,0,0,18242
165840,1,6,0,0,0,0,22722,0,0,18248
165841,1,6,0,0,0,0,22724,0,0,18245
165842,1,6,0,-1,-1,0,22718,0,0,18247
165843,1,6,0,-1,-1,0,23811,0,0,19450
165844,1,6,0,-1,-1,0,22719,0,0,18243
165845,1,6,0,-1,-1,0,458,0,0,16338
165846,0,0,-1,-1,-1,0,68417,0,0,17303
165847,1,6,0,-1,-1,0,23222,0,0,18774
165848,1,6,0,0,0,0,23219,0,0,18767
165849,1,6,0,-1,-1,0,25162,0,0,20769
165850,1,6,0,-1,-1,0,23530,0,0,19054
165851,0,1,0,-1,-1,0,61980,0,0,19028
165852,1,6,0,-1,-1,0,23509,0,0,19029
165853,1,6,0,-1,-1,0,23248,0,0,18795
165854,1,6,0,0,0,0,23338,0,0,18902
165855,1,6,0,0,0,0,16084,0,0,8586
165856,1,6,0,-1,-1,0,23223,0,0,18773
165857,1,6,0,-1,-1,0,23430,0,0,18967
165858,1,6,0,-1,-1,0,23227,0,0,18776
165859,1,6,0,0,0,0,23220,0,0,18768
165860,1,6,0,-1,-1,0,23225,0,0,18772
165861,1,6,0,-1,-1,0,23238,0,0,18786
165862,1,6,0,0,0,0,6654,0,0,16343
165863,1,6,0,-1,-1,0,22717,0,0,18241
165864,1,6,0,-1,-1,0,23531,0,0,19055
165865,0,0,-1,-1,-1,0,68417,0,0,17304
165866,1,6,0,-1,-1,0,23240,0,0,18785
165867,1,6,0,0,0,0,23250,0,0,18796
165868,1,6,0,0,0,0,23243,0,0,18790
165869,0,0,-1,-1,-1,0,68417,0,0,17307
165870,1,6,0,-1,-1,0,23239,0,0,18787
165871,1,6,0,0,0,0,23241,0,0,18788
165872,1,6,0,0,0,0,24252,0,0,19902
165873,1,6,0,-1,-1,0,23431,0,0,18966
165874,1,6,0,-1,-1,0,24696,0,0,20371
165875,1,6,0,0,0,0,23221,0,0,18766
165876,1,6,0,-1,-1,0,23432,0,0,18965
165877,1,6,0,0,0,0,23242,0,0,18789
165878,1,6,0,-1,-1,0,17461,0,0,13328
165879,1,6,0,-1,-1,0,19772,0,0,15996
165880,1,6,0,-1,-1,0,23247,0,0,18793
165881,1,6,0,-1,-1,0,23249,0,0,18794
165882,1,6,0,-1,-1,0,23229,0,0,18777
165883,1,6,0,0,0,0,23252,0,0,18798
165884,1,6,0,0,0,0,22721,0,0,18246
165885,1,6,0,-1,-1,0,23510,0,0,19030
165886,1,6,0,-1,-1,0,17707,0,0,13583
165887,0,0,-1,0,1000,11,70581,0,0,21821
165888,1,6,0,0,0,0,26056,0,0,21323
165889,1,6,0,0,0,0,26055,0,0,21324
165890,1,6,0,0,0,0,25953,0,0,21218
165891,1,6,0,-1,-1,0,23428,0,0,18963
165892,0,0,-1,0,1000,11,70580,0,0,21817
165893,0,0,-1,0,1000,11,70579,0,0,21818
165894,0,0,-1,0,1000,11,70578,0,0,21819
165895,0,0,-1,0,1000,11,70576,0,0,21820
165896,1,6,0,-1,-1,0,26010,0,0,21277
165897,1,6,0,-1,-1,0,26656,0,0,21176
165898,1,6,0,-1,-1,0,30174,0,0,23720
165899,1,6,0,-1,-1,0,23429,0,0,18964
165900,1,6,0,0,0,0,26054,0,0,21321
165901,1,6,0,-1,-1,0,26533,0,0,21301
165902,1,6,0,-1,-1,0,25849,0,0,21168
165903,1,6,0,-1,-1,0,28487,0,0,22780
165904,1,6,0,-1,-1,0,28505,0,0,22781
165905,1,6,0,-1,-1,0,30156,0,0,23713
165906,1,6,0,0,0,0,24242,0,0,19872
165907,1,6,0,-1,-1,0,26541,0,0,21305
165908,1,6,0,-1,-1,0,28738,0,0,23002
165909,1,6,0,-1,-1,0,25018,0,0,20651
165910,1,6,0,-1,-1,0,26529,0,0,21308
165913,1,6,0,-1,-1,0,27241,0,0,22114
165914,0,0,-1,0,1000,11,70577,0,0,21816
165915,1,6,0,-1,-1,0,26045,0,0,21309
165916,0,0,-1,-1,-1,0,68418,0,0,21830
165917,1,6,0,-1,-1,0,29059,0,0,23193
165918,1,6,0,-1,-1,0,28871,0,0,23083
165919,1,6,0,-1,-1,0,28740,0,0,23015
165920,1,6,0,-1,-1,0,28739,0,0,23007
165921,1,6,0,-1,-1,0,27570,0,0,22235
165922,1,6,0,-1,-1,0,30152,0,0,23712
165923,0,0,-1,0,1000,11,70575,0,0,21822
165924,0,0,-1,0,1000,11,70574,0,0,21823
165925,0,2,0,-1,-1,0,21992,0,0,171470
165927,1,6,0,0,0,0,34406,0,0,28481
165928,1,6,0,0,0,0,34407,0,0,28482
165929,1,6,0,-1,-1,0,33050,0,0,27445
165930,1,6,0,0,0,0,22723,0,0,29471
165931,1,6,0,-1,-1,0,35020,0,0,29220
165932,1,6,0,0,0,0,34897,0,0,29231
165933,1,6,0,-1,-1,0,35156,0,0,29363
165934,1,6,0,-1,-1,0,35239,0,0,29364
165935,1,6,0,-1,-1,0,22719,0,0,29465
165936,1,6,0,-1,-1,0,22718,0,0,29466
165937,1,6,0,-1,-1,0,22720,0,0,29467
165938,1,6,0,-1,-1,0,22717,0,0,29468
165939,1,6,0,0,0,0,22724,0,0,29469
165940,1,6,0,0,0,0,22722,0,0,29470
165941,1,6,0,0,0,0,22721,0,0,29472
165942,1,6,0,0,0,0,35711,0,0,29743
165943,1,6,0,0,0,0,35710,0,0,29744
165944,1,6,0,0,0,0,35713,0,0,29745
165945,1,6,0,0,0,0,35712,0,0,29746
165946,1,6,0,0,0,0,35714,0,0,29747
165947,1,6,0,-1,-1,0,35907,0,0,29901
165948,1,6,0,-1,-1,0,35909,0,0,29902
165949,1,6,0,-1,-1,0,35910,0,0,29903
165950,1,6,0,-1,-1,0,35911,0,0,29904
165951,1,6,0,0,0,0,39316,0,0,28915
165952,1,6,0,-1,-1,0,34795,0,0,28927
165953,1,6,0,0,0,0,33660,0,0,28936
165954,1,6,0,0,0,0,34896,0,0,29102
165955,1,6,0,0,0,0,34897,0,0,29103
165956,1,6,0,0,0,0,34898,0,0,29104
165957,1,6,0,0,0,0,34899,0,0,29105
165958,1,6,0,-1,-1,0,35022,0,0,29221
165959,1,6,0,-1,-1,0,35018,0,0,29222
165960,1,6,0,0,0,0,35025,0,0,29223
165961,1,6,0,0,0,0,35027,0,0,29224
165962,1,6,0,0,0,0,34896,0,0,29227
165963,1,6,0,0,0,0,34790,0,0,29228
165964,1,6,0,0,0,0,34898,0,0,29229
165965,1,6,0,0,0,0,34899,0,0,29230
165966,1,6,0,-1,-1,0,37015,0,0,30609
165967,2,5,-1,-1,-1,0,38132,0,0,31088
165968,1,6,0,-1,-1,0,36027,0,0,29953
165969,1,6,0,-1,-1,0,36028,0,0,29956
165970,1,6,0,-1,-1,0,36029,0,0,29957
165971,1,6,0,-1,-1,0,36031,0,0,29958
165972,1,6,0,-1,-1,0,36034,0,0,29960
165973,1,6,0,-1,-1,0,24988,0,0,30360
165974,1,6,0,-1,-1,0,36702,0,0,30480
165975,1,6,0,-1,-1,0,39709,0,0,32233
165978,1,6,0,-1,-1,0,39798,0,0,32314
165979,1,6,0,-1,-1,0,39801,0,0,32316
165980,1,6,0,-1,-1,0,40192,0,0,32458
165981,1,6,0,-1,-1,0,40319,0,0,32465
165982,1,6,0,-1,-1,0,39800,0,0,32317
165983,1,6,0,-1,-1,0,39803,0,0,32319
165984,1,6,0,-1,-1,0,40405,0,0,32498
165985,1,6,0,-1,-1,0,40614,0,0,32616
165986,1,6,0,-1,-1,0,40613,0,0,32617
165987,1,6,0,-1,-1,0,40634,0,0,32622
165988,1,6,0,-1,-1,0,40549,0,0,32588
165989,1,6,0,-1,-1,0,41252,0,0,32768
165990,1,6,0,-1,-1,0,38842,0,0,31665
165991,1,6,0,-1,-1,0,39181,0,0,31760
165992,1,6,0,0,0,0,39318,0,0,31833
165993,1,6,0,0,0,0,39318,0,0,31834
165994,1,6,0,0,0,0,39319,0,0,31835
165995,1,6,0,0,0,0,39315,0,0,31829
165996,1,6,0,0,0,0,39315,0,0,31830
165997,1,6,0,0,0,0,39319,0,0,31836
165998,1,6,0,0,0,0,39317,0,0,31831
165999,1,6,0,0,0,0,39317,0,0,31832
166000,1,6,0,-1,-1,0,43697,0,0,33816
166002,1,6,0,-1,-1,0,43698,0,0,33818
166003,1,6,0,-1,-1,0,43900,0,0,33977
166004,1,6,0,-1,-1,0,43918,0,0,33993
166005,1,6,0,0,0,0,44153,0,0,34060
166006,1,6,0,0,0,0,44151,0,0,34061
166007,1,6,0,-1,-1,0,44744,0,0,34092
166008,1,6,0,-1,-1,0,43899,0,0,33976
166009,1,6,0,-1,-1,0,43927,0,0,33999
166010,1,6,0,0,0,0,35028,0,0,34129
166011,1,6,0,-1,-1,0,54187,0,0,34425
166012,1,6,0,-1,-1,0,45082,0,0,34478
166013,1,6,0,-1,-1,0,45125,0,0,34492
166014,1,6,0,-1,-1,0,45127,0,0,34493
166016,1,6,0,-1,-1,0,45174,0,0,34518
166017,1,6,0,-1,-1,0,45175,0,0,34519
166019,1,6,0,-1,-1,0,10696,0,0,34535
166020,1,6,0,-1,-1,0,41516,0,0,32860
166021,1,6,0,-1,-1,0,41517,0,0,32861
166022,1,6,0,-1,-1,0,41518,0,0,32862
166023,1,6,0,-1,-1,0,41513,0,0,32857
166024,1,6,0,-1,-1,0,41514,0,0,32858
166025,1,6,0,-1,-1,0,41515,0,0,32859
166027,1,6,0,-1,-1,0,42609,0,0,33154
166028,1,6,0,0,0,0,42776,0,0,33224
166029,1,6,0,0,0,0,42777,0,0,33225
166030,1,6,0,-1,3000,0,48025,0,0,37012
166031,1,6,0,0,0,0,43688,0,0,33809
166032,1,6,0,-1,-1,0,48954,0,0,37598
166033,1,6,0,-1,-1,0,46199,0,0,35226
166034,1,6,0,-1,-1,0,49378,0,0,37827
166035,1,6,0,-1,-1,0,49379,0,0,37828
166036,1,6,0,0,0,0,51412,0,0,38576
166037,1,6,0,-1,-1,0,45890,0,0,34955
166038,1,6,0,-1,-1,0,49322,0,0,37719
166039,1,6,0,-1,-1,0,46425,0,0,35349
166040,1,6,0,-1,-1,0,46426,0,0,35350
166041,1,6,0,-1,-1,0,46197,0,0,35225
166042,1,6,0,0,0,0,46628,0,0,35513
166043,1,6,0,-1,-1,0,53082,0,0,39656
166044,1,6,0,0,0,0,48027,0,0,35906
166045,1,6,0,-1,-1,0,48406,0,0,37297
166046,1,6,0,-1,-1,0,48408,0,0,37298
166047,1,6,0,-1,-1,0,49964,0,0,38050
166048,1,6,0,-1,-1,0,49193,0,0,37676
166049,1,6,0,-1,-1,0,46599,0,0,35504
166050,1,6,0,-1,-1,0,51716,0,0,38628
166051,1,5,0,-1,-1,0,30645,0,0,23821
166053,1,6,0,-1,-1,0,32246,0,0,25477
166054,1,6,0,-1,-1,0,32290,0,0,25528
166055,1,6,0,-1,-1,0,32292,0,0,25529
166056,1,6,0,-1,-1,0,32296,0,0,25532
166057,1,6,0,-1,-1,0,32298,0,0,25535
166058,1,6,0,-1,-1,0,32235,0,0,25470
166059,1,6,0,-1,-1,0,32239,0,0,25471
166060,1,6,0,-1,-1,0,32240,0,0,25472
166061,1,6,0,-1,-1,0,32243,0,0,25474
166062,1,6,0,-1,-1,0,32244,0,0,25475
166063,1,6,0,-1,-1,0,32245,0,0,25476
166064,1,6,0,-1,-1,0,32345,0,0,25596
166065,1,6,0,-1,-1,0,32289,0,0,25527
166066,1,6,0,-1,-1,0,32297,0,0,25533
166067,0,0,-1,-1,-1,0,58160,0,0,24476
166072,1,6,0,-1,-1,0,32295,0,0,25531
166073,1,6,0,-1,-1,0,39802,0,0,32318
166074,1,6,0,-1,-1,0,32242,0,0,25473
166075,1,6,0,-1,-1,0,18992,0,0,15293
166076,1,6,0,-1,-1,0,16082,0,0,12354
166083,1,6,0,-1,-1,0,330659,0,0,180089
166085,1,6,0,-1,-1,0,348459,0,0,184865
166295,0,0,-1,1000,-1,0,55884,0,0,193837
166296,1,6,0,-1,-1,0,375473,0,0,193837
166459,0,6,0,-1,-1,0,376324,0,0,194101
166726,0,0,-1,-1,-1,0,55884,0,0,194518
166727,1,6,0,-1,-1,0,377159,0,0,194518
170027,0,0,0,-1,-1,0,383268,0,0,198428
170198,0,0,-1,-1,3000,330,55884,0,0,198628
170199,1,6,0,-1,-1,0,387311,0,0,198628
170200,0,0,-1,-1,3000,330,55884,0,0,198629
170201,1,6,0,-1,-1,0,387323,0,0,198629
170202,0,0,-1,-1,3000,330,55884,0,0,198630
170203,1,6,0,-1,-1,0,387320,0,0,198630
170205,0,0,-1,-1,3000,330,55884,0,0,198631
170206,1,6,0,-1,-1,0,387308,0,0,198631
170207,0,0,-1,-1,3000,330,55884,0,0,198632
170208,1,6,0,-1,-1,0,387319,0,0,198632
170209,0,0,-1,-1,3000,330,55884,0,0,198633
170210,1,6,0,-1,-1,0,387321,0,0,198633
170211,0,0,-1,-1,-1,0,55884,0,0,198634
170212,1,6,0,-1,-1,0,387330,0,0,198634
170213,0,0,-1,-1,-1,0,55884,0,0,198635
170214,1,6,0,-1,-1,0,387325,0,0,198635
170215,0,0,-1,-1,-1,0,55884,0,0,198636
170216,1,6,0,-1,-1,0,387332,0,0,198636
170217,0,0,-1,-1,-1,0,55884,0,0,198637
170218,1,6,0,-1,-1,0,387328,0,0,198637
170221,0,0,-1,-1,-1,0,55884,0,0,198638
170222,1,6,0,-1,-1,0,387329,0,0,198638
170223,0,0,-1,-1,-1,0,55884,0,0,198639
170224,1,6,0,-1,-1,0,387326,0,0,198639
170225,0,0,-1,-1,-1,0,55884,0,0,198640
170226,1,6,0,-1,-1,0,387331,0,0,198640
170227,0,0,0,600000,0,0,387422,0,0,198641
170228,0,0,0,300000,-1,0,387424,0,0,198642
170229,0,0,0,60000,-1,0,387426,0,0,198643
170230,0,0,0,30000,0,0,387425,0,0,198644
170710,0,1,0,-1,-1,0,17367,0,0,199327
170711,0,0,-1,3600000,3600000,94,387060,0,0,199335
170712,0,0,-1,3600000,3600000,94,387064,0,0,199336
170910,0,1,0,-1,-1,0,17367,0,0,199463
170912,0,1,0,-1,-1,0,9397,0,0,199471
170913,0,1,0,-1,-1,0,14047,0,0,199334
170914,0,1,0,-1,-1,0,14047,0,0,199469
170915,0,1,0,-1,-1,0,18050,0,0,199470
170918,0,1,0,-1,-1,0,14047,0,0,199328
170919,0,1,0,-1,-1,0,14047,0,0,199330
170920,0,1,0,-1,-1,0,9397,0,0,199333
170921,0,1,0,-1,-1,0,14047,0,0,199464
170922,0,1,0,-1,-1,0,14047,0,0,199466
170923,0,1,0,-1,-1,0,9332,0,0,199478
170924,0,1,0,-1,-1,0,14049,0,0,199479
170925,0,1,0,-1,-1,0,14049,0,0,199481
170926,0,1,0,-1,-1,0,14049,0,0,199484
170927,0,1,0,-1,-1,0,9141,0,0,199485
170928,0,1,0,-1,-1,0,17367,0,0,199486
170929,0,1,0,-1,-1,0,14047,0,0,199487
170930,0,1,0,-1,-1,0,14047,0,0,199489
170931,0,1,0,-1,-1,0,9397,0,0,199492
170932,0,1,0,-1,-1,0,14047,0,0,199493
170933,0,1,0,-1,-1,0,9332,0,0,199494
170934,0,1,0,-1,-1,0,14049,0,0,199495
170935,0,1,0,-1,-1,0,14049,0,0,199497
170936,0,1,0,-1,-1,0,9141,0,0,199500
170937,0,1,0,-1,-1,0,14049,0,0,199501
170943,0,1,0,-1,-1,0,17367,0,0,199511
170944,0,1,0,-1,-1,0,14047,0,0,199512
170945,0,1,0,-1,-1,0,9397,0,0,199514
170947,0,1,0,-1,-1,0,14047,0,0,199516
170948,0,1,0,-1,-1,0,18050,0,0,199519
170949,0,1,0,-1,-1,0,15807,0,0,199520
170950,0,1,0,-1,-1,0,18050,0,0,199522
170951,0,1,0,-1,-1,0,15814,0,0,199523
170952,0,1,0,-1,-1,0,15814,0,0,199525
170956,0,0,0,600000,0,0,423330,0,0,199530
170965,1,0,0,120000,20000,1141,48863,0,0,199529
170966,0,0,0,120000,20000,1141,48847,0,0,199527
170967,0,0,0,120000,15000,1141,36372,0,0,199528
171004,0,1,0,-1,-1,0,352515,0,0,199722
171006,0,1,0,-1,-1,0,14047,0,0,199747
171011,0,0,0,-1,-1,0,388074,0,0,199751
171026,0,0,-1,3600000,3600000,94,388098,0,0,199777
171027,0,0,-1,3600000,3600000,94,388099,0,0,199778
171100,0,1,0,-1,-1,0,42098,0,0,199508
171113,0,1,0,-1,-1,0,15809,0,0,199721
171114,0,1,0,-1,-1,0,15809,0,0,199716
171115,0,1,0,-1,-1,0,15809,0,0,199717
171117,0,1,0,-1,-1,0,9336,0,0,199714
171118,0,1,0,-1,-1,0,15809,0,0,199713
171119,0,1,0,-1,-1,0,15809,0,0,199723
171120,0,1,0,-1,-1,0,15809,0,0,199725
171132,0,1,0,-1,-1,0,21360,0,0,199718
171133,1,1,0,-1,-1,0,28141,0,0,199718
171134,0,1,0,-1,-1,0,28141,0,0,199709
171135,0,1,0,-1,-1,0,21625,0,0,199720
171136,0,1,0,-1,-1,0,28141,0,0,199712
171137,0,1,0,-1,-1,0,21618,0,0,199711
171138,0,1,0,-1,-1,0,28840,0,0,199715
171144,0,0,-1,3600000,3600000,94,388616,0,0,200068
171209,0,1,0,-1,-1,0,15814,0,0,200235
171222,0,1,0,-1,-1,0,18050,0,0,199710
171223,0,1,0,-1,-1,0,17367,0,0,199329
171224,0,1,0,-1,-1,0,17367,0,0,199513
171225,0,1,0,-1,-1,0,17367,0,0,199488
171226,0,1,0,-1,-1,0,17367,0,0,199465
171228,0,1,0,-1,-1,0,17367,0,0,199490
171229,0,1,0,-1,-1,0,17367,0,0,199331
171230,0,1,0,-1,-1,0,17367,0,0,199517
171231,0,1,0,-1,-1,0,17367,0,0,199467
171233,1,1,0,-1,-1,0,14047,0,0,199720
171698,1,0,-1,-1,-1,0,55884,0,0,194101
172444,0,0,-1,1500,-1,0,397567,0,0,202195
174566,0,0,0,-1,-1,0,73287,0,0,3080
174567,0,0,-1,0,0,0,105518,0,0,6712
174568,0,0,-1,1500,-1,0,95968,0,0,12622
174569,0,0,0,-1,1000,0,97056,0,0,20391
174570,0,0,0,-1,1000,0,97055,0,0,20392
174571,0,0,0,-1,1000,0,97054,0,0,20561
174572,0,0,0,-1,1000,0,97035,0,0,20562
174573,0,0,0,-1,1000,0,97062,0,0,20563
174574,0,0,0,-1,1000,0,97063,0,0,20564
174575,0,0,0,-1,1000,0,97059,0,0,20565
174576,0,0,0,-1,1000,0,97061,0,0,20566
174577,0,0,0,-1,1000,0,97109,0,0,20567
174578,0,0,0,-1,1000,0,97111,0,0,20568
174579,0,0,0,-1,1000,0,97096,0,0,20569
174580,0,0,0,-1,1000,0,97097,0,0,20570
174581,0,0,0,-1,1000,0,97107,0,0,20571
174582,0,0,0,-1,1000,0,97108,0,0,20572
174583,0,0,0,-1,1000,0,97113,0,0,20573
174584,0,0,0,-1,1000,0,97112,0,0,20574
174585,0,0,0,-1,1000,0,97026,0,0,34000
174586,0,0,0,-1,1000,0,97033,0,0,34001
174587,0,0,0,-1,1000,0,97030,0,0,34002
174588,0,0,0,-1,1000,0,97034,0,0,34003
174589,0,0,-1,-1,-1,0,89375,0,0,37602
174590,0,0,-1,-1,-1,0,89375,0,0,39349
174591,0,0,-1,-1,-1,0,89375,0,0,39350
174592,1,6,-1,-1,-1,0,54854,0,0,40896
174593,1,6,-1,-1,-1,0,54858,0,0,40897
174594,1,6,-1,-1,-1,0,54856,0,0,40899
174595,1,6,-1,-1,-1,0,54857,0,0,40900
174596,1,6,-1,-1,-1,0,54859,0,0,40901
174597,1,6,-1,-1,-1,0,54860,0,0,40902
174598,1,6,-1,-1,-1,0,54863,0,0,40903
174599,1,6,-1,-1,-1,0,54864,0,0,40906
174600,1,6,-1,-1,-1,0,54865,0,0,40908
174601,1,6,-1,-1,-1,0,54866,0,0,40909
174602,1,6,-1,-1,-1,0,54867,0,0,40912
174603,1,6,-1,-1,-1,0,54868,0,0,40913
174604,1,6,-1,-1,-1,0,54869,0,0,40914
174605,1,6,-1,-1,-1,0,54870,0,0,40915
174606,1,6,-1,-1,-1,0,54871,0,0,40916
174607,1,6,-1,-1,-1,0,54872,0,0,40919
174608,1,6,-1,-1,-1,0,54873,0,0,40920
174609,1,6,-1,-1,-1,0,54874,0,0,40921
174610,1,6,-1,-1,-1,0,54875,0,0,40922
174611,1,6,-1,-1,-1,0,54876,0,0,40923
174612,1,6,-1,-1,-1,0,54877,0,0,40924
174613,1,6,-1,-1,-1,0,55003,0,0,41092
174614,1,6,-1,-1,-1,0,55109,0,0,41094
174615,1,6,-1,-1,-1,0,55110,0,0,41095
174616,1,6,-1,-1,-1,0,55111,0,0,41096
174617,1,6,-1,-1,-1,0,55112,0,0,41097
174618,1,6,-1,-1,-1,0,55113,0,0,41098
174619,1,6,-1,-1,-1,0,55114,0,0,41099
174620,1,6,-1,-1,-1,0,55115,0,0,41100
174621,1,6,-1,-1,-1,0,55116,0,0,41101
174622,1,6,-1,-1,-1,0,55117,0,0,41102
174623,1,6,-1,-1,-1,0,55118,0,0,41103
174624,1,6,-1,-1,-1,0,55119,0,0,41104
174625,1,6,-1,-1,-1,0,55120,0,0,41105
174626,1,6,-1,-1,-1,0,55121,0,0,41106
174627,1,6,-1,-1,-1,0,55122,0,0,41107
174628,1,6,-1,-1,-1,0,55123,0,0,41108
174629,1,6,-1,-1,-1,0,55124,0,0,41109
174630,1,6,-1,-1,-1,0,55125,0,0,41110
174631,1,6,-1,-1,-1,0,55537,0,0,41517
174632,1,6,-1,-1,-1,0,55538,0,0,41518
174633,1,6,-1,-1,-1,0,55539,0,0,41524
174634,1,6,-1,-1,-1,0,55540,0,0,41526
174635,1,6,-1,-1,-1,0,55541,0,0,41527
174636,1,6,-1,-1,-1,0,55542,0,0,41529
174637,1,6,-1,-1,-1,0,55544,0,0,41530
174638,1,6,-1,-1,-1,0,55545,0,0,41531
174639,1,6,-1,-1,-1,0,55546,0,0,41532
174640,1,6,-1,-1,-1,0,55548,0,0,41533
174641,1,6,-1,-1,-1,0,55551,0,0,41534
174642,1,6,-1,-1,-1,0,55552,0,0,41535
174643,1,6,-1,-1,-1,0,55554,0,0,41536
174644,1,6,-1,-1,-1,0,55553,0,0,41537
174645,1,6,-1,-1,-1,0,55558,0,0,41538
174646,1,6,-1,-1,-1,0,55559,0,0,41539
174647,1,6,-1,-1,-1,0,55560,0,0,41540
174648,1,6,-1,-1,-1,0,55535,0,0,41541
174649,1,6,-1,-1,-1,0,55562,0,0,41542
174650,1,6,-1,-1,-1,0,55547,0,0,41547
174651,1,6,-1,-1,-1,0,55561,0,0,41552
174652,1,6,-1,-1,-1,0,56162,0,0,42396
174653,1,6,-1,-1,-1,0,56163,0,0,42397
174654,1,6,-1,-1,-1,0,56164,0,0,42398
174655,1,6,-1,-1,-1,0,56165,0,0,42399
174656,1,6,-1,-1,-1,0,56166,0,0,42400
174657,1,6,-1,-1,-1,0,56167,0,0,42401
174658,1,6,-1,-1,-1,0,56168,0,0,42402
174659,1,6,-1,-1,-1,0,56169,0,0,42403
174660,1,6,-1,-1,-1,0,56170,0,0,42404
174661,1,6,-1,-1,-1,0,56171,0,0,42405
174662,1,6,-1,-1,-1,0,56172,0,0,42406
174663,1,6,-1,-1,-1,0,56174,0,0,42407
174664,1,6,-1,-1,-1,0,56175,0,0,42408
174665,1,6,-1,-1,-1,0,56176,0,0,42409
174666,1,6,-1,-1,-1,0,56177,0,0,42410
174667,1,6,-1,-1,-1,0,56178,0,0,42411
174668,1,6,-1,-1,-1,0,56179,0,0,42412
174669,1,6,-1,-1,-1,0,56180,0,0,42414
174670,1,6,-1,-1,-1,0,56181,0,0,42415
174671,1,6,-1,-1,-1,0,56182,0,0,42416
174672,1,6,-1,-1,-1,0,56183,0,0,42417
174673,1,6,-1,-1,-1,0,56268,0,0,42453
174674,1,6,-1,-1,-1,0,56270,0,0,42454
174675,1,6,-1,-1,-1,0,56271,0,0,42455
174676,1,6,-1,-1,-1,0,56282,0,0,42456
174677,1,6,-1,-1,-1,0,56283,0,0,42457
174678,1,6,-1,-1,-1,0,56284,0,0,42458
174679,1,6,-1,-1,-1,0,56285,0,0,42459
174680,1,6,-1,-1,-1,0,56286,0,0,42460
174681,1,6,-1,-1,-1,0,56288,0,0,42461
174682,1,6,-1,-1,-1,0,56289,0,0,42462
174683,1,6,-1,-1,-1,0,56290,0,0,42463
174684,1,6,-1,-1,-1,0,56291,0,0,42464
174685,1,6,-1,-1,-1,0,56292,0,0,42465
174686,1,6,-1,-1,-1,0,56293,0,0,42466
174687,1,6,-1,-1,-1,0,56294,0,0,42467
174689,1,6,-1,-1,-1,0,56297,0,0,42470
174690,1,6,-1,-1,-1,0,56299,0,0,42471
174691,1,6,-1,-1,-1,0,56301,0,0,42472
174692,1,6,-1,-1,-1,0,56302,0,0,42473
174693,1,6,-1,-1,-1,0,56542,0,0,42735
174694,1,6,-1,-1,-1,0,56544,0,0,42736
174695,1,6,-1,-1,-1,0,56546,0,0,42737
174696,1,6,-1,-1,-1,0,56547,0,0,42738
174697,1,6,-1,-1,-1,0,56587,0,0,42739
174698,1,6,-1,-1,-1,0,56589,0,0,42741
174700,1,6,-1,-1,-1,0,56591,0,0,42743
174701,1,6,-1,-1,-1,0,56592,0,0,42744
174702,1,6,-1,-1,-1,0,56593,0,0,42745
174703,1,6,-1,-1,-1,0,56594,0,0,42746
174704,1,6,-1,-1,-1,0,56596,0,0,42748
174705,1,6,-1,-1,-1,0,56597,0,0,42749
174706,1,6,-1,-1,-1,0,56599,0,0,42751
174707,1,6,-1,-1,-1,0,56600,0,0,42752
174708,1,6,-1,-1,-1,0,56601,0,0,42753
174709,1,6,-1,-1,-1,0,56602,0,0,42754
174710,1,6,-1,-1,-1,0,56869,0,0,42897
174711,1,6,-1,-1,-1,0,56870,0,0,42898
174712,1,6,-1,-1,-1,0,56871,0,0,42899
174713,1,6,-1,-1,-1,0,56872,0,0,42900
174714,1,6,-1,-1,-1,0,56873,0,0,42901
174715,1,6,-1,-1,-1,0,56874,0,0,42902
174716,1,6,-1,-1,-1,0,56875,0,0,42903
174717,1,6,-1,-1,-1,0,56876,0,0,42904
174718,1,6,-1,-1,-1,0,56877,0,0,42905
174719,1,6,-1,-1,-1,0,56878,0,0,42906
174720,1,6,-1,-1,-1,0,56879,0,0,42907
174721,1,6,-1,-1,-1,0,56880,0,0,42908
174722,1,6,-1,-1,-1,0,56881,0,0,42909
174723,1,6,-1,-1,-1,0,56882,0,0,42910
174724,1,6,-1,-1,-1,0,56883,0,0,42911
174725,1,6,-1,-1,-1,0,56884,0,0,42912
174726,1,6,-1,-1,-1,0,56885,0,0,42913
174727,1,6,-1,-1,-1,0,56886,0,0,42914
174728,1,6,-1,-1,-1,0,56887,0,0,42915
174729,1,6,-1,-1,-1,0,56889,0,0,42917
174730,1,6,-1,-1,-1,0,57109,0,0,42954
174731,1,6,-1,-1,-1,0,57140,0,0,42955
174732,1,6,-1,-1,-1,0,57141,0,0,42956
174733,1,6,-1,-1,-1,0,57142,0,0,42957
174734,1,6,-1,-1,-1,0,57144,0,0,42958
174735,1,6,-1,-1,-1,0,57145,0,0,42959
174736,1,6,-1,-1,-1,0,57146,0,0,42960
174737,1,6,-1,-1,-1,0,57147,0,0,42961
174738,1,6,-1,-1,-1,0,57148,0,0,42962
174739,1,6,-1,-1,-1,0,57149,0,0,42963
174740,1,6,-1,-1,-1,0,57150,0,0,42964
174741,1,6,-1,-1,-1,0,57293,0,0,42965
174742,1,6,-1,-1,-1,0,57295,0,0,42966
174743,1,6,-1,-1,-1,0,57296,0,0,42967
174744,1,6,-1,-1,-1,0,57297,0,0,42968
174745,1,6,-1,-1,-1,0,57298,0,0,42969
174746,1,6,-1,-1,-1,0,57299,0,0,42970
174747,1,6,-1,-1,-1,0,57300,0,0,42971
174748,1,6,-1,-1,-1,0,57302,0,0,42972
174749,1,6,-1,-1,-1,0,57303,0,0,42973
174750,1,6,-1,-1,-1,0,57304,0,0,42974
174751,0,0,-1,-1,-1,0,89375,0,0,43145
174752,0,0,-1,-1,-1,0,89375,0,0,43146
174753,1,6,-1,-1,-1,0,58140,0,0,43316
174754,1,6,-1,-1,-1,0,58161,0,0,43331
174755,1,6,-1,-1,-1,0,58163,0,0,43332
174756,1,6,-1,-1,-1,0,58158,0,0,43334
174757,1,6,-1,-1,-1,0,58159,0,0,43335
174758,1,6,-1,-1,-1,0,58186,0,0,43338
174759,1,6,-1,-1,-1,0,58235,0,0,43339
174760,1,6,-1,-1,-1,0,58243,0,0,43340
174761,1,6,-1,-1,-1,0,58248,0,0,43342
174762,1,6,-1,-1,-1,0,58256,0,0,43343
174763,1,6,-1,-1,-1,0,58264,0,0,43344
174764,1,6,-1,-1,-1,0,58188,0,0,43350
174765,1,6,-1,-1,-1,0,58229,0,0,43351
174766,1,6,-1,-1,-1,0,58232,0,0,43355
174767,1,6,-1,-1,-1,0,58234,0,0,43356
174768,1,6,-1,-1,-1,0,58238,0,0,43359
174769,1,6,-1,-1,-1,0,58237,0,0,43360
174770,1,6,-1,-1,-1,0,58239,0,0,43361
174771,1,6,-1,-1,-1,0,58241,0,0,43364
174772,1,6,-1,-1,-1,0,58242,0,0,43365
174773,1,6,-1,-1,-1,0,58244,0,0,43366
174774,1,6,-1,-1,-1,0,58245,0,0,43367
174775,1,6,-1,-1,-1,0,58246,0,0,43368
174776,1,6,-1,-1,-1,0,58247,0,0,43369
174777,1,6,-1,-1,-1,0,58249,0,0,43370
174778,1,6,-1,-1,-1,0,58250,0,0,43371
174779,1,6,-1,-1,-1,0,58252,0,0,43372
174780,1,6,-1,-1,-1,0,58251,0,0,43373
174781,1,6,-1,-1,-1,0,58253,0,0,43374
174782,1,6,-1,-1,-1,0,58254,0,0,43376
174783,1,6,-1,-1,-1,0,58255,0,0,43377
174784,1,6,-1,-1,-1,0,58257,0,0,43378
174785,1,6,-1,-1,-1,0,58258,0,0,43379
174786,1,6,-1,-1,-1,0,58259,0,0,43380
174787,1,6,-1,-1,-1,0,58260,0,0,43381
174788,1,6,-1,-1,-1,0,58263,0,0,43385
174789,1,6,-1,-1,-1,0,58261,0,0,43386
174790,1,6,-1,-1,-1,0,58265,0,0,43388
174791,1,6,-1,-1,-1,0,58267,0,0,43389
174792,1,6,-1,-1,-1,0,58271,0,0,43390
174793,1,6,-1,-1,-1,0,58272,0,0,43391
174794,1,6,-1,-1,-1,0,58273,0,0,43392
174795,1,6,-1,-1,-1,0,58274,0,0,43393
174796,1,6,-1,-1,-1,0,58275,0,0,43394
174797,1,6,-1,-1,-1,0,58276,0,0,43395
174798,1,6,-1,-1,-1,0,58277,0,0,43396
174799,1,6,-1,-1,-1,0,58278,0,0,43397
174800,1,6,-1,-1,-1,0,58279,0,0,43398
174801,1,6,-1,-1,-1,0,58280,0,0,43399
174802,1,6,-1,-1,-1,0,58281,0,0,43400
174803,1,6,-1,-1,-1,0,58408,0,0,43412
174804,1,6,-1,-1,-1,0,58409,0,0,43413
174805,1,6,-1,-1,-1,0,58407,0,0,43414
174806,1,6,-1,-1,-1,0,58406,0,0,43415
174807,1,6,-1,-1,-1,0,58405,0,0,43416
174808,1,6,-1,-1,-1,0,58404,0,0,43417
174809,1,6,-1,-1,-1,0,58403,0,0,43418
174810,1,6,-1,-1,-1,0,58402,0,0,43419
174811,1,6,-1,-1,-1,0,58389,0,0,43421
174812,1,6,-1,-1,-1,0,58400,0,0,43422
174813,1,6,-1,-1,-1,0,58399,0,0,43423
174814,1,6,-1,-1,-1,0,58398,0,0,43424
174815,1,6,-1,-1,-1,0,58397,0,0,43425
174816,1,6,-1,-1,-1,0,58395,0,0,43427
174817,1,6,-1,-1,-1,0,58394,0,0,43428
174818,1,6,-1,-1,-1,0,58392,0,0,43430
174819,1,6,-1,-1,-1,0,58391,0,0,43431
174820,1,6,-1,-1,-1,0,58390,0,0,43432
174821,1,6,-1,-1,-1,0,58705,0,0,43533
174822,1,6,-1,-1,-1,0,58706,0,0,43534
174823,1,6,-1,-1,-1,0,58707,0,0,43535
174824,1,6,-1,-1,-1,0,58708,0,0,43536
174825,1,6,-1,-1,-1,0,58709,0,0,43537
174826,1,6,-1,-1,-1,0,58711,0,0,43539
174827,1,6,-1,-1,-1,0,58713,0,0,43541
174828,1,6,-1,-1,-1,0,58710,0,0,43542
174829,1,6,-1,-1,-1,0,58715,0,0,43543
174830,1,6,-1,-1,-1,0,58716,0,0,43544
174831,1,6,-1,-1,-1,0,58718,0,0,43546
174832,1,6,-1,-1,-1,0,58719,0,0,43547
174833,1,6,-1,-1,-1,0,58720,0,0,43548
174834,1,6,-1,-1,-1,0,58721,0,0,43549
174835,1,6,-1,-1,-1,0,58722,0,0,43550
174836,1,6,-1,-1,-1,0,58723,0,0,43551
174837,1,6,-1,-1,-1,0,58724,0,0,43552
174838,1,6,-1,-1,-1,0,58725,0,0,43553
174839,1,6,-1,-1,-1,0,58726,0,0,43554
174840,1,6,-1,-1,-1,0,59312,0,0,43671
174841,1,6,-1,-1,-1,0,59311,0,0,43672
174842,1,6,-1,-1,-1,0,59313,0,0,43673
174843,1,6,-1,-1,-1,0,59218,0,0,43674
174844,1,6,-1,-1,-1,0,59287,0,0,43725
174845,1,6,-1,-1,-1,0,59328,0,0,43825
174846,1,6,-1,-1,-1,0,59333,0,0,43826
174847,1,6,-1,-1,-1,0,59337,0,0,43827
174848,1,6,-1,-1,-1,0,59427,0,0,43867
174849,1,6,-1,-1,-1,0,59428,0,0,43868
174850,1,6,-1,-1,-1,0,59429,0,0,43869
174851,1,6,-1,-1,-1,0,61206,0,0,44684
174852,0,0,-1,1000,-1,0,62081,0,0,44868
174853,0,0,-1,-1,-1,0,62090,0,0,44888
174854,0,0,0,5000,-1,0,62092,0,0,44889
174855,1,6,-1,-1,-1,0,62127,0,0,44920
174856,1,6,-1,-1,-1,0,62134,0,0,44922
174857,1,6,-1,-1,-1,0,62133,0,0,44923
174858,0,0,0,-1,-1,0,62143,0,0,44925
174859,1,6,-1,-1,-1,0,62161,0,0,44928
174860,1,6,-1,-1,-1,0,62353,0,0,44955
174861,0,0,0,1500,-1,0,62430,0,0,44959
174862,0,0,-1,1000,-1,0,62506,0,0,44967
174863,0,0,0,5000,-1,0,62517,0,0,44975
174864,0,0,0,2500,-1,0,62599,0,0,44995
174865,0,0,0,1500,-1,0,62624,0,0,44999
174866,0,0,0,3000,-1,0,62644,0,0,45001
174867,0,0,0,120000,-1,0,62772,0,0,45023
174868,0,0,-1,-1,-1,0,62820,0,0,45040
174869,0,0,0,5000,-1,0,62817,0,0,45044
174870,0,0,-1,1000,-1,0,62981,0,0,45065
174871,0,0,0,2000,-1,0,63565,0,0,45478
174872,0,0,0,5000,5000,0,63578,0,0,45545
174873,0,0,-1,-1,-1,0,63682,0,0,45571
174874,0,0,0,1000,-1,0,63697,0,0,45572
174875,0,1,0,-1,-1,0,57818,0,0,45574
174876,1,1,0,-1,-1,0,93795,0,0,45574
174877,0,1,0,-1,-1,0,57818,0,0,45577
174878,1,1,0,-1,-1,0,93805,0,0,45577
174879,0,1,0,-1,-1,0,57818,0,0,45578
174880,1,1,0,-1,-1,0,93821,0,0,45578
174881,0,1,0,-1,-1,0,57818,0,0,45579
174882,1,1,0,-1,-1,0,93806,0,0,45579
174883,0,1,0,-1,-1,0,57818,0,0,45580
174884,1,1,0,-1,-1,0,93811,0,0,45580
174885,0,1,0,-1,-1,0,57818,0,0,45581
174886,1,1,0,-1,-1,0,93825,0,0,45581
174887,0,1,0,-1,-1,0,57818,0,0,45582
174888,1,1,0,-1,-1,0,93827,0,0,45582
174889,0,1,0,-1,-1,0,57818,0,0,45583
174890,1,1,0,-1,-1,0,94462,0,0,45583
174891,0,1,0,-1,-1,0,57818,0,0,45584
174892,1,1,0,-1,-1,0,94463,0,0,45584
174893,0,1,0,-1,-1,0,57818,0,0,45585
174894,1,1,0,-1,-1,0,93828,0,0,45585
174895,0,0,0,15000,-1,0,64074,0,0,45598
174896,1,6,-1,-1,-1,0,63714,0,0,45601
174897,1,6,-1,-1,-1,0,63715,0,0,45602
174898,1,6,-1,-1,-1,0,63717,0,0,45603
174899,1,6,-1,-1,-1,0,63718,0,0,45604
174900,1,6,-1,-1,-1,0,63739,0,0,45622
174901,1,6,-1,-1,-1,0,63740,0,0,45623
174902,1,6,-1,-1,-1,0,63741,0,0,45625
174903,0,0,0,15000,-1,0,63797,0,0,45683
174904,0,0,0,30000,-1,0,63828,0,0,45684
174905,0,0,0,15000,-1,0,63829,0,0,45710
174906,1,6,-1,-1,-1,0,63854,0,0,45731
174907,1,6,-1,-1,-1,0,63855,0,0,45732
174908,1,6,-1,-1,-1,0,63856,0,0,45733
174909,1,6,-1,-1,-1,0,63857,0,0,45734
174910,1,6,-1,-1,-1,0,63858,0,0,45735
174911,1,6,-1,-1,-1,0,63859,0,0,45736
174912,1,6,-1,-1,-1,0,63860,0,0,45737
174913,1,6,-1,-1,-1,0,63862,0,0,45738
174914,1,6,-1,-1,-1,0,63863,0,0,45739
174915,1,6,-1,-1,-1,0,63864,0,0,45740
174916,1,6,-1,-1,-1,0,63865,0,0,45741
174917,1,6,-1,-1,-1,0,63866,0,0,45742
174918,1,6,-1,-1,-1,0,63867,0,0,45743
174919,1,6,-1,-1,-1,0,63868,0,0,45744
174920,1,6,-1,-1,-1,0,63869,0,0,45745
174921,1,6,-1,-1,-1,0,63870,0,0,45746
174922,1,6,-1,-1,-1,0,63871,0,0,45747
174923,1,6,-1,-1,-1,0,63872,0,0,45753
174924,1,6,-1,-1,-1,0,63873,0,0,45755
174925,1,6,-1,-1,-1,0,63874,0,0,45756
174926,1,6,-1,-1,-1,0,63875,0,0,45757
174927,1,6,-1,-1,-1,0,63876,0,0,45758
174928,1,6,-1,-1,-1,0,63877,0,0,45760
174929,1,6,-1,-1,-1,0,63878,0,0,45761
174930,1,6,-1,-1,-1,0,63879,0,0,45762
174931,1,6,-1,-1,-1,0,63880,0,0,45764
174932,1,6,-1,-1,-1,0,63897,0,0,45766
174933,1,6,-1,-1,-1,0,63898,0,0,45767
174934,1,6,-1,-1,-1,0,63899,0,0,45768
174935,1,6,-1,-1,-1,0,63901,0,0,45769
174936,1,6,-1,-1,-1,0,63902,0,0,45770
174937,1,6,-1,-1,-1,0,63903,0,0,45771
174938,1,6,-1,-1,-1,0,63904,0,0,45772
174939,1,6,-1,-1,-1,0,63925,0,0,45775
174940,1,6,-1,-1,-1,0,63926,0,0,45776
174941,1,6,-1,-1,-1,0,63927,0,0,45777
174942,1,6,-1,-1,-1,0,63929,0,0,45778
174943,1,6,-1,-1,-1,0,63930,0,0,45779
174944,1,6,-1,-1,-1,0,63932,0,0,45780
174945,1,6,-1,-1,-1,0,63933,0,0,45781
174946,1,6,-1,-1,-1,0,63937,0,0,45782
174947,1,6,-1,-1,-1,0,63938,0,0,45783
174948,1,6,-1,-1,-1,0,63941,0,0,45785
174949,1,6,-1,-1,-1,0,63943,0,0,45789
174950,1,6,-1,-1,-1,0,63945,0,0,45790
174951,1,6,-1,-1,-1,0,63948,0,0,45792
174952,1,6,-1,-1,-1,0,63949,0,0,45793
174953,1,6,-1,-1,-1,0,63950,0,0,45794
174954,1,6,-1,-1,-1,0,63951,0,0,45795
174955,1,6,-1,-1,-1,0,63952,0,0,45797
174956,1,6,-1,-1,-1,0,63953,0,0,45799
174957,1,6,-1,-1,-1,0,63954,0,0,45800
174958,1,6,-1,-1,-1,0,63958,0,0,45804
174959,1,6,-1,-1,-1,0,63961,0,0,45806
174960,0,0,0,5000,-1,0,64605,0,0,45807
174961,0,5,-1,-1,-1,0,64000,0,0,45818
174962,0,0,0,3000,-1,0,64306,0,0,45911
174963,0,5,-1,-1,-1,0,64504,0,0,46056
174964,0,0,0,1000,-1,0,64558,0,0,46094
174965,0,0,-1,-1,-1,0,65001,0,0,46316
174966,0,0,-1,1000,-1,0,55884,0,0,46325
174967,1,6,0,-1,-1,0,65046,0,0,46325
174968,0,1,0,-1,-1,0,15956,0,0,46337
174969,0,0,0,5000,-1,0,65115,0,0,46352
174970,0,0,0,4000,-1,0,65188,0,0,46363
174971,0,0,-1,-1,-1,0,65196,0,0,46365
174972,0,0,0,4000,-1,0,65207,0,0,46370
174973,0,0,0,10000,-1,0,65273,0,0,46385
174974,0,0,0,1500,-1,0,65300,0,0,46388
174975,0,0,-1,-1,-1,0,65514,0,0,46389
174976,0,0,-1,0,1000,11,5006,0,0,46392
174977,0,0,0,30000,-1,0,65361,0,0,46546
174978,0,0,0,-1,-1,0,65426,0,0,46696
174979,0,0,-1,-1,-1,0,65433,0,0,46701
174980,0,0,-1,-1,-1,0,65435,0,0,46702
174981,0,0,0,1500,-1,0,65455,0,0,46716
174982,0,0,0,1500,-1,0,65517,0,0,46719
174983,0,0,0,2500,-1,0,65535,0,0,46720
174984,0,0,0,10000,-1,0,65580,0,0,46722
174985,0,5,0,-1,-1,0,65595,0,0,46726
174986,0,0,0,10000,-1,0,65622,0,0,46739
174987,0,0,0,1500,-1,0,65739,0,0,46776
174988,0,0,0,120000,-1,0,65740,0,0,46777
174989,0,0,0,10000,-1,0,65752,0,0,46781
174990,0,0,0,60000,-1,0,65751,0,0,46782
174991,0,0,1,5000,0,0,65849,0,0,46785
174992,0,0,-1,5000,-1,0,65849,0,0,46789
174993,0,0,0,30000,-30000,0,65953,0,0,46798
174994,0,0,-1,-1,-1,0,66165,0,0,46829
174995,0,0,0,60000,-1,0,66204,0,0,46838
174996,0,0,0,20000,-1,0,66280,0,0,46853
174997,0,0,0,5000,-1,0,66393,0,0,46856
174998,0,0,0,1500,-1,0,67362,0,0,48104
174999,0,0,-1,3000,-1,0,67402,0,0,48106
175000,0,0,0,3000,-1,0,67410,0,0,48110
175001,0,0,0,3000,-1,0,67501,0,0,48249
175002,0,0,0,60000,-1,0,67569,0,0,48665
175003,0,0,0,1500,-1,0,67807,0,0,48707
175004,0,1,0,-1,-1,0,14595,0,0,48718
175005,1,6,-1,-1,-1,0,67599,0,0,48720
175006,0,0,0,5000,-1,0,67682,0,0,48768
175007,0,0,-1,3000,-1,0,67733,0,0,48857
175008,0,0,0,1500,-1,0,67435,0,0,48935
175009,0,0,-1,3000,-1,0,67785,0,0,48943
175010,0,0,-1,3000,-1,0,67829,0,0,48953
175011,0,0,0,3000,-1,0,94215,0,0,49014
175012,0,0,0,1000,-1,0,67917,0,0,49028
175013,0,0,0,15000,-1,0,67922,0,0,49038
175014,0,0,-1,15000,-1,0,67923,0,0,49042
175015,0,0,0,-1,-1,0,68167,0,0,49064
175016,1,6,-1,-1,-1,0,68163,0,0,49084
175017,0,5,0,-1,-1,0,68171,0,0,49088
175018,0,5,0,-1,-1,0,68181,0,0,49092
175019,0,0,-1,3000,-1,0,68201,0,0,49102
175020,0,0,0,1500,-1,0,68211,0,0,49108
175021,0,0,-5,0,0,0,68274,0,0,49130
175022,0,0,0,1000,-1,0,68283,0,0,49132
175024,0,0,0,3000,-1,0,68290,0,0,49138
175025,0,0,0,5000,-1,0,68304,0,0,49144
175026,0,0,0,5000,-1,0,68355,0,0,49150
175027,0,5,0,-1,-1,0,68413,0,0,49168
175028,0,0,0,30000,-1,0,68422,0,0,49176
175029,0,0,-1,-1,-1,0,68490,0,0,49194
175030,0,0,0,3000,-1,0,68524,0,0,49199
175031,0,1,0,-1,-1,0,68531,0,0,49201
175032,0,0,-1,1000,-1,0,69094,0,0,49202
175033,0,0,0,-1,1000,0,97058,0,0,49210
175034,0,0,0,-1,1000,0,97057,0,0,49212
175035,0,0,0,-1,1000,0,97115,0,0,49215
175036,0,0,0,-1,1000,0,97116,0,0,49216
175037,0,0,0,3000,-1,0,68524,0,0,49219
175038,0,0,0,5000,-1,0,68662,0,0,49228
175039,0,0,0,180000,180000,0,68682,0,0,49240
175040,0,0,-1,0,1000,11,433,0,0,49253
175041,0,0,-1,0,1000,59,430,0,0,49254
175042,0,0,0,20000,-1,0,68007,0,0,49350
175043,0,5,0,-1,-1,0,69083,0,0,49355
175044,0,0,-1,0,1000,59,431,0,0,49360
175045,0,0,-1,0,1000,11,434,0,0,49361
175046,0,0,-1,0,1000,59,431,0,0,49365
175047,0,0,0,60000,-1,0,69054,0,0,49368
175048,0,5,0,-1,-1,0,69093,0,0,49369
175049,0,5,0,-1,-1,0,69083,0,0,49376
175050,0,0,-1,0,1000,11,434,0,0,49397
175051,0,0,-1,0,1000,59,431,0,0,49398
175052,0,0,-1,-1,-1,0,69217,0,0,49533
175053,0,5,0,-1,-1,0,69093,0,0,49538
175054,0,0,0,-1,-1,0,69228,0,0,49539
175055,0,0,0,2500,-1,0,69230,0,0,49596
175056,0,0,-1,0,1000,11,434,0,0,49600
175057,0,0,-1,0,1000,59,431,0,0,49601
175058,0,0,-1,0,1000,59,431,0,0,49602
175059,0,0,-1,0,1000,11,434,0,0,49603
175060,0,0,0,-1,-1,0,69303,0,0,49611
175061,0,2,0,-1,-1,0,18086,0,0,49618
175062,0,0,0,60000,-1,0,69310,0,0,49629
175063,0,7,0,-1,-1,0,69437,0,0,49642
175064,0,0,0,-1,-1,0,69453,0,0,49647
175065,0,0,-1,-1,-1,0,69466,0,0,49649
175066,0,0,-1,-1,-1,0,69390,0,0,49651
175067,0,0,-1,-1,-1,0,69340,0,0,49652
175068,0,0,0,10000,-1,0,69624,0,0,49679
175069,0,0,0,10000,-1,0,69648,0,0,49685
175070,0,0,-1,10000,-1,0,69743,0,0,49700
175071,0,0,0,6000,-1,0,69744,0,0,49701
175072,0,5,0,-1,-1,0,69858,0,0,49742
175073,0,0,0,5000,-1,0,69855,0,0,49743
175074,0,0,-1,-1,-1,0,69947,0,0,49765
175075,0,0,0,60000,-1,0,70155,0,0,49782
175076,0,0,0,10000,-1,0,70476,0,0,49880
175077,0,0,-1,-1,-1,0,3366,0,0,49881
175078,0,0,0,3000,-1,0,70458,0,0,49882
175079,0,0,-1,1500,-1,0,70478,0,0,49884
175080,0,0,0,5000,-1,0,68280,0,0,49887
175081,0,0,0,60000,-1,0,70797,0,0,49944
175082,0,0,0,5000,-1,0,70813,0,0,49948
175083,0,0,0,5000,-1,0,70885,0,0,50031
175084,1,6,-1,-1,-1,0,70938,0,0,50045
175085,0,0,0,8000,-1,0,70927,0,0,50053
175086,1,6,-1,-1,-1,0,70948,0,0,50077
175087,0,0,0,5000,-1,0,71030,0,0,50128
175088,0,0,0,60000,-1,0,71061,0,0,50134
175089,0,0,0,8000,-1,0,70456,0,0,50218
175090,0,0,0,1000,-1,0,70631,0,0,50220
175091,0,0,0,5000,-1,0,56576,0,0,50232
175092,0,0,0,-1,-1,0,71421,0,0,50237
175093,0,0,0,30000,-1,0,71388,0,0,50334
175094,0,0,0,10000,-1,0,71648,0,0,50382
175095,0,0,0,5000,-1,0,71684,0,0,50405
175096,0,0,0,1000,-1,0,71697,0,0,50408
175097,0,0,-1,-1,3000,330,55884,0,0,50420
175098,1,6,0,0,0,0,10799,0,0,50420
175099,0,0,0,5000,-1,0,71775,0,0,50430
175100,0,0,0,-1,-1,0,71349,0,0,50441
175101,0,0,0,-1,-1,0,71898,0,0,50465
175102,0,0,0,5000,-1,0,71914,0,0,50602
175103,0,0,0,3000,-1,0,71969,0,0,50742
175104,0,0,0,3000,-1,0,71978,0,0,50746
175105,0,0,0,-1,-1,0,72520,0,0,51547
175106,0,0,0,1500,-1,0,72547,0,0,51567
175107,0,5,0,-1,-1,0,72652,0,0,51781
175108,0,0,-1,-1,-1,0,72853,0,0,51956
175109,0,0,0,1500,-1,0,72891,0,0,52013
175110,0,0,0,5000,-1,0,72925,0,0,52014
175111,0,0,0,5000,-1,0,72940,0,0,52017
175112,0,0,0,6000,-1,0,72659,0,0,52031
175113,0,0,0,1500,-1,0,72971,0,0,52032
175114,0,0,0,-1,-1,0,72984,0,0,52038
175115,0,0,0,-1,-1,0,73066,0,0,52043
175116,0,0,0,2000,-1,0,73068,0,0,52044
175117,0,0,0,5000,-1,0,73108,0,0,52059
175118,0,0,0,4000,-1,0,72070,0,0,52065
175119,0,0,0,10000,-1,0,73141,0,0,52073
175120,0,0,0,120000,20000,1141,73549,0,0,52199
175121,0,0,0,5000,-1,0,73387,0,0,52271
175122,0,0,0,1500,-1,0,73417,0,0,52280
175123,0,0,0,4000,-1,0,70874,0,0,52283
175124,0,0,3,-1,-1,0,73461,0,0,52286
175125,0,0,3,-1,-1,0,73462,0,0,52287
175126,0,0,3,-1,-1,0,73463,0,0,52288
175127,0,0,-1,-1,-1,0,73500,0,0,52340
175128,0,0,-40,0,0,0,73507,0,0,52342
175129,0,0,0,120000,20000,1141,73522,0,0,52351
175130,0,0,0,120000,20000,1141,73550,0,0,52352
175131,0,0,0,120000,20000,1141,73551,0,0,52353
175132,0,0,0,120000,20000,1141,73552,0,0,52354
175133,0,0,-1,-1,-1,0,483,0,0,52362
175134,1,6,0,-1,-1,0,73335,0,0,52362
175135,0,0,-1,-1,-1,0,483,0,0,52363
175136,1,6,0,-1,-1,0,73224,0,0,52363
175137,0,0,-1,-1,-1,0,483,0,0,52364
175138,1,6,0,-1,-1,0,73229,0,0,52364
175139,0,0,-1,-1,-1,0,483,0,0,52365
175140,1,6,0,-1,-1,0,73231,0,0,52365
175141,0,0,-1,-1,-1,0,483,0,0,52366
175142,1,6,0,-1,-1,0,73242,0,0,52366
175143,0,0,-1,-1,-1,0,483,0,0,52367
175144,1,6,0,-1,-1,0,73244,0,0,52367
175145,0,0,-1,-1,-1,0,483,0,0,52368
175146,1,6,0,-1,-1,0,73245,0,0,52368
175147,0,0,-1,-1,-1,0,483,0,0,52369
175148,1,6,0,-1,-1,0,73248,0,0,52369
175149,0,0,-1,-1,-1,0,483,0,0,52370
175150,1,6,0,-1,-1,0,73258,0,0,52370
175151,0,0,-1,-1,-1,0,483,0,0,52371
175152,1,6,0,-1,-1,0,73260,0,0,52371
175153,0,0,-1,-1,-1,0,483,0,0,52372
175154,1,6,0,-1,-1,0,73262,0,0,52372
175155,0,0,-1,-1,-1,0,483,0,0,52373
175156,1,6,0,-1,-1,0,73263,0,0,52373
175157,0,0,-1,-1,-1,0,483,0,0,52374
175158,1,6,0,-1,-1,0,73264,0,0,52374
175159,0,0,-1,-1,-1,0,483,0,0,52375
175160,1,6,0,-1,-1,0,73265,0,0,52375
175161,0,0,-1,-1,-1,0,483,0,0,52376
175162,1,6,0,-1,-1,0,73269,0,0,52376
175163,0,0,-1,-1,-1,0,483,0,0,52377
175164,1,6,0,-1,-1,0,73271,0,0,52377
175165,0,0,-1,-1,-1,0,483,0,0,52378
175166,1,6,0,-1,-1,0,73272,0,0,52378
175167,0,0,-1,-1,-1,0,483,0,0,52379
175168,1,6,0,-1,-1,0,73273,0,0,52379
175169,0,0,-1,-1,-1,0,483,0,0,52380
175170,1,6,0,-1,-1,0,73336,0,0,52380
175171,0,0,-1,-1,-1,0,483,0,0,52381
175172,1,6,0,-1,-1,0,73396,0,0,52381
175173,0,0,-1,-1,-1,0,483,0,0,52382
175174,1,6,0,-1,-1,0,73275,0,0,52382
175175,0,0,-1,-1,-1,0,483,0,0,52383
175176,1,6,0,-1,-1,0,73276,0,0,52383
175177,0,0,-1,-1,-1,0,483,0,0,52384
175178,1,6,0,-1,-1,0,73337,0,0,52384
175179,0,0,-1,-1,-1,0,483,0,0,52385
175180,1,6,0,-1,-1,0,73277,0,0,52385
175181,0,0,-1,-1,-1,0,483,0,0,52386
175182,1,6,0,-1,-1,0,73278,0,0,52386
175183,0,0,-1,-1,-1,0,483,0,0,52387
175184,1,6,0,-1,-1,0,73338,0,0,52387
175185,0,0,-1,-1,-1,0,483,0,0,52388
175186,1,6,0,-1,-1,0,73280,0,0,52388
175187,0,0,-1,-1,-1,0,483,0,0,52389
175188,1,6,0,-1,-1,0,73339,0,0,52389
175189,0,0,-1,-1,-1,0,483,0,0,52390
175190,1,6,0,-1,-1,0,73340,0,0,52390
175191,0,0,-1,-1,-1,0,483,0,0,52391
175192,1,6,0,-1,-1,0,73341,0,0,52391
175193,0,0,-1,-1,-1,0,483,0,0,52392
175194,1,6,0,-1,-1,0,73343,0,0,52392
175195,0,0,-1,-1,-1,0,483,0,0,52393
175196,1,6,0,-1,-1,0,73344,0,0,52393
175197,0,0,-1,-1,-1,0,483,0,0,52394
175198,1,6,0,-1,-1,0,73345,0,0,52394
175199,0,0,-1,-1,-1,0,483,0,0,52395
175200,1,6,0,-1,-1,0,73346,0,0,52395
175201,0,0,-1,-1,-1,0,483,0,0,52396
175202,1,6,0,-1,-1,0,73347,0,0,52396
175203,0,0,-1,-1,-1,0,483,0,0,52397
175204,1,6,0,-1,-1,0,73348,0,0,52397
175205,0,0,-1,-1,-1,0,483,0,0,52398
175206,1,6,0,-1,-1,0,73349,0,0,52398
175207,0,0,-1,-1,-1,0,483,0,0,52399
175208,1,6,0,-1,-1,0,73350,0,0,52399
175209,0,0,-1,-1,-1,0,483,0,0,52400
175210,1,6,0,-1,-1,0,73351,0,0,52400
175211,0,0,-1,-1,-1,0,483,0,0,52401
175212,1,6,0,-1,-1,0,73352,0,0,52401
175213,0,0,-1,-1,-1,0,483,0,0,52402
175214,1,6,0,-1,-1,0,73353,0,0,52402
175215,0,0,-1,-1,-1,0,483,0,0,52403
175216,1,6,0,-1,-1,0,73354,0,0,52403
175217,0,0,-1,-1,-1,0,483,0,0,52404
175218,1,6,0,-1,-1,0,73355,0,0,52404
175219,0,0,-1,-1,-1,0,483,0,0,52405
175220,1,6,0,-1,-1,0,73356,0,0,52405
175221,0,0,-1,-1,-1,0,483,0,0,52406
175222,1,6,0,-1,-1,0,73357,0,0,52406
175223,0,0,-1,-1,-1,0,483,0,0,52407
175224,1,6,0,-1,-1,0,73358,0,0,52407
175225,0,0,-1,-1,-1,0,483,0,0,52408
175226,1,6,0,-1,-1,0,73359,0,0,52408
175227,0,0,-1,-1,-1,0,483,0,0,52409
175228,1,6,0,-1,-1,0,73360,0,0,52409
175229,0,0,-1,-1,-1,0,483,0,0,52410
175230,1,6,0,-1,-1,0,73361,0,0,52410
175231,0,0,-1,-1,-1,0,483,0,0,52411
175232,1,6,0,-1,-1,0,73362,0,0,52411
175233,0,0,-1,-1,-1,0,483,0,0,52412
175234,1,6,0,-1,-1,0,73364,0,0,52412
175235,0,0,-1,-1,-1,0,483,0,0,52413
175236,1,6,0,-1,-1,0,73365,0,0,52413
175237,0,0,-1,-1,-1,0,483,0,0,52414
175238,1,6,0,-1,-1,0,73366,0,0,52414
175239,0,0,-1,-1,-1,0,483,0,0,52415
175240,1,6,0,-1,-1,0,73367,0,0,52415
175241,0,0,-1,-1,-1,0,483,0,0,52416
175242,1,6,0,-1,-1,0,73368,0,0,52416
175243,0,0,-1,-1,-1,0,483,0,0,52417
175244,1,6,0,-1,-1,0,73369,0,0,52417
175245,0,0,-1,-1,-1,0,483,0,0,52418
175246,1,6,0,-1,-1,0,73370,0,0,52418
175247,0,0,-1,-1,-1,0,483,0,0,52419
175248,1,6,0,-1,-1,0,73371,0,0,52419
175249,0,0,-1,-1,-1,0,483,0,0,52420
175250,1,6,0,-1,-1,0,73372,0,0,52420
175251,0,0,-1,-1,-1,0,483,0,0,52421
175252,1,6,0,-1,-1,0,73373,0,0,52421
175253,0,0,-1,-1,-1,0,483,0,0,52422
175254,1,6,0,-1,-1,0,73374,0,0,52422
175255,0,0,-1,-1,-1,0,483,0,0,52423
175256,1,6,0,-1,-1,0,73375,0,0,52423
175257,0,0,-1,-1,-1,0,483,0,0,52424
175258,1,6,0,-1,-1,0,73376,0,0,52424
175259,0,0,-1,-1,-1,0,483,0,0,52425
175260,1,6,0,-1,-1,0,73377,0,0,52425
175261,0,0,-1,-1,-1,0,483,0,0,52426
175262,1,6,0,-1,-1,0,73378,0,0,52426
175263,0,0,-1,-1,-1,0,483,0,0,52427
175264,1,6,0,-1,-1,0,73379,0,0,52427
175265,0,0,-1,-1,-1,0,483,0,0,52428
175266,1,6,0,-1,-1,0,73380,0,0,52428
175267,0,0,-1,-1,-1,0,483,0,0,52429
175268,1,6,0,-1,-1,0,73381,0,0,52429
175269,0,0,-1,-1,-1,0,483,0,0,52430
175270,1,6,0,-1,-1,0,73382,0,0,52430
175271,0,0,-1,-1,-1,0,483,0,0,52431
175272,1,6,0,-1,-1,0,73383,0,0,52431
175273,0,0,-1,-1,-1,0,483,0,0,52432
175274,1,6,0,-1,-1,0,73384,0,0,52432
175275,0,0,-1,-1,-1,0,483,0,0,52433
175276,1,6,0,-1,-1,0,73464,0,0,52433
175277,0,0,-1,-1,-1,0,483,0,0,52434
175278,1,6,0,-1,-1,0,73465,0,0,52434
175279,0,0,-1,-1,-1,0,483,0,0,52435
175280,1,6,0,-1,-1,0,73466,0,0,52435
175281,0,0,-1,-1,-1,0,483,0,0,52436
175282,1,6,0,-1,-1,0,73467,0,0,52436
175283,0,0,-1,-1,-1,0,483,0,0,52437
175284,1,6,0,-1,-1,0,73468,0,0,52437
175285,0,0,-1,-1,-1,0,483,0,0,52438
175286,1,6,0,-1,-1,0,73469,0,0,52438
175287,0,0,-1,-1,-1,0,483,0,0,52439
175288,1,6,0,-1,-1,0,73470,0,0,52439
175289,0,0,-1,-1,-1,0,483,0,0,52440
175290,1,6,0,-1,-1,0,73471,0,0,52440
175291,0,0,-1,-1,-1,0,483,0,0,52441
175292,1,6,0,-1,-1,0,73472,0,0,52441
175293,0,0,-1,-1,-1,0,483,0,0,52442
175294,1,6,0,-1,-1,0,73473,0,0,52442
175295,0,0,-1,-1,-1,0,483,0,0,52443
175296,1,6,0,-1,-1,0,73474,0,0,52443
175297,0,0,-1,-1,-1,0,483,0,0,52444
175298,1,6,0,-1,-1,0,73475,0,0,52444
175299,0,0,-1,-1,-1,0,483,0,0,52445
175300,1,6,0,-1,-1,0,73476,0,0,52445
175301,0,0,-1,-1,-1,0,483,0,0,52447
175302,1,6,0,-1,-1,0,73397,0,0,52447
175303,0,0,-1,-1,-1,0,483,0,0,52448
175304,1,6,0,-1,-1,0,73398,0,0,52448
175305,0,0,-1,-1,-1,0,483,0,0,52449
175306,1,6,0,-1,-1,0,73399,0,0,52449
175307,0,0,-1,-1,-1,0,483,0,0,52450
175308,1,6,0,-1,-1,0,73400,0,0,52450
175309,0,0,-1,-1,-1,0,483,0,0,52451
175310,1,6,0,-1,-1,0,73401,0,0,52451
175311,0,0,-1,-1,-1,0,483,0,0,52452
175312,1,6,0,-1,-1,0,73402,0,0,52452
175313,0,0,-1,-1,-1,0,483,0,0,52453
175314,1,6,0,-1,-1,0,73403,0,0,52453
175315,0,0,-1,-1,-1,0,483,0,0,52454
175316,1,6,0,-1,-1,0,73404,0,0,52454
175317,0,0,-1,-1,-1,0,483,0,0,52455
175318,1,6,0,-1,-1,0,73405,0,0,52455
175319,0,0,-1,-1,-1,0,483,0,0,52456
175320,1,6,0,-1,-1,0,73406,0,0,52456
175321,0,0,-1,-1,-1,0,483,0,0,52457
175322,1,6,0,-1,-1,0,73407,0,0,52457
175323,0,0,-1,-1,-1,0,483,0,0,52458
175324,1,6,0,-1,-1,0,73408,0,0,52458
175325,0,0,-1,-1,-1,0,483,0,0,52459
175326,1,6,0,-1,-1,0,73409,0,0,52459
175327,0,0,-1,-1,-1,0,483,0,0,52460
175328,1,6,0,-1,-1,0,73520,0,0,52460
175329,0,0,-1,-1,-1,0,483,0,0,52461
175330,1,6,0,-1,-1,0,73498,0,0,52461
175331,0,0,-1,-1,-1,0,483,0,0,52462
175332,1,6,0,-1,-1,0,73502,0,0,52462
175333,0,0,-1,-1,-1,0,483,0,0,52463
175334,1,6,0,-1,-1,0,73503,0,0,52463
175335,0,0,-1,-1,-1,0,483,0,0,52464
175336,1,6,0,-1,-1,0,73521,0,0,52464
175337,0,0,-1,-1,-1,0,483,0,0,52465
175338,1,6,0,-1,-1,0,73504,0,0,52465
175339,0,0,-1,-1,-1,0,483,0,0,52466
175340,1,6,0,-1,-1,0,73505,0,0,52466
175341,0,0,-1,-1,-1,0,483,0,0,52467
175342,1,6,0,-1,-1,0,73506,0,0,52467
175343,0,0,-1,-1,-1,0,73702,0,0,52481
175344,0,0,-1,1500,-1,0,73583,0,0,52484
175345,0,0,-1,10000,1000,11,73619,0,0,52490
175346,0,0,-1,-1,-1,0,483,0,0,52494
175347,1,6,0,-1,-1,0,73625,0,0,52494
175348,0,0,-1,-1,-1,0,483,0,0,52495
175349,1,6,0,-1,-1,0,73626,0,0,52495
175350,0,0,-1,-1,-1,0,483,0,0,52496
175351,1,6,0,-1,-1,0,73627,0,0,52496
175352,0,0,-1,-1,-1,0,483,0,0,52497
175353,1,6,0,-1,-1,0,73624,0,0,52497
175354,0,0,-1,-1,-1,0,483,0,0,52499
175355,1,6,0,-1,-1,0,73639,0,0,52499
175356,0,0,-1,-1,-1,0,483,0,0,52500
175357,1,6,0,-1,-1,0,73640,0,0,52500
175358,0,0,-1,-1,-1,0,483,0,0,52501
175359,1,6,0,-1,-1,0,73641,0,0,52501
175360,0,0,-1,-1,-1,0,483,0,0,52502
175361,1,6,0,-1,-1,0,73642,0,0,52502
175362,0,0,-1,-1,-1,0,483,0,0,52503
175363,1,6,0,-1,-1,0,73643,0,0,52503
175364,0,0,0,15000,-1,0,73673,0,0,52505
175365,0,0,20,1000,0,0,73667,0,0,52507
175366,0,0,0,-1,-1,0,73817,0,0,52514
175367,0,0,0,-1,-1,0,74409,0,0,52576
175368,0,1,0,-1,-1,0,15956,0,0,52678
175369,0,0,0,60000,-1,0,74075,0,0,52682
175370,0,0,0,8000,-1,0,74087,0,0,52683
175371,0,0,-1,0,0,0,74132,0,0,52687
175372,0,0,-1,2000,-1,0,74142,0,0,52708
175373,0,0,0,1500,-1,0,74151,0,0,52710
175374,0,0,0,1000,-1,0,71170,0,0,52712
175375,0,0,0,2000,-1,0,74175,0,0,52715
175376,0,1,0,-1,-1,0,74180,0,0,52716
175377,1,5,0,-1,-1,0,88526,0,0,52716
175378,0,0,0,20000,-1,0,74138,0,0,52717
175379,0,0,-1,1000,-1,0,74186,0,0,52718
175380,0,0,-1,500,-1,0,74187,0,0,52719
175381,0,0,-1,500,-1,0,74188,0,0,52720
175382,0,5,0,-1,-1,0,75682,0,0,52724
175383,0,5,0,-1,-1,0,75682,0,0,52725
175384,0,0,-1,-1,-1,0,483,0,0,52733
175385,1,6,0,-1,-1,0,74242,0,0,52733
175386,0,0,-1,-1,-1,0,483,0,0,52735
175387,1,6,0,-1,-1,0,74244,0,0,52735
175388,0,0,-1,-1,-1,0,483,0,0,52736
175389,1,6,0,-1,-1,0,74246,0,0,52736
175390,0,0,-1,-1,-1,0,483,0,0,52737
175391,1,6,0,-1,-1,0,74247,0,0,52737
175392,0,0,-1,-1,-1,0,483,0,0,52738
175393,1,6,0,-1,-1,0,74248,0,0,52738
175394,0,0,-1,-1,-1,0,483,0,0,52739
175395,1,6,0,-1,-1,0,74250,0,0,52739
175396,0,0,-1,-1,-1,0,483,0,0,52740
175397,1,6,0,-1,-1,0,74251,0,0,52740
175398,0,0,-1,0,0,0,74189,0,0,52743
175399,0,0,-1,0,0,0,74191,0,0,52744
175400,0,0,-1,0,0,0,74192,0,0,52745
175401,0,0,-1,0,0,0,74193,0,0,52746
175402,0,0,-1,0,0,0,74195,0,0,52747
175403,0,0,-1,0,0,0,74197,0,0,52748
175404,0,0,-1,0,0,0,74198,0,0,52749
175405,0,0,-1,0,0,0,74199,0,0,52750
175406,0,0,-1,0,0,0,74200,0,0,52751
175407,0,0,-1,0,0,0,74201,0,0,52752
175408,0,0,-1,0,0,0,74202,0,0,52753
175409,0,0,-1,0,0,0,74207,0,0,52754
175410,0,0,-1,0,0,0,74211,0,0,52755
175411,0,0,-1,0,0,0,74212,0,0,52756
175412,0,0,-1,0,0,0,74213,0,0,52757
175413,0,0,-1,0,0,0,74214,0,0,52758
175414,0,0,-1,0,0,0,74220,0,0,52759
175415,0,0,-1,0,0,0,74223,0,0,52760
175416,0,0,-1,0,0,0,74225,0,0,52761
175417,0,0,-1,0,0,0,74226,0,0,52762
175418,0,0,-1,0,0,0,74229,0,0,52763
175419,0,0,-1,0,0,0,74230,0,0,52764
175420,0,0,-1,0,0,0,74231,0,0,52765
175421,0,0,-1,0,0,0,74232,0,0,52766
175422,0,0,-1,0,0,0,74234,0,0,52767
175423,0,0,-1,0,0,0,74235,0,0,52768
175424,0,0,-1,0,0,0,74236,0,0,52769
175425,0,0,-1,0,0,0,74237,0,0,52770
175426,0,0,-1,0,0,0,74238,0,0,52771
175427,0,0,-1,0,0,0,74239,0,0,52772
175428,0,0,-1,0,0,0,74240,0,0,52773
175429,0,0,-1,0,0,0,74242,0,0,52774
175430,0,0,-1,0,0,0,74244,0,0,52775
175431,0,0,-1,0,0,0,74246,0,0,52776
175432,0,0,-1,0,0,0,74247,0,0,52777
175433,0,0,-1,0,0,0,74248,0,0,52778
175434,0,0,-1,0,0,0,74250,0,0,52779
175435,0,0,-1,0,0,0,74251,0,0,52780
175436,0,0,-1,0,0,0,74252,0,0,52781
175437,0,0,-1,0,0,0,74253,0,0,52782
175438,0,0,-1,0,0,0,74254,0,0,52783
175439,0,0,-1,0,0,0,74255,0,0,52784
175440,0,0,-1,0,0,0,74256,0,0,52785
175441,0,0,0,-1,-1,0,74359,0,0,52819
175442,0,0,0,-1,-1,0,73984,0,0,52828
175443,0,0,0,-1,-1,0,74415,0,0,52833
175444,0,0,0,2000,-1,0,74431,0,0,52839
175445,0,0,0,120000,-1,0,74474,0,0,52853
175446,0,0,0,120000,-1,0,74475,0,0,52854
175447,0,0,-1,0,1000,59,11009,0,0,52974
175448,0,0,-1,0,0,0,74493,0,0,52977
175449,0,0,-1,6000,-1,0,74513,0,0,53009
175450,0,0,-1,0,1000,150,74553,0,0,53049
175451,0,0,-1,0,1000,150,74554,0,0,53050
175452,0,0,-1,0,1000,150,74555,0,0,53051
175453,0,0,0,1500,-1,0,74994,0,0,53052
175454,0,0,0,1000,-1,0,95864,0,0,53054
175455,0,0,0,1800000,-1,0,74589,0,0,53057
175456,0,0,0,-1,-1,0,74738,0,0,53101
175457,0,0,0,-1,-1,0,74674,0,0,53104
175458,0,0,0,-1,-1,0,74756,0,0,53105
175459,0,0,0,10000,-1,0,75206,0,0,53107
175460,0,0,0,60000,-1,0,74763,0,0,53120
175461,0,0,0,60000,-1,0,74793,0,0,53464
175462,0,0,0,900000,60000,1141,93225,0,0,53597
175463,0,0,0,5000,-1,0,75005,0,0,53794
175464,0,0,-1,0,60000,4,2379,0,0,54213
175465,0,0,0,1500,-1,0,75089,0,0,54214
175466,0,0,0,1500,-1,0,75090,0,0,54216
175467,0,0,0,1500,-1,0,75091,0,0,54217
175468,0,5,0,-1,-1,0,76119,0,0,54439
175469,0,0,-1,0,60000,24,75148,0,0,54442
175470,0,0,-1,-1,-1,0,75151,0,0,54447
175471,0,0,-1,-1,-1,0,75152,0,0,54448
175472,0,0,-1,-1,-1,0,75149,0,0,54449
175473,0,0,-1,-1,-1,0,75150,0,0,54450
175474,0,0,0,30000,-1,0,74804,0,0,54456
175475,0,0,0,5000,-1,0,75189,0,0,54462
175476,0,0,0,10000,-1,0,75192,0,0,54463
175477,0,0,-1,-1,3000,330,55884,0,0,54465
175478,1,6,0,-1,-1,0,75207,0,0,54465
175479,0,0,0,500,-1,0,75342,0,0,54466
175480,0,0,-1,-1,-1,0,483,0,0,54593
175481,1,6,0,-1,-1,0,75306,0,0,54593
175482,0,0,-1,-1,-1,0,483,0,0,54594
175483,1,6,0,-1,-1,0,75307,0,0,54594
175484,0,0,-1,-1,-1,0,483,0,0,54595
175485,1,6,0,-1,-1,0,75305,0,0,54595
175486,0,0,-1,-1,-1,0,483,0,0,54596
175487,1,6,0,-1,-1,0,75304,0,0,54596
175488,0,0,-1,-1,-1,0,483,0,0,54597
175489,1,6,0,-1,-1,0,75302,0,0,54597
175490,0,0,-1,-1,-1,0,483,0,0,54598
175491,1,6,0,-1,-1,0,75303,0,0,54598
175492,0,0,-1,-1,-1,0,483,0,0,54599
175493,1,6,0,-1,-1,0,75309,0,0,54599
175494,0,0,-1,-1,-1,0,483,0,0,54600
175495,1,6,0,-1,-1,0,75310,0,0,54600
175496,0,0,-1,-1,-1,0,483,0,0,54601
175497,1,6,0,-1,-1,0,75298,0,0,54601
175498,0,0,-1,-1,-1,0,483,0,0,54602
175499,1,6,0,-1,-1,0,75299,0,0,54602
175500,0,0,-1,-1,-1,0,483,0,0,54603
175501,1,6,0,-1,-1,0,75300,0,0,54603
175502,0,0,-1,-1,-1,0,483,0,0,54604
175503,1,6,0,-1,-1,0,75301,0,0,54604
175504,0,0,-1,-1,-1,0,483,0,0,54605
175505,1,6,0,-1,-1,0,75308,0,0,54605
175506,0,0,0,1500,-1,0,75346,0,0,54608
175507,0,0,0,15000,-1,0,75400,0,0,54618
175508,0,0,-1,0,60000,4,75487,0,0,54641
175509,0,0,-1,0,60000,4,75488,0,0,54642
175510,0,0,-1,0,60000,4,75489,0,0,54643
175511,0,1,0,-1,-1,0,14565,0,0,54677
175512,0,1,0,10000,-1,0,9160,0,0,54682
175513,0,0,0,60000,-1,0,75535,0,0,54744
175514,0,0,-1,-1,-1,0,75541,0,0,54746
175515,0,0,-1,-1,-1,0,75542,0,0,54747
175516,0,0,0,10000,-1,0,75564,0,0,54785
175517,0,0,0,-1,-1,0,75594,0,0,54788
175518,0,1,0,-1,-1,0,75651,0,0,54813
175519,0,0,0,2000,-1,0,75554,0,0,54814
175520,0,0,0,-1,-1,0,75689,0,0,54821
175521,0,0,0,1500,-1,0,75868,0,0,54840
175522,0,0,0,1500,-1,0,76033,0,0,54851
175523,0,0,-1,-1,-1,0,76139,0,0,54959
175524,0,0,-1,-1,-1,0,76142,0,0,54960
175525,0,0,-1,-1,-1,0,76148,0,0,54961
175526,0,0,-1,-1,-1,0,76145,0,0,54962
175527,0,1,0,-1,-1,0,76199,0,0,55047
175528,0,0,0,60000,-1,0,76201,0,0,55049
175529,0,0,0,60000,-1,0,76201,0,0,55050
175530,0,0,-1,-1,-1,0,94574,0,0,55053
175531,0,0,-1,-1,-1,0,76168,0,0,55054
175532,0,0,-1,-1,-1,0,92433,0,0,55055
175533,0,0,-1,-1,-1,0,92437,0,0,55056
175534,0,0,-1,-1,-1,0,93448,0,0,55057
175535,0,0,0,1500,1500,0,76203,0,0,55121
175536,0,0,0,60000,-1,0,76212,0,0,55122
175537,0,0,-1,500,-1,0,76241,0,0,55123
175538,0,0,0,20000,-1,0,75724,0,0,55137
175539,0,0,-1,1500,-1,0,76350,0,0,55141
175540,0,0,-1,-1,-1,0,76382,0,0,55145
175541,0,0,0,0,1500,391,65308,0,0,55152
175542,1,7,0,-1,-1,0,76420,0,0,55152
175543,0,0,0,60000,-1,0,76421,0,0,55153
175544,0,0,0,1500,1500,0,76488,0,0,55158
175545,0,0,-1,-1,-1,0,76536,0,0,55163
175546,0,0,0,-1,-1,0,76550,0,0,55165
175547,0,0,0,1500,-1,0,77292,0,0,55171
175548,0,0,0,2000,-1,0,76559,0,0,55173
175549,0,0,-1,-1,-1,0,76581,0,0,55177
175550,0,0,0,4000,-1,0,76607,0,0,55179
175551,0,0,-1,-1,-1,0,86416,0,0,55185
175552,0,0,-1,-1,-1,0,76644,0,0,55188
175553,0,0,0,-1,-1,0,76694,0,0,55190
175554,0,0,-1,-1,-1,0,76734,0,0,55200
175555,0,0,0,60000,-1,0,76724,0,0,55208
175556,0,0,0,120000,-1,0,76759,0,0,55211
175557,0,0,-1,-1,-1,0,76762,0,0,55213
175558,0,0,-5,-1,-1,0,69695,0,0,55216
175559,0,0,-5,-1,-1,0,76399,0,0,55217
175560,0,0,-5,-1,-1,0,76401,0,0,55218
175561,0,0,-5,-1,-1,0,76400,0,0,55219
175562,0,0,0,-1,-1,0,76795,0,0,55220
175563,0,0,0,-1,-1,0,76873,0,0,55230
175564,0,1,0,-1,-1,0,144204,0,0,55237
175565,0,0,0,-1,-1,0,76958,0,0,55238
175566,0,0,0,-1,-1,0,77020,0,0,55240
175567,0,0,0,90000,15000,1141,144205,0,0,55251
175568,0,0,0,120000,20000,1141,91135,0,0,55256
175569,0,1,0,-1,-1,0,144202,0,0,55266
175570,0,1,0,-1,-1,0,90886,0,0,55787
175571,0,1,0,-1,-1,0,92070,0,0,55795
175572,0,0,0,5000,-1,0,77275,0,0,55806
175573,0,1,0,-1,-1,0,90897,0,0,55810
175574,0,0,0,90000,15000,1141,91351,0,0,55814
175575,0,1,0,-1,-1,0,92180,0,0,55816
175576,0,1,0,-1,-1,0,91137,0,0,55819
175577,0,0,0,180000,180000,1190,92186,0,0,55845
175578,0,1,0,-1,-1,0,91142,0,0,55854
175579,0,1,0,-1,-1,0,91361,0,0,55868
175580,0,1,0,-1,-1,0,92086,0,0,55874
175581,0,1,0,-1,-1,0,90998,0,0,55879
175582,0,0,0,60000,10000,1141,92199,0,0,55881
175583,0,0,0,2000,-1,0,77231,0,0,55883
175584,0,1,0,-1,-1,0,90990,0,0,55889
175585,0,0,0,1500,-1,0,77295,0,0,55966
175586,0,0,0,0,6000,1149,77306,0,0,55972
175587,0,0,0,1500,1500,0,77327,0,0,55986
175588,0,0,0,1500,1500,0,77327,0,0,55987
175589,0,1,0,-1,-1,0,91148,0,0,55995
175590,0,0,0,30000,-1,0,77346,0,0,56003
175591,0,0,0,1500,-1,0,77314,0,0,56009
175592,0,0,0,150000,-1,0,77390,0,0,56011
175593,0,0,0,-1,-1,0,77380,0,0,56012
175594,0,0,0,-1,-1,0,77396,0,0,56014
175595,0,0,0,60000,-1,0,77394,0,0,56016
175596,0,0,0,0,5000,1167,77416,0,0,56018
175597,0,0,0,5000,-1,0,86382,0,0,56020
175598,0,0,0,-1,-1,0,77420,0,0,56024
175599,0,0,0,1500,-1,0,77488,0,0,56048
175600,0,0,0,0,3000,1149,77526,0,0,56069
175601,0,0,-1,-1,-1,0,77533,0,0,56081
175602,0,1,0,-1,-1,0,91369,0,0,56100
175603,0,1,0,-1,-1,0,92097,0,0,56102
175604,0,0,0,120000,20000,1141,92098,0,0,56115
175605,0,1,0,-1,-1,0,92209,0,0,56121
175606,0,0,0,90000,15000,1141,91376,0,0,56132
175607,0,0,0,-1,-1,0,77571,0,0,56134
175608,0,0,0,120000,-1,0,91296,0,0,56136
175609,1,1,0,-1,-1,0,96173,0,0,56136
175610,0,1,0,-1,-1,0,90943,0,0,56138
175611,0,0,-1,-1,-1,0,77585,0,0,56140
175612,0,0,0,0,30000,1149,77631,0,0,56168
175613,0,0,0,1500,-1,0,77671,0,0,56169
175614,0,0,0,-1,-1,0,77664,0,0,56178
175615,0,0,-1,-1,-1,0,77682,0,0,56180
175616,0,0,0,-1,-1,0,77682,0,0,56184
175617,0,0,0,1500,-1,0,77741,0,0,56188
175618,0,0,0,20000,-1,0,77770,0,0,56207
175619,0,0,0,0,500,1149,77814,0,0,56221
175621,0,0,0,1500,-1,0,77819,0,0,56222
175622,0,0,0,1500,-1,0,77821,0,0,56226
175623,0,0,0,1500,-1,0,77825,0,0,56227
175624,0,0,0,1500,-1,0,77313,0,0,56247
175625,0,0,-1,5000,-1,0,77935,0,0,56250
175626,0,0,-1,5000,-1,0,77951,0,0,56255
175627,0,0,0,0,1500,1149,77976,0,0,56263
175628,0,1,0,0,0,0,92175,0,0,56280
175629,0,0,0,90000,15000,1141,91340,0,0,56285
175630,0,0,0,120000,20000,1141,91136,0,0,56290
175631,0,1,0,0,0,0,92088,0,0,56295
175632,0,1,0,-1,-1,0,90888,0,0,56320
175633,0,1,0,-1,-1,0,92093,0,0,56328
175634,0,1,0,-1,-1,0,90899,0,0,56339
175635,0,0,0,90000,15000,1141,91352,0,0,56345
175636,0,1,0,0,0,0,92185,0,0,56347
175637,0,1,0,0,-1,0,91140,0,0,56351
175638,0,0,0,180000,180000,1190,92187,0,0,56370
175639,0,1,0,-1,-1,0,91144,0,0,56377
175640,0,1,0,-1,-1,0,91365,0,0,56393
175641,0,1,0,0,0,0,92090,0,0,56394
175642,0,1,0,-1,-1,0,91003,0,0,56400
175643,0,0,0,60000,10000,1141,92200,0,0,56406
175644,0,1,0,-1,-1,0,90993,0,0,56407
175645,0,1,0,0,-1,0,91150,0,0,56414
175646,0,1,0,0,0,0,92095,0,0,56427
175647,0,1,0,0,0,0,91366,0,0,56431
175648,0,0,0,120000,20000,1141,92099,0,0,56440
175649,0,1,0,0,0,0,92207,0,0,56449
175650,0,0,0,90000,15000,1141,91374,0,0,56458
175651,0,1,0,-1,-1,0,90986,0,0,56462
175652,0,0,0,120000,-1,0,91308,0,0,56463
175653,1,1,0,-1,-1,0,96173,0,0,56463
175654,0,1,0,-1,-1,0,78047,0,0,56468
175655,0,0,0,-1,-1,0,78049,0,0,56470
175656,0,0,0,0,1500,391,78141,0,0,56473
175658,0,0,-1,-1,-1,0,78165,0,0,56477
175659,0,0,-1,-1,-1,0,78169,0,0,56502
175660,0,0,-1,-1,-1,0,78170,0,0,56503
175661,0,0,-1,-1,-1,0,78166,0,0,56517
175662,0,0,-1,-1,-1,0,78171,0,0,56550
175663,0,0,-1,-1,-1,0,78172,0,0,56551
175664,0,0,0,5000,-1,0,78287,0,0,56576
175665,0,0,0,0,1000,1149,78315,0,0,56794
175666,0,0,0,0,3000,1149,78336,0,0,56798
175667,0,0,0,0,60000,1149,78341,0,0,56799
175668,0,0,0,0,5000,1149,78348,0,0,56800
175669,0,0,0,5000,5000,0,78365,0,0,56801
175670,0,5,0,0,-1,0,78363,0,0,56803
175671,1,0,0,1500,-1,0,78369,0,0,56803
175672,0,0,0,20000,-1,0,78277,0,0,56808
175673,0,0,0,1500,-1,0,78395,0,0,56809
175674,0,0,0,3000,-1,0,78499,0,0,56814
175675,0,0,0,20000,-1,0,78514,0,0,56815
175676,0,0,0,3000,-1,0,78547,0,0,56821
175677,0,0,0,10000,-1,0,78612,0,0,56835
175678,0,0,0,30000,-1,0,101582,0,0,56836
175679,0,0,0,1500,-1,0,78628,0,0,56837
175680,0,0,0,60000,-1,0,78830,0,0,56847
175681,0,0,0,120000,-1,23,78922,0,0,56849
175682,0,0,-1,0,1000,79,78640,0,0,56850
175683,0,0,0,-1,-1,0,71272,0,0,56909
175684,0,0,-1,0,60000,4,78778,0,0,57099
175685,0,0,0,-1,-1,0,78811,0,0,57117
175686,0,0,0,2000,-1,0,78838,0,0,57119
175687,0,0,-1,-1,-1,0,69959,0,0,57135
175688,1,5,0,-1,-1,0,78914,0,0,57135
175689,2,5,0,-1,-1,0,79252,0,0,57135
175690,0,0,0,-1,-1,0,77420,0,0,57138
175691,0,0,0,5000,-1,0,79045,0,0,57172
175692,0,0,-1,-1,-1,0,78978,0,0,57177
175693,0,0,-1,-1,-1,0,78979,0,0,57178
175694,0,0,-1,-1,-1,0,78980,0,0,57179
175695,0,0,-1,-1,-1,0,78984,0,0,57180
175696,0,0,-1,-1,-1,0,78981,0,0,57181
175697,0,0,-1,-1,-1,0,78983,0,0,57182
175698,0,0,-1,-1,-1,0,78982,0,0,57183
175699,0,0,0,-1,-1,0,78985,0,0,57185
175700,0,0,-1,-1,-1,0,78996,0,0,57190
175701,1,5,0,-1,-1,0,78914,0,0,57190
175702,0,0,-1,0,60000,4,78989,0,0,57191
175703,0,0,-1,0,60000,4,78990,0,0,57192
175704,0,0,-1,0,60000,4,78992,0,0,57193
175705,0,0,-1,0,60000,4,78993,0,0,57194
175706,0,0,0,120000,20000,1141,91336,0,0,57316
175707,0,1,0,0,0,0,92044,0,0,57325
175708,0,0,0,120000,20000,1141,90842,0,0,57346
175709,0,0,0,5000,-1,0,79127,0,0,57409
175710,0,0,0,15000,-1,0,79160,0,0,57412
175711,0,0,-1,0,1000,11,435,0,0,57518
175712,0,0,-1,0,1000,11,5004,0,0,57519
175713,0,0,-1,0,1000,59,11008,0,0,57543
175714,0,0,-1,0,1000,11,433,0,0,57544
175715,0,0,0,0,5000,1149,79262,0,0,57761
175716,0,0,-1,-1,3000,330,55884,0,0,57859
175717,1,6,0,-1,-1,0,79361,0,0,57859
175718,0,0,0,3000,-1,0,79402,0,0,57920
175719,0,0,0,0,10000,1149,79436,0,0,57954
175720,0,0,0,0,6000,1149,79450,0,0,57991
175721,0,0,-1,0,3000,79,79468,0,0,58084
175722,0,0,-1,0,3000,79,79469,0,0,58085
175723,0,0,-1,0,3000,79,79470,0,0,58086
175724,0,0,-1,0,3000,79,79471,0,0,58087
175725,0,0,-1,0,3000,79,79472,0,0,58088
175726,0,0,-1,0,3000,79,79474,0,0,58089
175727,0,0,-1,0,60000,4,79475,0,0,58090
175728,0,0,-1,0,60000,4,79476,0,0,58091
175729,0,0,-1,0,3000,79,79477,0,0,58092
175730,0,0,-1,0,3000,79,79480,0,0,58093
175731,0,0,-1,0,3000,79,79481,0,0,58094
175732,0,0,0,5000,-1,0,79500,0,0,58095
175733,0,0,0,0,8000,1149,79528,0,0,58112
175734,0,0,-1,0,0,0,79572,0,0,58119
175735,0,0,-1,0,60000,4,79625,0,0,58142
175736,0,0,-1,0,3000,79,134873,0,0,58143
175737,0,0,-1,0,3000,79,79632,0,0,58144
175738,0,0,-1,0,60000,4,79633,0,0,58145
175739,0,0,-1,0,60000,4,79634,0,0,58146
175740,0,0,0,-1,-1,0,79586,0,0,58147
175741,0,0,-1,0,3000,79,79635,0,0,58148
175743,0,0,-1,-1,-1,0,79646,0,0,58156
175744,1,5,0,-1,-1,0,78914,0,0,58156
175745,0,0,0,1000,-1,0,79648,0,0,58165
175746,0,0,0,6000,-1,0,79614,0,0,58167
175747,0,0,0,8000,-1,0,79688,0,0,58169
175748,0,0,-1,-1,-1,0,79692,0,0,58170
175749,1,5,0,-1,-1,0,78914,0,0,58170
175750,0,0,0,10000,-1,0,79715,0,0,58177
175751,0,1,0,-1,-1,0,91811,0,0,58180
175752,0,1,0,-1,-1,0,92105,0,0,58181
175753,0,1,0,-1,-1,0,92234,0,0,58182
175754,0,0,0,120000,20000,1141,91019,0,0,58183
175755,0,0,0,120000,20000,1141,91155,0,0,58184
175756,0,0,0,1500,-1,0,79751,0,0,58200
175757,0,0,0,1500,-1,0,79781,0,0,58203
175758,0,0,0,3000,-1,0,79513,0,0,58209
175759,0,5,0,-1,-1,0,80210,0,0,58249
175760,0,5,0,-1,-1,0,80108,0,0,58250
175761,0,5,0,-1,-1,0,80114,0,0,58251
175762,0,0,0,-1,-1,0,80101,0,0,58253
175763,0,0,0,1500,-1,0,80351,0,0,58254
175764,0,0,-1,0,1000,59,80166,0,0,58256
175765,0,0,-1,0,1000,59,80167,0,0,58257
175766,0,0,-1,0,1000,11,80168,0,0,58258
175767,0,0,-1,0,1000,11,80169,0,0,58259
175768,0,0,-1,0,1000,11,80168,0,0,58260
175769,0,0,-1,0,1000,11,80169,0,0,58261
175770,0,0,-1,0,1000,11,80168,0,0,58262
175771,0,0,-1,0,1000,11,80169,0,0,58263
175772,0,0,-1,0,1000,11,80168,0,0,58264
175773,0,0,-1,0,1000,11,80169,0,0,58265
175774,0,0,-1,0,1000,11,80168,0,0,58266
175775,0,0,-1,0,1000,11,80169,0,0,58267
175776,0,0,-1,0,1000,11,80168,0,0,58268
175777,0,0,-1,0,1000,11,80169,0,0,58269
175778,0,0,-1,0,1000,59,43183,0,0,58274
175779,0,0,-1,0,1000,11,45548,0,0,58275
175780,0,0,-1,0,1000,11,45548,0,0,58276
175781,0,0,-1,0,1000,11,45548,0,0,58277
175782,0,0,-1,0,1000,11,45548,0,0,58278
175783,0,0,-1,0,1000,11,45548,0,0,58279
175784,0,0,-1,0,1000,11,45548,0,0,58280
175785,0,0,0,0,1500,1149,80199,0,0,58362
175787,0,0,0,35000,-1,0,80230,0,0,58365
175788,1,1,0,-1,-1,0,17619,0,0,58483
175789,0,0,-1,0,60000,4,80256,0,0,58487
175790,0,0,-1,0,60000,4,80263,0,0,58488
175791,0,0,-1,0,3000,0,80265,0,0,58489
175792,0,0,-1,1500,-1,0,80462,0,0,58500
175793,0,0,0,1000,-1,0,80413,0,0,58502
175794,0,0,0,120000,20000,1141,60215,0,0,58640
175795,0,0,-1,1500,-1,0,80524,0,0,58783
175796,0,0,0,3000,-1,0,80469,0,0,58784
175797,0,0,-1,-1,-1,0,80534,0,0,58788
175798,0,0,-1,0,1000,0,80615,0,0,58856
175799,0,0,0,180000,-1,0,80598,0,0,58860
175800,0,0,0,5000,-1,0,80670,0,0,58884
175801,0,0,0,5000,-1,0,80675,0,0,58885
175802,0,0,0,-1,-1,0,80704,0,0,58895
175803,0,0,-1,0,1000,11,80760,0,0,58933
175804,0,0,0,3000,-1,0,80782,0,0,58935
175805,0,0,-1,0,1000,0,80868,0,0,58949
175806,0,0,0,-1,-1,0,80948,0,0,58955
175807,0,0,0,10000,-1,0,80962,0,0,58958
175808,0,0,0,-1,-1,0,80985,0,0,58964
175809,0,0,0,1000,-1,0,80987,0,0,58965
175810,0,0,0,3000,-1,0,80989,0,0,58966
175811,0,0,0,3000,-1,0,80995,0,0,58967
175812,0,0,-1,0,1000,59,80166,0,0,59029
175813,0,0,0,-1,-1,0,80887,0,0,59033
175814,0,1,0,0,0,0,91817,0,0,59224
175815,0,0,0,30000,180000,0,81490,0,0,59226
175816,0,0,-1,0,1000,11,45548,0,0,59227
175817,0,0,-1,0,1000,11,80168,0,0,59228
175818,0,0,-1,0,1000,59,43183,0,0,59229
175819,0,0,-1,0,1000,59,80166,0,0,59230
175820,0,0,-1,0,1000,11,45548,0,0,59231
175821,0,0,-1,0,1000,11,80168,0,0,59232
175822,0,0,0,-1,-1,0,81515,0,0,59261
175823,0,1,0,-1,-1,0,91011,0,0,59326
175824,0,1,0,0,0,0,92236,0,0,59332
175825,0,1,0,120000,-1,0,91321,0,0,59354
175826,1,0,0,120000,-1,0,91322,0,0,59354
175827,0,0,0,10000,-1,0,82029,0,0,59363
175828,0,1,0,0,0,0,92125,0,0,59441
175829,0,1,0,-1,-1,0,91833,0,0,59461
175830,1,0,0,120000,20000,1141,91836,0,0,59461
175831,0,1,0,0,0,0,92127,0,0,59473
175832,0,1,0,0,-1,0,91186,0,0,59500
175833,0,1,0,0,0,0,91822,0,0,59506
175834,0,1,0,-1,-1,0,91031,0,0,59514
175835,1,0,0,120000,20000,1141,91041,0,0,59514
175836,0,0,0,120000,20000,1141,92213,0,0,59515
175837,0,1,0,-1,-1,0,91025,0,0,59519
175838,0,1,0,0,0,0,92114,0,0,59520
175839,0,0,0,-1,-1,0,81776,0,0,59522
175840,0,1,0,-1,-1,0,57353,0,0,59526
175841,0,0,-1,-1,-1,0,81932,0,0,59594
175842,0,0,-1,-1,-1,0,81933,0,0,59595
175843,0,0,-1,-1,-1,0,81934,0,0,59596
175844,0,0,-1,-1,-1,0,55884,0,0,59597
175845,1,6,0,-1,-1,0,81937,0,0,59597
175846,0,0,0,1800000,-1,0,81945,0,0,59600
175847,0,0,0,90000,15000,1141,92162,0,0,59617
175848,0,1,0,-1,-1,0,90855,0,0,59630
175849,0,1,0,-1,-1,0,90855,0,0,59633
175850,0,1,0,-1,-1,0,90848,0,0,59661
175851,0,1,0,-1,-1,0,90848,0,0,59664
175852,0,0,0,60000,10000,1141,91344,0,0,59685
175853,0,0,0,60000,10000,1141,91344,0,0,59689
175854,0,0,0,120000,20000,1141,92045,0,0,59707
175855,0,0,0,120000,20000,1141,92045,0,0,59710
175856,0,1,0,-1,-1,0,91339,0,0,59792
175857,0,0,-1,-1,-1,0,82058,0,0,60206
175858,0,0,0,1500,-1,0,82130,0,0,60212
175859,0,0,-1,-1,-1,0,55884,0,0,60216
175860,1,6,0,-1,-1,0,82173,0,0,60216
175861,0,1,0,-1,-1,0,82204,0,0,60222
175862,0,0,0,120000,15000,1141,82207,0,0,60223
175863,0,0,0,5000,-1,0,82194,0,0,60225
175864,0,1,0,-1,-1,0,91171,0,0,60233
175865,1,0,0,60000,10000,1141,91173,0,0,60233
175866,0,0,-1,0,60000,4,3592,0,0,60265
175867,0,0,0,1500,-1,0,82260,0,0,60266
175868,0,0,-1,0,1000,11,433,0,0,60267
175869,0,0,-1,0,1000,11,433,0,0,60268
175870,0,0,-1,0,1000,59,430,0,0,60269
175871,0,0,0,-1,-1,0,82269,0,0,60273
175872,0,0,0,-1,-1,0,82540,0,0,60374
175873,0,0,-1,0,1000,11,433,0,0,60375
175874,0,0,-1,0,1000,0,433,0,0,60376
175875,0,0,-1,0,1000,11,433,0,0,60377
175876,0,0,-1,0,1000,11,433,0,0,60378
175877,0,0,-1,0,1000,11,433,0,0,60379
175878,0,0,0,2000,-1,0,82563,0,0,60382
175879,0,0,0,0,1500,1149,82580,0,0,60384
175880,0,0,0,0,1500,1149,82587,0,0,60385
175881,0,0,0,180000,-1,0,82594,0,0,60387
175882,0,0,0,300000,60000,94,82645,0,0,60403
175883,0,0,0,900000,0,0,82674,0,0,60407
175884,0,1,0,-1,-1,0,62459,0,0,60409
175885,0,1,0,-1,-1,0,44300,0,0,60414
175886,0,1,0,-1,-1,0,22778,0,0,60419
175887,0,1,0,-1,-1,0,61255,0,0,60424
175888,0,1,0,-1,-1,0,32973,0,0,60429
175889,0,1,0,-1,-1,0,32973,0,0,60434
175890,0,1,0,-1,-1,0,32973,0,0,60439
175891,0,1,0,-1,-1,0,61252,0,0,60443
175892,0,1,0,-1,-1,0,33830,0,0,60448
175893,0,1,0,-1,-1,0,33830,0,0,60453
175894,0,1,0,-1,-1,0,61249,0,0,60459
175895,0,1,0,-1,-1,0,44301,0,0,60463
175896,0,1,0,-1,-1,0,44297,0,0,60468
175897,0,1,0,-1,-1,0,44297,0,0,60473
175898,0,1,0,-1,-1,0,33063,0,0,60478
175899,0,0,0,10000,-1,0,82747,0,0,60490
175900,0,0,0,0,900000,1176,82674,0,0,60498
175901,0,0,0,5000,-1,0,83883,0,0,60501
175902,0,0,0,20000,-1,0,82788,0,0,60502
175903,0,0,0,1500,-1,0,82799,0,0,60503
175904,0,1,0,-1,-1,0,38522,0,0,60602
175905,0,0,0,1000,-1,0,83108,0,0,60678
175906,0,0,-1,-1,-1,0,12438,0,0,60680
175907,0,0,0,2000,-1,0,83522,0,0,60739
175908,0,0,0,5000,-1,0,83660,0,0,60749
175909,0,0,0,-1,-1,0,83176,0,0,60753
175910,0,0,-1,1500,-1,0,83792,0,0,60768
175911,0,0,0,6000,-1,0,83851,0,0,60773
175912,0,0,0,120000,120000,1182,42292,0,0,60794
175913,0,0,0,120000,120000,1182,42292,0,0,60795
175914,0,0,0,120000,120000,1182,42292,0,0,60796
175915,0,0,0,120000,120000,1182,42292,0,0,60797
175916,0,0,0,120000,120000,1182,42292,0,0,60798
175917,0,0,0,120000,120000,1182,42292,0,0,60799
175918,0,0,0,120000,120000,1182,42292,0,0,60800
175919,0,0,0,120000,120000,1182,42292,0,0,60801
175920,0,0,0,120000,120000,1182,42292,0,0,60802
175921,0,0,0,120000,120000,1182,42292,0,0,60803
175922,0,0,0,120000,120000,1182,42292,0,0,60804
175923,0,0,0,120000,120000,1182,42292,0,0,60805
175924,0,0,0,120000,120000,1182,42292,0,0,60806
175925,0,0,0,120000,120000,1182,42292,0,0,60807
175926,0,0,0,-1,-1,0,83902,0,0,60808
175927,0,0,0,6000,-1,0,83699,0,0,60809
175928,0,0,0,6000,-1,0,83934,0,0,60810
175929,0,0,0,3000,-1,0,84009,0,0,60815
175930,0,0,0,5000,-1,0,82044,0,0,60834
175931,0,0,0,6000,-1,0,84169,0,0,60835
175932,0,0,-1,-1,-1,0,84193,0,0,60838
175933,0,0,-1,-1,-1,0,55884,0,0,60847
175934,1,6,0,-1,-1,0,84263,0,0,60847
175935,0,0,0,1000,-1,0,83108,0,0,60849
175936,0,0,-1,1000,0,0,84340,0,0,60853
175937,0,0,0,3000,0,0,84342,0,0,60854
175938,0,0,0,5000,-1,0,49352,0,0,60855
175939,0,0,0,150000,0,0,84343,0,0,60856
175940,0,0,-1,0,1000,11,87915,0,0,60858
175941,0,0,-1,3000,-1,0,84446,0,0,60859
175942,0,0,0,5000,-1,0,84375,0,0,60861
175943,0,0,-1,1000,-1,0,55884,0,0,60869
175944,1,6,0,-1,-1,0,84492,0,0,60869
175945,0,0,0,0,3000,0,84514,0,0,60870
175947,0,0,-1,-1,3000,330,55884,0,0,60954
175948,1,6,0,0,0,0,84751,0,0,60954
175949,0,0,-1,-1,-1,0,55884,0,0,60955
175950,1,6,0,-1,-1,0,84752,0,0,60955
175951,1,0,0,120000,20000,1190,84960,0,0,61026
175952,1,0,0,180000,20000,1190,84960,0,0,61027
175953,1,0,0,180000,20000,1190,84960,0,0,61028
175954,1,0,0,180000,20000,1190,84960,0,0,61029
175955,1,0,0,180000,20000,1190,84960,0,0,61030
175956,1,0,0,120000,20000,1190,84960,0,0,61031
175957,1,0,0,120000,20000,1190,84960,0,0,61032
175958,1,0,0,120000,20000,1141,84969,0,0,61033
175959,1,0,0,120000,20000,1141,84966,0,0,61034
175960,1,0,0,120000,20000,1141,84968,0,0,61035
175961,0,0,0,5000,-1,0,84964,0,0,61036
175962,0,0,0,3000,-1,0,84973,0,0,61038
175963,0,0,0,5000,-1,0,84925,0,0,61043
175964,1,1,0,0,0,0,85024,0,0,61045
175965,1,1,0,0,0,0,85034,0,0,61046
175966,1,1,0,0,0,0,85011,0,0,61047
175967,0,0,0,-1,-1,0,85141,0,0,61283
175968,0,0,0,-1,-1,0,85144,0,0,61284
175969,0,0,0,-1,-1,0,85252,0,0,61302
175970,0,0,0,60000,-1,0,85308,0,0,61309
175971,0,0,-1,-1,-1,0,85325,0,0,61314
175972,0,0,0,-1,-1,0,85327,0,0,61316
175973,0,0,0,0,-1,0,85389,0,0,61323
175974,0,0,0,10000,-1,0,85431,0,0,61334
175975,0,0,0,1000,-1,0,85478,0,0,61363
175976,0,0,0,1000,-1,0,85481,0,0,61367
175977,0,0,0,1000,-1,0,85555,0,0,61369
175978,0,0,0,-1,-1,0,85600,0,0,61374
175979,0,0,0,1000,-1,0,85590,0,0,61375
175980,0,5,-1,-1,-1,0,92028,0,0,61376
175981,0,0,-1,-1,-1,0,85609,0,0,61379
175982,0,0,-1,-1,-1,0,85621,0,0,61380
175983,0,0,-1,0,1000,11,85624,0,0,61381
175984,0,0,-1,0,1000,59,1133,0,0,61382
175985,0,0,-1,0,1000,11,1127,0,0,61383
175986,0,0,-1,0,1000,59,11629,0,0,61384
175987,0,0,-1,1500,-1,0,85551,0,0,61385
175988,0,1,0,-1,-1,0,90892,0,0,61411
175989,0,0,0,90000,15000,1141,90889,0,0,61429
175990,0,0,0,180000,180000,1190,92172,0,0,61433
175991,0,0,0,120000,20000,1141,91345,0,0,61448
175992,0,1,0,-1,-1,0,92056,0,0,61462
175993,0,0,0,-1,-1,0,85697,0,0,61509
175994,0,0,0,5000,-1,0,85720,0,0,61511
175995,1,0,0,180000,20000,1141,84969,0,0,61643
175996,1,1,0,0,0,0,85011,0,0,61654
175997,1,0,0,180000,20000,1190,84960,0,0,61738
175998,1,0,0,180000,20000,1190,84960,0,0,61739
175999,1,0,0,180000,20000,1190,84960,0,0,61740
176000,1,0,0,180000,20000,1190,84960,0,0,61741
176001,1,0,0,180000,20000,1190,84960,0,0,61742
176002,1,0,0,180000,20000,1190,84960,0,0,61743
176003,1,0,0,180000,20000,1190,84960,0,0,61744
176004,0,0,0,120000,120000,1182,42292,0,0,61818
176005,0,0,0,120000,120000,1182,42292,0,0,61819
176006,0,0,0,120000,120000,1182,42292,0,0,61820
176007,0,0,0,120000,120000,1182,42292,0,0,61821
176008,0,0,0,120000,120000,1182,42292,0,0,61822
176009,0,0,0,120000,120000,1182,42292,0,0,61823
176010,0,0,0,120000,120000,1182,42292,0,0,61824
176011,0,0,0,120000,120000,1182,42292,0,0,61825
176012,0,0,0,120000,120000,1182,42292,0,0,61826
176013,0,0,0,120000,120000,1182,42292,0,0,61827
176014,0,0,0,120000,120000,1182,42292,0,0,61828
176015,0,0,0,120000,120000,1182,42292,0,0,61829
176016,0,0,0,120000,120000,1182,42292,0,0,61830
176017,0,0,0,120000,120000,1182,42292,0,0,61831
176018,1,0,0,180000,20000,1141,84968,0,0,61884
176019,1,1,0,0,0,0,85024,0,0,61885
176020,1,0,0,180000,20000,1190,84966,0,0,61890
176021,1,1,0,0,0,0,85034,0,0,61901
176022,0,0,0,5000,-1,0,85752,0,0,61920
176023,0,0,0,60000,-1,0,85784,0,0,61928
176024,0,1,0,-1,-1,0,57353,0,0,61931
176025,0,1,0,-1,-1,0,57353,0,0,61935
176026,0,1,0,-1,-1,0,57353,0,0,61936
176027,0,1,0,-1,-1,0,57353,0,0,61937
176028,0,0,-1,-1,-1,0,85857,0,0,61938
176029,0,0,-1,-1,-1,0,85858,0,0,61939
176030,0,0,-1,-1,-1,0,85859,0,0,61940
176031,0,0,-1,-1,-1,0,85860,0,0,61941
176032,0,1,0,-1,-1,0,57353,0,0,61942
176033,0,1,0,-1,-1,0,57353,0,0,61958
176034,0,0,-1,0,1000,59,11007,0,0,61982
176035,0,0,-1,0,1000,59,11008,0,0,61983
176036,0,0,-1,0,1000,59,11008,0,0,61984
176037,0,0,-1,0,1000,59,11009,0,0,61985
176038,0,0,-1,0,1000,59,11009,0,0,61986
176039,0,0,-1,0,0,0,86043,0,0,61988
176040,0,0,-1,0,0,0,86051,0,0,61989
176041,0,0,-1,0,0,0,86052,0,0,61990
176042,0,0,-1,0,0,0,86053,0,0,61991
176043,0,0,-1,0,0,0,86054,0,0,61992
176044,0,0,-1,0,0,0,86055,0,0,61993
176045,0,0,-1,0,0,0,86056,0,0,61994
176046,0,0,-1,0,0,0,86057,0,0,61995
176047,0,0,-1,0,0,0,86229,0,0,61996
176048,0,0,-1,0,0,0,86232,0,0,61997
176049,0,0,-1,0,0,0,86233,0,0,61998
176050,0,0,-1,0,0,0,86234,0,0,61999
176051,0,0,-1,0,0,0,86235,0,0,62000
176052,0,0,-1,0,0,0,86238,0,0,62001
176053,0,0,-1,0,0,0,86239,0,0,62002
176054,0,0,-1,0,0,0,86240,0,0,62003
176055,0,0,-1,0,0,0,86217,0,0,62004
176056,0,0,-1,0,0,0,86218,0,0,62005
176057,0,0,-1,0,0,0,86219,0,0,62006
176058,0,0,-1,0,0,0,86220,0,0,62007
176059,0,0,-1,0,0,0,86221,0,0,62008
176060,0,0,-1,0,0,0,86222,0,0,62009
176061,0,0,-1,0,0,0,86223,0,0,62010
176062,0,0,-1,0,0,0,86224,0,0,62011
176063,0,0,-1,0,0,0,86241,0,0,62012
176064,0,0,-1,0,0,0,86242,0,0,62013
176065,0,0,-1,0,0,0,86243,0,0,62014
176066,0,0,-1,0,0,0,86244,0,0,62015
176067,0,0,-1,0,0,0,86245,0,0,62016
176068,0,0,-1,0,0,0,86246,0,0,62017
176069,0,0,-1,0,0,0,86247,0,0,62018
176070,0,0,-1,0,0,0,86248,0,0,62019
176071,0,0,0,300000,-1,0,12346,0,0,62020
176072,0,0,0,300000,-1,0,12346,0,0,62022
176073,0,1,0,-1,-1,0,57353,0,0,62023
176074,0,1,0,-1,-1,0,57353,0,0,62024
176075,0,1,0,-1,-1,0,57353,0,0,62025
176076,0,1,0,-1,-1,0,57353,0,0,62026
176077,0,1,0,-1,-1,0,57353,0,0,62027
176078,0,1,0,-1,-1,0,57353,0,0,62029
176079,0,1,0,-1,-1,0,71354,0,0,62035
176080,0,1,0,-1,-1,0,71354,0,0,62036
176081,0,1,0,-1,-1,0,71354,0,0,62037
176082,0,1,0,-1,-1,0,71354,0,0,62038
176083,0,1,0,-1,-1,0,71354,0,0,62039
176084,0,1,0,-1,-1,0,71354,0,0,62040
176085,0,1,0,-1,-1,0,89088,0,0,62047
176086,0,0,0,180000,0,0,89181,0,0,62048
176087,0,1,0,-1,-1,0,89086,0,0,62049
176088,0,1,0,-1,-1,0,89183,0,0,62050
176089,0,1,0,-1,-1,0,89086,0,0,62051
176090,0,0,0,1500,-1,0,89314,0,0,62054
176091,0,0,0,1500,-1,0,86264,0,0,62057
176092,0,0,-1,3600000,0,0,86939,0,0,62237
176093,0,0,-1,30000,0,0,89201,0,0,62238
176094,0,0,-1,10000,0,0,89211,0,0,62239
176095,0,0,0,1000,-1,0,86466,0,0,62248
176096,0,0,-1,0,0,0,86507,0,0,62251
176097,0,0,-1,-1,-1,0,89145,0,0,62286
176098,0,0,-1,-1,-1,0,89146,0,0,62287
176099,0,0,-1,-1,-1,0,92649,0,0,62288
176100,0,0,-1,-1,-1,0,87643,0,0,62289
176101,0,0,-1,-1,-1,0,87644,0,0,62290
176102,0,0,-1,-1,3000,330,483,0,0,62298
176103,1,6,0,-1,-1,0,90621,0,0,62298
176104,0,0,-1,0,0,0,86824,0,0,62312
176105,0,0,1,-1,-1,0,86891,0,0,62314
176106,0,0,0,1500,-1,0,86767,0,0,62315
176107,0,0,-1,-1,-1,0,86847,0,0,62321
176108,0,0,0,1500,-1,0,86839,0,0,62326
176109,0,0,-1,-1,-1,0,86854,0,0,62333
176110,0,0,-1,0,0,0,86887,0,0,62336
176111,0,0,-1,0,0,0,86889,0,0,62337
176112,0,0,-1,0,0,0,86890,0,0,62338
176113,0,0,-1,-1,-1,0,86898,0,0,62342
176114,0,0,-1,-1,-1,0,86899,0,0,62343
176115,0,0,-1,-1,-1,0,86900,0,0,62344
176116,0,0,-1,-1,-1,0,86901,0,0,62345
176117,0,0,-1,-1,-1,0,86907,0,0,62346
176118,0,0,-1,-1,-1,0,86909,0,0,62347
176123,0,0,0,1500,-1,0,86986,0,0,62379
176124,0,0,0,1000,-1,0,86873,0,0,62394
176125,0,0,0,-1,-1,0,86425,0,0,62397
176126,0,0,0,8000,-1,0,87020,0,0,62398
176127,0,0,0,1500,-1,0,87026,0,0,62412
176129,0,0,-1,-1,3000,330,55884,0,0,62461
176130,1,6,0,0,0,0,87090,0,0,62461
176131,0,0,-1,-1,3000,330,55884,0,0,62462
176132,1,6,0,0,0,0,87091,0,0,62462
176133,0,0,0,120000,20000,1141,92123,0,0,62463
176134,0,0,0,120000,20000,1141,91828,0,0,62464
176135,0,1,0,0,0,0,91048,0,0,62465
176136,0,0,0,60000,10000,1141,92222,0,0,62466
176137,0,1,0,0,-1,0,91193,0,0,62467
176138,0,0,0,120000,20000,1141,92123,0,0,62468
176139,0,0,0,120000,20000,1141,91828,0,0,62469
176140,0,1,0,0,0,0,91048,0,0,62470
176141,0,0,0,60000,10000,1141,92222,0,0,62471
176142,0,1,0,-1,-1,0,91193,0,0,62472
176143,0,0,0,1500,-1,0,87140,0,0,62493
176144,0,0,0,1500,-1,0,87142,0,0,62495
176145,0,0,0,1500,-1,0,87149,0,0,62496
176146,0,0,0,60000,-1,0,86499,0,0,62503
176147,0,0,-1,1500,-1,0,87250,0,0,62508
176148,1,5,0,-1,-1,0,87268,0,0,62508
176149,0,0,0,-1,-1,0,87293,0,0,62517
176150,0,0,0,45000,-1,0,87298,0,0,62534
176151,0,0,-1,-1,-1,0,55884,0,0,62540
176152,1,6,0,-1,-1,0,87344,0,0,62540
176153,0,0,0,1500,-1,0,87355,0,0,62541
176154,0,0,0,14000,-1,0,87368,0,0,62542
176155,0,0,0,-1,-1,0,87296,0,0,62548
176156,0,0,-1,-1,-1,0,91261,0,0,62608
176157,0,0,-1,3000,-1,0,87585,0,0,62610
176158,0,0,0,3000,-1,0,87623,0,0,62611
176159,0,5,0,-1,-1,0,81882,0,0,62621
176160,0,0,-1,0,1000,11,87604,0,0,62649
176161,0,0,-1,0,1000,11,87572,0,0,62651
176162,0,0,-1,0,1000,11,87571,0,0,62652
176163,0,0,-1,0,1000,11,87570,0,0,62653
176164,0,0,-1,0,1000,11,87636,0,0,62654
176165,0,0,-1,0,1000,11,87573,0,0,62655
176166,0,0,-1,0,1000,11,87568,0,0,62656
176167,0,0,-1,0,1000,11,87577,0,0,62657
176168,0,0,-1,0,1000,11,87566,0,0,62658
176169,0,0,-1,0,1000,11,87544,0,0,62659
176170,0,0,-1,0,1000,11,87567,0,0,62660
176171,0,0,-1,0,1000,11,87597,0,0,62661
176172,0,0,-1,0,1000,11,87595,0,0,62662
176173,0,0,-1,0,1000,11,87594,0,0,62663
176174,0,0,-1,0,1000,11,87637,0,0,62664
176175,0,0,-1,0,1000,11,87599,0,0,62665
176176,0,0,-1,0,1000,11,87588,0,0,62666
176177,0,0,-1,0,1000,11,87601,0,0,62667
176178,0,0,-1,0,1000,11,87602,0,0,62668
176179,0,0,-1,0,1000,11,87586,0,0,62669
176180,0,0,-1,0,1000,11,87584,0,0,62670
176181,0,0,-1,0,1000,11,87587,0,0,62671
176182,0,0,-1,0,1000,59,94468,0,0,62672
176183,0,0,-1,-1,-1,0,87646,0,0,62673
176184,0,0,-1,0,1000,59,11009,0,0,62674
176185,0,0,-1,0,1000,59,87648,0,0,62675
176186,0,0,-1,0,1000,11,80168,0,0,62676
176187,0,0,-1,0,1000,11,80169,0,0,62677
176188,0,0,-1,0,1000,11,87697,0,0,62678
176189,0,0,-1,0,1000,11,87699,0,0,62679
176190,0,0,-1,0,0,11,87649,0,0,62680
176191,0,0,-1,0,0,0,483,0,0,62763
176192,1,6,-1,-1,-1,0,87805,0,0,62763
176193,0,0,-1,0,0,0,483,0,0,62764
176194,1,6,-1,-1,-1,0,87813,0,0,62764
176195,0,0,-1,0,0,0,483,0,0,62765
176196,1,6,-1,-1,-1,0,87835,0,0,62765
176197,0,0,-1,0,0,0,483,0,0,62766
176198,1,6,-1,-1,-1,0,87837,0,0,62766
176199,0,0,-1,0,0,0,483,0,0,62767
176200,1,6,-1,-1,-1,0,87839,0,0,62767
176201,0,0,-1,-1,-1,0,55884,0,0,62769
176202,1,6,0,-1,-1,0,87863,0,0,62769
176203,0,0,-1,0,0,0,483,0,0,62773
176204,1,6,-1,-1,-1,0,87922,0,0,62773
176205,0,0,0,5000,-1,0,87937,0,0,62775
176206,0,0,-1,0,1000,59,11009,0,0,62790
176207,0,0,0,3000,-1,0,87996,0,0,62794
176208,0,0,-1,1500,-1,0,88026,0,0,62795
176209,0,0,-1,-1,-1,0,483,0,0,62799
176210,1,6,0,-1,-1,0,88011,0,0,62799
176211,0,0,-1,-1,-1,0,483,0,0,62800
176212,1,6,0,-1,-1,0,88036,0,0,62800
176213,0,0,0,-1,-1,0,88236,0,0,62813
176214,0,0,0,1500,-1,0,88254,0,0,62819
176215,0,0,0,-1,-1,0,88259,0,0,62823
176216,0,0,0,-1,-1,0,88259,0,0,62824
176217,0,0,0,-1,-1,0,88259,0,0,62825
176218,0,0,0,1000,-1,0,88418,0,0,62826
176219,0,0,0,5000,-1,0,88434,0,0,62829
176220,0,0,0,-1,-1,0,88354,0,0,62899
176221,0,0,-1,-1,3000,330,55884,0,0,62900
176222,1,6,0,-1,-1,0,88331,0,0,62900
176223,0,0,-1,-1,3000,330,55884,0,0,62901
176224,1,6,0,-1,-1,0,88335,0,0,62901
176225,0,0,-1,0,1000,59,11008,0,0,62908
176226,0,0,-1,0,1000,11,434,0,0,62909
176227,0,0,-1,0,1000,11,435,0,0,62910
176228,0,0,0,1000,-1,0,88452,0,0,62912
176229,1,5,0,-1,-1,0,88454,0,0,62912
176230,0,5,0,-1,-1,0,88454,0,0,62913
176231,0,0,0,30000,-1,0,88449,0,0,62917
176233,0,0,0,-1,-1,0,88438,0,0,62920
176234,0,0,0,30000,-1,0,88547,0,0,62925
176235,0,0,0,1500,-1,0,88553,0,0,62926
176236,0,0,0,120000,120000,0,95880,0,0,62966
176237,0,0,0,120000,120000,0,95879,0,0,62978
176238,0,0,0,120000,120000,0,95881,0,0,62984
176239,0,0,0,300000,300000,0,95882,0,0,62995
176240,0,0,-1,0,1000,59,1135,0,0,63023
176241,0,0,0,4000,-1,0,88646,0,0,63027
176242,0,0,-1,0,0,0,88696,0,0,63030
176243,0,0,0,1500,-1,0,88697,0,0,63031
176244,0,0,-1,-1,3000,330,55884,0,0,63039
176245,1,6,0,-1,-1,0,88741,0,0,63039
176246,0,0,-1,-1,3000,330,55884,0,0,63040
176247,1,6,0,-1,-1,0,88742,0,0,63040
176248,0,0,-1,-1,3000,330,55884,0,0,63041
176249,1,6,0,-1,-1,0,88744,0,0,63041
176250,0,0,-1,-1,3000,330,55884,0,0,63042
176251,1,6,0,-1,-1,0,88718,0,0,63042
176252,0,0,-1,-1,3000,330,55884,0,0,63043
176253,1,6,0,-1,-1,0,88746,0,0,63043
176254,0,0,-1,-1,3000,330,55884,0,0,63044
176255,1,6,0,0,0,0,88748,0,0,63044
176256,0,0,-1,-1,3000,330,55884,0,0,63045
176257,1,6,0,0,0,0,88749,0,0,63045
176258,0,0,-1,-1,3000,330,55884,0,0,63046
176259,1,6,0,0,0,0,88750,0,0,63046
176260,0,0,0,1500,1500,0,88796,0,0,63071
176261,0,0,0,0,1500,0,88797,0,0,63079
176262,0,0,0,3000,-1,0,88882,0,0,63086
176263,0,0,0,1500,-1,0,88914,0,0,63092
176264,0,0,0,1000,-1,0,88928,0,0,63104
176265,0,0,-1,0,1000,11,88728,0,0,63122
176266,0,0,-1,-1,3000,330,55884,0,0,63125
176267,1,6,0,-1,-1,0,88990,0,0,63125
176268,0,0,0,1500,-1,0,89008,0,0,63126
176269,0,0,0,10000,-1,0,89022,0,0,63137
176270,0,0,-1,-1,-1,0,55884,0,0,63138
176271,1,6,0,-1,-1,0,89039,0,0,63138
176272,0,0,0,1500,-1,0,89040,0,0,63139
176273,0,0,-50,4000,0,0,89050,0,0,63140
176274,0,0,0,300000,-1,0,89054,0,0,63141
176275,0,0,-1,0,60000,4,89078,0,0,63144
176276,0,0,-1,0,60000,4,89083,0,0,63145
176277,0,0,-1,0,0,0,89085,0,0,63148
176278,0,0,0,0,1500,0,89089,0,0,63150
176279,0,0,0,600000,600000,0,95227,0,0,63192
176280,0,0,0,600000,600000,0,95185,0,0,63194
176281,0,0,0,14400000,-1,0,89157,0,0,63206
176282,0,0,0,14400000,-1,0,89158,0,0,63207
176283,0,0,0,600000,600000,0,93791,0,0,63241
176284,2,0,0,120000,120000,0,93749,0,0,63245
176285,0,0,-1,15000,0,0,89188,0,0,63246
176286,0,0,-1,0,1000,59,80167,0,0,63251
176287,0,0,0,10000,0,0,95214,0,0,63269
176288,0,0,-1,0,1000,59,11008,0,0,63275
176289,0,0,0,-1,-1,0,89297,0,0,63284
176290,0,0,-1,0,1000,59,11008,0,0,63291
176291,0,0,-1,0,1000,59,11008,0,0,63292
176292,0,0,-1,0,1000,59,11008,0,0,63293
176293,0,0,-1,0,1000,59,11008,0,0,63296
176294,0,0,-1,0,1000,59,11008,0,0,63299
176295,0,0,-1,0,60000,4,78989,0,0,63300
176296,0,0,-1,1000,-1,0,89343,0,0,63303
176297,0,0,-1,1000,-1,0,89346,0,0,63304
176298,0,0,-1,1000,-1,0,89347,0,0,63305
176299,0,0,-1,1000,-1,0,89345,0,0,63306
176300,0,0,-1,1000,-1,0,89342,0,0,63307
176301,0,0,-1,1000,-1,0,89344,0,0,63308
176302,0,0,1,-1,-1,0,89406,0,0,63329
176303,0,0,-1,-1,-1,0,89402,0,0,63332
176304,0,0,0,5000,-1,0,89447,0,0,63350
176305,0,0,0,2000,-1,0,89431,0,0,63351
176306,0,0,0,28800000,-1,0,89157,0,0,63352
176307,0,0,0,28800000,-1,0,89158,0,0,63353
176308,0,0,-1,-1,-1,0,55884,0,0,63355
176309,1,6,0,-1,-1,0,89472,0,0,63355
176310,0,0,0,5000,-1,0,89477,0,0,63356
176311,0,0,0,1000,-1,0,89261,0,0,63357
176312,0,0,0,600000,120000,1347,89479,0,0,63359
176313,0,0,0,600000,120000,1153,90688,0,0,63376
176314,0,0,0,600000,120000,1153,90687,0,0,63377
176315,0,0,0,14400000,-1,0,89598,0,0,63378
176316,0,0,0,14400000,-1,0,89597,0,0,63379
176317,0,0,0,30000,-1,0,89151,0,0,63383
176318,0,0,-3,300000,0,0,54903,0,0,63384
176319,0,0,-1,-1,-1,0,89406,0,0,63387
176320,0,0,0,-1,-1,0,89562,0,0,63390
176321,0,0,-1,0,1000,150,89595,0,0,63391
176322,0,0,0,5000,-1,0,89557,0,0,63393
176323,0,0,0,3000,-1,0,132610,0,0,63395
176324,0,0,-1,0,60000,24,89637,0,0,63396
176325,0,0,-1,-1,-1,0,55884,0,0,63398
176326,1,6,0,-1,-1,0,89670,0,0,63398
176327,0,0,-1,0,0,0,483,0,0,63415
176328,0,0,-1,0,0,0,483,0,0,63416
176329,1,6,-1,-1,-1,0,89748,0,0,63416
176330,0,0,0,30000,-1,0,89151,0,0,63419
176331,0,0,-1,0,0,0,483,0,0,63420
176332,1,6,-1,-1,-1,0,89759,0,0,63420
176333,0,0,0,0,1500,0,89752,0,0,63426
176334,0,0,0,1000,-1,0,89776,0,0,63427
176335,0,0,0,1500,1500,0,89777,0,0,63428
176336,0,2,0,-1,-1,0,89804,0,0,63456
176337,0,0,0,1500,-1,0,89914,0,0,63469
176338,0,0,-1,0,0,0,483,0,0,63481
176339,1,6,-1,-1,-1,0,89814,0,0,63481
176340,0,0,0,0,3000,0,89821,0,0,63508
176341,0,0,-1,1500,-1,0,89828,0,0,63509
176342,0,0,0,3000,-1,0,89822,0,0,63513
176343,0,0,0,1500,-1,0,89809,0,0,63514
176344,0,0,-1,1500,-1,0,89828,0,0,63515
176345,0,0,-1,-500,-1,0,89835,0,0,63517
176346,0,0,-1,-500,-1,0,89836,0,0,63518
176347,0,0,-1,0,1000,59,431,0,0,63530
176348,0,0,-1,0,0,0,483,0,0,63539
176349,1,6,-1,-1,-1,0,89927,0,0,63539
176350,0,0,0,300000,-1,0,93248,0,0,63632
176351,0,0,0,300000,-1,0,93248,0,0,63633
176352,0,0,0,-1,-1,0,90079,0,0,63681
176353,0,0,-1,0,1000,11,1129,0,0,63691
176354,0,0,-1,0,1000,11,1127,0,0,63692
176355,0,0,-1,0,1000,11,435,0,0,63693
176356,0,0,-1,0,1000,11,435,0,0,63694
176357,0,0,0,3000,-1,0,90114,0,0,63698
176358,0,0,0,3000,-1,0,90139,0,0,63699
176359,0,0,0,90000,15000,1141,92188,0,0,63742
176360,0,0,0,90000,15000,1141,92188,0,0,63745
176361,0,1,0,-1,-1,0,91353,0,0,63838
176362,0,1,0,-1,-1,0,91080,0,0,63839
176363,0,0,0,90000,15000,1141,92071,0,0,63840
176364,0,1,0,-1,-1,0,91353,0,0,63841
176365,0,0,0,120000,20000,1141,90900,0,0,63842
176366,0,0,0,90000,15000,1141,92071,0,0,63843
176367,0,0,0,3000,-1,0,90156,0,0,64300
176368,0,0,0,-1,-1,0,89892,0,0,64301
176369,0,5,0,-1,-1,0,90283,0,0,64307
176370,0,0,0,1500,-1,0,90292,0,0,64312
176371,0,0,-1,1500,-1,0,90332,0,0,64313
176372,0,0,0,1500,-1,0,90417,0,0,64341
176373,0,0,0,600000,120000,1284,95007,0,0,64358
176374,0,0,0,900000,-1,0,91743,0,0,64361
176375,0,0,-1,-1,-1,0,483,0,0,64372
176376,1,6,-1,-1,-1,0,90523,0,0,64372
176377,0,0,0,600000,-1,0,94690,0,0,64373
176378,0,0,0,-1,-1,0,17474,0,0,64376
176379,0,0,0,60000,-10,0,91749,0,0,64383
176380,0,0,0,600000,120000,1347,90626,0,0,64398
176381,0,0,0,600000,120000,1347,90628,0,0,64399
176382,0,0,0,600000,120000,1347,90631,0,0,64400
176383,0,0,0,600000,120000,1347,90632,0,0,64401
176384,0,0,0,600000,120000,1347,90633,0,0,64402
176385,0,0,-1,-1,-1,0,55884,0,0,64403
176386,1,6,0,-1,-1,0,90637,0,0,64403
176387,0,0,-1,-1,-1,0,483,0,0,64411
176388,1,6,0,-1,-1,0,74252,0,0,64411
176389,0,0,-1,-1,-1,0,483,0,0,64412
176390,1,6,0,-1,-1,0,74253,0,0,64412
176391,0,0,-1,-1,-1,0,483,0,0,64413
176392,1,6,0,-1,-1,0,74256,0,0,64413
176393,0,0,-1,-1,-1,0,483,0,0,64414
176394,1,6,0,-1,-1,0,74255,0,0,64414
176395,0,0,-1,-1,-1,0,483,0,0,64415
176396,1,6,0,-1,-1,0,74254,0,0,64415
176397,0,0,0,0,3000,0,90679,0,0,64416
176398,0,0,-1,-1,-1,0,483,0,0,64439
176399,1,6,-1,-1,-1,0,90523,0,0,64439
176400,0,0,0,0,5000,1149,90976,0,0,64445
176401,0,0,0,180000,-1,0,91752,0,0,64456
176402,0,0,0,43200000,0,0,82674,0,0,64457
176403,0,0,0,-1,-1,0,91073,0,0,64466
176404,0,0,0,0,1500,0,91085,0,0,64471
176405,0,0,0,600000,-10,0,91754,0,0,64481
176406,0,0,0,60000,-1,0,91756,0,0,64482
176407,0,0,0,1800000,1800000,1176,94719,0,0,64488
176408,0,0,-1,-500,-1,0,91290,0,0,64492
176409,0,0,-1,0,0,0,483,0,0,64493
176410,1,6,-1,-1,-1,0,91300,0,0,64493
176411,0,0,-1,1000,-1,0,55884,0,0,64494
176412,1,6,0,-1,-1,0,91343,0,0,64494
176413,0,0,0,0,3000,0,91400,0,0,64583
176414,0,0,0,120000,120000,0,95216,0,0,64597
176415,0,0,0,120000,120000,0,93229,0,0,64627
176416,0,0,0,-1,-1,0,91647,0,0,64637
176417,0,0,-1,0,1000,59,11009,0,0,64639
176418,0,0,-1,0,3000,79,91722,0,0,64640
176419,0,0,-1,0,1000,11,5007,0,0,64641
176420,0,0,0,60000,-1,0,95061,0,0,64644
176421,0,1,0,-1,-1,0,92272,0,0,64645
176422,1,0,0,60000,10000,1141,92601,0,0,64645
176423,0,0,0,600000,-10,0,91760,0,0,64646
176424,0,0,0,600000,-1,0,91771,0,0,64651
176425,0,0,0,1500,-1,0,91787,0,0,64660
176426,0,0,-1,-1,-1,0,3366,0,0,64663
176427,0,0,0,3000,-1,0,91957,0,0,64668
176428,0,0,0,1500,-1,0,91976,0,0,64669
176429,1,0,0,120000,20000,1141,92226,0,0,64687
176430,1,0,0,120000,20000,1141,92225,0,0,64688
176431,1,0,0,120000,20000,1141,92224,0,0,64689
176432,0,1,0,-1,-1,0,61255,0,0,64709
176433,0,1,0,-1,-1,0,61252,0,0,64727
176434,0,1,0,-1,-1,0,62459,0,0,64736
176435,1,0,0,120000,20000,1190,92223,0,0,64740
176436,1,0,0,120000,20000,1190,92223,0,0,64741
176437,1,0,0,120000,20000,1190,92223,0,0,64742
176438,0,1,0,-1,-1,0,33063,0,0,64747
176439,1,1,0,-1,-1,0,92221,0,0,64761
176440,1,1,0,-1,-1,0,92219,0,0,64762
176441,1,1,0,-1,-1,0,92217,0,0,64763
176442,0,1,0,-1,-1,0,33830,0,0,64764
176443,0,1,0,-1,-1,0,61249,0,0,64769
176444,0,1,0,-1,-1,0,32973,0,0,64777
176445,0,1,0,-1,-1,0,32973,0,0,64785
176446,0,0,0,120000,120000,1182,42292,0,0,64789
176447,0,0,0,120000,120000,1182,42292,0,0,64790
176448,0,0,0,120000,120000,1182,42292,0,0,64791
176449,0,0,0,120000,120000,1182,42292,0,0,64792
176450,0,0,0,120000,120000,1182,42292,0,0,64793
176451,0,0,0,120000,120000,1182,42292,0,0,64794
176452,0,1,0,-1,-1,0,44297,0,0,64795
176453,0,1,0,-1,-1,0,38522,0,0,64803
176454,0,1,0,-1,-1,0,22778,0,0,64812
176455,0,1,0,-1,-1,0,32973,0,0,64828
176456,0,1,0,-1,-1,0,44297,0,0,64838
176457,0,1,0,-1,-1,0,44300,0,0,64844
176458,0,1,0,-1,-1,0,44301,0,0,64855
176459,0,1,0,-1,-1,0,33830,0,0,64874
176460,0,0,0,600000,-10,0,92146,0,0,64881
176461,0,1,0,-1,-1,0,57818,0,0,64882
176462,1,1,0,-1,-1,0,93816,0,0,64882
176463,0,0,-1,-1,3000,330,483,0,0,64883
176464,1,6,0,-1,-1,0,92155,0,0,64883
176465,0,1,0,-1,-1,0,57818,0,0,64884
176466,1,1,0,-1,-1,0,93830,0,0,64884
176467,0,0,-1,0,60000,4,89083,0,0,64993
176468,0,0,-1,0,60000,4,89078,0,0,64994
176469,0,0,-1,0,1000,150,89595,0,0,64995
176470,0,0,-1,-1,-1,0,55884,0,0,64996
176471,1,6,0,-1,-1,0,89472,0,0,64996
176472,0,0,0,300000,-1,0,89054,0,0,64997
176473,0,0,-1,-1,3000,330,55884,0,0,64998
176474,1,6,0,-1,-1,0,92231,0,0,64998
176475,0,0,-1,-1,3000,330,55884,0,0,64999
176476,1,6,0,-1,-1,0,92232,0,0,64999
176477,0,1,0,0,0,0,91833,0,0,65015
176478,1,0,0,120000,20000,1141,91836,0,0,65015
176479,0,1,0,-1,-1,0,92350,0,0,65026
176480,0,1,0,-1,-1,0,92330,0,0,65029
176481,1,0,0,120000,-1,0,92331,0,0,65029
176482,0,1,0,-1,-1,0,92356,0,0,65048
176483,0,1,0,-1,-1,0,92319,0,0,65053
176484,0,1,0,-1,-1,0,92346,0,0,65072
176485,0,1,0,0,0,0,92114,0,0,65104
176486,0,1,0,-1,-1,0,92322,0,0,65105
176487,0,0,0,120000,20000,1141,92357,0,0,65109
176488,0,1,0,-1,-1,0,92326,0,0,65110
176489,1,0,0,120000,20000,1141,92328,0,0,65110
176490,0,1,0,-1,-1,0,92343,0,0,65118
176491,0,1,0,-1,-1,0,92333,0,0,65124
176492,0,1,0,-1,-1,0,92353,0,0,65140
176493,0,0,0,1000,-1,0,92245,0,0,65146
176494,0,0,0,1000,-1,0,92317,0,0,65162
176495,0,0,0,360000,60000,94,92336,0,0,65175
176496,0,0,0,360000,60000,94,92337,0,0,65176
176497,0,0,0,7200000,-1,0,89158,0,0,65274
176498,0,0,0,300000,300000,0,25750,0,0,65286
176499,0,0,-1,-1,3000,330,55884,0,0,65356
176500,1,6,0,-1,-1,0,88741,0,0,65356
176501,0,0,0,600000,600000,0,95224,0,0,65357
176504,0,0,0,7200000,-1,0,89157,0,0,65360
176505,0,0,-1,-1,-1,0,55884,0,0,65361
176506,1,6,0,-1,-1,0,92395,0,0,65361
176507,0,0,-1,-1,-1,0,55884,0,0,65362
176508,1,6,0,-1,-1,0,92396,0,0,65362
176509,0,0,-1,-1,-1,0,55884,0,0,65363
176510,1,6,0,-1,-1,0,92397,0,0,65363
176511,0,0,-1,-1,-1,0,55884,0,0,65364
176512,1,6,0,-1,-1,0,92398,0,0,65364
176513,0,0,-1,-1,-1,0,483,0,0,65406
176514,1,6,0,-1,-1,0,88047,0,0,65406
176515,0,0,-1,-1,-1,0,483,0,0,65407
176516,1,6,0,-1,-1,0,88024,0,0,65407
176517,0,0,-1,-1,-1,0,483,0,0,65408
176518,1,6,0,-1,-1,0,88017,0,0,65408
176519,0,0,-1,-1,-1,0,483,0,0,65409
176520,1,6,0,-1,-1,0,88025,0,0,65409
176521,0,0,-1,-1,-1,0,483,0,0,65410
176522,1,6,0,-1,-1,0,88035,0,0,65410
176523,0,0,-1,-1,-1,0,483,0,0,65411
176524,1,6,0,-1,-1,0,88012,0,0,65411
176525,0,0,-1,-1,-1,0,483,0,0,65412
176526,1,6,0,-1,-1,0,88028,0,0,65412
176527,0,0,-1,-1,-1,0,483,0,0,65413
176528,1,6,0,-1,-1,0,88037,0,0,65413
176529,0,0,-1,-1,-1,0,483,0,0,65414
176530,1,6,0,-1,-1,0,88045,0,0,65414
176531,0,0,-1,-1,-1,0,483,0,0,65415
176532,1,6,0,-1,-1,0,88022,0,0,65415
176533,0,0,-1,-1,-1,0,483,0,0,65416
176534,1,6,0,-1,-1,0,88030,0,0,65416
176535,0,0,-1,-1,-1,0,483,0,0,65417
176536,1,6,0,-1,-1,0,88033,0,0,65417
176537,0,0,-1,-1,-1,0,483,0,0,65418
176538,1,6,0,-1,-1,0,88021,0,0,65418
176539,0,0,-1,-1,-1,0,483,0,0,65419
176540,1,6,0,-1,-1,0,88046,0,0,65419
176541,0,0,-1,-1,-1,0,483,0,0,65420
176542,1,6,0,-1,-1,0,88031,0,0,65420
176543,0,0,-1,-1,-1,0,483,0,0,65421
176544,1,6,0,-1,-1,0,88039,0,0,65421
176545,0,0,-1,-1,-1,0,483,0,0,65422
176546,1,6,0,-1,-1,0,88016,0,0,65422
176547,0,0,-1,-1,-1,0,483,0,0,65423
176548,1,6,0,-1,-1,0,88018,0,0,65423
176549,0,0,-1,-1,-1,0,483,0,0,65424
176550,1,6,0,-1,-1,0,88034,0,0,65424
176551,0,0,-1,-1,-1,0,483,0,0,65425
176552,1,6,0,-1,-1,0,88042,0,0,65425
176553,0,0,-1,-1,-1,0,483,0,0,65426
176554,1,6,0,-1,-1,0,88003,0,0,65426
176555,0,0,-1,-1,-1,0,483,0,0,65427
176556,1,6,0,-1,-1,0,88004,0,0,65427
176557,0,0,-1,-1,-1,0,483,0,0,65428
176558,1,6,0,-1,-1,0,88020,0,0,65428
176559,0,0,-1,-1,-1,0,483,0,0,65429
176560,1,6,0,-1,-1,0,88005,0,0,65429
176561,0,0,-1,-1,-1,0,483,0,0,65430
176562,1,6,0,-1,-1,0,88014,0,0,65430
176563,0,0,-1,-1,-1,0,483,0,0,65431
176564,1,6,0,-1,-1,0,88013,0,0,65431
176565,0,0,-1,-1,-1,0,483,0,0,65432
176566,1,6,0,-1,-1,0,88019,0,0,65432
176567,0,0,-1,-1,-1,0,483,0,0,65433
176568,1,6,0,-1,-1,0,88044,0,0,65433
176569,0,0,-1,-1,-1,0,483,0,0,65435
176570,1,6,0,-1,-1,0,92643,0,0,65435
176571,0,0,-1,0,3000,79,92679,0,0,65455
176572,0,0,-1,-1,-1,0,92712,0,0,65460
176573,0,0,-1,-1,-1,0,483,0,0,65498
176574,1,6,0,-1,-1,0,92688,0,0,65498
176575,0,0,-1,0,1000,11,92726,0,0,65499
176576,0,0,-1,0,1000,11,92738,0,0,65500
176577,0,0,0,6000,-1,0,92786,0,0,65514
176578,0,0,-1,0,1000,11,92798,0,0,65515
176579,0,0,-1,0,1000,11,92801,0,0,65516
176580,0,0,-1,0,1000,11,92804,0,0,65517
176581,0,1,0,-1,-1,0,38522,0,0,65521
176582,0,1,0,-1,-1,0,32973,0,0,65526
176583,0,1,0,-1,-1,0,33830,0,0,65532
176584,0,1,0,-1,-1,0,33830,0,0,65540
176585,0,1,0,-1,-1,0,61255,0,0,65544
176586,0,1,0,-1,-1,0,61249,0,0,65548
176587,0,1,0,-1,-1,0,44297,0,0,65556
176588,0,1,0,-1,-1,0,32973,0,0,65562
176589,0,1,0,-1,-1,0,44301,0,0,65566
176590,0,1,0,-1,-1,0,32973,0,0,65570
176591,0,1,0,-1,-1,0,33063,0,0,65572
176592,0,1,0,-1,-1,0,44297,0,0,65577
176593,0,1,0,-1,-1,0,22778,0,0,65583
176594,0,1,0,-1,-1,0,61252,0,0,65589
176595,0,1,0,-1,-1,0,44300,0,0,65591
176596,0,1,0,-1,-1,0,62459,0,0,65596
176597,0,0,-1,-1,-1,0,483,0,0,65649
176598,1,6,0,-1,-1,0,86644,0,0,65649
176599,0,0,-1,-1,-1,0,483,0,0,65650
176600,1,6,0,-1,-1,0,86645,0,0,65650
176601,0,0,-1,-1,-1,0,483,0,0,65651
176602,1,6,0,-1,-1,0,86646,0,0,65651
176603,0,0,-1,-1,-1,0,55884,0,0,65661
176604,1,6,0,-1,-1,0,78683,0,0,65661
176605,0,0,-1,-1,-1,0,55884,0,0,65662
176606,1,6,0,-1,-1,0,78685,0,0,65662
176607,0,1,0,1500,-1,0,93095,0,0,65665
176608,0,0,0,3000,-1,0,89089,0,0,65667
176609,0,0,-1,0,1000,11,435,0,0,65730
176610,0,0,-1,0,1000,11,435,0,0,65731
176611,0,5,0,-1,-1,0,75682,0,0,65734
176612,0,1,0,-1,-1,0,92164,0,0,65803
176613,0,1,0,-1,-1,0,95878,0,0,65804
176614,0,1,0,-1,-1,0,92164,0,0,65805
176615,0,0,-1,-1,3000,330,55884,0,0,65891
176616,1,6,0,-1,-1,0,93326,0,0,65891
176617,0,0,0,-1,-1,0,86425,0,0,65898
176618,0,1,0,-1,-1,0,57818,0,0,65904
176619,1,1,0,-1,-1,0,93337,0,0,65904
176620,0,1,0,-1,-1,0,57818,0,0,65905
176621,1,1,0,-1,-1,0,93339,0,0,65905
176622,0,1,0,-1,-1,0,57818,0,0,65906
176623,1,1,0,-1,-1,0,93341,0,0,65906
176624,0,1,0,-1,-1,0,57818,0,0,65907
176625,1,1,0,-1,-1,0,93347,0,0,65907
176626,0,1,0,-1,-1,0,57818,0,0,65908
176627,1,1,0,-1,-1,0,93368,0,0,65908
176628,0,1,0,-1,-1,0,57818,0,0,65909
176629,1,1,0,-1,-1,0,94158,0,0,65909
176630,0,0,0,600000,600000,94,93742,0,0,65923
176631,0,0,0,900000,45000,1141,93740,0,0,65931
176632,0,0,0,-1,-1,0,93392,0,0,66060
176633,0,0,-1,-1,-1,0,93445,0,0,66061
176634,0,0,-1,-1,-1,0,483,0,0,66062
176635,1,6,0,-1,-1,0,76181,0,0,66062
176636,0,0,-1,-1,-1,0,483,0,0,66063
176637,1,6,0,-1,-1,0,76180,0,0,66063
176638,0,0,-1,-1,-1,0,483,0,0,66064
176639,1,6,0,-1,-1,0,76181,0,0,66064
176640,0,0,-1,-1,-1,0,483,0,0,66065
176641,1,6,0,-1,-1,0,76182,0,0,66065
176642,0,0,-1,-1,-1,0,483,0,0,66066
176643,1,6,0,-1,-1,0,76258,0,0,66066
176644,0,0,-1,1000,-1,0,55884,0,0,66067
176645,1,6,0,-1,-1,0,93823,0,0,66067
176646,0,0,-1,-1,-1,0,483,0,0,66068
176647,1,6,0,-1,-1,0,76259,0,0,66068
176648,0,0,-1,-1,-1,0,483,0,0,66069
176649,1,6,0,-1,-1,0,76260,0,0,66069
176650,0,0,-1,1000,-1,0,55884,0,0,66070
176651,1,6,0,-1,-1,0,93818,0,0,66070
176652,0,0,-1,-1,-1,0,483,0,0,66071
176653,1,6,0,-1,-1,0,76261,0,0,66071
176654,0,0,-1,-1,-1,0,483,0,0,66072
176655,1,6,0,-1,-1,0,76262,0,0,66072
176656,0,0,-1,1000,-1,0,55884,0,0,66073
176657,1,6,0,-1,-1,0,93817,0,0,66073
176658,0,0,-1,-1,-1,0,483,0,0,66074
176659,1,6,0,-1,-1,0,76263,0,0,66074
176660,0,0,-1,1000,-1,0,55884,0,0,66075
176661,1,6,0,-1,-1,0,93815,0,0,66075
176662,0,0,-1,1000,-1,0,55884,0,0,66076
176663,1,6,0,-1,-1,0,93739,0,0,66076
176664,0,0,-1,-1,-1,0,483,0,0,66077
176665,1,6,0,-1,-1,0,76264,0,0,66077
176666,0,0,-1,-1,-1,0,483,0,0,66078
176667,1,6,0,-1,-1,0,76265,0,0,66078
176668,0,0,-1,-1,-1,0,483,0,0,66079
176669,1,6,0,-1,-1,0,76266,0,0,66079
176670,0,0,-1,1000,-1,0,55884,0,0,66080
176671,1,6,0,-1,-1,0,93813,0,0,66080
176672,0,0,-1,-1,-1,0,483,0,0,66081
176673,1,6,0,-1,-1,0,76267,0,0,66081
176674,0,0,-1,-1,-1,0,483,0,0,66082
176675,1,6,0,-1,-1,0,76269,0,0,66082
176676,0,0,-1,-1,-1,0,483,0,0,66083
176677,1,6,0,-1,-1,0,76270,0,0,66083
176678,0,0,-1,-1,-1,0,483,0,0,66084
176679,1,6,0,-1,-1,0,76280,0,0,66084
176680,0,0,-1,-1,-1,0,483,0,0,66085
176681,1,6,0,-1,-1,0,76281,0,0,66085
176682,0,0,-1,-1,-1,0,483,0,0,66086
176683,1,6,0,-1,-1,0,76283,0,0,66086
176684,0,0,-1,-1,-1,0,483,0,0,66087
176685,1,6,0,-1,-1,0,76285,0,0,66087
176686,0,0,-1,-1,-1,0,483,0,0,66088
176687,1,6,0,-1,-1,0,76286,0,0,66088
176688,0,0,-1,-1,-1,0,483,0,0,66089
176689,1,6,0,-1,-1,0,76287,0,0,66089
176690,0,0,-1,-1,-1,0,483,0,0,66090
176691,1,6,0,-1,-1,0,76288,0,0,66090
176692,0,0,-1,-1,-1,0,483,0,0,66091
176693,1,6,0,-1,-1,0,76289,0,0,66091
176694,0,0,-1,-1,-1,0,483,0,0,66092
176695,1,6,0,-1,-1,0,76291,0,0,66092
176696,0,0,-1,-1,-1,0,483,0,0,66093
176697,1,6,0,-1,-1,0,76293,0,0,66093
176698,0,0,-1,-1,-1,0,483,0,0,66094
176699,1,6,0,-1,-1,0,76433,0,0,66094
176700,0,0,-1,-1,-1,0,483,0,0,66095
176701,1,6,0,-1,-1,0,76434,0,0,66095
176702,0,0,-1,-1,-1,0,483,0,0,66096
176703,1,6,0,-1,-1,0,76435,0,0,66096
176704,0,0,-1,-1,-1,0,483,0,0,66097
176705,1,6,0,-1,-1,0,76436,0,0,66097
176706,0,0,-1,-1,-1,0,483,0,0,66098
176707,1,6,0,-1,-1,0,76437,0,0,66098
176708,0,0,-1,-1,-1,0,483,0,0,66099
176709,1,6,0,-1,-1,0,76438,0,0,66099
176710,0,0,-1,-1,-1,0,483,0,0,66100
176711,1,6,0,-1,-1,0,76439,0,0,66100
176712,0,0,-1,-1,-1,0,483,0,0,66101
176713,1,6,0,-1,-1,0,76440,0,0,66101
176714,0,0,-1,-1,-1,0,483,0,0,66102
176715,1,6,0,-1,-1,0,76441,0,0,66102
176716,0,0,-1,-1,-1,0,483,0,0,66103
176717,1,6,0,-1,-1,0,76442,0,0,66103
176718,0,0,-1,-1,-1,0,483,0,0,66104
176719,1,6,0,-1,-1,0,76443,0,0,66104
176720,0,0,-1,-1,-1,0,483,0,0,66105
176721,1,6,0,-1,-1,0,76444,0,0,66105
176722,0,0,-1,-1,-1,0,483,0,0,66106
176723,1,6,0,-1,-1,0,76445,0,0,66106
176724,0,0,-1,-1,-1,0,483,0,0,66107
176725,1,6,0,-1,-1,0,76446,0,0,66107
176726,0,0,-1,-1,-1,0,483,0,0,66108
176727,1,6,0,-1,-1,0,76447,0,0,66108
176728,0,0,-1,-1,-1,0,483,0,0,66109
176729,1,6,0,-1,-1,0,76448,0,0,66109
176730,0,0,-1,-1,-1,0,483,0,0,66110
176731,1,6,0,-1,-1,0,76449,0,0,66110
176732,0,0,-1,-1,-1,0,483,0,0,66111
176733,1,6,0,-1,-1,0,76450,0,0,66111
176734,0,0,-1,-1,-1,0,483,0,0,66112
176735,1,6,0,-1,-1,0,76451,0,0,66112
176736,0,0,-1,-1,-1,0,483,0,0,66113
176737,1,6,0,-1,-1,0,76452,0,0,66113
176738,0,0,-1,-1,-1,0,483,0,0,66114
176739,1,6,0,-1,-1,0,76453,0,0,66114
176740,0,0,-1,-1,-1,0,483,0,0,66115
176741,1,6,0,-1,-1,0,76454,0,0,66115
176742,0,0,-1,-1,-1,0,483,0,0,66116
176743,1,6,0,-1,-1,0,76455,0,0,66116
176744,0,0,-1,-1,-1,0,483,0,0,66117
176745,1,6,0,-1,-1,0,76456,0,0,66117
176746,0,0,-1,-1,-1,0,483,0,0,66118
176747,1,6,0,-1,-1,0,76457,0,0,66118
176748,0,0,-1,-1,-1,0,483,0,0,66119
176749,1,6,0,-1,-1,0,76458,0,0,66119
176750,0,0,-1,-1,-1,0,483,0,0,66120
176751,1,6,0,-1,-1,0,76459,0,0,66120
176752,0,0,-1,-1,-1,0,483,0,0,66121
176753,1,6,0,-1,-1,0,76461,0,0,66121
176754,0,0,-1,-1,-1,0,483,0,0,66122
176755,1,6,0,-1,-1,0,76462,0,0,66122
176756,0,0,-1,-1,-1,0,483,0,0,66123
176757,1,6,0,-1,-1,0,76463,0,0,66123
176758,0,0,-1,-1,-1,0,483,0,0,66124
176759,1,6,0,-1,-1,0,76464,0,0,66124
176760,0,0,-1,-1,-1,0,483,0,0,66125
176761,1,6,0,-1,-1,0,76465,0,0,66125
176762,0,0,-1,-1,-1,0,483,0,0,66126
176763,1,6,0,-1,-1,0,76466,0,0,66126
176764,0,0,-1,-1,-1,0,483,0,0,66127
176765,1,6,0,-1,-1,0,76467,0,0,66127
176766,0,0,-1,-1,-1,0,483,0,0,66128
176767,1,6,0,-1,-1,0,76468,0,0,66128
176768,0,0,-1,-1,-1,0,483,0,0,66129
176769,1,6,0,-1,-1,0,76469,0,0,66129
176770,0,0,-1,-1,-1,0,483,0,0,66130
176771,1,6,0,-1,-1,0,76470,0,0,66130
176772,0,0,-1,-1,-1,0,483,0,0,66131
176773,1,6,0,-1,-1,0,76471,0,0,66131
176774,0,0,-1,-1,-1,0,483,0,0,66132
176775,1,6,0,-1,-1,0,76472,0,0,66132
176776,0,0,-1,-1,-1,0,483,0,0,66133
176777,1,6,0,-1,-1,0,76474,0,0,66133
176778,0,0,-1,-1,-1,0,483,0,0,66134
176779,1,6,0,-1,-1,0,92375,0,0,66134
176780,0,0,0,120000,20000,1141,95870,0,0,66879
176781,0,0,0,3600000,-1,0,6405,0,0,66888
176782,0,0,-1,0,0,0,483,0,0,66918
176783,1,6,-1,-1,-1,0,93467,0,0,66918
176784,0,1,0,-1,-1,0,92054,0,0,66969
176785,0,0,0,90000,15000,1141,91341,0,0,66994
176786,0,0,-1,-1,-1,0,483,0,0,66995
176787,1,6,0,-1,-1,0,78380,0,0,66995
176788,0,0,-1,-1,-1,0,483,0,0,66996
176789,1,6,0,-1,-1,0,78388,0,0,66996
176790,0,0,-1,-1,-1,0,483,0,0,66997
176791,1,6,0,-1,-1,0,78396,0,0,66997
176792,0,0,-1,-1,-1,0,483,0,0,66999
176793,1,6,0,-1,-1,0,78398,0,0,66999
176794,0,0,-1,-1,-1,0,483,0,0,67000
176795,1,6,0,-1,-1,0,78399,0,0,67000
176796,0,0,-1,-1,-1,0,483,0,0,67001
176797,1,6,0,-1,-1,0,78400,0,0,67001
176798,0,0,-1,-1,-1,0,483,0,0,67002
176799,1,6,0,-1,-1,0,78401,0,0,67002
176800,0,0,-1,-1,-1,0,483,0,0,67003
176801,1,6,0,-1,-1,0,78402,0,0,67003
176802,0,0,-1,-1,-1,0,483,0,0,67004
176803,1,6,0,-1,-1,0,78404,0,0,67004
176804,0,0,-1,-1,-1,0,483,0,0,67005
176805,1,6,0,-1,-1,0,78405,0,0,67005
176806,0,0,-1,-1,-1,0,483,0,0,67006
176807,1,6,0,-1,-1,0,78406,0,0,67006
176808,0,0,-1,-1,-1,0,483,0,0,67007
176809,1,6,0,-1,-1,0,78407,0,0,67007
176810,0,0,-1,-1,-1,0,483,0,0,67008
176811,1,6,0,-1,-1,0,78408,0,0,67008
176812,0,0,-1,-1,-1,0,483,0,0,67009
176813,1,6,0,-1,-1,0,78409,0,0,67009
176814,0,0,-1,-1,-1,0,483,0,0,67010
176815,1,6,0,-1,-1,0,78410,0,0,67010
176816,0,0,-1,-1,-1,0,483,0,0,67011
176817,1,6,0,-1,-1,0,78411,0,0,67011
176818,0,0,-1,-1,-1,0,483,0,0,67012
176819,1,6,0,-1,-1,0,78413,0,0,67012
176820,0,0,-1,-1,-1,0,483,0,0,67013
176821,1,6,0,-1,-1,0,78414,0,0,67013
176822,0,0,-1,-1,-1,0,483,0,0,67014
176823,1,6,0,-1,-1,0,78415,0,0,67014
176824,0,0,-1,-1,-1,0,483,0,0,67015
176825,1,6,0,-1,-1,0,78416,0,0,67015
176826,0,0,-1,-1,-1,0,483,0,0,67016
176827,1,6,0,-1,-1,0,78417,0,0,67016
176828,0,0,-1,-1,-1,0,483,0,0,67017
176829,1,6,0,-1,-1,0,78418,0,0,67017
176830,0,0,-1,-1,-1,0,483,0,0,67018
176831,1,6,0,-1,-1,0,78419,0,0,67018
176832,0,0,-1,-1,-1,0,483,0,0,67019
176833,1,6,0,-1,-1,0,78420,0,0,67019
176834,0,0,-1,-1,-1,0,483,0,0,67020
176835,1,6,0,-1,-1,0,78423,0,0,67020
176836,0,0,-1,-1,-1,0,483,0,0,67021
176837,1,6,0,-1,-1,0,78424,0,0,67021
176838,0,0,-1,-1,-1,0,483,0,0,67022
176839,1,6,0,-1,-1,0,78425,0,0,67022
176840,0,0,-1,-1,-1,0,483,0,0,67023
176841,1,6,0,-1,-1,0,78426,0,0,67023
176842,0,0,-1,-1,-1,0,483,0,0,67025
176843,1,6,0,-1,-1,0,78427,0,0,67025
176844,0,0,-1,-1,-1,0,483,0,0,67026
176845,1,6,0,-1,-1,0,78428,0,0,67026
176846,0,0,-1,-1,-1,0,483,0,0,67028
176847,1,6,0,-1,-1,0,78429,0,0,67028
176848,0,0,-1,-1,-1,0,483,0,0,67030
176849,1,6,0,-1,-1,0,78430,0,0,67030
176850,0,0,-1,-1,-1,0,483,0,0,67031
176851,1,6,0,-1,-1,0,78432,0,0,67031
176852,0,0,-1,-1,-1,0,483,0,0,67033
176853,1,6,0,-1,-1,0,78433,0,0,67033
176854,0,0,-1,-1,-1,0,483,0,0,67034
176855,1,6,0,-1,-1,0,78434,0,0,67034
176856,0,0,-1,-1,-1,0,483,0,0,67035
176857,1,6,0,-1,-1,0,78435,0,0,67035
176858,0,0,-1,-1,-1,0,483,0,0,67036
176859,1,6,0,-1,-1,0,78436,0,0,67036
176860,0,0,0,120000,20000,1141,95874,0,0,67037
176861,0,0,-1,-1,-1,0,483,0,0,67038
176862,1,6,0,-1,-1,0,78437,0,0,67038
176863,0,0,-1,-1,-1,0,483,0,0,67039
176864,1,6,0,-1,-1,0,78438,0,0,67039
176865,0,0,-1,-1,-1,0,483,0,0,67041
176866,1,6,0,-1,-1,0,78439,0,0,67041
176867,0,0,-1,-1,-1,0,483,0,0,67042
176868,1,6,0,-1,-1,0,78444,0,0,67042
176869,0,0,-1,-1,-1,0,483,0,0,67044
176870,1,6,0,-1,-1,0,78445,0,0,67044
176871,0,0,-1,-1,-1,0,483,0,0,67046
176872,1,6,0,-1,-1,0,78446,0,0,67046
176873,0,0,-1,-1,-1,0,483,0,0,67048
176874,1,6,0,-1,-1,0,78447,0,0,67048
176875,0,0,-1,-1,-1,0,483,0,0,67049
176876,1,6,0,-1,-1,0,78448,0,0,67049
176877,0,0,-1,-1,-1,0,483,0,0,67053
176878,1,6,0,-1,-1,0,78449,0,0,67053
176879,0,0,-1,-1,-1,0,483,0,0,67054
176880,1,6,0,-1,-1,0,78450,0,0,67054
176881,0,0,-1,-1,-1,0,483,0,0,67055
176882,1,6,0,-1,-1,0,78451,0,0,67055
176883,0,0,-1,-1,-1,0,483,0,0,67056
176884,1,6,0,-1,-1,0,78452,0,0,67056
176885,0,0,-1,-1,-1,0,483,0,0,67058
176886,1,6,0,-1,-1,0,78453,0,0,67058
176887,0,0,-1,-1,-1,0,483,0,0,67060
176888,1,6,0,-1,-1,0,78454,0,0,67060
176889,0,0,-1,-1,-1,0,483,0,0,67062
176890,1,6,0,-1,-1,0,78455,0,0,67062
176891,0,0,-1,-1,-1,0,483,0,0,67063
176892,1,6,0,-1,-1,0,78456,0,0,67063
176893,0,0,-1,-1,-1,0,483,0,0,67064
176894,1,6,0,-1,-1,0,78457,0,0,67064
176895,0,0,-1,-1,-1,0,483,0,0,67065
176896,1,6,0,-1,-1,0,78458,0,0,67065
176897,0,0,-1,-1,-1,0,483,0,0,67066
176898,1,6,0,-1,-1,0,78459,0,0,67066
176899,0,0,-1,-1,-1,0,483,0,0,67068
176900,1,6,0,-1,-1,0,78460,0,0,67068
176901,0,0,-1,-1,-1,0,483,0,0,67070
176902,1,6,0,-1,-1,0,78461,0,0,67070
176903,0,0,-1,-1,-1,0,483,0,0,67072
176904,1,6,0,-1,-1,0,78462,0,0,67072
176905,0,0,-1,-1,-1,0,483,0,0,67073
176906,1,6,0,-1,-1,0,78463,0,0,67073
176907,0,0,-1,-1,-1,0,483,0,0,67074
176908,1,6,0,-1,-1,0,78464,0,0,67074
176909,0,0,-1,-1,-1,0,483,0,0,67075
176910,1,6,0,-1,-1,0,78467,0,0,67075
176911,0,0,-1,-1,-1,0,483,0,0,67076
176912,1,6,0,-1,-1,0,78468,0,0,67076
176913,0,0,-1,-1,-1,0,483,0,0,67077
176914,1,6,0,-1,-1,0,78469,0,0,67077
176915,0,0,-1,-1,-1,0,483,0,0,67078
176916,1,6,0,-1,-1,0,78470,0,0,67078
176917,0,0,-1,-1,-1,0,483,0,0,67079
176918,1,6,0,-1,-1,0,78471,0,0,67079
176919,0,0,-1,-1,-1,0,483,0,0,67080
176920,1,6,0,-1,-1,0,78473,0,0,67080
176921,0,0,-1,-1,-1,0,483,0,0,67081
176922,1,6,0,-1,-1,0,78474,0,0,67081
176923,0,0,-1,-1,-1,0,483,0,0,67082
176924,1,6,0,-1,-1,0,78475,0,0,67082
176925,0,0,-1,-1,-1,0,483,0,0,67083
176926,1,6,0,-1,-1,0,78476,0,0,67083
176927,0,0,-1,-1,-1,0,483,0,0,67084
176928,1,6,0,-1,-1,0,78478,0,0,67084
176929,0,0,-1,-1,-1,0,483,0,0,67085
176930,1,6,0,-1,-1,0,78479,0,0,67085
176931,0,0,-1,-1,-1,0,483,0,0,67086
176932,1,6,0,-1,-1,0,78480,0,0,67086
176933,0,0,-1,-1,-1,0,483,0,0,67087
176934,1,6,0,-1,-1,0,78481,0,0,67087
176935,0,0,-1,-1,-1,0,483,0,0,67089
176936,1,6,0,-1,-1,0,78482,0,0,67089
176937,0,0,-1,-1,-1,0,483,0,0,67090
176938,1,6,0,-1,-1,0,78483,0,0,67090
176939,0,0,-1,-1,-1,0,483,0,0,67091
176940,1,6,0,-1,-1,0,78484,0,0,67091
176941,0,0,-1,-1,-1,0,483,0,0,67092
176942,1,6,0,-1,-1,0,78485,0,0,67092
176943,0,0,-1,-1,-1,0,483,0,0,67093
176944,1,6,0,-1,-1,0,78486,0,0,67093
176945,0,0,-1,-1,-1,0,483,0,0,67094
176946,1,6,0,-1,-1,0,78487,0,0,67094
176947,0,0,-1,-1,-1,0,483,0,0,67095
176948,1,6,0,-1,-1,0,78488,0,0,67095
176949,0,0,-1,-1,-1,0,483,0,0,67096
176950,1,6,0,-1,-1,0,78489,0,0,67096
176952,0,0,-1,-1,-1,0,483,0,0,67100
176953,1,6,0,-1,-1,0,78490,0,0,67100
176954,0,0,0,120000,20000,1141,95872,0,0,67101
176955,0,0,-1,-1,3000,330,483,0,0,67107
176956,1,6,0,-1,-1,0,93644,0,0,67107
176957,0,0,0,120000,20000,1141,95875,0,0,67118
176958,0,0,-1,-1,-1,0,55884,0,0,67128
176959,1,6,0,-1,-1,0,93624,0,0,67128
176960,0,0,-1,-1,3000,330,55884,0,0,67151
176961,1,6,0,-1,-1,0,98718,0,0,67151
176962,0,0,0,120000,20000,1141,95877,0,0,67152
176963,0,0,-1,0,1000,11,434,0,0,67230
176964,0,0,-1,0,0,0,93744,0,0,67231
176965,0,0,0,3000,-1,0,93753,0,0,67232
176966,0,0,0,3000,-1,0,94428,0,0,67241
176967,0,0,0,3000,-1,0,93770,0,0,67247
176968,0,0,0,1500,-1,0,93773,0,0,67249
176969,0,0,-3,600000,60000,24,19363,0,0,67269
176970,0,0,-1,0,1000,11,1131,0,0,67270
176971,0,0,-1,0,1000,11,1131,0,0,67271
176972,0,0,-1,0,1000,11,1131,0,0,67272
176973,0,0,-1,0,1000,11,1131,0,0,67273
176974,0,0,-1,-1,-1,0,55884,0,0,67274
176975,1,6,0,-1,-1,0,93836,0,0,67274
176976,0,0,-1,-1,-1,0,55884,0,0,67275
176977,1,6,0,-1,-1,0,93837,0,0,67275
176978,0,0,-1,-1,-1,0,55884,0,0,67282
176979,1,6,0,-1,-1,0,93838,0,0,67282
176980,0,0,-1,-1,-1,0,483,0,0,67308
176981,1,6,0,-1,-1,0,93841,0,0,67308
176982,0,0,-1,-1,-1,0,483,0,0,67312
176983,1,6,0,-1,-1,0,93843,0,0,67312
176984,0,0,-1,0,1000,11,433,0,0,67361
176985,0,0,-1,0,1000,11,433,0,0,67362
176986,0,0,-1,0,1000,11,433,0,0,67363
176987,0,0,-1,0,1000,11,433,0,0,67364
176988,0,0,-1,0,1000,11,433,0,0,67365
176989,0,0,-1,0,1000,11,433,0,0,67366
176990,0,0,-1,0,1000,11,433,0,0,67367
176991,0,0,-1,0,1000,11,433,0,0,67368
176992,0,0,-1,0,1000,11,433,0,0,67369
176993,0,0,-1,0,1000,11,433,0,0,67370
176994,0,0,-1,0,1000,11,433,0,0,67371
176995,0,0,-1,0,1000,11,433,0,0,67372
176996,0,0,-1,0,1000,11,433,0,0,67373
176997,0,0,-1,0,1000,11,433,0,0,67374
176998,0,0,-1,0,1000,11,433,0,0,67375
176999,0,0,-1,0,1000,11,433,0,0,67376
177000,0,0,-1,0,1000,11,433,0,0,67377
177001,0,0,-1,0,1000,11,433,0,0,67378
177002,0,0,-1,0,1000,11,433,0,0,67379
177003,0,0,-1,0,1000,11,433,0,0,67380
177004,0,0,-1,0,1000,11,433,0,0,67381
177005,0,0,-1,0,1000,11,433,0,0,67382
177006,0,0,-1,0,1000,11,433,0,0,67383
177007,0,0,-1,0,1000,11,433,0,0,67384
177008,0,0,-1,-1,-1,0,98849,0,0,67404
177009,0,0,-1,0,60000,4,93932,0,0,67415
177010,0,0,-1,0,60000,4,93933,0,0,67416
177011,0,0,0,-1,-1,0,55884,0,0,67417
177012,1,6,0,-1,-1,0,52615,0,0,67417
177013,0,0,-1,-1,-1,0,55884,0,0,67418
177014,1,6,0,-1,-1,0,94070,0,0,67418
177015,0,0,0,10000,0,0,84342,0,0,67435
177016,0,1,0,-1,-1,0,62853,0,0,67436
177017,0,0,-1,0,3000,79,94160,0,0,67438
177018,0,0,-1,0,0,0,483,0,0,67482
177019,1,6,-1,-1,-1,0,94373,0,0,67482
177020,0,0,-1,0,0,0,483,0,0,67483
177021,1,6,-1,-1,-1,0,94375,0,0,67483
177022,0,0,-1,0,0,0,483,0,0,67484
177023,1,6,-1,-1,-1,0,94384,0,0,67484
177024,0,0,-1,0,0,0,483,0,0,67485
177025,1,6,-1,-1,-1,0,94387,0,0,67485
177026,0,0,-1,0,0,0,483,0,0,67486
177027,1,6,-1,-1,-1,0,94389,0,0,67486
177028,0,0,-1,0,0,0,483,0,0,67487
177029,1,6,-1,-1,-1,0,94391,0,0,67487
177030,0,5,0,-1,-1,0,94559,0,0,67494
177031,0,0,0,20000,-1,0,88983,0,0,67537
177032,0,0,-1,-1,-1,0,483,0,0,67538
177033,1,6,0,-1,-1,0,93328,0,0,67538
177034,0,0,-1,-1,-1,0,483,0,0,67541
177035,1,6,0,-1,-1,0,75289,0,0,67541
177036,0,0,-1,-1,-1,0,483,0,0,67603
177037,1,6,0,-1,-1,0,94718,0,0,67603
177038,0,1,0,-1,-1,0,62853,0,0,67604
177039,0,0,-1,-1,-1,0,483,0,0,67606
177040,1,6,0,-1,-1,0,94732,0,0,67606
177041,0,0,-1,0,60000,4,94826,0,0,67944
177042,0,0,-1,-1,3000,330,55884,0,0,68008
177043,1,6,0,0,0,0,93623,0,0,68008
177044,0,0,-1,0,-1,0,94953,0,0,68009
177045,0,0,-1,-1,-1,0,95168,0,0,68037
177046,0,0,0,3000,-1,0,95035,0,0,68038
177047,0,0,-1,0,0,0,483,0,0,68039
177048,1,6,-1,-1,-1,0,95213,0,0,68039
177049,0,0,-1,-1,-1,0,95244,0,0,68049
177050,0,0,-1,0,0,0,95471,0,0,68134
177051,0,0,-1,-1,-1,0,89146,0,0,68136
177052,0,0,-1,0,1000,59,80167,0,0,68140
177053,0,2,0,-1,-1,0,95678,0,0,68163
177054,0,0,-1,-1,-1,0,483,0,0,68193
177055,1,6,0,-1,-1,0,78477,0,0,68193
177056,0,0,-1,-1,-1,0,483,0,0,68199
177057,1,6,0,-1,-1,0,75288,0,0,68199
177058,0,0,-1,-1,-1,0,483,0,0,68359
177059,1,6,0,-1,-1,0,95754,0,0,68359
177060,0,0,-1,-1,-1,0,483,0,0,68360
177061,1,6,0,-1,-1,0,95755,0,0,68360
177062,0,0,-1,-1,-1,0,483,0,0,68361
177063,1,6,0,-1,-1,0,95756,0,0,68361
177064,0,0,-1,-1,-1,0,55884,0,0,68385
177065,1,6,0,-1,-1,0,95787,0,0,68385
177066,0,0,0,1500,-1,0,95847,0,0,68606
177067,0,0,0,1000,-1,0,95853,0,0,68607
177068,0,0,-1,-1,-1,0,55884,0,0,68618
177069,1,6,0,-1,-1,0,95786,0,0,68618
177070,0,0,-1,-1,-1,0,55884,0,0,68619
177071,1,6,0,-1,-1,0,95909,0,0,68619
177072,0,0,-1,1500,-1,0,95994,0,0,68645
177073,0,0,0,1500,-1,0,95971,0,0,68646
177074,0,0,0,10000,-1,0,96022,0,0,68647
177075,0,0,0,10000,-1,0,95964,0,0,68648
177076,0,0,0,10000,-1,0,96030,0,0,68661
177077,0,0,-1,1500,-1,0,96048,0,0,68663
177078,0,0,0,5000,-1,0,96059,0,0,68668
177079,0,0,-1,-1,-1,0,55884,0,0,68673
177080,1,6,0,-1,-1,0,16450,0,0,68673
177081,0,0,0,-1,-1,0,96087,0,0,68677
177082,0,0,0,1000,-1,0,96104,0,0,68678
177083,0,0,0,2000,-1,0,96107,0,0,68679
177084,0,0,0,1000,-1,0,96125,0,0,68682
177085,0,0,-1,0,1000,11,95197,0,0,68687
177086,0,0,-1,-1,-1,0,483,0,0,68688
177087,1,6,0,-1,-1,0,96133,0,0,68688
177088,0,0,0,120000,20000,1141,92123,0,0,68709
177089,0,1,0,-1,-1,0,91048,0,0,68710
177090,0,1,0,0,-1,0,91193,0,0,68711
177091,0,0,0,120000,20000,1141,91828,0,0,68712
177092,0,0,0,60000,10000,1141,92222,0,0,68713
177093,0,0,-1,-1,-1,0,86907,0,0,68714
177094,0,0,-1,-1,-1,0,86899,0,0,68715
177095,0,0,-1,-1,-1,0,86901,0,0,68716
177096,0,0,-1,-1,-1,0,86854,0,0,68717
177102,0,0,-1,-1,-1,0,483,0,0,68742
177103,1,6,0,-1,-1,0,96226,0,0,68742
177112,0,0,-1,-1,-1,0,96249,0,0,68772
177113,0,0,-1,-1,-1,0,96250,0,0,68773
177114,0,0,-1,-1,-1,0,96251,0,0,68774
177115,1,1,0,-1,-1,0,17619,0,0,68775
177116,1,1,0,-1,-1,0,17619,0,0,68776
177117,1,1,0,-1,-1,0,17619,0,0,68777
177118,0,0,-1,-1,-1,0,483,0,0,68781
177119,1,6,0,-1,-1,0,96255,0,0,68781
177120,0,0,-1,-1,-1,0,483,0,0,68782
177121,1,6,0,-1,-1,0,96256,0,0,68782
177122,0,0,-1,-1,-1,0,483,0,0,68783
177123,1,6,0,-1,-1,0,96257,0,0,68783
177124,0,0,-1,0,0,0,96264,0,0,68784
177125,0,0,-1,0,0,0,96261,0,0,68785
177126,0,0,-1,0,0,0,96262,0,0,68786
177127,0,0,-1,-1,-1,0,483,0,0,68787
177128,1,6,0,-1,-1,0,96264,0,0,68787
177129,0,0,-1,-1,-1,0,483,0,0,68788
177130,1,6,0,-1,-1,0,96261,0,0,68788
177131,0,0,-1,-1,-1,0,483,0,0,68789
177132,1,6,0,-1,-1,0,96262,0,0,68789
177133,0,0,-1,0,0,0,483,0,0,68793
177134,1,6,-1,-1,-1,0,96281,0,0,68793
177135,0,5,-1,0,-1,0,24714,0,0,68794
177136,0,0,-1,-1,-1,0,96286,0,0,68796
177137,0,0,0,900000,-1,0,96312,0,0,68806
177138,0,0,-1,-1,-1,0,96333,0,0,68808
177139,0,0,-1,-1,-1,0,96334,0,0,68809
177140,0,0,-1,-1,-1,0,483,0,0,68810
177141,1,6,0,-1,-1,0,89815,0,0,68810
177142,0,0,0,2000,-1,0,96352,0,0,68811
177143,1,0,0,2000,-1,0,96354,0,0,68811
177144,0,0,-1,-1,-1,0,96251,0,0,68815
177145,0,0,-1,-1,3000,330,55884,0,0,68823
177146,1,6,0,0,0,0,96491,0,0,68823
177147,0,0,-1,-1,3000,330,55884,0,0,68824
177148,1,6,0,0,0,0,96499,0,0,68824
177149,0,0,-1,-1,3000,330,55884,0,0,68825
177150,1,6,0,-1,-1,0,96503,0,0,68825
177151,0,0,-1,-1,-1,0,55884,0,0,68833
177152,1,6,0,-1,-1,0,96571,0,0,68833
177153,0,0,-1,-1,-1,0,55884,0,0,68840
177154,1,6,0,-1,-1,0,96817,0,0,68840
177155,0,0,-1,-1,-1,0,55884,0,0,68841
177156,1,6,0,-1,-1,0,96819,0,0,68841
177157,0,0,0,30000,-1,0,96864,0,0,68890
177158,0,1,0,-1,-1,0,96879,0,0,68915
177159,1,0,0,60000,-1,0,96880,0,0,68915
177160,0,1,0,-1,-1,0,96887,0,0,68925
177161,0,0,0,120000,-1,0,96908,0,0,68926
177162,0,1,0,-1,-1,0,96910,0,0,68927
177163,0,5,0,-1,-1,0,98356,0,0,68937
177164,0,0,0,20000,-1,0,96919,0,0,68955
177165,0,1,0,-1,-1,0,96924,0,0,68972
177166,1,0,0,120000,20000,1141,96934,0,0,68972
177167,0,1,0,-1,-1,0,96947,0,0,68981
177168,0,1,0,-1,-1,0,96963,0,0,68982
177169,0,1,0,-1,-1,0,96967,0,0,68983
177170,0,1,0,-1,-1,0,96976,0,0,68994
177171,0,1,0,-1,-1,0,96981,0,0,68995
177172,0,0,0,120000,-1,0,96988,0,0,68996
177173,0,0,0,-1,-1,0,97012,0,0,68997
177174,0,0,0,60000,15000,1141,97007,0,0,68998
177175,0,0,0,90000,25000,1141,97008,0,0,69000
177176,0,0,0,60000,15000,1141,97009,0,0,69001
177177,0,0,0,60000,15000,1141,97010,0,0,69002
177178,0,0,-1,0,1000,11,97020,0,0,69027
177179,0,1,0,-1,-1,0,97117,0,0,69109
177180,1,0,0,60000,-1,0,96880,0,0,69109
177181,0,1,0,-1,-1,0,97119,0,0,69110
177182,0,0,0,120000,-1,0,97121,0,0,69111
177183,0,1,0,-1,-1,0,97126,0,0,69112
177184,0,1,0,-1,-1,0,96924,0,0,69113
177185,1,0,0,120000,20000,1141,97127,0,0,69113
177186,0,1,0,-1,-1,0,97130,0,0,69138
177187,0,1,0,-1,-1,0,97132,0,0,69139
177188,0,1,0,-1,-1,0,97137,0,0,69149
177189,0,1,0,-1,-1,0,97138,0,0,69150
177190,0,1,0,-1,-1,0,97143,0,0,69167
177191,0,0,0,120000,-1,0,97145,0,0,69184
177192,0,0,0,60000,15000,1141,97146,0,0,69185
177193,0,0,-1,-1,1000,0,97150,0,0,69187
177194,0,0,-1,-1,1000,0,97159,0,0,69188
177195,0,0,-1,-1,1000,0,97162,0,0,69189
177196,0,0,-1,-1,1000,0,97163,0,0,69190
177197,0,0,0,3000,-1,0,97187,0,0,69191
177198,0,0,-1,-1,1000,0,97165,0,0,69192
177199,0,0,-1,-1,1000,0,97166,0,0,69193
177200,0,0,-1,-1,1000,0,97167,0,0,69194
177201,0,0,-1,-1,1000,0,97169,0,0,69195
177202,0,0,0,90000,25000,1141,97176,0,0,69198
177203,0,0,0,60000,15000,1141,97177,0,0,69199
177204,0,0,0,60000,15000,1141,97179,0,0,69200
177205,0,1,0,-1,-1,0,97340,0,0,69209
177206,0,1,0,-1,-1,0,97341,0,0,69210
177207,0,0,0,-1,-1,0,97324,0,0,69212
177208,0,0,-1,-1,3000,330,55884,0,0,69213
177209,1,6,0,-1,-1,0,97359,0,0,69213
177210,0,0,0,1800000,-1,0,97394,0,0,69215
177211,0,0,-1,-1,3000,330,55884,0,0,69224
177212,1,6,0,-1,-1,0,97493,0,0,69224
177213,0,0,0,-1,-1,0,97498,0,0,69225
177214,0,0,-1,-1,3000,330,55884,0,0,69226
177215,1,6,0,-1,-1,0,97501,0,0,69226
177216,0,0,0,1800000,-1,0,97555,0,0,69227
177217,0,0,-1,-1,3000,330,55884,0,0,69228
177218,1,6,0,-1,-1,0,97581,0,0,69228
177219,0,0,-1,-1,3000,330,55884,0,0,69230
177220,1,6,0,-1,-1,0,97560,0,0,69230
177221,0,0,0,30000,-1,0,97584,0,0,69231
177222,0,0,0,-1,-1,0,97517,0,0,69232
177223,0,0,-1,1500,1000,11,97602,0,0,69233
177224,0,0,0,-1,-1,0,97241,0,0,69234
177225,0,0,0,-1,-1,0,97605,0,0,69235
177226,0,5,0,-1,-1,0,99648,0,0,69238
177227,0,0,-1,-1,-1,0,55884,0,0,69239
177228,1,6,0,-1,-1,0,97638,0,0,69239
177229,0,0,0,1500,-1,0,97670,0,0,69240
177230,0,0,-1,0,1000,11,43180,0,0,69243
177231,0,0,-1,0,1000,11,1129,0,0,69244
177232,0,0,0,-1,-1,0,97708,0,0,69245
177233,0,0,-1,1000,-1,0,55884,0,0,69251
177234,1,6,0,-1,-1,0,97779,0,0,69251
177235,0,1,0,-1,-1,0,97866,0,0,69262
177236,0,1,0,-1,-1,0,24591,0,0,69618
177237,0,0,-1,-1,-1,0,55884,0,0,69648
177238,1,6,0,-1,-1,0,98079,0,0,69648
177239,0,0,-1,-1,-1,0,98181,0,0,69724
177240,1,5,-1,-1,-1,0,98208,0,0,69724
177241,0,0,-1,-1,3000,330,55884,0,0,69747
177242,1,6,0,0,0,0,98204,0,0,69747
177243,0,0,0,3000,-1,0,98228,0,0,69750
177244,0,0,0,10000,-1,0,98261,0,0,69759
177245,0,0,0,600000,60000,94,98275,0,0,69762
177246,1,0,0,60000,-1,0,46643,0,0,69771
177247,0,0,-1,0,0,0,483,0,0,69773
177248,1,6,-1,-1,-1,0,98396,0,0,69773
177249,0,0,0,1000,-1,0,98444,0,0,69775
177250,0,0,0,1800000,-1,0,98445,0,0,69776
177251,0,0,0,1800000,-1,0,98447,0,0,69777
177252,0,0,0,1000,-1,0,98511,0,0,69806
177253,0,0,-1,-1,-1,0,483,0,0,69820
177254,1,6,0,-1,-1,0,73266,0,0,69820
177255,0,0,-1,-1,-1,0,55884,0,0,69821
177256,1,6,0,-1,-1,0,98571,0,0,69821
177257,0,0,-1,-1,-1,0,55884,0,0,69824
177258,1,6,0,-1,-1,0,98587,0,0,69824
177259,0,0,0,1500,-1,0,98592,0,0,69825
177261,0,0,0,1500,-1,0,98628,0,0,69832
177262,0,7,-1,1500,-1,0,98638,0,0,69836
177263,0,0,-1,-1,-1,0,98681,0,0,69838
177264,0,0,-1,-1,3000,330,483,0,0,69846
177265,1,6,0,-1,3000,0,98727,0,0,69846
177266,0,0,-1,-1,-1,0,55884,0,0,69847
177267,1,6,0,-1,-1,0,98736,0,0,69847
177268,0,0,-1,-1,-1,0,483,0,0,69853
177269,1,6,0,-1,-1,0,98921,0,0,69853
177270,0,0,0,120000,120000,1182,42292,0,0,69861
177271,0,0,0,120000,120000,1182,42292,0,0,69862
177272,0,1,0,-1,-1,0,57353,0,0,69887
177273,0,1,0,-1,-1,0,57353,0,0,69888
177274,0,1,0,-1,-1,0,57353,0,0,69889
177275,0,1,0,-1,-1,0,57353,0,0,69890
177276,0,1,0,-1,-1,0,71354,0,0,69891
177277,0,1,0,-1,-1,0,71354,0,0,69892
177278,0,0,0,1500,-1,0,99104,0,0,69895
177279,0,0,0,1500,-1,0,99159,0,0,69896
177280,0,0,0,7200000,-1,0,99245,0,0,69897
177281,1,1,0,-1,-1,0,99246,0,0,69897
177282,0,0,0,1500,-1,0,99294,0,0,69902
177283,0,0,-1,1500,-1,0,99309,0,0,69904
177284,0,0,0,1500,-1,0,99307,0,0,69906
177285,0,0,-1,-1,-1,0,99315,0,0,69907
177286,0,0,-1,1500,1000,0,99334,0,0,69914
177287,0,0,-1,0,1000,11,434,0,0,69920
177288,0,0,-1,-1,-1,0,99422,0,0,69930
177289,0,0,-1,1500,-1,0,99429,0,0,69932
177290,0,0,-1,1500,-1,0,99431,0,0,69933
177291,0,0,0,1500,-1,0,99435,0,0,69940
177292,0,0,-1,0,1000,0,99438,0,0,69956
177293,0,0,-1,-1,-1,0,483,0,0,69957
177294,1,6,0,-1,-1,0,99439,0,0,69957
177295,0,0,-1,-1,-1,0,483,0,0,69958
177296,1,6,0,-1,-1,0,99440,0,0,69958
177297,0,0,-1,-1,-1,0,483,0,0,69959
177298,1,6,0,-1,-1,0,99441,0,0,69959
177299,0,0,-1,-1,-1,0,483,0,0,69960
177300,1,6,0,-1,-1,0,99443,0,0,69960
177301,0,0,-1,-1,-1,0,483,0,0,69961
177302,1,6,0,-1,-1,0,99445,0,0,69961
177303,0,0,-1,-1,-1,0,483,0,0,69962
177304,1,6,0,-1,-1,0,99446,0,0,69962
177305,0,0,-1,-1,-1,0,483,0,0,69963
177306,1,6,0,-1,-1,0,99447,0,0,69963
177307,0,0,-1,-1,-1,0,483,0,0,69965
177308,1,6,0,-1,-1,0,99448,0,0,69965
177309,0,0,-1,-1,-1,0,483,0,0,69966
177310,1,6,0,-1,-1,0,99449,0,0,69966
177311,0,0,-1,-1,-1,0,483,0,0,69968
177312,1,6,0,-1,-1,0,99452,0,0,69968
177313,0,0,-1,-1,-1,0,483,0,0,69969
177314,1,6,0,-1,-1,0,99453,0,0,69969
177315,0,0,-1,-1,-1,0,483,0,0,69970
177316,1,6,0,-1,-1,0,99454,0,0,69970
177317,0,0,-1,-1,-1,0,483,0,0,69971
177318,1,6,0,-1,-1,0,99455,0,0,69971
177319,0,0,-1,-1,-1,0,483,0,0,69972
177320,1,6,0,-1,-1,0,99456,0,0,69972
177321,0,0,-1,-1,-1,0,483,0,0,69973
177322,1,6,0,-1,-1,0,99457,0,0,69973
177323,0,0,-1,-1,-1,0,483,0,0,69974
177324,1,6,0,-1,-1,0,99458,0,0,69974
177325,0,0,-1,-1,-1,0,483,0,0,69975
177326,1,6,0,-1,-1,0,99459,0,0,69975
177327,0,0,-1,-1,-1,0,483,0,0,69976
177328,1,6,0,-1,-1,0,99460,0,0,69976
177329,0,0,-1,1500,-1,0,99474,0,0,69979
177330,0,0,0,1500,-1,0,99479,0,0,69981
177331,0,0,-1,0,1000,0,99500,0,0,69990
177332,0,0,-1,-1,-1,0,55884,0,0,69991
177333,1,6,0,-1,-1,0,45082,0,0,69991
177334,0,0,-1,-1,-1,0,55884,0,0,69992
177335,1,6,0,-1,-1,0,66096,0,0,69992
177336,0,0,0,2000,-1,0,99508,0,0,69995
177337,0,0,0,0,1000,0,99512,0,0,69997
177338,0,0,0,12000,-1,0,99511,0,0,69998
177339,0,0,-1,-1,-1,0,55884,0,0,70099
177340,1,6,0,-1,-1,0,99578,0,0,70099
177341,0,0,-1,-1,-1,0,99623,0,0,70139
177342,0,0,-1,-1,-1,0,55884,0,0,70140
177343,1,6,0,-1,-1,0,99663,0,0,70140
177344,0,0,0,180000,-1,0,99915,0,0,70141
177345,1,1,0,0,0,0,100309,0,0,70141
177346,0,0,0,120000,20000,1141,100612,0,0,70142
177347,0,0,0,120000,20000,1141,101492,0,0,70143
177348,1,1,0,0,-1,0,108819,0,0,70143
177349,0,1,0,-1,-1,0,95871,0,0,70144
177350,1,0,0,120000,20000,1141,101515,0,0,70144
177351,0,0,-1,-500,-1,0,63832,0,0,70145
177352,0,0,-1,-500,-1,0,63833,0,0,70146
177353,0,0,-1,-500,-1,0,63834,0,0,70147
177354,0,0,-1,-500,-1,0,63835,0,0,70148
177355,0,0,-1,-500,-1,0,63837,0,0,70149
177356,0,0,-1,-500,-1,0,63838,0,0,70150
177357,0,0,-1,-500,-1,0,63839,0,0,70151
177358,0,0,-1,-500,-1,0,63836,0,0,70152
177359,0,0,-1,-500,-1,0,63840,0,0,70153
177360,0,0,-1,-500,-1,0,63841,0,0,70154
177361,0,0,0,3000000,0,0,99732,0,0,70159
177362,0,0,-1,-1,-1,0,483,0,0,70160
177363,1,6,0,-1,-1,0,99668,0,0,70160
177364,0,0,0,300000,-1,0,99659,0,0,70161
177365,0,0,-1,-1,-1,0,483,0,0,70166
177366,1,6,0,-1,-1,0,99652,0,0,70166
177367,0,0,-1,-1,-1,0,483,0,0,70167
177368,1,6,0,-1,-1,0,99653,0,0,70167
177369,0,0,-1,-1,-1,0,483,0,0,70168
177370,1,6,0,-1,-1,0,99654,0,0,70168
177371,0,0,-1,-1,-1,0,483,0,0,70169
177372,1,6,0,-1,-1,0,99655,0,0,70169
177373,0,0,-1,-1,-1,0,483,0,0,70170
177374,1,6,0,-1,-1,0,99656,0,0,70170
177375,0,0,-1,-1,-1,0,483,0,0,70171
177376,1,6,0,-1,-1,0,99657,0,0,70171
177377,0,0,-1,-1,-1,0,483,0,0,70172
177378,1,6,0,-1,-1,0,99658,0,0,70172
177379,0,0,-1,-1,-1,0,483,0,0,70173
177380,1,6,0,-1,-1,0,99660,0,0,70173
177381,0,0,-1,-1,-1,0,483,0,0,70174
177382,1,6,0,-1,-1,0,100583,0,0,70174
177383,0,0,-1,-1,-1,0,483,0,0,70175
177384,1,6,0,-1,-1,0,100586,0,0,70175
177385,0,0,-1,-1,-1,0,483,0,0,70176
177386,1,6,0,-1,-1,0,100585,0,0,70176
177387,0,0,-1,-1,-1,0,483,0,0,70177
177388,1,6,0,-1,-1,0,100587,0,0,70177
177389,0,1,0,-1,-1,0,62459,0,0,70245
177390,0,1,0,-1,-1,0,44300,0,0,70250
177391,0,1,0,-1,-1,0,22778,0,0,70255
177392,0,1,0,-1,-1,0,61255,0,0,70260
177393,0,1,0,-1,-1,0,32973,0,0,70265
177394,0,1,0,-1,-1,0,32973,0,0,70270
177395,0,1,0,-1,-1,0,32973,0,0,70275
177396,0,1,0,-1,-1,0,61252,0,0,70279
177397,0,1,0,-1,-1,0,33830,0,0,70284
177398,0,1,0,-1,-1,0,33830,0,0,70289
177399,0,1,0,-1,-1,0,61249,0,0,70295
177400,0,1,0,-1,-1,0,44301,0,0,70299
177401,0,1,0,-1,-1,0,44297,0,0,70304
177402,0,1,0,-1,-1,0,44297,0,0,70309
177403,0,1,0,-1,-1,0,33063,0,0,70314
177404,0,1,0,-1,-1,0,38522,0,0,70354
177405,0,0,0,120000,120000,1182,42292,0,0,70390
177406,0,0,0,120000,120000,1182,42292,0,0,70391
177407,0,0,0,120000,120000,1182,42292,0,0,70392
177408,0,0,0,120000,120000,1182,42292,0,0,70393
177409,0,0,0,120000,120000,1182,42292,0,0,70394
177410,0,0,0,120000,120000,1182,42292,0,0,70395
177411,1,0,0,120000,20000,1190,99737,0,0,70396
177412,1,0,0,120000,20000,1190,99737,0,0,70397
177413,1,0,0,120000,20000,1190,99737,0,0,70398
177414,1,0,0,120000,20000,1141,99739,0,0,70399
177415,1,0,0,120000,20000,1141,99740,0,0,70400
177416,1,0,0,120000,20000,1141,99741,0,0,70401
177417,1,1,0,0,0,0,99743,0,0,70402
177418,1,1,0,0,0,0,99747,0,0,70403
177419,1,1,0,0,0,0,99749,0,0,70404
177420,0,1,0,-1,-1,0,38522,0,0,70418
177421,0,1,0,-1,-1,0,32973,0,0,70423
177422,0,1,0,-1,-1,0,33830,0,0,70429
177423,0,1,0,-1,-1,0,33830,0,0,70437
177424,0,1,0,-1,-1,0,61255,0,0,70441
177425,0,1,0,-1,-1,0,61249,0,0,70445
177426,0,1,0,-1,-1,0,44297,0,0,70453
177427,0,1,0,-1,-1,0,32973,0,0,70459
177428,0,1,0,-1,-1,0,44301,0,0,70463
177429,0,1,0,-1,-1,0,32973,0,0,70467
177430,0,1,0,-1,-1,0,33063,0,0,70469
177431,0,1,0,-1,-1,0,44297,0,0,70474
177432,0,1,0,-1,-1,0,22778,0,0,70480
177433,0,1,0,-1,-1,0,61252,0,0,70486
177434,0,1,0,-1,-1,0,44300,0,0,70488
177435,0,1,0,-1,-1,0,62459,0,0,70493
177436,1,0,0,120000,20000,1141,99711,0,0,70517
177437,1,0,0,120000,20000,1141,99712,0,0,70518
177438,1,0,0,120000,20000,1141,99713,0,0,70519
177439,0,1,0,-1,-1,0,61255,0,0,70534
177440,0,1,0,-1,-1,0,61252,0,0,70550
177441,0,1,0,-1,-1,0,62459,0,0,70559
177442,1,0,0,120000,20000,1190,99714,0,0,70563
177443,1,0,0,120000,20000,1190,99714,0,0,70564
177444,1,0,0,120000,20000,1190,99714,0,0,70565
177445,0,1,0,-1,-1,0,33063,0,0,70568
177446,1,1,0,0,0,0,99718,0,0,70577
177447,1,1,0,0,0,0,99720,0,0,70578
177448,1,1,0,0,0,0,99722,0,0,70579
177449,0,1,0,-1,-1,0,33830,0,0,70580
177450,0,1,0,-1,-1,0,61249,0,0,70585
177451,0,1,0,-1,-1,0,32973,0,0,70591
177452,0,1,0,-1,-1,0,32973,0,0,70598
177453,0,0,0,120000,120000,1182,42292,0,0,70602
177454,0,0,0,120000,120000,1182,42292,0,0,70603
177455,0,0,0,120000,120000,1182,42292,0,0,70604
177456,0,0,0,120000,120000,1182,42292,0,0,70605
177457,0,0,0,120000,120000,1182,42292,0,0,70606
177458,0,0,0,120000,120000,1182,42292,0,0,70607
177459,0,1,0,-1,-1,0,44297,0,0,70608
177460,0,1,0,-1,-1,0,38522,0,0,70616
177461,0,1,0,-1,-1,0,22778,0,0,70624
177462,0,1,0,-1,-1,0,32973,0,0,70633
177463,0,1,0,-1,-1,0,44297,0,0,70643
177464,0,1,0,-1,-1,0,44300,0,0,70649
177465,0,1,0,-1,-1,0,44301,0,0,70657
177466,0,1,0,-1,-1,0,33830,0,0,70671
177467,0,0,0,-1,300000,97,99767,0,0,70722
177468,0,0,-5,1500,-1,0,99976,0,0,70725
177469,0,0,-1,180000,-1,0,99985,0,0,70726
177470,0,0,0,3000,-1,0,100052,0,0,70727
177471,0,0,-1,-1,-1,0,55884,0,0,70908
177472,1,6,0,-1,-1,0,100330,0,0,70908
177473,0,0,-1,-1,3000,330,55884,0,0,70909
177474,1,6,0,-1,-1,0,100332,0,0,70909
177475,0,0,-1,-1,3000,330,55884,0,0,70910
177476,1,6,0,0,0,0,100333,0,0,70910
177477,0,0,0,10000,-1,0,100343,0,0,70923
177478,0,0,0,60000,1000,11,100365,0,0,70924
177479,0,0,0,60000,1000,11,100374,0,0,70925
177480,0,0,0,60000,1000,11,100376,0,0,70926
177481,0,0,0,60000,1000,11,100379,0,0,70927
177482,0,0,-1,-1,-1,0,100463,0,0,70994
177483,0,0,-1,-1,-1,0,100491,0,0,70995
177484,0,0,-1,-1,-1,0,100475,0,0,70996
177485,0,0,-1,-1,-1,0,100464,0,0,70997
177486,0,0,-1,-1,-1,0,100489,0,0,70998
177487,0,0,-1,-1,-1,0,100465,0,0,70999
177488,0,0,-1,-1,-1,0,100466,0,0,71000
177489,0,0,-1,-1,-1,0,100488,0,0,71001
177490,0,0,-1,-1,-1,0,101069,0,0,71008
177491,0,0,-1,-1,-1,0,101067,0,0,71015
177492,0,0,-1,-1,-1,0,101068,0,0,71016
177493,0,0,-1,-1,-1,0,100528,0,0,71017
177494,0,0,0,-1,-1,0,55884,0,0,71033
177495,1,6,0,-1,-1,0,100576,0,0,71033
177496,0,1,0,-1,-1,0,97866,0,0,71037
177497,0,0,-1,-1,-1,0,55884,0,0,71076
177498,1,6,0,-1,-1,0,100684,0,0,71076
177499,0,0,-1,-1,-1,0,483,0,0,71078
177500,1,6,0,-1,-1,0,100687,0,0,71078
177501,0,1,0,-1,-1,0,100785,0,0,71084
177502,0,1,0,-1,-1,0,100873,0,0,71085
177503,1,0,0,10000,-1,0,101140,0,0,71085
177504,0,1,0,-1,-1,0,101056,0,0,71086
177505,1,0,0,1500,1500,330,101641,0,0,71086
177506,2,1,0,-1,-1,0,101151,0,0,71086
177507,0,0,-1,-500,-1,0,100764,0,0,71087
177508,0,0,-1,-500,-1,0,100765,0,0,71088
177509,0,0,0,10000,-1,0,63604,0,0,71090
177510,0,0,0,-1,-1,0,100951,0,0,71134
177511,0,0,0,1800000,-1,0,100959,0,0,71137
177512,0,0,-1,-1,-1,0,483,0,0,71140
177513,1,6,0,-1,-1,0,100970,0,0,71140
177514,0,0,-1,1000,-1,0,46168,0,0,71153
177515,0,0,-1,0,0,0,483,0,0,71155
177516,1,6,-1,-1,-1,0,101051,0,0,71155
177517,0,0,0,3600000,-1,0,101184,0,0,71259
177518,1,0,0,600000,60000,94,50070,0,0,71325
177519,0,0,0,30000,-1,0,43873,0,0,71326
177520,0,0,0,600000,60000,94,101285,0,0,71333
177521,0,0,0,600000,60000,94,101286,0,0,71334
177522,0,1,0,0,0,0,101288,0,0,71335
177523,0,1,0,0,0,0,101290,0,0,71336
177524,0,1,0,-1,-1,0,101292,0,0,71337
177525,0,0,0,120000,20000,1141,101293,0,0,71338
177526,0,0,-1,-1,3000,330,55884,0,0,71339
177527,1,6,0,-1,-1,0,101282,0,0,71339
177528,0,0,-1,-1,-1,0,55884,0,0,71387
177529,1,6,0,-1,-1,0,101424,0,0,71387
177530,0,0,0,7200000,-1,0,99245,0,0,71466
177531,1,1,0,-1,-1,0,99246,0,0,71466
177532,0,0,-1,-1,-1,0,55884,0,0,71624
177533,1,6,0,-1,-1,0,101493,0,0,71624
177534,0,0,-1,250,-1,0,101498,0,0,71627
177535,0,0,0,1800000,-1,0,101500,0,0,71628
177536,0,1,-5,60000,-1,0,127469,0,0,71633
177538,0,5,0,-1,-1,0,100775,0,0,71634
177539,0,0,-1,-1,3000,330,55884,0,0,71665
177540,1,6,0,-1,-1,0,101542,0,0,71665
177541,0,0,-1,-1,-1,0,483,0,0,71714
177542,1,6,0,-1,-1,0,13882,0,0,71714
177543,0,0,-1,-1,3000,330,55884,0,0,71718
177544,1,6,0,-1,-1,0,101573,0,0,71718
177545,0,0,-1,180000,-1,0,101586,0,0,71719
177546,0,0,-1,-1,-1,0,101598,0,0,71720
177547,0,0,-1,-1,-1,0,483,0,0,71721
177548,1,6,0,-1,-1,0,101599,0,0,71721
177549,0,0,-1,-1,-1,0,55884,0,0,71726
177550,1,6,0,-1,-1,0,101606,0,0,71726
177551,0,0,-1,0,0,0,483,0,0,71799
177552,1,6,-1,-1,-1,0,57141,0,0,71799
177553,0,0,-1,-1,-1,0,483,0,0,71821
177554,1,6,0,-1,-1,0,101735,0,0,71821
177555,0,0,-1,-1,-1,0,483,0,0,71884
177556,1,6,0,-1,-1,0,101740,0,0,71884
177557,0,0,-1,-1,-1,0,483,0,0,71885
177558,1,6,0,-1,-1,0,101741,0,0,71885
177559,0,0,-1,-1,-1,0,483,0,0,71886
177560,1,6,0,-1,-1,0,101742,0,0,71886
177561,0,0,-1,-1,-1,0,483,0,0,71887
177562,1,6,0,-1,-1,0,101743,0,0,71887
177563,0,0,-1,-1,-1,0,483,0,0,71888
177564,1,6,0,-1,-1,0,101744,0,0,71888
177565,0,0,-1,-1,-1,0,483,0,0,71889
177566,1,6,0,-1,-1,0,101745,0,0,71889
177567,0,0,-1,-1,-1,0,483,0,0,71890
177568,1,6,0,-1,-1,0,101746,0,0,71890
177569,0,0,-1,-1,-1,0,483,0,0,71891
177570,1,6,0,-1,-1,0,101747,0,0,71891
177571,0,0,-1,-1,-1,0,483,0,0,71892
177572,1,6,0,-1,-1,0,101748,0,0,71892
177573,0,0,-1,-1,-1,0,483,0,0,71893
177574,1,6,0,-1,-1,0,101749,0,0,71893
177575,0,0,-1,-1,-1,0,483,0,0,71894
177576,1,6,0,-1,-1,0,101750,0,0,71894
177577,0,0,-1,-1,-1,0,483,0,0,71895
177578,1,6,0,-1,-1,0,101751,0,0,71895
177579,0,0,-1,-1,-1,0,483,0,0,71896
177580,1,6,0,-1,-1,0,101752,0,0,71896
177581,0,0,-1,-1,-1,0,483,0,0,71897
177582,1,6,0,-1,-1,0,101753,0,0,71897
177583,0,0,-1,-1,-1,0,483,0,0,71898
177584,1,6,0,-1,-1,0,101754,0,0,71898
177585,0,0,-1,-1,-1,0,483,0,0,71899
177586,1,6,0,-1,-1,0,101755,0,0,71899
177587,0,0,-1,-1,-1,0,483,0,0,71900
177588,1,6,0,-1,-1,0,101756,0,0,71900
177589,0,0,-1,-1,-1,0,483,0,0,71901
177590,1,6,0,-1,-1,0,101757,0,0,71901
177591,0,0,-1,-1,-1,0,483,0,0,71902
177592,1,6,0,-1,-1,0,101758,0,0,71902
177593,0,0,-1,-1,-1,0,483,0,0,71903
177594,1,6,0,-1,-1,0,101759,0,0,71903
177595,0,0,-1,-1,-1,0,483,0,0,71904
177596,1,6,0,-1,-1,0,101760,0,0,71904
177597,0,0,-1,-1,-1,0,483,0,0,71905
177598,1,6,0,-1,-1,0,101761,0,0,71905
177599,0,0,-1,-1,-1,0,483,0,0,71906
177600,1,6,0,-1,-1,0,101762,0,0,71906
177601,0,0,-1,-1,-1,0,483,0,0,71907
177602,1,6,0,-1,-1,0,101763,0,0,71907
177603,0,0,-1,-1,-1,0,483,0,0,71908
177604,1,6,0,-1,-1,0,101764,0,0,71908
177605,0,0,-1,-1,-1,0,483,0,0,71909
177606,1,6,0,-1,-1,0,101765,0,0,71909
177607,0,0,-1,-1,-1,0,483,0,0,71910
177608,1,6,0,-1,-1,0,101766,0,0,71910
177609,0,0,-1,-1,-1,0,483,0,0,71911
177610,1,6,0,-1,-1,0,101767,0,0,71911
177611,0,0,-1,-1,-1,0,483,0,0,71912
177612,1,6,0,-1,-1,0,101768,0,0,71912
177613,0,0,-1,-1,-1,0,483,0,0,71913
177614,1,6,0,-1,-1,0,101769,0,0,71913
177615,0,0,-1,-1,-1,0,483,0,0,71914
177616,1,6,0,-1,-1,0,101770,0,0,71914
177617,0,0,-1,-1,-1,0,483,0,0,71915
177618,1,6,0,-1,-1,0,101771,0,0,71915
177619,0,0,-1,-1,-1,0,483,0,0,71916
177620,1,6,0,-1,-1,0,101772,0,0,71916
177621,0,0,-1,-1,-1,0,483,0,0,71917
177622,1,6,0,-1,-1,0,101773,0,0,71917
177623,0,0,-1,-1,-1,0,483,0,0,71918
177624,1,6,0,-1,-1,0,101774,0,0,71918
177625,0,0,-1,-1,-1,0,483,0,0,71919
177626,1,6,0,-1,-1,0,101775,0,0,71919
177627,0,0,-1,-1,-1,0,483,0,0,71920
177628,1,6,0,-1,-1,0,101776,0,0,71920
177629,0,0,-1,-1,-1,0,483,0,0,71921
177630,1,6,0,-1,-1,0,101777,0,0,71921
177631,0,0,-1,-1,-1,0,483,0,0,71922
177632,1,6,0,-1,-1,0,101778,0,0,71922
177633,0,0,-1,-1,-1,0,483,0,0,71923
177634,1,6,0,-1,-1,0,101779,0,0,71923
177635,0,0,-1,-1,-1,0,483,0,0,71924
177636,1,6,0,-1,-1,0,101780,0,0,71924
177637,0,0,-1,-1,-1,0,483,0,0,71925
177638,1,6,0,-1,-1,0,101781,0,0,71925
177639,0,0,-1,-1,-1,0,483,0,0,71926
177640,1,6,0,-1,-1,0,101782,0,0,71926
177641,0,0,-1,-1,-1,0,483,0,0,71927
177642,1,6,0,-1,-1,0,101783,0,0,71927
177643,0,0,-1,-1,-1,0,483,0,0,71928
177644,1,6,0,-1,-1,0,101784,0,0,71928
177645,0,0,-1,-1,-1,0,483,0,0,71929
177646,1,6,0,-1,-1,0,101785,0,0,71929
177647,0,0,-1,-1,-1,0,483,0,0,71930
177648,1,6,0,-1,-1,0,101786,0,0,71930
177649,0,0,-1,-1,-1,0,483,0,0,71931
177650,1,6,0,-1,-1,0,101787,0,0,71931
177651,0,0,-1,-1,-1,0,483,0,0,71932
177652,1,6,0,-1,-1,0,101788,0,0,71932
177653,0,0,-1,-1,-1,0,483,0,0,71933
177654,1,6,0,-1,-1,0,101789,0,0,71933
177655,0,0,-1,-1,-1,0,483,0,0,71934
177656,1,6,0,-1,-1,0,101790,0,0,71934
177657,0,0,-1,-1,-1,0,483,0,0,71935
177658,1,6,0,-1,-1,0,101791,0,0,71935
177659,0,0,-1,-1,-1,0,483,0,0,71936
177660,1,6,0,-1,-1,0,101792,0,0,71936
177661,0,0,-1,-1,-1,0,483,0,0,71937
177662,1,6,0,-1,-1,0,101793,0,0,71937
177663,0,0,-1,-1,-1,0,483,0,0,71938
177664,1,6,0,-1,-1,0,101794,0,0,71938
177665,0,0,-1,-1,-1,0,483,0,0,71939
177666,1,6,0,-1,-1,0,101795,0,0,71939
177667,0,0,-1,-1,-1,0,483,0,0,71940
177668,1,6,0,-1,-1,0,101796,0,0,71940
177669,0,0,-1,-1,-1,0,483,0,0,71941
177670,1,6,0,-1,-1,0,101797,0,0,71941
177671,0,0,-1,-1,-1,0,483,0,0,71942
177672,1,6,0,-1,-1,0,101798,0,0,71942
177673,0,0,-1,-1,-1,0,483,0,0,71943
177674,1,6,0,-1,-1,0,101799,0,0,71943
177675,0,0,-1,-1,-1,0,483,0,0,71944
177676,1,6,0,-1,-1,0,101800,0,0,71944
177677,0,0,-1,-1,-1,0,483,0,0,71945
177678,1,6,0,-1,-1,0,101801,0,0,71945
177679,0,0,-1,-1,-1,0,483,0,0,71946
177680,1,6,0,-1,-1,0,101802,0,0,71946
177681,0,0,-1,-1,-1,0,483,0,0,71947
177682,1,6,0,-1,-1,0,101803,0,0,71947
177683,0,0,-1,-1,-1,0,483,0,0,71948
177684,1,6,0,-1,-1,0,101804,0,0,71948
177685,0,0,-1,-1,-1,0,101805,0,0,71949
177686,0,0,-1,1000,-1,0,102058,0,0,71950
177687,0,0,-1,-1,3000,330,55884,0,0,71954
177688,1,6,0,-1,-1,0,101821,0,0,71954
177689,0,0,-1,-1,-1,0,483,0,0,71955
177690,1,6,0,-1,-1,0,101823,0,0,71955
177691,0,0,-1,-1,-1,0,483,0,0,71956
177692,1,6,0,-1,-1,0,101824,0,0,71956
177693,0,0,-1,-1,-1,0,483,0,0,71957
177694,1,6,0,-1,-1,0,101828,0,0,71957
177695,0,0,-1,-1,-1,0,483,0,0,71958
177696,1,6,0,-1,-1,0,101825,0,0,71958
177697,0,0,-1,-1,-1,0,483,0,0,71959
177698,1,6,0,-1,-1,0,101826,0,0,71959
177699,0,0,-1,-1,-1,0,483,0,0,71960
177700,1,6,0,-1,-1,0,101827,0,0,71960
177701,0,0,-4,0,-1,0,101845,0,0,71964
177702,0,0,-1,-1,-1,0,483,0,0,71965
177703,1,6,0,-1,-1,0,73623,0,0,71965
177704,0,0,-1,0,-1,0,101847,0,0,71967
177705,0,0,0,-1,-1,0,101612,0,0,71969
177706,0,0,-1,0,-1,0,101863,0,0,71971
177707,0,0,0,0,-1,0,101868,0,0,71972
177709,0,0,0,0,-1,0,101874,0,0,71977
177710,0,0,0,0,-1,0,101883,0,0,71978
177711,0,0,-1,-1,-1,0,483,0,0,71999
177712,1,6,0,-1,-1,0,101933,0,0,71999
177713,0,0,-1,-1,-1,0,483,0,0,72000
177714,1,6,0,-1,-1,0,101920,0,0,72000
177715,0,0,-1,-1,-1,0,483,0,0,72001
177716,1,6,0,-1,-1,0,101924,0,0,72001
177717,0,0,-1,-1,-1,0,483,0,0,72002
177718,1,6,0,-1,-1,0,101921,0,0,72002
177719,0,0,-1,-1,-1,0,483,0,0,72003
177720,1,6,0,-1,-1,0,101922,0,0,72003
177721,0,0,-1,-1,-1,0,483,0,0,72004
177722,1,6,0,-1,-1,0,101923,0,0,72004
177723,0,0,-1,-1,-1,0,483,0,0,72005
177724,1,6,0,-1,-1,0,101934,0,0,72005
177725,0,0,-1,-1,-1,0,483,0,0,72006
177726,1,6,0,-1,-1,0,101935,0,0,72006
177727,0,0,-1,-1,-1,0,483,0,0,72007
177728,1,6,0,-1,-1,0,101936,0,0,72007
177729,0,0,-1,-1,-1,0,483,0,0,72008
177730,1,6,0,-1,-1,0,101937,0,0,72008
177731,0,0,-1,-1,-1,0,483,0,0,72009
177732,1,6,0,-1,-1,0,101939,0,0,72009
177733,0,0,-1,-1,-1,0,483,0,0,72010
177734,1,6,0,-1,-1,0,101940,0,0,72010
177735,0,0,-1,-1,-1,0,483,0,0,72011
177736,1,6,0,-1,-1,0,101941,0,0,72011
177737,0,0,-1,-1,-1,0,483,0,0,72012
177738,1,6,0,-1,-1,0,101925,0,0,72012
177739,0,0,-1,-1,-1,0,483,0,0,72013
177740,1,6,0,-1,-1,0,101928,0,0,72013
177741,0,0,-1,-1,-1,0,483,0,0,72014
177742,1,6,0,-1,-1,0,101929,0,0,72014
177743,0,0,-1,-1,-1,0,483,0,0,72015
177744,1,6,0,-1,-1,0,101931,0,0,72015
177745,0,0,-1,-1,-1,0,483,0,0,72016
177746,1,6,0,-1,-1,0,101932,0,0,72016
177747,0,0,-1,-1,-1,0,101612,0,0,72017
177748,0,0,-1,0,-1,0,101985,0,0,72018
177749,0,0,-1,-1,-1,0,483,0,0,72025
177750,1,6,0,-1,-1,0,10542,0,0,72025
177751,0,0,-1,-1,-1,0,483,0,0,72026
177752,1,6,0,-1,-1,0,10533,0,0,72026
177753,0,0,-1,-1,-1,0,483,0,0,72027
177754,1,6,0,-1,-1,0,10564,0,0,72027
177755,0,0,-1,-1,-1,0,483,0,0,72028
177756,1,6,0,-1,-1,0,10554,0,0,72028
177757,0,0,-1,-1,-1,0,483,0,0,72029
177758,1,6,0,-1,-1,0,10525,0,0,72029
177759,0,0,-1,-1,-1,0,483,0,0,72030
177760,1,6,0,-1,-1,0,10568,0,0,72030
177761,0,0,-1,-1,-1,0,483,0,0,72033
177762,1,6,0,-1,-1,0,10570,0,0,72033
177763,0,0,-1,-1,-1,0,55884,0,0,72042
177764,1,6,0,-1,-1,0,101986,0,0,72042
177765,0,0,0,0,-1,0,101988,0,0,72043
177766,0,0,-1,-1,-1,0,55884,0,0,72045
177767,1,6,0,-1,-1,0,101989,0,0,72045
177769,0,0,-1,0,-1,0,101993,0,0,72048
177770,0,0,-1,0,-1,0,101992,0,0,72049
177771,0,0,-1,0,-1,0,102221,0,0,72052
177772,0,0,-1,0,-1,0,102050,0,0,72056
177773,0,0,-1,0,-1,0,102053,0,0,72057
177774,0,0,-1,-1,-1,0,55884,0,0,72068
177775,1,6,0,-1,-1,0,98736,0,0,72068
177776,0,0,-1,0,0,0,33996,0,0,72070
177780,0,0,0,0,-1,0,101838,0,0,72110
177781,0,0,-1,-1,-1,0,55884,0,0,72134
177782,1,6,0,-1,-1,0,102317,0,0,72134
177783,0,0,-1,-1,3000,330,55884,0,0,72140
177784,1,6,0,-1,-1,0,102346,0,0,72140
177785,0,0,-1,-1,3000,330,55884,0,0,72145
177786,1,6,0,-1,-1,0,102349,0,0,72145
177787,0,0,-1,-1,3000,330,55884,0,0,72146
177788,1,6,0,-1,-1,0,102350,0,0,72146
177789,0,0,-1,-1,-1,0,55884,0,0,72153
177790,1,6,0,-1,-1,0,102353,0,0,72153
177791,0,0,0,1800000,-1,0,102362,0,0,72159
177792,0,0,0,1800000,-1,0,102365,0,0,72161
177793,1,0,0,120000,20000,1141,102441,0,0,72304
177794,1,1,0,-1,-1,0,102440,0,0,72309
177795,0,1,0,-1,-1,0,62459,0,0,72333
177796,0,1,0,-1,-1,0,61252,0,0,72337
177797,0,1,0,-1,-1,0,33830,0,0,72345
177798,0,1,0,-1,-1,0,33830,0,0,72353
177799,1,0,0,120000,20000,1190,102438,0,0,72359
177800,1,0,0,120000,20000,1190,102438,0,0,72360
177801,1,0,0,120000,20000,1190,102438,0,0,72361
177802,0,1,0,-1,-1,0,61255,0,0,72369
177803,0,1,0,-1,-1,0,44301,0,0,72373
177804,0,1,0,-1,-1,0,44300,0,0,72379
177805,0,1,0,-1,-1,0,38522,0,0,72390
177806,0,1,0,-1,-1,0,44297,0,0,72400
177807,0,1,0,-1,-1,0,44297,0,0,72405
177808,0,0,0,120000,120000,1182,42292,0,0,72410
177809,0,0,0,120000,120000,1182,42292,0,0,72411
177810,0,0,0,120000,120000,1182,42292,0,0,72412
177811,0,0,0,120000,120000,1182,42292,0,0,72413
177812,0,0,0,120000,120000,1182,42292,0,0,72414
177813,0,0,0,120000,120000,1182,42292,0,0,72415
177814,0,1,0,-1,-1,0,61249,0,0,72423
177815,0,1,0,-1,-1,0,32973,0,0,72433
177816,0,1,0,-1,-1,0,32973,0,0,72438
177817,0,1,0,-1,-1,0,32973,0,0,72444
177818,1,0,0,120000,20000,1141,102437,0,0,72448
177819,1,1,0,-1,-1,0,102436,0,0,72449
177820,1,0,0,120000,20000,1141,102434,0,0,72450
177821,1,1,0,-1,-1,0,102433,0,0,72455
177822,0,1,0,-1,-1,0,33063,0,0,72459
177823,0,1,0,-1,-1,0,22778,0,0,72465
177824,0,0,-1,-1,3000,330,55884,0,0,72575
177825,1,6,0,-1,-1,0,102488,0,0,72575
177826,0,0,-1,-1,3000,330,55884,0,0,72582
177827,1,6,0,-1,-1,0,102514,0,0,72582
177828,0,1,0,0,-1,0,102658,0,0,72897
177829,0,1,0,0,-1,0,102663,0,0,72898
177830,1,0,0,300000,0,0,109908,0,0,72898
177831,0,1,0,0,-1,0,102665,0,0,72899
177832,1,0,0,180000,0,0,109888,0,0,72899
177833,0,1,0,0,-1,0,102666,0,0,72900
177834,0,1,0,0,-1,0,102661,0,0,72901
177835,1,0,0,300000,0,0,110008,0,0,72901
177836,0,1,0,-1,-1,0,102776,0,0,73042
177837,0,1,0,-1,-1,0,102778,0,0,73060
177838,0,1,0,60000,20000,0,102776,0,0,73061
177839,0,1,0,-1,-1,0,102775,0,0,73062
177840,0,1,0,-1,-1,0,102780,0,0,73063
177841,0,1,0,-1,-1,0,102777,0,0,73064
177842,0,1,0,-1,-1,0,102745,0,0,73065
177843,0,1,0,-1,-1,0,102779,0,0,73066
177844,0,1,0,-1,-1,0,102776,0,0,73067
177845,0,1,0,-1,-1,0,102743,0,0,73068
177846,0,1,0,-1,-1,0,102797,0,0,73093
177847,0,1,0,-1,-1,0,102745,0,0,73101
177848,0,1,0,-1,-1,0,102779,0,0,73104
177849,0,1,0,-1,-1,0,102745,0,0,73106
177850,0,1,0,-1,-1,0,102779,0,0,73109
177851,0,1,0,-1,-1,0,102777,0,0,73111
177852,0,1,0,-1,-1,0,102780,0,0,73114
177853,0,1,0,-1,-1,0,102745,0,0,73116
177854,0,1,0,-1,-1,0,102779,0,0,73119
177855,0,1,0,-1,-1,0,102776,0,0,73121
177856,0,1,0,-1,-1,0,102743,0,0,73124
177857,0,1,0,-1,-1,0,102777,0,0,73126
177858,0,1,0,-1,-1,0,102780,0,0,73129
177859,0,1,0,-1,-1,0,102743,0,0,73132
177860,0,1,0,-1,-1,0,102776,0,0,73135
177861,0,1,0,-1,-1,0,102779,0,0,73137
177862,0,1,0,-1,-1,0,102745,0,0,73140
177863,0,1,0,-1,-1,0,102780,0,0,73142
177864,0,1,0,-1,-1,0,102777,0,0,73145
177865,0,1,0,-1,-1,0,102743,0,0,73147
177866,0,1,0,-1,-1,0,102776,0,0,73150
177867,0,1,0,60000,20000,0,102776,0,0,73154
177868,0,1,0,-1,-1,0,102775,0,0,73155
177869,0,1,0,-1,-1,0,102778,0,0,73157
177870,0,1,0,-1,-1,0,102776,0,0,73160
177871,0,1,0,60000,20000,0,102776,0,0,73164
177872,0,1,0,-1,-1,0,102775,0,0,73165
177873,0,1,0,-1,-1,0,102778,0,0,73167
177874,0,1,0,-1,-1,0,102776,0,0,73170
177875,0,0,-1,0,0,0,102923,0,0,73204
177876,0,0,-1,0,1000,11,80169,0,0,73260
177877,0,1,0,-1,-1,0,22778,0,0,73481
177878,0,1,0,-1,-1,0,33063,0,0,73487
177879,1,1,0,0,0,0,105140,0,0,73491
177880,1,0,0,120000,20000,1141,105133,0,0,73496
177881,1,1,0,0,0,0,105138,0,0,73497
177882,1,0,0,120000,20000,1141,105134,0,0,73498
177883,0,1,0,-1,-1,0,32973,0,0,73505
177884,0,1,0,-1,-1,0,32973,0,0,73511
177885,0,1,0,-1,-1,0,32973,0,0,73516
177886,0,1,0,-1,-1,0,61249,0,0,73526
177887,0,0,0,120000,120000,1182,42292,0,0,73534
177888,0,0,0,120000,120000,1182,42292,0,0,73535
177889,0,0,0,120000,120000,1182,42292,0,0,73536
177890,0,0,0,120000,120000,1182,42292,0,0,73537
177891,0,0,0,120000,120000,1182,42292,0,0,73538
177892,0,0,0,120000,120000,1182,42292,0,0,73539
177893,0,1,0,-1,-1,0,44297,0,0,73544
177894,0,1,0,-1,-1,0,44297,0,0,73549
177895,0,1,0,-1,-1,0,38522,0,0,73559
177896,0,1,0,-1,-1,0,44300,0,0,73570
177897,0,1,0,-1,-1,0,44301,0,0,73576
177898,0,1,0,-1,-1,0,61255,0,0,73583
177899,1,0,0,120000,20000,1190,105144,0,0,73591
177900,1,0,0,120000,20000,1190,105144,0,0,73592
177901,1,0,0,120000,20000,1190,105144,0,0,73593
177902,0,1,0,-1,-1,0,33830,0,0,73599
177903,0,1,0,-1,-1,0,33830,0,0,73607
177904,0,1,0,-1,-1,0,61252,0,0,73615
177905,0,1,0,-1,-1,0,62459,0,0,73619
177906,1,1,0,0,0,0,105136,0,0,73643
177907,1,0,0,120000,20000,1141,105132,0,0,73648
177908,0,1,0,-1,-1,0,22778,0,0,73654
177909,0,1,0,-1,-1,0,33063,0,0,73660
177910,0,1,0,-1,-1,0,32973,0,0,73664
177911,0,1,0,-1,-1,0,32973,0,0,73669
177912,0,1,0,-1,-1,0,32973,0,0,73674
177913,0,1,0,-1,-1,0,61249,0,0,73681
177914,0,1,0,-1,-1,0,44297,0,0,73689
177915,0,1,0,-1,-1,0,44297,0,0,73694
177916,0,1,0,-1,-1,0,38522,0,0,73700
177917,0,1,0,-1,-1,0,44300,0,0,73707
177918,0,1,0,-1,-1,0,44301,0,0,73713
177919,0,1,0,-1,-1,0,61255,0,0,73717
177920,0,1,0,-1,-1,0,33830,0,0,73725
177921,0,1,0,-1,-1,0,33830,0,0,73731
177922,0,1,0,-1,-1,0,61252,0,0,73737
177923,0,1,0,-1,-1,0,62459,0,0,73741
177924,0,0,-1,-1,-1,0,55884,0,0,73762
177925,1,6,0,-1,-1,0,103076,0,0,73762
177926,0,0,-1,-1,-1,0,55884,0,0,73764
177927,1,6,0,-1,-1,0,101733,0,0,73764
177928,0,0,-1,-1,-1,0,55884,0,0,73765
177929,1,6,0,-1,-1,0,103074,0,0,73765
177930,0,0,-1,-1,3000,330,55884,0,0,73766
177931,1,6,0,-1,-1,0,103081,0,0,73766
177932,0,0,-1,-1,-1,0,55884,0,0,73797
177933,1,6,0,-1,-1,0,103125,0,0,73797
177934,0,0,-1,-1,3000,330,55884,0,0,73838
177935,1,6,0,-1,-1,0,103195,0,0,73838
177936,0,0,-1,-1,3000,330,55884,0,0,73839
177937,1,6,0,-1,-1,0,103196,0,0,73839
177938,0,0,-1,-1,-1,0,55884,0,0,73903
177939,1,6,0,-1,-1,0,103544,0,0,73903
177940,0,0,-1,-1,-1,0,55884,0,0,73905
177941,1,6,0,-1,-1,0,103549,0,0,73905
177942,0,0,-1,-1,-1,0,55884,0,0,73953
177943,1,6,0,-1,-1,0,103588,0,0,73953
177944,0,1,0,0,0,0,109995,0,0,74034
177945,0,1,0,0,0,0,109996,0,0,74035
177946,0,0,-1,1000,-1,0,103740,0,0,74142
177947,0,0,-1,-1,3000,330,55884,0,0,74269
177948,1,6,0,0,0,0,74856,0,0,74269
177949,0,0,-1,-1,-1,0,483,0,0,74274
177950,1,6,0,-1,-1,0,10007,0,0,74274
177951,0,0,0,10000,-1,0,103977,0,0,74278
177952,0,0,-1,-1,-1,0,55884,0,0,74610
177953,1,6,0,-1,-1,0,104047,0,0,74610
177954,0,0,-1,-1,-1,0,55884,0,0,74611
177955,1,6,0,-1,-1,0,104049,0,0,74611
177956,0,0,0,-1,-1,0,104581,0,0,74748
177957,0,0,-1,0,1000,59,80167,0,0,74822
177958,0,0,-1,0,1000,11,80169,0,0,74921
177959,0,0,-1,-1,-1,0,55884,0,0,74981
177960,1,6,0,-1,-1,0,105122,0,0,74981
177961,0,0,-1,0,1000,11,24005,0,0,75027
177962,0,0,-1,0,1000,11,24355,0,0,75028
177963,0,0,-1,0,1000,11,24005,0,0,75029
177964,0,0,-1,0,1000,11,24005,0,0,75030
177965,0,0,-1,0,1000,11,24005,0,0,75031
177966,0,0,-1,0,1000,11,24005,0,0,75032
177967,0,0,-1,0,1000,11,24005,0,0,75033
177968,0,0,-1,0,1000,11,24005,0,0,75034
177969,0,0,-1,0,1000,11,24005,0,0,75035
177970,0,0,-1,0,1000,11,24005,0,0,75036
177971,1,0,0,-1,1500,133,140218,0,0,75040
177972,1,0,0,-1,1500,133,105228,0,0,75041
177973,1,0,0,-1,1500,133,105229,0,0,75042
177974,0,0,-1,-1,-1,0,55884,0,0,76062
177975,1,6,0,-1,-1,0,105633,0,0,76062
177976,0,0,-1,-1,-1,0,26587,0,0,76401
177977,0,0,-1,-1,-1,0,26588,0,0,76402
177978,0,0,-1,-1,3000,330,483,0,0,76755
177979,1,6,0,-1,3000,0,107203,0,0,76755
177980,0,0,-1,-1,3000,330,55884,0,0,76889
177981,1,6,0,-1,-1,0,107516,0,0,76889
177982,0,0,-1,-1,3000,330,55884,0,0,76902
177983,1,6,0,-1,-1,0,107517,0,0,76902
177984,0,0,-1,-1,3000,330,55884,0,0,77067
177985,1,6,0,-1,-1,0,107842,0,0,77067
177986,0,0,-1,-1,3000,330,55884,0,0,77068
177987,1,6,0,-1,-1,0,107844,0,0,77068
177988,0,0,-1,-1,3000,330,55884,0,0,77069
177989,1,6,0,-1,-1,0,107845,0,0,77069
177990,0,0,-1,0,0,0,483,0,0,77101
177991,1,6,-1,-1,-1,0,107905,0,0,77101
177992,0,0,0,90000,15000,1141,107947,0,0,77113
177993,0,0,0,90000,15000,1141,107948,0,0,77114
177994,0,0,0,90000,15000,1141,107948,0,0,77115
177995,0,0,0,90000,15000,1141,107949,0,0,77116
177996,0,0,0,90000,-1,0,107951,0,0,77117
177997,0,0,-1,-1,180000,1236,107926,0,0,77158
177998,0,1,0,-1,-1,0,107786,0,0,77188
177999,0,1,0,-1,-1,0,107805,0,0,77190
178000,0,1,0,-1,-1,0,107810,0,0,77191
178001,0,1,0,-1,-1,0,107895,0,0,77193
178002,0,1,0,-1,-1,0,107824,0,0,77194
178003,0,1,0,-1,-1,0,107832,0,0,77195
178004,0,1,0,-1,-1,0,107836,0,0,77196
178005,0,1,0,0,0,0,107961,0,0,77197
178006,0,1,0,0,0,0,107971,0,0,77198
178007,0,1,0,-1,-1,0,107963,0,0,77199
178008,0,1,0,0,0,0,107967,0,0,77200
178009,0,1,0,0,0,0,107969,0,0,77201
178010,0,1,0,-1,-1,0,107983,0,0,77202
178011,0,1,0,-1,-1,0,107983,0,0,77203
178012,0,1,0,0,0,0,107984,0,0,77204
178013,0,1,0,-1,-1,0,107989,0,0,77205
178014,0,1,0,0,-1,0,107987,0,0,77206
178015,0,1,0,-1,-1,0,107995,0,0,77207
178016,0,1,0,0,0,0,108006,0,0,77208
178017,0,1,0,0,0,0,108002,0,0,77209
178018,0,1,0,-1,-1,0,107998,0,0,77210
178019,0,1,0,0,0,0,108007,0,0,77211
178020,0,1,0,-1,-1,0,13959,0,0,77596
178021,0,1,0,-1,-1,0,13959,0,0,77597
178022,0,1,0,-1,-1,0,23217,0,0,77603
178023,0,1,0,-1,-1,0,23157,0,0,77610
178024,0,1,0,-1,-1,0,23037,0,0,77617
178025,0,1,0,-1,-1,0,144309,0,0,77622
178026,0,1,0,-1,-1,0,23043,0,0,77627
178027,0,1,0,-1,-1,0,23049,0,0,77637
178028,1,1,0,-1,-1,0,22801,0,0,77644
178029,0,1,0,-1,-1,0,23046,0,0,77650
178030,0,1,0,-1,-1,0,22778,0,0,77653
178031,0,1,0,-1,-1,0,23217,0,0,77666
178032,0,1,0,-1,-1,0,28539,0,0,77677
178033,1,1,0,-1,-1,0,144318,0,0,77681
178034,0,1,0,-1,-1,0,144306,0,0,77685
178035,1,1,0,-1,-1,0,23043,0,0,77693
178036,0,1,0,-1,-1,0,23049,0,0,77699
178037,0,1,0,-1,-1,0,22801,0,0,77702
178038,0,1,0,-1,-1,0,23046,0,0,77713
178039,0,1,0,-1,-1,0,22778,0,0,77716
178040,0,1,0,-1,-1,0,23217,0,0,77720
178041,0,1,0,-1,-1,0,28539,0,0,77722
178042,0,1,0,-1,-1,0,144319,0,0,77725
178043,0,1,0,-1,-1,0,144308,0,0,77727
178044,0,1,0,-1,-1,0,23043,0,0,77728
178045,0,1,0,-1,-1,0,23049,0,0,77730
178046,0,1,0,-1,-1,0,23046,0,0,77733
178047,0,1,0,-1,-1,0,22778,0,0,77734
178048,0,1,0,-1,-1,0,23217,0,0,77741
178049,0,1,0,-1,-1,0,23217,0,0,77750
178050,0,1,0,-1,-1,0,23157,0,0,77756
178051,0,1,0,-1,-1,0,28539,0,0,77764
178052,0,1,0,-1,-1,0,23037,0,0,77775
178053,0,1,0,-1,-1,0,144319,0,0,77783
178054,0,1,0,-1,-1,0,23043,0,0,77791
178055,0,1,0,-1,-1,0,23043,0,0,77803
178056,0,1,0,-1,-1,0,23049,0,0,77809
178057,0,1,0,-1,-1,0,23049,0,0,77816
178058,1,1,0,-1,-1,0,22801,0,0,77828
178059,1,1,0,-1,-1,0,22801,0,0,77830
178060,0,1,0,-1,-1,0,23046,0,0,77840
178061,0,1,0,-1,-1,0,23046,0,0,77849
178062,0,1,0,-1,-1,0,22778,0,0,77860
178063,0,1,0,-1,-1,0,22778,0,0,77863
178064,0,1,0,-1,-1,0,23217,0,0,77879
178065,0,1,0,-1,-1,0,28539,0,0,77885
178066,0,1,0,-1,-1,0,144318,0,0,77887
178067,0,1,0,-1,-1,0,144306,0,0,77895
178068,0,1,0,-1,-1,0,23043,0,0,77898
178069,0,1,0,-1,-1,0,23049,0,0,77904
178070,0,1,0,-1,-1,0,22801,0,0,77911
178071,0,1,0,-1,-1,0,23046,0,0,77916
178072,0,1,0,-1,-1,0,22778,0,0,77925
178073,0,1,0,-1,-1,0,144308,0,0,77929
178074,0,1,0,-1,-1,0,110211,0,0,77945
178075,0,1,0,-1,-1,0,110211,0,0,77947
178076,0,0,0,300000,300000,1335,107082,0,0,77949
178077,1,1,0,-1,-1,0,110211,0,0,77949
178078,0,0,0,300000,300000,1335,107082,0,0,77950
178079,0,0,-1,-1,-1,0,109954,0,0,77952
178080,0,1,0,-1,-1,0,109803,0,0,77969
178081,0,1,0,-1,-1,0,109775,0,0,77970
178082,0,1,0,-1,-1,0,109788,0,0,77971
178083,0,1,0,-1,-1,0,109743,0,0,77972
178084,0,1,0,-1,-1,0,109710,0,0,77973
178085,0,1,0,-1,-1,0,109718,0,0,77974
178086,0,1,0,-1,-1,0,109794,0,0,77975
178087,0,1,0,-1,-1,0,109812,0,0,77976
178088,0,1,0,-1,-1,0,109749,0,0,77977
178089,0,1,0,-1,-1,0,109781,0,0,77978
178090,0,1,0,-1,-1,0,109722,0,0,77979
178091,0,1,0,-1,-1,0,109799,0,0,77980
178092,0,1,0,-1,-1,0,109823,0,0,77981
178093,0,1,0,-1,-1,0,109753,0,0,77982
178094,0,1,0,-1,-1,0,109785,0,0,77983
178095,0,0,0,90000,15000,1141,109714,0,0,77984
178096,0,0,0,90000,15000,1141,109791,0,0,77985
178097,0,0,0,90000,15000,1141,109791,0,0,77986
178098,0,0,0,90000,15000,1141,109746,0,0,77987
178099,0,0,0,90000,-1,0,109778,0,0,77988
178100,0,1,0,-1,-1,0,109805,0,0,77989
178101,0,1,0,0,-1,0,109777,0,0,77990
178102,0,1,0,-1,-1,0,109790,0,0,77991
178103,0,1,0,-1,-1,0,109745,0,0,77992
178104,0,1,0,-1,-1,0,109712,0,0,77993
178105,0,1,0,0,0,0,109720,0,0,77994
178106,0,1,0,0,0,0,109796,0,0,77995
178107,0,1,0,0,0,0,109814,0,0,77996
178108,0,1,0,0,0,0,109751,0,0,77997
178109,0,1,0,0,0,0,109783,0,0,77998
178110,0,1,0,-1,-1,0,109725,0,0,77999
178111,0,1,0,-1,-1,0,109801,0,0,78000
178112,0,1,0,0,0,0,109826,0,0,78001
178113,0,1,0,-1,-1,0,109755,0,0,78002
178114,0,1,0,0,0,0,109786,0,0,78003
178115,0,0,0,90000,15000,1141,109715,0,0,78004
178116,0,0,0,90000,15000,1141,109792,0,0,78005
178117,0,0,0,90000,15000,1141,109792,0,0,78006
178118,0,0,0,90000,15000,1141,109747,0,0,78007
178119,0,0,0,90000,-1,0,109779,0,0,78008
178120,0,1,0,-1,-1,0,57353,0,0,78009
178121,0,1,0,-1,-1,0,57353,0,0,78010
178122,0,0,-1,0,0,0,109659,0,0,78342
178123,1,6,0,0,0,0,6417,0,0,78342
178124,0,0,-1,-1,-1,0,483,0,0,78343
178125,1,6,0,-1,-1,0,13617,0,0,78343
178126,0,0,-1,-1,-1,0,483,0,0,78345
178127,1,6,0,-1,-1,0,19060,0,0,78345
178128,0,0,-1,-1,-1,0,483,0,0,78346
178129,1,6,0,-1,-1,0,19050,0,0,78346
178130,0,0,-1,-1,-1,0,483,0,0,78348
178131,1,6,0,-1,-1,0,42974,0,0,78348
178132,0,1,0,-1,-1,0,107822,0,0,78359
178133,0,1,0,-1,-1,0,109859,0,0,78471
178134,0,1,0,-1,-1,0,109873,0,0,78472
178135,0,1,0,-1,-1,0,109865,0,0,78473
178136,0,1,0,-1,-1,0,109855,0,0,78475
178137,0,1,0,-1,-1,0,109850,0,0,78476
178138,0,1,0,-1,-1,0,109846,0,0,78477
178139,0,1,0,-1,-1,0,109841,0,0,78478
178140,0,1,0,-1,-1,0,109832,0,0,78479
178141,0,1,0,-1,-1,0,109857,0,0,78480
178142,0,1,0,-1,-1,0,109866,0,0,78481
178143,0,1,0,-1,-1,0,109862,0,0,78482
178144,0,1,0,-1,-1,0,109853,0,0,78484
178145,0,1,0,-1,-1,0,109848,0,0,78485
178146,0,1,0,-1,-1,0,109843,0,0,78486
178147,0,1,0,-1,-1,0,109839,0,0,78487
178148,0,1,0,-1,-1,0,109829,0,0,78488
178149,0,0,-1,0,3000,79,109933,0,0,78883
178150,0,0,-1,-1,-1,0,109946,0,0,78890
178151,0,0,-1,-1,-1,0,109947,0,0,78891
178152,0,0,-1,-1,-1,0,109948,0,0,78892
178153,0,0,-1,-1,-1,0,55884,0,0,78916
178154,1,6,0,-1,-1,0,110029,0,0,78916
178155,0,0,-1,-1,3000,330,55884,0,0,78919
178156,1,6,0,-1,-1,0,110039,0,0,78919
178157,0,0,-1,-1,3000,330,483,0,0,78924
178158,1,6,0,-1,3000,0,110051,0,0,78924
178159,0,0,-1,-1,-1,0,55884,0,0,79744
178160,1,6,0,-1,-1,0,112994,0,0,79744
178161,0,0,0,1800000,-1,0,113095,0,0,79769
178162,0,0,-1,-1,3000,330,55884,0,0,79771
178163,1,6,0,-1,-1,0,113120,0,0,79771
178164,0,0,-1,-1,3000,330,55884,0,0,83086
178165,1,6,0,-1,-1,0,121820,0,0,83086
178364,0,0,-1,1000,-1,0,412869,0,0,206272
178443,0,1,0,-1,-1,0,57818,0,0,206392
178444,1,1,0,-1,-1,0,413430,0,0,206392
180916,0,0,-1,-1,-1,0,55884,0,0,211082
180917,1,6,0,-1,-1,0,428053,0,0,211082
180987,0,0,0,120000,-1,0,429416,0,0,211261
180988,0,0,0,120000,-1,0,429416,0,0,211262
181362,0,0,0,30000,-1,0,43873,0,0,211850
181363,1,0,0,600000,60000,94,50070,0,0,211851
182420,0,0,-1,-1,3000,330,55884,0,0,213601
182421,1,6,0,-1,-1,0,435115,0,0,213601
185758,0,0,-1,-1,-1,0,55884,0,0,224002
185759,1,6,0,-1,-1,0,450535,0,0,224002
186339,0,0,-1,3600000,3600000,94,452954,0,0,224452
186342,0,0,-1,3600000,3600000,94,452953,0,0,224458
187253,1,0,0,60000,-1,0,46643,0,0,225923
187727,0,0,-1,-1,-1,0,86854,0,0,226459
187728,0,0,-1,-1,-1,0,86907,0,0,226460
187729,0,0,-1,-1,-1,0,86901,0,0,226462
187730,0,0,-1,-1,-1,0,86899,0,0,226463
190841,0,0,-1,-1,3000,330,483,0,0,230214
190842,1,6,0,-1,-1,0,466948,0,0,230214
190848,0,0,-1,-1,3000,330,483,0,0,230221
190849,1,6,0,-1,-1,0,466977,0,0,230221
190850,0,0,-1,-1,3000,330,483,0,0,230222
190851,1,6,0,-1,-1,0,466980,0,0,230222
190853,0,0,-1,-1,3000,330,483,0,0,230223
190854,1,6,0,-1,-1,0,466983,0,0,230223
190980,0,0,0,120000,-1,0,467349,0,0,230755
190981,0,1,0,-1,-1,0,467351,0,0,230756
190982,0,1,0,-1,-1,0,467353,0,0,230757
190983,0,1,0,-1,-1,0,467355,0,0,230758
190984,0,0,0,600000,60000,94,467357,0,0,230759
190985,0,0,0,600000,60000,94,467358,0,0,230761
190986,1,0,0,600000,60000,94,50070,0,0,230767
190987,0,0,0,30000,-1,0,43873,0,0,230768
191604,0,0,-1,-1,-1,0,55884,0,0,231295
191605,1,6,0,-1,-1,0,468201,0,0,231295
191631,0,0,-1,-1,-1,0,55884,0,0,231312
191632,1,6,0,-1,-1,0,468247,0,0,231312
192213,0,0,-1,0,1000,11,469265,0,0,231997
192294,0,1,0,-1,-1,0,469350,0,0,232012
192295,0,1,0,-1,-1,0,469351,0,0,232013
192296,0,1,0,-1,-1,0,469353,0,0,232014
192297,0,0,0,120000,20000,1141,469356,0,0,232015
192298,0,0,0,600000,60000,94,101286,0,0,232016
192299,0,0,0,600000,60000,94,101285,0,0,232017
192956,0,0,0,30000,-1,0,43873,0,0,232544
192960,1,0,0,600000,60000,94,50070,0,0,232548
193006,0,0,-1,-1,3000,330,55884,0,0,232614
193007,1,6,0,-1,-1,0,471440,0,0,232614
193326,0,0,-1,-1,3000,330,55884,0,0,233282
193327,1,6,0,-1,-1,0,473739,0,0,233282
193328,0,0,-1,-1,3000,330,55884,0,0,233283
193329,1,6,0,-1,-1,0,473741,0,0,233283
193330,0,0,-1,-1,3000,330,55884,0,0,233284
193331,1,6,0,-1,-1,0,473743,0,0,233284
193332,0,0,-1,-1,3000,330,55884,0,0,233285
193333,1,6,0,-1,-1,0,473744,0,0,233285
193334,0,0,-1,-1,3000,330,55884,0,0,233286
193335,1,6,0,-1,-1,0,473745,0,0,233286
198270,0,5,0,-1,-1,0,124349,0,0,2901
198271,0,5,0,-1,-1,0,124181,0,0,7005
198272,0,5,0,-1,-1,0,135558,0,0,31167
198273,1,1,0,-1,-1,0,132372,0,0,31279
198274,0,1,0,-1,-1,0,483,0,0,38691
198275,0,1,0,-1,-1,0,62459,0,0,40441
198276,1,5,0,-1,-1,0,124351,0,0,40772
198277,1,6,-1,-1,-1,0,58240,0,0,43362
198278,1,6,0,-1,-1,0,66175,0,0,46831
198279,0,5,0,-1,-1,0,100706,0,0,71080
198280,1,1,0,-1,-1,0,100707,0,0,71080
198281,0,0,-1,-1,-1,0,122350,0,0,71970
198282,0,0,0,6000,-1,0,106299,0,0,72109
198283,0,0,-1,0,0,0,102366,0,0,72162
198284,0,0,0,3000,-1,0,102375,0,0,72578
198285,0,0,0,15000,-1,0,102522,0,0,72583
198286,0,0,-1,0,1000,150,102694,0,0,72985
198287,0,0,-1,0,1000,150,102695,0,0,72986
198288,0,0,-1,0,1000,150,102696,0,0,72987
198289,0,0,0,5000,-1,0,102750,0,0,73069
198290,1,1,0,-1,-1,0,100707,0,0,73207
198291,1,1,0,-1,-1,0,100707,0,0,73208
198292,1,1,0,-1,-1,0,100707,0,0,73209
198293,1,1,0,-1,-1,0,100707,0,0,73210
198294,1,1,0,-1,-1,0,100707,0,0,73211
198295,1,1,0,-1,-1,0,109239,0,0,73212
198296,1,1,0,-1,-1,0,109239,0,0,73213
198297,0,0,0,30000,-1,0,102953,0,0,73369
198298,0,0,0,1500,-1,0,103116,0,0,73791
198299,0,0,-1,-1,-1,0,103126,0,0,73800
198300,0,0,0,-1,-1,0,105383,0,0,73801
198301,0,0,0,3000,-1,0,103160,0,0,73802
198302,0,0,0,3000,-1,0,103205,0,0,73837
198303,0,0,0,3000,-1,0,103246,0,0,73851
198304,0,0,0,3000,-1,0,103366,0,0,73861
198305,0,0,-1,1000,-1,0,103850,0,0,74252
198306,0,5,0,-1,-1,0,93425,0,0,74258
198307,0,0,-1,-1,-1,0,103864,0,0,74260
198308,0,0,-1,-1,-1,0,103878,0,0,74279
198309,0,0,-1,-1,-1,0,103879,0,0,74280
198310,0,0,-1,-1,-1,0,103880,0,0,74281
198311,0,0,-1,-1,-1,0,103864,0,0,74323
198312,0,0,-1,0,1000,11,45548,0,0,74609
198313,0,0,0,20000,20000,0,104962,0,0,74612
198314,0,0,-1,0,0,0,110955,0,0,74622
198315,0,0,-1,-1,5000,79,104244,0,0,74633
198316,0,0,-1,0,1000,11,118358,0,0,74636
198317,0,0,0,5000,-1,0,104238,0,0,74637
198318,0,0,-1,0,1000,11,104934,0,0,74641
198319,0,0,-1,0,1000,11,104263,0,0,74642
198320,0,0,-1,0,1000,11,104286,0,0,74643
198321,0,0,-1,0,1000,11,104266,0,0,74644
198322,0,0,-1,0,1000,11,104284,0,0,74645
198323,0,0,-1,0,1000,11,104285,0,0,74646
198324,0,0,-1,0,1000,11,104287,0,0,74647
198325,0,0,-1,0,1000,11,104288,0,0,74648
198326,0,0,-1,0,1000,11,104290,0,0,74649
198327,0,0,-1,0,1000,11,104289,0,0,74650
198328,0,0,-1,0,1000,11,104291,0,0,74651
198329,0,0,-1,0,1000,11,104292,0,0,74652
198330,0,0,-1,0,1000,11,104293,0,0,74653
198331,0,0,-1,0,1000,11,104294,0,0,74654
198332,0,0,-1,0,1000,11,104295,0,0,74655
198333,0,0,-1,0,1000,11,104296,0,0,74656
198334,0,0,-1,-1,-1,0,483,0,0,74657
198335,1,6,0,-1,-1,0,125120,0,0,74657
198336,0,0,-1,-1,-1,0,483,0,0,74658
198337,1,6,0,-1,-1,0,125123,0,0,74658
198338,0,0,-1,-1,-1,0,483,0,0,74663
198339,1,6,0,-1,-1,0,104298,0,0,74663
198340,0,0,-1,-1,-1,0,483,0,0,74664
198341,1,6,0,-1,-1,0,104299,0,0,74664
198342,0,0,-1,-1,-1,0,483,0,0,74665
198343,1,6,0,-1,-1,0,104300,0,0,74665
198344,0,0,-1,-1,-1,0,483,0,0,74666
198345,1,6,0,-1,-1,0,104301,0,0,74666
198346,0,0,-1,-1,-1,0,483,0,0,74667
198347,1,6,0,-1,-1,0,104302,0,0,74667
198348,0,0,-1,-1,-1,0,483,0,0,74668
198349,1,6,0,-1,-1,0,104303,0,0,74668
198350,0,0,-1,-1,-1,0,483,0,0,74669
198351,1,6,0,-1,-1,0,104304,0,0,74669
198352,0,0,-1,-1,-1,0,483,0,0,74670
198353,1,6,0,-1,-1,0,104305,0,0,74670
198354,0,0,-1,-1,-1,0,483,0,0,74671
198355,1,6,0,-1,-1,0,104306,0,0,74671
198356,0,0,-1,-1,-1,0,483,0,0,74672
198357,1,6,0,-1,-1,0,104307,0,0,74672
198358,0,0,-1,-1,-1,0,483,0,0,74673
198359,1,6,0,-1,-1,0,104308,0,0,74673
198360,0,0,-1,-1,-1,0,483,0,0,74674
198361,1,6,0,-1,-1,0,104309,0,0,74674
198362,0,0,-1,-1,-1,0,483,0,0,74675
198363,1,6,0,-1,-1,0,104310,0,0,74675
198364,0,0,-1,-1,-1,0,483,0,0,74676
198365,1,6,0,-1,-1,0,104311,0,0,74676
198366,0,0,-1,-1,-1,0,483,0,0,74677
198367,1,6,0,-1,-1,0,104312,0,0,74677
198368,0,0,-1,0,0,0,104338,0,0,74700
198369,0,0,-1,0,0,0,104385,0,0,74701
198370,0,0,-1,0,0,0,104389,0,0,74703
198371,0,0,-1,0,0,0,104390,0,0,74704
198372,0,0,-1,0,0,0,104391,0,0,74705
198373,0,0,-1,0,0,0,104392,0,0,74706
198374,0,0,-1,0,0,0,104393,0,0,74707
198375,0,0,-1,0,0,0,104395,0,0,74708
198376,0,0,-1,0,0,0,104397,0,0,74709
198377,0,0,-1,0,0,0,104398,0,0,74710
198378,0,0,-1,0,0,0,104401,0,0,74711
198379,0,0,-1,0,0,0,104403,0,0,74712
198380,0,0,-1,0,0,0,104404,0,0,74713
198381,0,0,-1,0,0,0,104407,0,0,74715
198382,0,0,-1,0,0,0,104408,0,0,74716
198383,0,0,-1,0,0,0,104409,0,0,74717
198384,0,0,-1,0,0,0,104414,0,0,74718
198385,0,0,-1,0,0,0,104416,0,0,74719
198386,0,0,-1,0,0,0,104417,0,0,74720
198387,0,0,-1,0,0,0,104419,0,0,74721
198388,0,0,-1,0,0,0,104420,0,0,74722
198389,0,0,-1,0,0,0,104425,0,0,74723
198390,0,0,-1,0,0,0,104427,0,0,74724
198391,0,0,-1,0,0,0,104430,0,0,74725
198392,0,0,-1,0,0,0,104434,0,0,74726
198393,0,0,-1,0,0,0,104440,0,0,74727
198394,0,0,-1,0,0,0,104442,0,0,74728
198395,0,0,-1,0,0,0,104445,0,0,74729
198396,0,0,0,-1,1500,133,104596,0,0,74771
198397,0,0,0,-1,-1,1157,104737,0,0,74808
198398,0,0,0,60000,60000,0,104895,0,0,74872
198399,0,0,-1,-1,-1,11,104958,0,0,74919
198400,0,0,0,3000,-1,0,104973,0,0,74925
198401,0,0,0,-1,1500,0,105147,0,0,74999
198402,0,5,-1,0,-1,0,93425,0,0,75000
198403,1,5,0,-1,-1,0,119303,0,0,75000
198404,0,0,-1,-1,-1,0,483,0,0,75013
198405,1,6,0,-1,-1,0,105190,0,0,75013
198406,0,0,-1,-1,-1,11,105193,0,0,75016
198407,0,0,-1,-1,-1,0,483,0,0,75017
198408,1,6,0,-1,-1,0,105194,0,0,75017
198409,0,0,-1,0,1000,11,105209,0,0,75026
198410,0,0,-1,0,1000,11,105221,0,0,75037
198411,0,0,-1,0,1000,11,105222,0,0,75038
198412,0,0,0,-1,-1,0,97343,0,0,75145
198413,0,0,0,-1,1500,133,105355,0,0,75208
198414,0,0,-1,60000,1000,79,105406,0,0,75218
198415,0,0,0,10000,-1,0,105447,0,0,75220
198416,0,0,0,-1,-1,0,105553,0,0,75268
198417,0,1,0,-1,-1,0,105574,0,0,75274
198418,1,1,0,-1,-1,0,17619,0,0,75274
198419,0,0,0,0,1000,79,105617,0,0,75525
198420,0,0,-1,0,3000,79,105681,0,0,76075
198421,0,0,-1,0,3000,79,105682,0,0,76076
198422,0,0,-1,0,3000,79,105683,0,0,76077
198423,0,0,-1,0,3000,79,105684,0,0,76078
198424,0,0,-1,0,3000,79,105685,0,0,76079
198425,0,0,-1,0,3000,79,105686,0,0,76080
198426,0,0,-1,0,3000,79,105687,0,0,76081
198427,0,0,-1,0,3000,79,105688,0,0,76083
198428,0,0,-1,0,3000,79,105689,0,0,76084
198429,0,0,-1,0,3000,79,105691,0,0,76085
198430,0,0,-1,0,3000,79,105693,0,0,76086
198431,0,0,-1,0,3000,79,105694,0,0,76087
198432,0,0,-1,0,3000,79,105696,0,0,76088
198433,0,0,-1,0,60000,4,105697,0,0,76089
198434,0,0,-1,0,60000,4,105698,0,0,76090
198435,0,0,-1,3600000,0,0,105699,0,0,76091
198436,0,0,-1,0,60000,4,105701,0,0,76092
198437,0,0,-1,0,60000,4,105702,0,0,76093
198438,0,0,-1,0,60000,4,105704,0,0,76094
198439,0,0,-1,0,60000,4,105706,0,0,76095
198440,0,0,-1,0,60000,4,105707,0,0,76096
198441,0,0,-1,0,60000,4,105708,0,0,76097
198442,0,0,-1,0,60000,4,105709,0,0,76098
198443,0,0,0,3000,3000,0,105759,0,0,76128
198444,0,5,0,-1,-1,0,105815,0,0,76129
198445,0,0,-1,-1,-1,0,113703,0,0,76167
198446,0,0,0,-1,-1,0,105999,0,0,76262
198447,0,0,0,3000,-1,0,105960,0,0,76305
198448,0,0,-1,-1,-1,0,106243,0,0,76336
198449,0,0,0,-1,-1,0,106276,0,0,76350
198450,0,0,0,-1,-1,0,106318,0,0,76362
198451,0,0,0,-1,-1,0,106263,0,0,76370
198452,1,1,0,-1,-1,0,100707,0,0,76390
198453,1,1,0,-1,-1,0,100707,0,0,76391
198454,1,1,0,-1,-1,0,109239,0,0,76392
198455,1,1,0,-1,-1,0,109239,0,0,76393
198456,0,0,-1,0,0,0,483,0,0,76729
198457,1,6,-1,-1,-1,0,58158,0,0,76729
198458,0,0,-1,0,1000,11,107133,0,0,76747
198459,0,0,-1,0,1000,11,108029,0,0,77264
198460,0,0,-1,0,1000,11,108034,0,0,77272
198461,0,0,-1,0,1000,11,108033,0,0,77273
198462,0,0,-1,0,0,0,108115,0,0,77276
198463,0,1,-1,-1,-1,0,109239,0,0,77278
198464,0,1,-1,-1,-1,0,100707,0,0,77279
198465,1,0,0,-1,-1,0,108129,0,0,77281
198466,0,7,-1,-1,-1,0,109705,0,0,77419
198467,0,0,0,3000,-1,0,108863,0,0,77475
198468,0,5,0,-1,-1,0,108949,0,0,77497
198469,0,5,0,-1,-1,0,108956,0,0,77501
198470,0,0,-1,-1,-1,0,109086,0,0,77529
198471,0,1,0,0,0,0,109078,0,0,77530
198472,0,0,-1,-1,-1,0,109093,0,0,77531
198473,0,0,-1,1000,0,0,109094,0,0,77532
198474,0,0,-1,60000,60000,1430,124199,0,0,77589
198475,0,0,0,-1,-1,0,108811,0,0,77591
198476,0,0,0,-1,-1,0,110027,0,0,78928
198477,0,0,0,1500,1500,0,110171,0,0,78947
198478,0,5,0,-1,-1,0,110234,0,0,78960
198479,0,5,0,-1,-1,0,110235,0,0,78961
198480,0,5,0,-1,-1,0,110233,0,0,78962
198481,0,0,-1,0,1000,0,110366,0,0,79017
198482,0,0,0,-1,-1,0,110169,0,0,79021
198483,0,0,-1,3000,3000,0,110434,0,0,79023
198484,0,0,-1,3000,3000,0,110450,0,0,79026
198485,0,0,-1,1500,1500,0,110455,0,0,79027
198486,0,0,-1,1500,1500,0,110456,0,0,79028
198487,0,0,0,10000,10000,0,110557,0,0,79043
198488,0,0,0,-1,1000,0,110648,0,0,79048
198489,0,0,0,-1,-1,0,110697,0,0,79057
198490,0,0,-1,0,0,0,110764,0,0,79061
198491,0,5,0,-1,-1,0,95521,0,0,79063
198492,0,0,-1,-1,-1,0,111102,0,0,79102
198493,0,0,0,-1,-1,0,111108,0,0,79104
198494,1,5,0,-1,-1,0,131064,0,0,79104
198495,0,0,0,-1,-1,0,111446,0,0,79163
198496,0,0,-1,0,0,0,111922,0,0,79257
198497,0,0,-1,-1,-1,0,111860,0,0,79283
198498,0,0,-1,-1,-1,0,111861,0,0,79284
198499,0,0,-1,-1,-1,0,111862,0,0,79285
198500,0,0,-1,-1,-1,0,111863,0,0,79286
198501,0,0,-1,-1,-1,0,111864,0,0,79287
198502,0,0,-1,-1,-1,0,111865,0,0,79288
198503,0,0,-1,-1,-1,0,111866,0,0,79289
198504,0,0,-1,-1,-1,0,111867,0,0,79290
198505,0,0,-1,-1,-1,0,111868,0,0,79291
198506,0,0,-1,-1,-1,0,111869,0,0,79292
198507,0,0,-1,-1,-1,0,111870,0,0,79293
198508,0,0,-1,-1,-1,0,111871,0,0,79294
198509,0,0,-1,-1,-1,0,111872,0,0,79295
198510,0,0,-1,-1,-1,0,111873,0,0,79296
198511,0,0,-1,-1,-1,0,111874,0,0,79297
198512,0,0,-1,-1,-1,0,111875,0,0,79298
198513,0,0,-1,-1,-1,0,111876,0,0,79299
198514,0,0,-1,-1,-1,0,111877,0,0,79300
198515,0,0,-1,-1,-1,0,111878,0,0,79301
198516,0,0,-1,-1,-1,0,111879,0,0,79302
198517,0,0,-1,-1,-1,0,111880,0,0,79303
198518,0,0,-1,-1,-1,0,111881,0,0,79304
198519,0,0,-1,-1,-1,0,111882,0,0,79305
198520,0,0,-1,-1,-1,0,111883,0,0,79306
198521,0,0,-1,-1,-1,0,111884,0,0,79307
198522,0,0,-1,-1,-1,0,111885,0,0,79308
198523,0,0,-1,-1,-1,0,111886,0,0,79309
198524,0,0,-1,-1,-1,0,111887,0,0,79310
198525,0,0,-1,-1,-1,0,111888,0,0,79311
198526,0,0,-1,-1,-1,0,111889,0,0,79312
198527,0,0,-1,-1,-1,0,111890,0,0,79313
198528,0,0,-1,-1,-1,0,111891,0,0,79314
198529,0,0,-1,60000,1000,11,111842,0,0,79320
198530,0,1,0,-1,-1,0,128989,0,0,79327
198531,0,1,0,-1,-1,0,128445,0,0,79328
198532,0,0,0,60000,10000,1141,128988,0,0,79329
198533,0,1,0,-1,-1,0,128991,0,0,79330
198534,0,1,0,-1,-1,0,128990,0,0,79331
198535,0,0,-1,1500,-1,0,113029,0,0,79338
198536,0,0,0,3000,-1,0,111915,0,0,79344
198537,0,0,-1,-1,-1,0,483,0,0,79513
198538,1,6,-1,-1,-1,0,112635,0,0,79513
198539,0,0,-1,-1,-1,0,483,0,0,79514
198540,1,6,-1,-1,-1,0,112636,0,0,79514
198541,0,0,-1,-1,-1,0,483,0,0,79515
198542,1,6,-1,-1,-1,0,112637,0,0,79515
198543,0,0,-1,-1,-1,0,483,0,0,79538
198544,1,6,-1,-1,-1,0,112660,0,0,79538
198545,0,0,0,90000,15000,1141,112871,0,0,79715
198546,0,0,-1,-1,3000,330,55884,0,0,79802
198547,1,6,0,-1,-1,0,113199,0,0,79802
198548,2,5,0,-1,-1,0,135930,0,0,79802
198549,0,0,-1,-1,-1,0,113282,0,0,79813
198550,0,0,0,5000,-1,0,113285,0,0,79819
198551,0,0,0,1000,-1,0,113949,0,0,79884
198552,0,0,0,-1,1500,133,113897,0,0,79885
198553,0,0,0,-1,1500,133,113957,0,0,79895
198554,0,0,-1,-1,-1,0,126935,0,0,79896
198555,0,0,-1,-1,-1,0,126935,0,0,79897
198556,0,0,-1,-1,-1,0,126935,0,0,79898
198557,0,0,-1,-1,-1,0,126935,0,0,79899
198558,0,0,-1,-1,-1,0,126935,0,0,79900
198559,0,0,-1,-1,-1,0,126935,0,0,79901
198560,0,0,-1,-1,-1,0,126935,0,0,79902
198561,0,0,-1,-1,-1,0,126935,0,0,79903
198562,0,0,-1,-1,-1,0,126935,0,0,79904
198563,0,0,-1,-1,-1,0,126935,0,0,79905
198564,0,0,-1,-1,-1,0,126935,0,0,79908
198565,0,0,-1,-1,-1,0,126935,0,0,79909
198566,0,0,-1,-1,-1,0,126935,0,0,79910
198567,0,0,-1,-1,-1,0,126935,0,0,79911
198568,0,0,-1,-1,-1,0,126935,0,0,79912
198569,0,0,-1,-1,-1,0,126935,0,0,79913
198570,0,0,-1,-1,-1,0,126935,0,0,79914
198571,0,0,-1,-1,-1,0,126935,0,0,79915
198572,0,0,-1,-1,-1,0,126935,0,0,79916
198573,0,0,-1,-1,-1,0,126935,0,0,79917
198574,0,0,0,-1,-1,0,114033,0,0,79932
198575,0,0,-1,-1,-1,0,55884,0,0,80008
198576,1,6,0,-1,-1,0,114090,0,0,80008
198577,0,0,0,0,60000,4,105708,0,0,80040
198578,0,0,0,3000,-1,0,114245,0,0,80071
198579,0,0,-1,-1,-1,0,114297,0,0,80074
198580,0,0,0,10000,-1,0,103977,0,0,80120
198581,0,0,0,-1,-1,0,114430,0,0,80127
198582,0,0,0,-1,-1,0,114450,0,0,80129
198583,0,0,-1,0,0,0,114518,0,0,80153
198584,0,0,-1,0,0,0,114521,0,0,80154
198585,0,0,-1,0,0,0,114522,0,0,80155
198586,0,0,-1,0,0,0,114526,0,0,80156
198587,0,0,-1,0,0,0,114527,0,0,80157
198588,0,0,-1,0,0,0,114528,0,0,80158
198589,0,0,-1,0,0,0,114529,0,0,80167
198590,0,0,-1,-1,-1,0,483,0,0,80179
198591,1,6,0,-1,-1,0,114518,0,0,80179
198592,0,0,-1,-1,-1,0,483,0,0,80180
198593,1,6,0,-1,-1,0,114521,0,0,80180
198594,0,0,-1,-1,-1,0,483,0,0,80181
198595,1,6,0,-1,-1,0,114522,0,0,80181
198596,0,0,-1,-1,-1,0,483,0,0,80182
198597,1,6,0,-1,-1,0,114526,0,0,80182
198598,0,0,-1,-1,-1,0,483,0,0,80183
198599,1,6,0,-1,-1,0,114527,0,0,80183
198600,0,5,-1,-1,-1,0,114610,0,0,80212
198601,0,0,-1,-1,-1,0,114612,0,0,80217
198602,0,0,-1,-1,-1,0,114619,0,0,80218
198603,0,0,0,1500,-1,0,114648,0,0,80220
198604,0,0,0,-1,-1,0,114706,0,0,80237
198605,0,0,-1,0,1000,11,114726,0,0,80239
198606,0,5,-1,-1,-1,0,117434,0,0,80260
198607,0,0,0,-1,-1,0,115347,0,0,80302
198608,0,0,-1,-1,-1,0,115027,0,0,80303
198609,1,5,-1,-1,-1,0,115044,0,0,80303
198610,0,0,0,1500,-1,0,115079,0,0,80308
198611,0,0,-1,-1,-1,0,115029,0,0,80312
198612,0,0,-1,0,1000,59,115037,0,0,80313
198613,0,0,0,-1,-1,0,115092,0,0,80337
198614,0,0,0,-1,-1,0,115369,0,0,80403
198615,0,5,0,-1,-1,0,81040,0,0,80428
198616,0,5,0,-1,-1,0,81040,0,0,80429
198617,0,5,0,-1,-1,0,81040,0,0,80430
198618,0,0,0,-1,-1,0,115437,0,0,80484
198619,0,0,0,-1,-1,0,115481,0,0,80513
198620,1,5,0,-1,-1,0,131063,0,0,80513
198621,0,0,-1,-1,-1,0,115550,0,0,80528
198622,1,5,0,-1,-1,0,115553,0,0,80528
198623,0,5,0,-1,-1,0,81040,0,0,80535
198624,0,0,-1,-1,-1,0,115732,0,0,80546
198625,0,0,-1,0,0,0,483,0,0,80581
198626,1,6,-1,-1,-1,0,115924,0,0,80581
198627,0,0,-1,0,0,0,483,0,0,80584
198628,1,6,-1,-1,-1,0,115932,0,0,80584
198629,0,0,-1,0,0,0,483,0,0,80585
198630,1,6,-1,-1,-1,0,115935,0,0,80585
198631,0,0,-1,0,0,0,483,0,0,80586
198632,1,6,-1,-1,-1,0,115936,0,0,80586
198633,0,0,-1,0,0,0,483,0,0,80587
198634,1,6,-1,-1,-1,0,112792,0,0,80587
198635,0,0,-1,0,0,0,483,0,0,80588
198636,1,6,-1,-1,-1,0,112793,0,0,80588
198637,0,0,-1,-1,-1,0,123361,0,0,80590
198638,0,0,-1,-1,-1,0,123388,0,0,80591
198639,0,0,-1,-1,-1,0,123485,0,0,80592
198640,0,0,-1,-1,-1,0,123535,0,0,80593
198641,0,0,-1,-1,-1,0,123565,0,0,80594
198642,0,0,-1,-1,-1,0,123568,0,0,80595
198643,0,5,0,1000,1000,0,116800,0,0,80598
198644,0,0,0,-1,-1,0,116111,0,0,80599
198645,0,0,-1,0,1000,11,128701,0,0,80610
198646,0,0,-1,0,1000,11,128701,0,0,80618
198647,0,1,0,-1,-1,0,117652,0,0,80773
198648,0,1,0,-1,-1,0,117653,0,0,80774
198649,0,1,0,-1,-1,0,117654,0,0,80775
198650,0,1,0,-1,-1,0,117655,0,0,80776
198651,0,1,0,-1,-1,0,117656,0,0,80777
198652,0,1,0,-1,-1,0,117657,0,0,80778
198653,0,1,0,-1,-1,0,117658,0,0,80779
198654,0,1,0,-1,-1,0,117659,0,0,80780
198655,0,1,0,-1,-1,0,117660,0,0,80781
198656,0,1,0,-1,-1,0,117661,0,0,80782
198657,0,5,0,-1,-1,0,81040,0,0,80807
198658,0,0,-10,0,0,0,116356,0,0,80809
198659,0,0,0,-1,-1,0,116484,0,0,80822
198660,0,0,0,0,1000,0,116500,0,0,80828
198661,0,5,0,-1,-1,0,116684,0,0,80914
198662,0,1,0,-1,-1,0,116765,0,0,80960
198663,0,1,0,-1,-1,0,116764,0,0,80961
198664,0,1,0,-1,-1,0,116763,0,0,80962
198665,0,1,0,-1,-1,0,116767,0,0,80963
198666,0,1,0,-1,-1,0,116766,0,0,80964
198667,0,0,-1,15000,15000,0,117164,0,0,81054
198668,0,1,0,0,-1,0,126482,0,0,81125
198669,0,1,0,-1,-1,0,126268,0,0,81133
198670,0,0,2,-1,-1,0,105693,0,0,81136
198671,0,1,0,-1,-1,0,126516,0,0,81138
198672,0,1,0,-1,-1,0,11789,0,0,81143
198673,1,0,0,-1,60000,0,117053,0,0,81143
198674,0,0,-1,0,1000,11,104235,0,0,81175
198675,0,0,-1,-1,-1,0,117472,0,0,81177
198676,0,0,-1,-1,-1,0,117500,0,0,81178
198677,0,0,0,120000,20000,1141,126260,0,0,81181
198678,0,1,0,-1,-1,0,126473,0,0,81192
198679,0,0,0,5000,-1,0,117631,0,0,81193
198680,0,1,0,-1,-1,0,126237,0,0,81243
198681,0,0,0,150000,25000,1141,126478,0,0,81263
198682,0,0,0,120000,20000,0,126270,0,0,81264
198683,0,0,0,90000,15000,1141,126484,0,0,81265
198684,0,1,0,-1,-1,0,126468,0,0,81266
198685,0,1,0,0,-1,0,126490,0,0,81267
198686,0,0,0,120000,20000,1141,126519,0,0,81268
198687,0,0,-1,-1,3000,330,55884,0,0,81354
198688,1,6,0,-1,-1,0,118089,0,0,81354
198689,0,0,0,2000,-1,0,118103,0,0,81356
198690,0,0,0,3000,3000,0,118222,0,0,81388
198691,0,0,0,-1,-1,0,118276,0,0,81394
198692,0,0,-1,0,1000,11,124239,0,0,81400
198693,0,0,-1,0,1000,11,124240,0,0,81401
198694,0,0,-1,0,1000,11,124241,0,0,81402
198695,0,0,-1,0,1000,11,125074,0,0,81403
198696,0,0,-1,0,1000,11,124243,0,0,81404
198697,0,0,-1,0,1000,11,124244,0,0,81405
198698,0,0,-1,0,1000,11,124242,0,0,81406
198699,0,0,-1,-1,-1,11,11007,0,0,81407
198700,0,0,-1,0,1000,11,124245,0,0,81408
198701,0,0,-1,0,1000,11,124246,0,0,81409
198702,0,0,-1,0,1000,11,124247,0,0,81410
198703,0,0,-1,0,1000,11,125073,0,0,81411
198704,0,0,-1,0,1000,11,124249,0,0,81412
198705,0,0,-1,0,1000,11,124250,0,0,81413
198706,0,0,-1,0,1000,11,124248,0,0,81414
198707,0,0,-1,0,1000,11,11009,0,0,81415
198708,0,0,0,3000,-1,0,118330,0,0,81417
198709,0,0,0,3000,-1,0,118527,0,0,81430
198710,0,1,0,-1,-1,0,118616,0,0,81527
198711,0,1,0,-1,-1,0,118617,0,0,81528
198712,0,1,0,-1,-1,0,118618,0,0,81529
198713,0,1,0,-1,-1,0,118619,0,0,81530
198714,0,1,0,-1,-1,0,118620,0,0,81531
198715,0,1,0,-1,-1,0,118621,0,0,81532
198716,0,1,0,-1,-1,0,118622,0,0,81533
198717,0,1,0,-1,-1,0,118623,0,0,81534
198718,0,1,0,-1,-1,0,118624,0,0,81535
198719,0,1,0,-1,-1,0,118625,0,0,81536
198720,0,0,-1,-1,3000,330,55884,0,0,81559
198721,1,6,0,-1,-1,0,118737,0,0,81559
198722,0,1,0,-1,-1,0,118762,0,0,81661
198723,0,1,0,-1,-1,0,118763,0,0,81662
198724,0,1,0,-1,-1,0,118764,0,0,81663
198725,0,1,0,-1,-1,0,118765,0,0,81664
198726,0,1,0,-1,-1,0,118766,0,0,81665
198727,0,0,0,-1,-1,0,118927,0,0,81712
198728,0,0,0,30000,30000,0,118938,0,0,81741
198729,0,1,0,-1,-1,0,118876,0,0,81829
198730,0,1,0,-1,-1,0,118877,0,0,81830
198731,0,1,0,-1,-1,0,118878,0,0,81831
198732,0,1,0,-1,-1,0,118879,0,0,81832
198733,0,1,0,-1,-1,0,118880,0,0,81833
198734,0,1,0,-1,-1,0,118881,0,0,81834
198735,0,1,0,-1,-1,0,118882,0,0,81835
198736,0,1,0,-1,-1,0,118883,0,0,81836
198737,0,1,0,-1,-1,0,118884,0,0,81837
198738,0,1,0,-1,-1,0,118885,0,0,81838
198739,0,0,-1,-1,1000,11,104235,0,0,81889
198740,0,0,0,-1,-1,0,119033,0,0,81891
198741,1,0,-10,0,120000,100,119313,0,0,81901
198742,0,0,-1,0,1000,11,104934,0,0,81916
198743,0,0,-1,0,1000,11,104235,0,0,81917
198744,0,0,-1,0,1000,11,104934,0,0,81918
198745,0,0,-1,-1,1000,11,104235,0,0,81919
198746,0,0,-1,0,1000,11,104934,0,0,81920
198747,0,0,-1,0,1000,11,104934,0,0,81921
198748,0,0,-1,-1,1000,11,104235,0,0,81922
198749,0,0,-1,0,1000,11,118358,0,0,81923
198750,0,0,-1,0,1000,11,105232,0,0,81924
198751,0,0,0,10000,-1,0,119431,0,0,81925
198752,0,0,0,2000,-1,0,119443,0,0,81927
198753,0,0,-1,0,0,0,483,0,0,81956
198754,1,6,-1,-1,-1,0,119478,0,0,81956
198755,0,0,0,1500,-1,0,119636,0,0,82311
198756,0,0,-1,-1,-1,0,11007,0,0,82343
198757,0,0,-1,0,1000,11,11009,0,0,82344
198758,0,0,-1,0,0,0,483,0,0,82345
198759,1,6,-1,-1,-1,0,119725,0,0,82345
198760,0,0,0,-1,-1,0,119743,0,0,82346
198761,0,0,0,1500,-1,0,119892,0,0,82381
198762,0,0,-1,-1,-1,0,114060,0,0,82392
198763,0,0,0,-1,-1,0,483,0,0,82396
198764,1,6,0,-1,-1,0,104427,0,0,82396
198765,0,0,-1,-1,-1,0,131863,0,0,82442
198766,0,0,-1,-1,-1,0,131862,0,0,82443
198767,0,0,-1,-1,-1,0,122393,0,0,82444
198768,0,0,-1,-1,-1,0,122392,0,0,82445
198769,0,0,-1,-1,1000,11,104235,0,0,82448
198770,0,0,-1,0,1000,11,104934,0,0,82449
198771,0,0,-1,-1,1000,11,104235,0,0,82450
198772,0,0,-1,0,1000,11,104934,0,0,82451
198773,0,0,-1,-1,3000,330,55884,0,0,82453
198774,1,6,0,-1,-1,0,120043,0,0,82453
198775,0,5,0,-1,-1,0,119921,0,0,82460
198776,1,0,0,-1,120000,30,119920,0,0,82460
198777,0,5,0,-1,-1,0,120103,0,0,82462
198778,1,0,0,-1,60000,1361,120080,0,0,82462
198779,0,5,0,-1,-1,0,120107,0,0,82463
198780,1,0,0,-1,60000,30,120106,0,0,82463
198781,0,0,0,1800000,1500,133,120108,0,0,82467
198782,0,0,0,1500,-1,0,120084,0,0,82468
198783,0,0,-1,-1,-1,0,483,0,0,82469
198784,1,6,0,-1,-1,0,120145,0,0,82469
198785,0,0,-1,-1,-1,0,483,0,0,82470
198786,1,6,0,-1,-1,0,120146,0,0,82470
198787,0,1,0,-1,-1,0,120181,0,0,82574
198788,0,1,0,-1,-1,0,120182,0,0,82575
198789,0,1,0,-1,-1,0,120183,0,0,82576
198790,0,1,0,-1,-1,0,120184,0,0,82577
198791,0,1,0,-1,-1,0,120185,0,0,82578
198792,0,1,0,-1,-1,0,120186,0,0,82579
198793,0,1,0,-1,-1,0,120187,0,0,82580
198794,0,1,0,-1,-1,0,120188,0,0,82581
198795,0,1,0,-1,-1,0,120189,0,0,82582
198796,0,1,0,-1,-1,0,120190,0,0,82583
198797,0,1,0,-1,-1,0,120259,0,0,82696
198798,0,1,0,-1,-1,0,120260,0,0,82697
198799,0,1,0,-1,-1,0,120261,0,0,82698
198800,0,1,0,-1,-1,0,120262,0,0,82699
198801,0,1,0,-1,-1,0,120263,0,0,82700
198802,0,0,-1,-1,3000,330,55884,0,0,82765
198803,1,6,0,-1,-1,0,120395,0,0,82765
198804,0,0,-1,-1,-1,0,55884,0,0,82774
198805,1,6,0,-1,-1,0,120501,0,0,82774
198806,0,0,-1,-1,-1,0,55884,0,0,82775
198807,1,6,0,-1,-1,0,120507,0,0,82775
198808,0,0,0,1500,-1,0,120573,0,0,82787
198809,0,0,0,-1,-1,0,123302,0,0,82800
198810,0,0,0,-1,-1,0,120754,0,0,82807
198811,0,0,-1,-1,3000,330,55884,0,0,82811
198812,1,6,0,-1,-1,0,120822,0,0,82811
198813,0,0,-1,0,1000,150,102694,0,0,82829
198814,0,0,-1,0,1000,150,102695,0,0,82830
198815,0,0,-1,3000,-1,0,123498,0,0,82864
198816,0,2,0,-1,-1,0,18381,0,0,82883
198817,0,0,-1,-1,-1,0,130100,0,0,82960
198818,0,1,0,-1,-1,0,122732,0,0,82984
198819,1,0,0,180000,180000,94,121717,0,0,82984
198820,0,0,0,10000,-1,0,121172,0,0,82986
198821,0,0,-1,-1,-1,0,121192,0,0,83006
198822,0,0,-1,-1,-1,0,121193,0,0,83007
198823,0,0,0,-1,-1,0,121527,0,0,83062
198824,0,1,0,-1,-1,0,57818,0,0,83079
198825,1,1,0,-1,-1,0,126434,0,0,83079
198826,0,1,0,-1,-1,0,57818,0,0,83080
198827,1,1,0,-1,-1,0,126436,0,0,83080
198828,0,0,-1,-1,3000,330,55884,0,0,83087
198829,1,6,0,-1,-1,0,121838,0,0,83087
198830,0,0,-1,-1,3000,330,55884,0,0,83088
198831,1,6,0,-1,-1,0,121837,0,0,83088
198832,0,0,-1,-1,3000,330,55884,0,0,83089
198833,1,6,0,-1,-1,0,121839,0,0,83089
198834,0,0,-1,-1,3000,330,55884,0,0,83090
198835,1,6,0,-1,-1,0,121836,0,0,83090
198836,0,0,-1,0,1000,11,11009,0,0,83094
198837,0,0,-1,-1,-1,11,11007,0,0,83095
198838,0,0,-1,0,0,0,483,0,0,83096
198839,1,6,-1,-1,-1,0,122014,0,0,83096
198840,0,0,-1,-1,1000,11,104235,0,0,83097
198841,0,0,-1,0,0,0,483,0,0,83107
198842,1,6,-1,-1,-1,0,122029,0,0,83107
198843,0,5,-1,-1,-1,0,121906,0,0,83124
198844,0,0,-1,-1,-1,0,122080,0,0,83127
198845,0,0,-1,-1,-1,0,122099,0,0,83128
198846,0,0,-1,-1,-1,0,122101,0,0,83131
198847,0,0,0,1500,-1,0,122157,0,0,83134
198848,0,0,-1,0,0,0,122190,0,0,83137
198849,0,1,0,-1,-1,0,122273,0,0,83245
198850,0,1,0,-1,-1,0,122274,0,0,83246
198851,0,1,0,-1,-1,0,122275,0,0,83247
198852,0,1,0,-1,-1,0,122276,0,0,83248
198853,0,1,0,-1,-1,0,122277,0,0,83249
198854,0,0,0,-1,-1,0,121833,0,0,83276
198855,0,0,0,120000,20000,1141,60215,0,0,83616
198856,0,0,0,120000,120000,1182,42292,0,0,83621
198857,0,0,0,120000,120000,1182,42292,0,0,83622
198858,0,0,0,120000,120000,1182,42292,0,0,83623
198859,0,0,0,120000,120000,1182,42292,0,0,83624
198860,0,0,0,120000,120000,1182,42292,0,0,83625
198861,0,0,0,120000,120000,1182,42292,0,0,83626
198862,0,0,0,120000,120000,1182,42292,0,0,83627
198863,0,0,0,120000,120000,1182,42292,0,0,83628
198864,0,0,0,120000,120000,1182,42292,0,0,83629
198865,0,0,0,120000,120000,1182,42292,0,0,83630
198866,0,0,0,120000,120000,1182,42292,0,0,83633
198867,0,0,0,120000,120000,1182,42292,0,0,83634
198868,0,1,0,-1,-1,0,122319,0,0,83731
198869,0,1,0,-1,-1,0,122320,0,0,83732
198870,0,1,0,-1,-1,0,122321,0,0,83733
198871,0,1,0,-1,-1,0,122322,0,0,83734
198872,0,1,0,-1,-1,0,122323,0,0,83735
198873,0,1,0,-1,-1,0,122324,0,0,83736
198874,0,1,0,-1,-1,0,122325,0,0,83737
198875,0,1,0,-1,-1,0,122326,0,0,83738
198876,0,1,0,-1,-1,0,122327,0,0,83739
198877,0,1,0,-1,-1,0,122328,0,0,83740
198878,0,0,-1,-1,-1,0,122386,0,0,83763
198879,0,0,-1,-1,-1,0,122387,0,0,83764
198880,0,0,-1,-1,-1,0,122388,0,0,83765
198881,0,0,0,1000,-1,0,122523,0,0,83768
198882,0,0,-1,-1,-1,0,483,0,0,83787
198883,1,6,0,-1,-1,0,122649,0,0,83787
198884,0,0,-1,-1,-1,0,483,0,0,83788
198885,1,6,0,-1,-1,0,122650,0,0,83788
198886,0,0,-1,-1,-1,0,483,0,0,83789
198887,1,6,0,-1,-1,0,122651,0,0,83789
198888,0,0,-1,-1,-1,0,483,0,0,83790
198889,1,6,0,-1,-1,0,122652,0,0,83790
198890,0,0,-1,-1,-1,0,483,0,0,83791
198891,1,6,0,-1,-1,0,122653,0,0,83791
198892,0,0,-1,-1,-1,0,483,0,0,83792
198893,1,6,0,-1,-1,0,122654,0,0,83792
198894,0,0,-10,0,0,0,6196,0,0,83795
198895,0,0,-1,-1,-1,0,483,0,0,83807
198896,1,6,0,-1,-1,0,107693,0,0,83807
198897,0,0,-1,-1,-1,0,483,0,0,83808
198898,1,6,0,-1,-1,0,107627,0,0,83808
198899,0,0,-1,-1,-1,0,483,0,0,83809
198900,1,6,0,-1,-1,0,107645,0,0,83809
198901,0,0,-1,-1,-1,0,483,0,0,83810
198902,1,6,0,-1,-1,0,107715,0,0,83810
198903,0,0,-1,-1,-1,0,483,0,0,83811
198904,1,6,0,-1,-1,0,107753,0,0,83811
198905,0,0,-1,-1,-1,0,483,0,0,83812
198906,1,6,0,-1,-1,0,122662,0,0,83812
198907,0,0,-1,-1,-1,0,483,0,0,83813
198908,1,6,0,-1,-1,0,107646,0,0,83813
198909,0,0,-1,-1,-1,0,483,0,0,83814
198910,1,6,0,-1,-1,0,107716,0,0,83814
198911,0,0,-1,-1,-1,0,483,0,0,83815
198912,1,6,0,-1,-1,0,107754,0,0,83815
198913,0,0,-1,-1,-1,0,483,0,0,83816
198914,1,6,0,-1,-1,0,107598,0,0,83816
198915,0,0,-1,-1,-1,0,483,0,0,83817
198916,1,6,0,-1,-1,0,106960,0,0,83817
198917,0,0,-1,-1,-1,0,483,0,0,83818
198918,1,6,0,-1,-1,0,122668,0,0,83818
198919,0,0,-1,-1,-1,0,483,0,0,83819
198920,1,6,0,-1,-1,0,107622,0,0,83819
198921,0,0,-1,-1,-1,0,483,0,0,83820
198922,1,6,0,-1,-1,0,107705,0,0,83820
198923,0,0,-1,-1,-1,0,483,0,0,83821
198924,1,6,0,-1,-1,0,122675,0,0,83821
198925,0,0,-1,-1,-1,0,483,0,0,83822
198926,1,6,0,-1,-1,0,107623,0,0,83822
198927,0,0,-1,-1,-1,0,483,0,0,83823
198928,1,6,0,-1,-1,0,107706,0,0,83823
198929,0,0,-1,-1,-1,0,483,0,0,83824
198930,1,6,0,-1,-1,0,122676,0,0,83824
198931,0,0,-1,-1,-1,0,483,0,0,83825
198932,1,6,0,-1,-1,0,107756,0,0,83825
198933,0,0,-1,-1,-1,0,483,0,0,83826
198934,1,6,0,-1,-1,0,107647,0,0,83826
198935,0,0,-1,-1,-1,0,483,0,0,83827
198936,1,6,0,-1,-1,0,107717,0,0,83827
198937,0,0,-1,-1,-1,0,483,0,0,83828
198938,1,6,0,-1,-1,0,107648,0,0,83828
198939,0,0,-1,-1,-1,0,483,0,0,83829
198940,1,6,0,-1,-1,0,107718,0,0,83829
198941,0,0,-1,-1,-1,0,483,0,0,83830
198942,1,6,0,-1,-1,0,121843,0,0,83830
198943,0,0,-1,-1,-1,0,483,0,0,83831
198944,1,6,0,-1,-1,0,107649,0,0,83831
198945,0,0,-1,-1,-1,0,483,0,0,83832
198946,1,6,0,-1,-1,0,107719,0,0,83832
198947,0,0,-1,-1,-1,0,483,0,0,83833
198948,1,6,0,-1,-1,0,107694,0,0,83833
198949,0,0,-1,-1,-1,0,483,0,0,83834
198950,1,6,0,-1,-1,0,107628,0,0,83834
198951,0,0,-1,-1,-1,0,483,0,0,83835
198952,1,6,0,-1,-1,0,107650,0,0,83835
198953,0,0,-1,-1,-1,0,483,0,0,83836
198954,1,6,0,-1,-1,0,107720,0,0,83836
198955,0,0,-1,-1,-1,0,483,0,0,83837
198956,1,6,0,-1,-1,0,107624,0,0,83837
198957,0,0,-1,-1,-1,0,483,0,0,83838
198958,1,6,0,-1,-1,0,107707,0,0,83838
198959,0,0,-1,-1,-1,0,483,0,0,83839
198960,1,6,0,-1,-1,0,122674,0,0,83839
198961,0,0,-1,-1,-1,0,483,0,0,83840
198962,1,6,0,-1,-1,0,107757,0,0,83840
198963,0,0,-1,-1,-1,0,483,0,0,83841
198964,1,6,0,-1,-1,0,107599,0,0,83841
198965,0,0,-1,-1,-1,0,483,0,0,83842
198966,1,6,0,-1,-1,0,107758,0,0,83842
198967,0,0,-1,-1,-1,0,483,0,0,83843
198968,1,6,0,-1,-1,0,106957,0,0,83843
198969,0,0,-1,-1,-1,0,483,0,0,83844
198970,1,6,0,-1,-1,0,107759,0,0,83844
198971,0,0,-1,-1,-1,0,483,0,0,83845
198972,1,6,0,-1,-1,0,121844,0,0,83845
198973,0,0,-1,-1,-1,0,483,0,0,83846
198974,1,6,0,-1,-1,0,107600,0,0,83846
198975,0,0,-1,-1,-1,0,483,0,0,83847
198976,1,6,0,-1,-1,0,107737,0,0,83847
198977,0,0,-1,-1,-1,0,483,0,0,83848
198978,1,6,0,-1,-1,0,107760,0,0,83848
198979,0,0,-1,-1,-1,0,483,0,0,83849
198980,1,6,0,-1,-1,0,107695,0,0,83849
198981,0,0,-1,-1,-1,0,483,0,0,83850
198982,1,6,0,-1,-1,0,107630,0,0,83850
198983,0,0,-1,-1,-1,0,483,0,0,83851
198984,1,6,0,-1,-1,0,107762,0,0,83851
198985,0,0,-1,-1,-1,0,483,0,0,83852
198986,1,6,0,-1,-1,0,107651,0,0,83852
198987,0,0,-1,-1,-1,0,483,0,0,83853
198988,1,6,0,-1,-1,0,107721,0,0,83853
198989,0,0,-1,-1,-1,0,483,0,0,83854
198990,1,6,0,-1,-1,0,107652,0,0,83854
198991,0,0,-1,-1,-1,0,483,0,0,83855
198992,1,6,0,-1,-1,0,107722,0,0,83855
198993,0,0,-1,-1,-1,0,483,0,0,83856
198994,1,6,0,-1,-1,0,107625,0,0,83856
198995,0,0,-1,-1,-1,0,483,0,0,83857
198996,1,6,0,-1,-1,0,107708,0,0,83857
198997,0,0,-1,-1,-1,0,483,0,0,83858
198998,1,6,0,-1,-1,0,122685,0,0,83858
198999,0,0,-1,-1,-1,0,483,0,0,83859
199000,1,6,0,-1,-1,0,107763,0,0,83859
199001,0,0,-1,-1,-1,0,483,0,0,83860
199002,1,6,0,-1,-1,0,107601,0,0,83860
199003,0,0,-1,-1,-1,0,483,0,0,83861
199004,1,6,0,-1,-1,0,107738,0,0,83861
199005,0,0,-1,-1,-1,0,483,0,0,83862
199006,1,6,0,-1,-1,0,107764,0,0,83862
199007,0,0,-1,-1,-1,0,483,0,0,83863
199008,1,6,0,-1,-1,0,122684,0,0,83863
199009,0,0,-1,-1,-1,0,483,0,0,83864
199010,1,6,0,-1,-1,0,107710,0,0,83864
199011,0,0,-1,-1,-1,0,483,0,0,83865
199012,1,6,0,-1,-1,0,107640,0,0,83865
199013,0,0,-1,-1,-1,0,483,0,0,83866
199014,1,6,0,-1,-1,0,107696,0,0,83866
199015,0,0,-1,-1,-1,0,483,0,0,83867
199016,1,6,0,-1,-1,0,107631,0,0,83867
199017,0,0,-1,-1,-1,0,483,0,0,83868
199018,1,6,0,-1,-1,0,122670,0,0,83868
199019,0,0,-1,-1,-1,0,483,0,0,83869
199020,1,6,0,-1,-1,0,107697,0,0,83869
199021,0,0,-1,-1,-1,0,483,0,0,83870
199022,1,6,0,-1,-1,0,107632,0,0,83870
199023,0,0,-1,-1,-1,0,483,0,0,83871
199024,1,6,0,-1,-1,0,122664,0,0,83871
199025,0,0,-1,-1,-1,0,483,0,0,83872
199026,1,6,0,-1,-1,0,107765,0,0,83872
199027,0,0,-1,-1,-1,0,483,0,0,83873
199028,1,6,0,-1,-1,0,107653,0,0,83873
199029,0,0,-1,-1,-1,0,483,0,0,83874
199030,1,6,0,-1,-1,0,107723,0,0,83874
199031,0,0,-1,-1,-1,0,483,0,0,83875
199032,1,6,0,-1,-1,0,107602,0,0,83875
199033,0,0,-1,-1,-1,0,483,0,0,83876
199034,1,6,0,-1,-1,0,107739,0,0,83876
199035,0,0,-1,-1,-1,0,483,0,0,83877
199036,1,6,0,-1,-1,0,120045,0,0,83877
199037,0,0,-1,-1,-1,0,483,0,0,83878
199038,1,6,0,-1,-1,0,107654,0,0,83878
199039,0,0,-1,-1,-1,0,483,0,0,83879
199040,1,6,0,-1,-1,0,107724,0,0,83879
199041,0,0,-1,-1,-1,0,483,0,0,83880
199042,1,6,0,-1,-1,0,122661,0,0,83880
199043,0,0,-1,-1,-1,0,483,0,0,83881
199044,1,6,0,-1,-1,0,107604,0,0,83881
199045,0,0,-1,-1,-1,0,483,0,0,83882
199046,1,6,0,-1,-1,0,106955,0,0,83882
199047,0,0,-1,-1,-1,0,483,0,0,83883
199048,1,6,0,-1,-1,0,122667,0,0,83883
199049,0,0,-1,-1,-1,0,483,0,0,83884
199050,1,6,0,-1,-1,0,122666,0,0,83884
199051,0,0,-1,-1,-1,0,483,0,0,83885
199052,1,6,0,-1,-1,0,107655,0,0,83885
199053,0,0,-1,-1,-1,0,483,0,0,83886
199054,1,6,0,-1,-1,0,107725,0,0,83886
199055,0,0,-1,-1,-1,0,483,0,0,83887
199056,1,6,0,-1,-1,0,107605,0,0,83887
199057,0,0,-1,-1,-1,0,483,0,0,83888
199058,1,6,0,-1,-1,0,106953,0,0,83888
199059,0,0,-1,-1,-1,0,483,0,0,83889
199060,1,6,0,-1,-1,0,107698,0,0,83889
199061,0,0,-1,-1,-1,0,483,0,0,83890
199062,1,6,0,-1,-1,0,107633,0,0,83890
199063,0,0,-1,-1,-1,0,483,0,0,83891
199064,1,6,0,-1,-1,0,107711,0,0,83891
199065,0,0,-1,-1,-1,0,483,0,0,83892
199066,1,6,0,-1,-1,0,107641,0,0,83892
199067,0,0,-1,-1,-1,0,483,0,0,83893
199068,1,6,0,-1,-1,0,107606,0,0,83893
199069,0,0,-1,-1,-1,0,483,0,0,83894
199070,1,6,0,-1,-1,0,107740,0,0,83894
199071,0,0,-1,-1,-1,0,483,0,0,83895
199072,1,6,0,-1,-1,0,107607,0,0,83895
199073,0,0,-1,-1,-1,0,483,0,0,83896
199074,1,6,0,-1,-1,0,106954,0,0,83896
199075,0,0,-1,-1,-1,0,483,0,0,83897
199076,1,6,0,-1,-1,0,107656,0,0,83897
199077,0,0,-1,-1,-1,0,483,0,0,83898
199078,1,6,0,-1,-1,0,107726,0,0,83898
199079,0,0,-1,-1,-1,0,483,0,0,83899
199080,1,6,0,-1,-1,0,107657,0,0,83899
199081,0,0,-1,-1,-1,0,483,0,0,83900
199082,1,6,0,-1,-1,0,107727,0,0,83900
199083,0,0,-1,-1,-1,0,483,0,0,83901
199084,1,6,0,-1,-1,0,107766,0,0,83901
199085,0,0,-1,-1,-1,0,483,0,0,83902
199086,1,6,0,-1,-1,0,107626,0,0,83902
199087,0,0,-1,-1,-1,0,483,0,0,83903
199088,1,6,0,-1,-1,0,107709,0,0,83903
199089,0,0,-1,-1,-1,0,483,0,0,83904
199090,1,6,0,-1,-1,0,122683,0,0,83904
199091,0,0,-1,-1,-1,0,483,0,0,83905
199092,1,6,0,-1,-1,0,107608,0,0,83905
199093,0,0,-1,-1,-1,0,483,0,0,83906
199094,1,6,0,-1,-1,0,107742,0,0,83906
199095,0,0,-1,-1,-1,0,483,0,0,83907
199096,1,6,0,-1,-1,0,107699,0,0,83907
199097,0,0,-1,-1,-1,0,483,0,0,83908
199098,1,6,0,-1,-1,0,107634,0,0,83908
199099,0,0,-1,-1,-1,0,483,0,0,83909
199100,1,6,0,-1,-1,0,122682,0,0,83909
199101,0,0,-1,-1,-1,0,483,0,0,83910
199102,1,6,0,-1,-1,0,107712,0,0,83910
199103,0,0,-1,-1,-1,0,483,0,0,83911
199104,1,6,0,-1,-1,0,107642,0,0,83911
199105,0,0,-1,-1,-1,0,483,0,0,83912
199106,1,6,0,-1,-1,0,107609,0,0,83912
199107,0,0,-1,-1,-1,0,483,0,0,83913
199108,1,6,0,-1,-1,0,107743,0,0,83913
199109,0,0,-1,-1,-1,0,483,0,0,83914
199110,1,6,0,-1,-1,0,107658,0,0,83914
199111,0,0,-1,-1,-1,0,483,0,0,83915
199112,1,6,0,-1,-1,0,107728,0,0,83915
199113,0,0,-1,-1,-1,0,483,0,0,83916
199114,1,6,0,-1,-1,0,122669,0,0,83916
199115,0,0,-1,-1,-1,0,483,0,0,83917
199116,1,6,0,-1,-1,0,107610,0,0,83917
199117,0,0,-1,-1,-1,0,483,0,0,83918
199118,1,6,0,-1,-1,0,107744,0,0,83918
199119,0,0,-1,-1,-1,0,483,0,0,83919
199120,1,6,0,-1,-1,0,107659,0,0,83919
199121,0,0,-1,-1,-1,0,483,0,0,83920
199122,1,6,0,-1,-1,0,107729,0,0,83920
199123,0,0,-1,-1,-1,0,483,0,0,83921
199124,1,6,0,-1,-1,0,107660,0,0,83921
199125,0,0,-1,-1,-1,0,483,0,0,83922
199126,1,6,0,-1,-1,0,107730,0,0,83922
199127,0,0,-1,-1,-1,0,483,0,0,83923
199128,1,6,0,-1,-1,0,107700,0,0,83923
199129,0,0,-1,-1,-1,0,483,0,0,83924
199130,1,6,0,-1,-1,0,107635,0,0,83924
199131,0,0,-1,-1,-1,0,483,0,0,83925
199132,1,6,0,-1,-1,0,107767,0,0,83925
199133,0,0,-1,-1,-1,0,483,0,0,83926
199134,1,6,0,-1,-1,0,107768,0,0,83926
199135,0,0,-1,-1,-1,0,483,0,0,83927
199136,1,6,0,-1,-1,0,107617,0,0,83927
199137,0,0,-1,-1,-1,0,483,0,0,83928
199138,1,6,0,-1,-1,0,106947,0,0,83928
199139,0,0,-1,-1,-1,0,483,0,0,83929
199140,1,6,0,-1,-1,0,122681,0,0,83929
199141,0,0,-1,-1,-1,0,483,0,0,83930
199142,1,6,0,-1,-1,0,122665,0,0,83930
199143,0,0,-1,-1,-1,0,483,0,0,83931
199144,1,6,0,-1,-1,0,121841,0,0,83931
199145,0,0,-1,-1,-1,0,483,0,0,83932
199146,1,6,0,-1,-1,0,121842,0,0,83932
199147,0,0,-1,-1,-1,0,483,0,0,83933
199148,1,6,0,-1,-1,0,122663,0,0,83933
199149,0,0,-1,-1,-1,0,483,0,0,83934
199150,1,6,0,-1,-1,0,107611,0,0,83934
199151,0,0,-1,-1,-1,0,483,0,0,83935
199152,1,6,0,-1,-1,0,106956,0,0,83935
199153,0,0,-1,-1,-1,0,483,0,0,83936
199154,1,6,0,-1,-1,0,107612,0,0,83936
199155,0,0,-1,-1,-1,0,483,0,0,83937
199156,1,6,0,-1,-1,0,107745,0,0,83937
199157,0,0,-1,-1,-1,0,483,0,0,83938
199158,1,6,0,-1,-1,0,107701,0,0,83938
199159,0,0,-1,-1,-1,0,483,0,0,83939
199160,1,6,0,-1,-1,0,107636,0,0,83939
199161,0,0,-1,-1,-1,0,483,0,0,83940
199162,1,6,0,-1,-1,0,107661,0,0,83940
199163,0,0,-1,-1,-1,0,483,0,0,83941
199164,1,6,0,-1,-1,0,107731,0,0,83941
199165,0,0,-1,-1,-1,0,483,0,0,83942
199166,1,6,0,-1,-1,0,122672,0,0,83942
199167,0,0,-1,-1,-1,0,483,0,0,83943
199168,1,6,0,-1,-1,0,122680,0,0,83943
199169,0,0,-1,-1,-1,0,483,0,0,83944
199170,1,6,0,-1,-1,0,107713,0,0,83944
199171,0,0,-1,-1,-1,0,483,0,0,83945
199172,1,6,0,-1,-1,0,107643,0,0,83945
199173,0,0,-1,-1,-1,0,483,0,0,83946
199174,1,6,0,-1,-1,0,107619,0,0,83946
199175,0,0,-1,-1,-1,0,483,0,0,83947
199176,1,6,0,-1,-1,0,106950,0,0,83947
199177,0,0,-1,-1,-1,0,483,0,0,83948
199178,1,6,0,-1,-1,0,122678,0,0,83948
199179,0,0,-1,-1,-1,0,483,0,0,83949
199180,1,6,0,-1,-1,0,107702,0,0,83949
199181,0,0,-1,-1,-1,0,483,0,0,83950
199182,1,6,0,-1,-1,0,107637,0,0,83950
199183,0,0,-1,-1,-1,0,483,0,0,83951
199184,1,6,0,-1,-1,0,107620,0,0,83951
199185,0,0,-1,-1,-1,0,483,0,0,83952
199186,1,6,0,-1,-1,0,106949,0,0,83952
199187,0,0,-1,-1,-1,0,483,0,0,83953
199188,1,6,0,-1,-1,0,122677,0,0,83953
199189,0,0,-1,-1,-1,0,483,0,0,83954
199190,1,6,0,-1,-1,0,107662,0,0,83954
199191,0,0,-1,-1,-1,0,483,0,0,83955
199192,1,6,0,-1,-1,0,107732,0,0,83955
199193,0,0,-1,-1,-1,0,483,0,0,83956
199194,1,6,0,-1,-1,0,107663,0,0,83956
199195,0,0,-1,-1,-1,0,483,0,0,83957
199196,1,6,0,-1,-1,0,107733,0,0,83957
199197,0,0,-1,-1,-1,0,483,0,0,83958
199198,1,6,0,-1,-1,0,107613,0,0,83958
199199,0,0,-1,-1,-1,0,483,0,0,83959
199200,1,6,0,-1,-1,0,107746,0,0,83959
199201,0,0,-1,-1,-1,0,483,0,0,83960
199202,1,6,0,-1,-1,0,107621,0,0,83960
199203,0,0,-1,-1,-1,0,483,0,0,83961
199204,1,6,0,-1,-1,0,106948,0,0,83961
199205,0,0,-1,-1,-1,0,483,0,0,83962
199206,1,6,0,-1,-1,0,122679,0,0,83962
199207,0,0,-1,-1,-1,0,483,0,0,83963
199208,1,6,0,-1,-1,0,107714,0,0,83963
199209,0,0,-1,-1,-1,0,483,0,0,83964
199210,1,6,0,-1,-1,0,107644,0,0,83964
199211,0,0,-1,-1,-1,0,483,0,0,83965
199212,1,6,0,-1,-1,0,107665,0,0,83965
199213,0,0,-1,-1,-1,0,483,0,0,83966
199214,1,6,0,-1,-1,0,107734,0,0,83966
199215,0,0,-1,-1,-1,0,483,0,0,83967
199216,1,6,0,-1,-1,0,122673,0,0,83967
199217,0,0,-1,-1,-1,0,483,0,0,83968
199218,1,6,0,-1,-1,0,107703,0,0,83968
199219,0,0,-1,-1,-1,0,483,0,0,83969
199220,1,6,0,-1,-1,0,107638,0,0,83969
199221,0,0,-1,-1,-1,0,483,0,0,83970
199222,1,6,0,-1,-1,0,107614,0,0,83970
199223,0,0,-1,-1,-1,0,483,0,0,83971
199224,1,6,0,-1,-1,0,106962,0,0,83971
199225,0,0,-1,-1,-1,0,483,0,0,83972
199226,1,6,0,-1,-1,0,107704,0,0,83972
199227,0,0,-1,-1,-1,0,483,0,0,83973
199228,1,6,0,-1,-1,0,107639,0,0,83973
199229,0,0,-1,-1,-1,0,483,0,0,83974
199230,1,6,0,-1,-1,0,107615,0,0,83974
199231,0,0,-1,-1,-1,0,483,0,0,83975
199232,1,6,0,-1,-1,0,106961,0,0,83975
199233,0,0,-1,-1,-1,0,483,0,0,83976
199234,1,6,0,-1,-1,0,107666,0,0,83976
199235,0,0,-1,-1,-1,0,483,0,0,83977
199236,1,6,0,-1,-1,0,107735,0,0,83977
199237,0,0,-1,-1,-1,0,483,0,0,83978
199238,1,6,0,-1,-1,0,122671,0,0,83978
199239,0,0,-1,-1,-1,0,483,0,0,83979
199240,1,6,0,-1,-1,0,107667,0,0,83979
199241,0,0,-1,-1,-1,0,483,0,0,83980
199242,1,6,0,-1,-1,0,107736,0,0,83980
199243,0,0,-1,-1,-1,0,483,0,0,83981
199244,1,6,0,-1,-1,0,107616,0,0,83981
199245,0,0,-1,-1,-1,0,483,0,0,83982
199246,1,6,0,-1,-1,0,106958,0,0,83982
199247,0,1,0,-1,-1,0,122696,0,0,84070
199248,0,1,0,-1,-1,0,122697,0,0,84071
199249,0,1,0,-1,-1,0,122698,0,0,84072
199250,0,1,0,-1,-1,0,122699,0,0,84073
199251,0,1,0,-1,-1,0,122700,0,0,84074
199252,0,1,0,-1,-1,0,122701,0,0,84075
199253,0,1,0,-1,-1,0,122702,0,0,84076
199254,0,1,0,-1,-1,0,122703,0,0,84077
199255,0,1,0,-1,-1,0,122704,0,0,84078
199256,0,1,0,-1,-1,0,122705,0,0,84079
199257,0,0,-1,-1,3000,330,55884,0,0,84101
199258,1,6,0,0,0,0,122708,0,0,84101
199259,0,0,-1,1000,-1,0,55884,0,0,84105
199260,1,6,0,-1,-1,0,122748,0,0,84105
199261,0,0,0,-1,-1,0,122779,0,0,84119
199262,0,0,-1,-1,-1,0,483,0,0,84122
199263,1,6,0,-1,-1,0,114786,0,0,84122
199264,0,0,-1,-1,-1,0,483,0,0,84123
199265,1,6,0,-1,-1,0,114772,0,0,84123
199266,0,0,-1,-1,-1,0,483,0,0,84124
199267,1,6,0,-1,-1,0,114752,0,0,84124
199268,0,0,-1,-1,-1,0,483,0,0,84125
199269,1,6,0,-1,-1,0,114778,0,0,84125
199270,0,0,-1,-1,-1,0,483,0,0,84126
199271,1,6,0,-1,-1,0,114776,0,0,84126
199272,0,0,-1,-1,-1,0,483,0,0,84127
199273,1,6,0,-1,-1,0,114751,0,0,84127
199274,0,0,-1,-1,-1,0,483,0,0,84128
199275,1,6,0,-1,-1,0,114761,0,0,84128
199276,0,0,-1,-1,-1,0,483,0,0,84129
199277,1,6,0,-1,-1,0,114763,0,0,84129
199278,0,0,-1,-1,-1,0,483,0,0,84130
199279,1,6,0,-1,-1,0,114764,0,0,84130
199280,0,0,-1,-1,-1,0,483,0,0,84131
199281,1,6,0,-1,-1,0,114762,0,0,84131
199282,0,0,-1,-1,-1,0,483,0,0,84132
199283,1,6,0,-1,-1,0,114759,0,0,84132
199284,0,0,-1,-1,-1,0,483,0,0,84133
199285,1,6,0,-1,-1,0,114756,0,0,84133
199286,0,0,-1,-1,-1,0,483,0,0,84134
199287,1,6,0,-1,-1,0,114769,0,0,84134
199288,0,0,-1,-1,-1,0,483,0,0,84135
199289,1,6,0,-1,-1,0,114770,0,0,84135
199290,0,0,-1,-1,-1,0,483,0,0,84136
199291,1,6,0,-1,-1,0,114771,0,0,84136
199292,0,0,-1,-1,-1,0,483,0,0,84137
199293,1,6,0,-1,-1,0,114773,0,0,84137
199294,0,0,-1,-1,-1,0,483,0,0,84138
199295,1,6,0,-1,-1,0,114754,0,0,84138
199296,0,0,-1,-1,-1,0,483,0,0,84139
199297,1,6,0,-1,-1,0,114755,0,0,84139
199298,0,0,-1,-1,-1,0,483,0,0,84140
199299,1,6,0,-1,-1,0,114775,0,0,84140
199300,0,0,-1,-1,-1,0,483,0,0,84141
199301,1,6,0,-1,-1,0,114758,0,0,84141
199302,0,0,-1,-1,-1,0,483,0,0,84142
199303,1,6,0,-1,-1,0,114774,0,0,84142
199304,0,0,-1,-1,-1,0,483,0,0,84143
199305,1,6,0,-1,-1,0,114782,0,0,84143
199306,0,0,-1,-1,-1,0,483,0,0,84144
199307,1,6,0,-1,-1,0,114760,0,0,84144
199308,0,0,-1,-1,-1,0,483,0,0,84145
199309,1,6,0,-1,-1,0,114779,0,0,84145
199310,0,0,-1,-1,-1,0,483,0,0,84146
199311,1,6,0,-1,-1,0,114757,0,0,84146
199312,0,0,-1,-1,-1,0,483,0,0,84147
199313,1,6,0,-1,-1,0,114753,0,0,84147
199314,0,0,-1,-1,-1,0,483,0,0,84148
199315,1,6,0,-1,-1,0,114777,0,0,84148
199316,0,0,-1,-1,-1,0,483,0,0,84149
199317,1,6,0,-1,-1,0,114780,0,0,84149
199318,0,0,-1,-1,-1,0,483,0,0,84150
199319,1,6,0,-1,-1,0,114781,0,0,84150
199320,0,0,-1,-1,-1,0,483,0,0,84151
199321,1,6,0,-1,-1,0,114784,0,0,84151
199322,0,0,-1,-1,-1,0,483,0,0,84152
199323,1,6,0,-1,-1,0,114766,0,0,84152
199324,0,0,-1,-1,-1,0,483,0,0,84153
199325,1,6,0,-1,-1,0,114783,0,0,84153
199326,0,0,-1,-1,-1,0,483,0,0,84154
199327,1,6,0,-1,-1,0,114767,0,0,84154
199328,0,0,-1,-1,-1,0,483,0,0,84155
199329,1,6,0,-1,-1,0,114765,0,0,84155
199330,0,0,0,3000,-1,0,122816,0,0,84157
199331,0,0,-1,-1,-1,0,483,0,0,84158
199332,1,6,0,-1,-1,0,122623,0,0,84158
199333,0,0,-1,-1,-1,0,483,0,0,84159
199334,1,6,0,-1,-1,0,122622,0,0,84159
199335,0,0,-1,-1,-1,0,483,0,0,84160
199336,1,6,0,-1,-1,0,122621,0,0,84160
199337,0,0,-1,-1,-1,0,483,0,0,84161
199338,1,6,0,-1,-1,0,122618,0,0,84161
199339,0,0,-1,-1,-1,0,483,0,0,84162
199340,1,6,0,-1,-1,0,122619,0,0,84162
199341,0,0,-1,-1,-1,0,483,0,0,84163
199342,1,6,0,-1,-1,0,122616,0,0,84163
199343,0,0,-1,-1,-1,0,483,0,0,84164
199344,1,6,0,-1,-1,0,122620,0,0,84164
199345,0,0,-1,-1,-1,0,483,0,0,84165
199346,1,6,0,-1,-1,0,122617,0,0,84165
199347,0,0,-1,-1,-1,0,483,0,0,84166
199348,1,6,0,-1,-1,0,122631,0,0,84166
199349,0,0,-1,-1,-1,0,483,0,0,84167
199350,1,6,0,-1,-1,0,122630,0,0,84167
199351,0,0,-1,-1,-1,0,483,0,0,84168
199352,1,6,0,-1,-1,0,122629,0,0,84168
199353,0,0,-1,-1,-1,0,483,0,0,84169
199354,1,6,0,-1,-1,0,122626,0,0,84169
199355,0,0,-1,-1,-1,0,483,0,0,84170
199356,1,6,0,-1,-1,0,122627,0,0,84170
199357,0,0,-1,-1,-1,0,483,0,0,84171
199358,1,6,0,-1,-1,0,122624,0,0,84171
199359,0,0,-1,-1,-1,0,483,0,0,84172
199360,1,6,0,-1,-1,0,122628,0,0,84172
199361,0,0,-1,-1,-1,0,483,0,0,84173
199362,1,6,0,-1,-1,0,122625,0,0,84173
199363,0,0,-1,-1,-1,0,483,0,0,84174
199364,1,6,0,-1,-1,0,122637,0,0,84174
199365,0,0,-1,-1,-1,0,483,0,0,84176
199366,1,6,0,-1,-1,0,122641,0,0,84176
199367,0,0,-1,-1,-1,0,483,0,0,84177
199368,1,6,0,-1,-1,0,122583,0,0,84177
199369,0,0,-1,-1,-1,0,483,0,0,84178
199370,1,6,0,-1,-1,0,122638,0,0,84178
199371,0,0,-1,-1,-1,0,483,0,0,84179
199372,1,6,0,-1,-1,0,122582,0,0,84179
199373,0,0,-1,-1,-1,0,483,0,0,84180
199374,1,6,0,-1,-1,0,122581,0,0,84180
199375,0,0,-1,-1,-1,0,483,0,0,84181
199376,1,6,0,-1,-1,0,122578,0,0,84181
199377,0,0,-1,-1,-1,0,483,0,0,84182
199378,1,6,0,-1,-1,0,122579,0,0,84182
199379,0,0,-1,-1,-1,0,483,0,0,84183
199380,1,6,0,-1,-1,0,122576,0,0,84183
199381,0,0,-1,-1,-1,0,483,0,0,84184
199382,1,6,0,-1,-1,0,122580,0,0,84184
199383,0,0,-1,-1,-1,0,483,0,0,84185
199384,1,6,0,-1,-1,0,122577,0,0,84185
199385,0,0,-1,-1,-1,0,483,0,0,84186
199386,1,6,0,-1,-1,0,122633,0,0,84186
199387,0,0,-1,-1,-1,0,483,0,0,84187
199388,1,6,0,-1,-1,0,122591,0,0,84187
199389,0,0,-1,-1,-1,0,483,0,0,84188
199390,1,6,0,-1,-1,0,122590,0,0,84188
199391,0,0,-1,-1,-1,0,483,0,0,84189
199392,1,6,0,-1,-1,0,122589,0,0,84189
199393,0,0,-1,-1,-1,0,483,0,0,84190
199394,1,6,0,-1,-1,0,122586,0,0,84190
199395,0,0,-1,-1,-1,0,483,0,0,84191
199396,1,6,0,-1,-1,0,122587,0,0,84191
199397,0,0,-1,-1,-1,0,483,0,0,84192
199398,1,6,0,-1,-1,0,122584,0,0,84192
199399,0,0,-1,-1,-1,0,483,0,0,84193
199400,1,6,0,-1,-1,0,122588,0,0,84193
199401,0,0,-1,-1,-1,0,483,0,0,84194
199402,1,6,0,-1,-1,0,122635,0,0,84194
199403,0,0,-1,-1,-1,0,483,0,0,84195
199404,1,6,0,-1,-1,0,122585,0,0,84195
199405,0,0,-1,-1,-1,0,483,0,0,84196
199406,1,6,0,-1,-1,0,122632,0,0,84196
199407,0,0,-1,-1,-1,0,483,0,0,84197
199408,1,6,0,-1,-1,0,122644,0,0,84197
199409,0,0,-1,-1,-1,0,483,0,0,84198
199410,1,6,0,-1,-1,0,122648,0,0,84198
199411,0,0,-1,-1,-1,0,483,0,0,84199
199412,1,6,0,-1,-1,0,122607,0,0,84199
199413,0,0,-1,-1,-1,0,483,0,0,84200
199414,1,6,0,-1,-1,0,122645,0,0,84200
199415,0,0,-1,-1,-1,0,483,0,0,84201
199416,1,6,0,-1,-1,0,122606,0,0,84201
199417,0,0,-1,-1,-1,0,483,0,0,84202
199418,1,6,0,-1,-1,0,122605,0,0,84202
199419,0,0,-1,-1,-1,0,483,0,0,84203
199420,1,6,0,-1,-1,0,122602,0,0,84203
199421,0,0,-1,-1,-1,0,483,0,0,84204
199422,1,6,0,-1,-1,0,122603,0,0,84204
199423,0,0,-1,-1,-1,0,483,0,0,84205
199424,1,6,0,-1,-1,0,122600,0,0,84205
199425,0,0,-1,-1,-1,0,483,0,0,84206
199426,1,6,0,-1,-1,0,122604,0,0,84206
199427,0,0,-1,-1,-1,0,483,0,0,84207
199428,1,6,0,-1,-1,0,122601,0,0,84207
199429,0,0,-1,-1,-1,0,483,0,0,84208
199430,1,6,0,-1,-1,0,122642,0,0,84208
199431,0,0,-1,-1,-1,0,483,0,0,84209
199432,1,6,0,-1,-1,0,122615,0,0,84209
199433,0,0,-1,-1,-1,0,483,0,0,84210
199434,1,6,0,-1,-1,0,122614,0,0,84210
199435,0,0,-1,-1,-1,0,483,0,0,84211
199436,1,6,0,-1,-1,0,122613,0,0,84211
199437,0,0,-1,-1,-1,0,483,0,0,84212
199438,1,6,0,-1,-1,0,122610,0,0,84212
199439,0,0,-1,-1,-1,0,483,0,0,84213
199440,1,6,0,-1,-1,0,122611,0,0,84213
199441,0,0,-1,-1,-1,0,483,0,0,84214
199442,1,6,0,-1,-1,0,122608,0,0,84214
199443,0,0,-1,-1,-1,0,483,0,0,84215
199444,1,6,0,-1,-1,0,122612,0,0,84215
199445,0,0,-1,-1,-1,0,483,0,0,84216
199446,1,6,0,-1,-1,0,122609,0,0,84216
199447,0,0,-1,-1,-1,0,483,0,0,84217
199448,1,6,0,-1,-1,0,122646,0,0,84217
199449,0,0,-1,-1,-1,0,483,0,0,84218
199450,1,6,0,-1,-1,0,122647,0,0,84218
199451,0,0,-1,-1,-1,0,483,0,0,84219
199452,1,6,0,-1,-1,0,122599,0,0,84219
199453,0,0,-1,-1,-1,0,483,0,0,84220
199454,1,6,0,-1,-1,0,122598,0,0,84220
199455,0,0,-1,-1,-1,0,483,0,0,84221
199456,1,6,0,-1,-1,0,122597,0,0,84221
199457,0,0,-1,-1,-1,0,483,0,0,84222
199458,1,6,0,-1,-1,0,122594,0,0,84222
199459,0,0,-1,-1,-1,0,483,0,0,84223
199460,1,6,0,-1,-1,0,122595,0,0,84223
199461,0,0,-1,-1,-1,0,483,0,0,84224
199462,1,6,0,-1,-1,0,122592,0,0,84224
199463,0,0,-1,-1,-1,0,483,0,0,84225
199464,1,6,0,-1,-1,0,122596,0,0,84225
199465,0,0,-1,-1,-1,0,483,0,0,84226
199466,1,6,0,-1,-1,0,122643,0,0,84226
199467,0,0,-1,-1,-1,0,483,0,0,84227
199468,1,6,0,-1,-1,0,122593,0,0,84227
199469,0,0,-1,-1,-1,0,483,0,0,84228
199470,1,6,0,-1,-1,0,122639,0,0,84228
199471,0,0,-1,-1,-1,0,483,0,0,84229
199472,1,6,0,-1,-1,0,122640,0,0,84229
199473,0,0,-1,-1,-1,0,483,0,0,84230
199474,1,6,0,-1,-1,0,122575,0,0,84230
199475,0,0,-1,-1,-1,0,483,0,0,84231
199476,1,6,0,-1,-1,0,122574,0,0,84231
199477,0,0,-1,-1,-1,0,483,0,0,84232
199478,1,6,0,-1,-1,0,122573,0,0,84232
199479,0,0,-1,-1,-1,0,483,0,0,84233
199480,1,6,0,-1,-1,0,122570,0,0,84233
199481,0,0,-1,-1,-1,0,483,0,0,84234
199482,1,6,0,-1,-1,0,122571,0,0,84234
199483,0,0,-1,-1,-1,0,483,0,0,84235
199484,1,6,0,-1,-1,0,122568,0,0,84235
199485,0,0,-1,-1,-1,0,483,0,0,84236
199486,1,6,0,-1,-1,0,122572,0,0,84236
199487,0,0,-1,-1,-1,0,483,0,0,84237
199488,1,6,0,-1,-1,0,122636,0,0,84237
199489,0,0,-1,-1,-1,0,483,0,0,84238
199490,1,6,0,-1,-1,0,122569,0,0,84238
199491,0,0,0,1500,-1,0,122829,0,0,84242
199492,0,0,0,-1,-1,0,122153,0,0,84267
199493,0,1,0,-1,-1,0,122901,0,0,84286
199494,0,1,0,-1,-1,0,122902,0,0,84287
199495,0,1,0,-1,-1,0,122903,0,0,84288
199496,0,1,0,-1,-1,0,122904,0,0,84289
199497,0,1,0,-1,-1,0,122905,0,0,84290
199498,0,1,0,-1,-1,0,122922,0,0,84334
199499,0,1,0,-1,-1,0,122923,0,0,84335
199500,0,1,0,-1,-1,0,122924,0,0,84336
199501,0,1,0,-1,-1,0,122925,0,0,84337
199502,0,1,0,-1,-1,0,122926,0,0,84338
199503,1,0,0,60000,20000,1141,126690,0,0,84344
199504,1,1,0,-1,-1,0,126708,0,0,84349
199505,0,1,0,-1,-1,0,62459,0,0,84373
199506,0,1,0,-1,-1,0,61252,0,0,84377
199507,0,1,0,-1,-1,0,33830,0,0,84385
199508,0,1,0,-1,-1,0,33830,0,0,84393
199509,1,0,0,120000,20000,1190,126697,0,0,84399
199510,1,0,0,120000,20000,1190,126697,0,0,84400
199511,1,0,0,120000,20000,1190,126697,0,0,84401
199512,0,1,0,-1,-1,0,61255,0,0,84409
199513,0,1,0,-1,-1,0,44301,0,0,84413
199514,0,1,0,-1,-1,0,61776,0,0,84419
199515,0,1,0,-1,-1,0,38522,0,0,84430
199516,0,1,0,-1,-1,0,44297,0,0,84440
199517,0,1,0,-1,-1,0,44297,0,0,84445
199518,0,0,0,120000,120000,1182,42292,0,0,84450
199519,0,0,0,120000,120000,1182,42292,0,0,84451
199520,0,0,0,120000,120000,1182,42292,0,0,84452
199521,0,0,0,120000,120000,1182,42292,0,0,84453
199522,0,0,0,120000,120000,1182,42292,0,0,84454
199523,0,0,0,120000,120000,1182,42292,0,0,84455
199524,0,1,0,-1,-1,0,61249,0,0,84463
199525,0,1,0,-1,-1,0,32973,0,0,84473
199526,0,1,0,-1,-1,0,32973,0,0,84478
199527,0,1,0,-1,-1,0,32973,0,0,84484
199528,1,0,0,60000,20000,1141,126683,0,0,84488
199529,1,1,0,-1,-1,0,126706,0,0,84489
199530,1,0,0,60000,20000,1141,126679,0,0,84490
199531,1,1,0,-1,-1,0,126702,0,0,84495
199532,0,1,0,-1,-1,0,33063,0,0,84499
199533,0,1,0,-1,-1,0,22778,0,0,84505
199534,0,1,0,-1,-1,0,124489,0,0,84543
199535,0,1,0,-1,-1,0,124489,0,0,84548
199536,0,0,-1,-1,-1,0,483,0,0,84553
199537,1,6,0,-1,-1,0,104409,0,0,84553
199538,0,0,0,-1,-1,0,483,0,0,84554
199539,1,6,0,-1,-1,0,104407,0,0,84554
199540,0,0,0,-1,-1,0,483,0,0,84555
199541,1,6,0,-1,-1,0,104408,0,0,84555
199542,0,0,0,-1,-1,0,483,0,0,84556
199543,1,6,0,-1,-1,0,104414,0,0,84556
199544,0,0,-1,-1,-1,0,483,0,0,84557
199545,1,6,0,-1,-1,0,104391,0,0,84557
199546,0,0,0,-1,-1,0,483,0,0,84558
199547,1,6,0,-1,-1,0,104385,0,0,84558
199548,0,0,-1,-1,-1,0,483,0,0,84559
199549,1,6,0,-1,-1,0,104389,0,0,84559
199550,0,0,0,-1,-1,0,483,0,0,84560
199551,1,6,0,-1,-1,0,104338,0,0,84560
199552,0,0,-1,-1,-1,0,483,0,0,84561
199553,1,6,0,-1,-1,0,104390,0,0,84561
199554,0,0,0,-1,-1,0,483,0,0,84562
199555,1,6,0,-1,-1,0,104395,0,0,84562
199556,0,0,0,-1,-1,0,483,0,0,84563
199557,1,6,0,-1,-1,0,104392,0,0,84563
199558,0,0,0,-1,-1,0,483,0,0,84564
199559,1,6,0,-1,-1,0,104393,0,0,84564
199560,0,0,0,-1,-1,0,483,0,0,84565
199561,1,6,0,-1,-1,0,104397,0,0,84565
199562,0,0,0,-1,-1,0,483,0,0,84566
199563,1,6,0,-1,-1,0,104401,0,0,84566
199564,0,0,0,-1,-1,0,483,0,0,84567
199565,1,6,0,-1,-1,0,104404,0,0,84567
199566,0,0,0,-1,-1,0,483,0,0,84568
199567,1,6,0,-1,-1,0,104398,0,0,84568
199568,0,0,0,-1,-1,0,483,0,0,84569
199569,1,6,0,-1,-1,0,104403,0,0,84569
199570,0,0,0,-1,-1,0,483,0,0,84570
199571,1,6,0,-1,-1,0,104417,0,0,84570
199572,0,0,0,-1,-1,0,483,0,0,84571
199573,1,6,0,-1,-1,0,104416,0,0,84571
199574,0,0,0,-1,-1,0,483,0,0,84572
199575,1,6,0,-1,-1,0,104420,0,0,84572
199576,0,0,0,-1,-1,0,483,0,0,84573
199577,1,6,0,-1,-1,0,104419,0,0,84573
199578,0,0,0,-1,-1,0,483,0,0,84574
199579,1,6,0,-1,-1,0,104445,0,0,84574
199580,0,0,0,-1,-1,0,483,0,0,84575
199581,1,6,0,-1,-1,0,103461,0,0,84575
199582,0,0,0,-1,-1,0,483,0,0,84576
199583,1,6,0,-1,-1,0,103462,0,0,84576
199584,0,0,0,-1,-1,0,483,0,0,84577
199585,1,6,0,-1,-1,0,103463,0,0,84577
199586,0,0,0,-1,-1,0,483,0,0,84578
199587,1,6,0,-1,-1,0,103465,0,0,84578
199588,0,0,0,-1,-1,0,483,0,0,84579
199589,1,6,0,-1,-1,0,104440,0,0,84579
199590,0,0,-1,-1,-1,0,483,0,0,84580
199591,1,6,0,-1,-1,0,104442,0,0,84580
199592,0,0,0,-1,-1,0,483,0,0,84581
199593,1,6,0,-1,-1,0,104430,0,0,84581
199594,0,0,0,-1,-1,0,483,0,0,84582
199595,1,6,0,-1,-1,0,104425,0,0,84582
199596,0,0,-1,-1,-1,0,483,0,0,84583
199597,1,6,0,-1,-1,0,104427,0,0,84583
199598,0,0,-1,-1,-1,0,483,0,0,84584
199599,1,6,0,-1,-1,0,104434,0,0,84584
199600,0,0,-1,0,0,0,483,0,0,84652
199601,1,6,-1,-1,-1,0,123024,0,0,84652
199602,0,1,0,-1,-1,0,124034,0,0,84660
199603,0,1,0,-1,-1,0,59731,0,0,84661
199604,0,0,-1,-1,1000,59,123145,0,0,84686
199605,0,1,0,-1,-1,0,132586,0,0,84707
199606,0,1,0,-1,-1,0,132586,0,0,84717
199607,0,1,0,-1,-1,0,132586,0,0,84721
199608,0,1,0,-1,-1,0,132586,0,0,84722
199609,0,1,0,-1,-1,0,132586,0,0,84723
199610,0,1,0,-1,-1,0,132586,0,0,84724
199611,0,1,0,-1,-1,0,132586,0,0,84725
199612,0,0,-1,-1,3000,330,55884,0,0,84728
199613,1,6,0,-1,-1,0,123160,0,0,84728
199614,0,0,-1,-1,3000,330,55884,0,0,84753
199615,1,6,0,-1,-1,0,123182,0,0,84753
199616,0,0,-1,-1,-1,0,123199,0,0,84762
199617,0,0,0,1500,-1,0,123226,0,0,84771
199618,0,0,0,1000,-1,0,123301,0,0,84781
199619,0,0,-10,0,0,0,123362,0,0,84782
199620,0,0,-10,0,0,0,123389,0,0,84783
199621,0,1,0,-1,-1,0,132586,0,0,84785
199622,0,1,0,-1,-1,0,132586,0,0,84786
199623,0,1,0,-1,-1,0,132586,0,0,84787
199624,0,1,0,-1,-1,0,132586,0,0,84788
199625,0,1,0,-1,-1,0,132586,0,0,84789
199626,0,1,0,-1,-1,0,132586,0,0,84790
199627,0,1,0,-1,-1,0,132586,0,0,84791
199628,0,1,0,-1,-1,0,61249,0,0,84830
199629,0,1,0,-1,-1,0,38522,0,0,84831
199630,0,1,0,-1,-1,0,61252,0,0,84832
199631,0,1,0,-1,-1,0,33830,0,0,84833
199632,0,1,0,-1,-1,0,61776,0,0,84834
199633,0,1,0,-1,-1,0,62459,0,0,84835
199634,0,1,0,-1,-1,0,124489,0,0,84836
199635,0,1,0,-1,-1,0,44301,0,0,84837
199636,0,1,0,-1,-1,0,44297,0,0,84838
199637,0,1,0,-1,-1,0,124489,0,0,84839
199638,0,1,0,-1,-1,0,22778,0,0,84840
199639,0,1,0,-1,-1,0,61255,0,0,84841
199640,0,1,0,-1,-1,0,33063,0,0,84842
199641,0,1,0,-1,-1,0,33830,0,0,84843
199642,0,1,0,-1,-1,0,32973,0,0,84844
199643,0,1,0,-1,-1,0,32973,0,0,84845
199644,0,1,0,-1,-1,0,44297,0,0,84846
199645,0,1,0,-1,-1,0,32973,0,0,84847
199646,0,0,0,120000,120000,1182,42292,0,0,84931
199647,0,0,0,120000,120000,1182,42292,0,0,84932
199648,0,0,0,120000,120000,1182,42292,0,0,84933
199649,1,0,0,60000,20000,1141,126690,0,0,84934
199650,1,1,0,-1,-1,0,126708,0,0,84935
199651,1,0,0,120000,20000,1190,126697,0,0,84936
199652,1,1,0,-1,-1,0,126702,0,0,84937
199653,1,0,0,120000,20000,1190,126697,0,0,84938
199654,1,0,0,120000,20000,1190,126697,0,0,84939
199655,1,0,0,60000,20000,1141,126683,0,0,84940
199656,1,1,0,-1,-1,0,126706,0,0,84941
199657,1,0,0,60000,20000,1141,126679,0,0,84942
199658,0,0,0,120000,120000,1182,42292,0,0,84943
199659,0,0,0,120000,120000,1182,42292,0,0,84944
199660,0,0,0,120000,120000,1182,42292,0,0,84945
199661,0,1,0,-1,-1,0,32973,0,0,85011
199662,0,1,0,-1,-1,0,32973,0,0,85012
199663,0,1,0,-1,-1,0,44297,0,0,85013
199664,0,1,0,-1,-1,0,32973,0,0,85014
199665,0,1,0,-1,-1,0,124489,0,0,85015
199666,0,1,0,-1,-1,0,44301,0,0,85016
199667,0,1,0,-1,-1,0,44297,0,0,85017
199668,0,1,0,-1,-1,0,124489,0,0,85018
199669,0,1,0,-1,-1,0,22778,0,0,85019
199670,0,1,0,-1,-1,0,61255,0,0,85020
199671,0,1,0,-1,-1,0,33063,0,0,85021
199672,0,1,0,-1,-1,0,33830,0,0,85022
199673,0,1,0,-1,-1,0,61249,0,0,85023
199674,0,1,0,-1,-1,0,38522,0,0,85024
199675,0,1,0,-1,-1,0,61252,0,0,85025
199676,0,1,0,-1,-1,0,33830,0,0,85026
199677,0,1,0,-1,-1,0,61776,0,0,85027
199678,0,1,0,-1,-1,0,62459,0,0,85028
199679,0,1,0,-1,-1,0,132586,0,0,85107
199680,0,1,0,-1,-1,0,132586,0,0,85108
199681,0,1,0,-1,-1,0,132586,0,0,85109
199682,0,1,0,-1,-1,0,132586,0,0,85110
199683,0,1,0,-1,-1,0,132586,0,0,85111
199684,0,1,0,-1,-1,0,132586,0,0,85112
199685,0,1,0,-1,-1,0,132586,0,0,85113
199686,0,0,-10,0,0,0,123486,0,0,85153
199687,0,0,-10,0,0,0,123537,0,0,85158
199688,0,0,-10,0,0,0,123566,0,0,85162
199689,0,0,-10,0,0,0,123567,0,0,85163
199690,0,1,0,-1,-1,0,126237,0,0,85181
199691,0,0,-1,-1,-1,0,123771,0,0,85213
199692,0,0,-1,-1,-1,0,123772,0,0,85214
199693,0,0,-1,-1,-1,0,123773,0,0,85215
199694,0,0,-1,-1,-1,0,123774,0,0,85216
199695,0,0,-1,-1,-1,0,123775,0,0,85217
199696,0,0,-1,-1,-1,0,123776,0,0,85218
199697,0,0,-1,-1,-1,0,123777,0,0,85219
199698,0,0,-1,-1,-1,0,55884,0,0,85220
199699,1,6,0,-1,-1,0,123778,0,0,85220
199700,0,0,-1,0,0,0,483,0,0,85221
199701,1,6,-1,-1,-1,0,123780,0,0,85221
199702,0,0,-1,-1,-1,0,55884,0,0,85222
199703,1,6,0,-1,-1,0,123784,0,0,85222
199704,0,0,-1,-1,-1,0,123799,0,0,85230
199705,0,0,0,-1,-1,0,123803,0,0,85231
199706,0,0,0,6000,-1,0,123873,0,0,85261
199707,0,0,-1,-1,3000,330,55884,0,0,85262
199708,1,6,0,-1,-1,0,123886,0,0,85262
199709,0,0,-1,180000,-1,0,123782,0,0,85264
199710,0,0,-1,180000,-1,0,123890,0,0,85265
199711,0,0,-1,180000,-1,0,123891,0,0,85266
199712,0,0,-1,-1,-1,0,123892,0,0,85267
199713,0,0,-1,-1,-1,0,130170,0,0,85268
199714,0,0,-1,-1,-1,0,123894,0,0,85269
199715,0,0,-1,-1,-1,0,123895,0,0,85270
199716,0,0,-1,-1,-1,0,123913,0,0,85279
199717,0,0,-1,-1,-1,0,123917,0,0,85280
199718,0,0,-1,-1,3000,330,55884,0,0,85429
199719,1,6,0,-1,-1,0,123993,0,0,85429
199720,2,5,0,-1,-1,0,135930,0,0,85429
199721,0,0,-1,-1,3000,330,55884,0,0,85430
199722,1,6,0,-1,-1,0,123992,0,0,85430
199723,2,5,0,-1,-1,0,135930,0,0,85430
199724,0,0,-1,-1,-1,0,55884,0,0,85447
199725,1,6,0,-1,-1,0,124000,0,0,85447
199726,0,0,0,0,-1,0,124036,0,0,85500
199727,0,0,-1,0,1000,11,105232,0,0,85501
199728,0,0,-1,-1,-1,0,483,0,0,85502
199729,1,6,0,-1,-1,0,124029,0,0,85502
199730,0,0,-1,0,1000,11,105233,0,0,85504
199731,0,0,-1,-1,-1,0,483,0,0,85505
199732,1,6,0,-1,-1,0,124032,0,0,85505
199733,0,0,-1,-1,-1,0,55884,0,0,85513
199734,1,6,0,-1,-1,0,127813,0,0,85513
199735,0,0,-1,-1,-1,0,124091,0,0,85559
199736,0,0,-1,-1,-1,0,124119,0,0,85568
199737,0,0,-1,-1,-1,0,124118,0,0,85569
199738,0,0,-1,-1,-1,0,124116,0,0,85570
199739,0,0,-1,-1,-1,11,104235,0,0,85577
199740,0,0,-1,-1,-1,0,55884,0,0,85578
199741,1,6,0,-1,-1,0,124152,0,0,85578
199742,0,0,-1,0,-1,0,124281,0,0,85580
199743,0,0,0,1000,-1,0,124174,0,0,85581
199744,0,0,0,1500,-1,0,124178,0,0,85582
199745,0,0,-1,0,-1,0,124282,0,0,85589
199746,0,0,-1,0,-1,0,124298,0,0,85592
199747,0,0,-1,0,-1,0,124299,0,0,85593
199748,0,0,0,3000,3000,0,124323,0,0,85636
199749,0,5,0,-1,-1,0,124353,0,0,85663
199750,0,0,-1,-1,3000,330,55884,0,0,85666
199751,1,6,0,-1,-1,0,124408,0,0,85666
199752,2,5,0,-1,-1,0,135930,0,0,85666
199753,0,0,0,-1,-1,0,40803,0,0,85682
199754,0,0,-1,0,0,0,483,0,0,85683
199755,1,6,-1,-1,-1,0,124415,0,0,85683
199756,0,0,-1,0,0,0,483,0,0,85684
199757,1,6,-1,-1,-1,0,124417,0,0,85684
199758,0,0,-1,0,0,0,483,0,0,85685
199759,1,6,-1,-1,-1,0,123395,0,0,85685
199760,0,0,-1,0,0,0,483,0,0,85686
199761,1,6,-1,-1,-1,0,122138,0,0,85686
199762,0,0,-1,0,0,0,483,0,0,85687
199763,1,6,-1,-1,-1,0,123400,0,0,85687
199764,0,0,-1,0,0,0,483,0,0,85689
199765,1,6,-1,-1,-1,0,120484,0,0,85689
199766,0,0,-1,0,0,0,483,0,0,85691
199767,1,6,-1,-1,-1,0,120197,0,0,85691
199768,0,0,-1,0,0,0,483,0,0,85692
199769,1,6,-1,-1,-1,0,123762,0,0,85692
199770,0,0,-1,0,0,0,483,0,0,85695
199771,1,6,-1,-1,-1,0,120478,0,0,85695
199772,0,0,-1,0,0,0,483,0,0,85696
199773,1,6,-1,-1,-1,0,123390,0,0,85696
199774,0,0,-1,0,0,0,483,0,0,85697
199775,1,6,-1,-1,-1,0,120480,0,0,85697
199776,0,0,-1,0,0,0,483,0,0,85698
199777,1,6,-1,-1,-1,0,123406,0,0,85698
199778,0,0,-1,0,0,0,483,0,0,85699
199779,1,6,-1,-1,-1,0,120481,0,0,85699
199780,0,0,-1,0,0,0,483,0,0,85700
199781,1,6,-1,-1,-1,0,123392,0,0,85700
199782,0,0,-1,0,0,0,483,0,0,85708
199783,1,6,-1,-1,-1,0,112636,0,0,85708
199784,0,0,-1,0,0,0,483,0,0,85711
199785,1,6,-1,-1,-1,0,124420,0,0,85711
199786,0,0,-1,0,0,0,483,0,0,85712
199787,1,6,-1,-1,-1,0,123404,0,0,85712
199788,0,0,-1,0,0,0,483,0,0,85716
199789,1,6,-1,-1,-1,0,115935,0,0,85716
199790,0,5,0,-1,-1,0,124349,0,0,85777
199791,0,0,-1,1500,-1,0,124528,0,0,85782
199792,0,5,0,-1,-1,0,81040,0,0,85783
199793,0,0,-1,-1,3000,330,55884,0,0,85785
199794,1,6,0,-1,-1,0,124550,0,0,85785
199795,0,0,0,3000,3000,0,124679,0,0,85786
199796,0,0,-1,-1,-1,0,124657,0,0,85869
199797,0,0,-1,-1,3000,330,483,0,0,85870
199798,1,6,0,-1,3000,0,124659,0,0,85870
199799,0,0,-1,-1,-1,0,55884,0,0,85871
199800,1,6,0,-1,-1,0,124660,0,0,85871
199801,0,0,0,3000,3000,0,124729,0,0,85884
199802,0,0,-1,1500,-1,0,124907,0,0,85950
199803,0,0,0,-1,-1,0,124927,0,0,85955
199804,0,0,0,-1,-1,0,124960,0,0,85972
199805,0,0,0,0,0,0,125167,0,0,85973
199806,0,0,-1,0,0,0,125055,0,0,85998
199807,0,0,-1,-1,1000,11,104261,0,0,86026
199808,0,0,0,60000,15000,1141,126599,0,0,86042
199809,0,0,0,60000,15000,1141,126599,0,0,86043
199810,0,0,0,60000,15000,1141,126605,0,0,86044
199811,0,0,0,60000,15000,1141,126606,0,0,86045
199812,0,0,0,60000,15000,1141,126597,0,0,86046
199813,0,0,-1,0,1000,11,104235,0,0,86057
199814,0,0,-1,0,1000,11,125109,0,0,86069
199815,0,0,-1,0,1000,11,125107,0,0,86070
199816,0,0,-1,0,1000,11,125114,0,0,86073
199817,0,0,-1,0,1000,11,125116,0,0,86074
199818,0,0,0,600000,60000,4,125282,0,0,86125
199819,0,1,0,-1,-1,0,126534,0,0,86131
199820,0,1,0,-1,-1,0,126552,0,0,86132
199821,0,1,0,-1,-1,0,126579,0,0,86133
199822,0,0,-1,0,1000,150,133994,0,0,86143
199823,0,1,0,-1,-1,0,126583,0,0,86144
199824,0,1,0,-1,-1,0,126590,0,0,86147
199825,0,1,0,-1,-1,0,126207,0,0,86198
199826,0,1,0,-1,-1,0,126208,0,0,86199
199827,0,1,0,-1,-1,0,132602,0,0,86227
199828,0,0,-1,-1,-1,0,483,0,0,86235
199829,1,6,0,-1,-1,0,124127,0,0,86235
199830,0,0,-1,-1,-1,0,483,0,0,86236
199831,1,6,0,-1,-1,0,124126,0,0,86236
199832,0,0,-1,-1,-1,0,483,0,0,86237
199833,1,6,0,-1,-1,0,124625,0,0,86237
199834,0,0,-1,-1,-1,0,483,0,0,86238
199835,1,6,0,-1,-1,0,124638,0,0,86238
199836,0,0,-1,-1,-1,0,483,0,0,86239
199837,1,6,0,-1,-1,0,124635,0,0,86239
199838,0,0,-1,-1,-1,0,483,0,0,86240
199839,1,6,0,-1,-1,0,124618,0,0,86240
199840,0,0,-1,-1,-1,0,483,0,0,86241
199841,1,6,0,-1,-1,0,124617,0,0,86241
199842,0,0,-1,-1,-1,0,483,0,0,86242
199843,1,6,0,-1,-1,0,124616,0,0,86242
199844,0,0,-1,-1,-1,0,483,0,0,86243
199845,1,6,0,-1,-1,0,124613,0,0,86243
199846,0,0,-1,-1,-1,0,483,0,0,86244
199847,1,6,0,-1,-1,0,124614,0,0,86244
199848,0,0,-1,-1,-1,0,483,0,0,86245
199849,1,6,0,-1,-1,0,124611,0,0,86245
199850,0,0,-1,-1,-1,0,483,0,0,86246
199851,1,6,0,-1,-1,0,124615,0,0,86246
199852,0,0,-1,-1,-1,0,483,0,0,86247
199853,1,6,0,-1,-1,0,124612,0,0,86247
199854,0,0,-1,-1,-1,0,483,0,0,86248
199855,1,6,0,-1,-1,0,124610,0,0,86248
199856,0,0,-1,-1,-1,0,483,0,0,86249
199857,1,6,0,-1,-1,0,124609,0,0,86249
199858,0,0,-1,-1,-1,0,483,0,0,86250
199859,1,6,0,-1,-1,0,124608,0,0,86250
199860,0,0,-1,-1,-1,0,483,0,0,86251
199861,1,6,0,-1,-1,0,124605,0,0,86251
199862,0,0,-1,-1,-1,0,483,0,0,86252
199863,1,6,0,-1,-1,0,124606,0,0,86252
199864,0,0,-1,-1,-1,0,483,0,0,86253
199865,1,6,0,-1,-1,0,124603,0,0,86253
199866,0,0,-1,-1,-1,0,483,0,0,86254
199867,1,6,0,-1,-1,0,124607,0,0,86254
199868,0,0,-1,-1,-1,0,483,0,0,86255
199869,1,6,0,-1,-1,0,124604,0,0,86255
199870,0,0,-1,-1,-1,0,483,0,0,86256
199871,1,6,0,-1,-1,0,124602,0,0,86256
199872,0,0,-1,-1,-1,0,483,0,0,86257
199873,1,6,0,-1,-1,0,124601,0,0,86257
199874,0,0,-1,-1,-1,0,483,0,0,86258
199875,1,6,0,-1,-1,0,124600,0,0,86258
199876,0,0,-1,-1,-1,0,483,0,0,86259
199877,1,6,0,-1,-1,0,124597,0,0,86259
199878,0,0,-1,-1,-1,0,483,0,0,86260
199879,1,6,0,-1,-1,0,124598,0,0,86260
199880,0,0,-1,-1,-1,0,483,0,0,86261
199881,1,6,0,-1,-1,0,124595,0,0,86261
199882,0,0,-1,-1,-1,0,483,0,0,86262
199883,1,6,0,-1,-1,0,124599,0,0,86262
199884,0,0,-1,-1,-1,0,483,0,0,86263
199885,1,6,0,-1,-1,0,124596,0,0,86263
199886,0,0,-1,-1,-1,0,483,0,0,86264
199887,1,6,0,-1,-1,0,124594,0,0,86264
199888,0,0,-1,-1,-1,0,483,0,0,86265
199889,1,6,0,-1,-1,0,124593,0,0,86265
199890,0,0,-1,-1,-1,0,483,0,0,86266
199891,1,6,0,-1,-1,0,124592,0,0,86266
199892,0,0,-1,-1,-1,0,483,0,0,86267
199893,1,6,0,-1,-1,0,124589,0,0,86267
199894,0,0,-1,-1,-1,0,483,0,0,86268
199895,1,6,0,-1,-1,0,124590,0,0,86268
199896,0,0,-1,-1,-1,0,483,0,0,86269
199897,1,6,0,-1,-1,0,124587,0,0,86269
199898,0,0,-1,-1,-1,0,483,0,0,86270
199899,1,6,0,-1,-1,0,124591,0,0,86270
199900,0,0,-1,-1,-1,0,483,0,0,86271
199901,1,6,0,-1,-1,0,124588,0,0,86271
199902,0,0,-1,-1,-1,0,483,0,0,86272
199903,1,6,0,-1,-1,0,124643,0,0,86272
199904,0,0,-1,-1,-1,0,483,0,0,86273
199905,1,6,0,-1,-1,0,124626,0,0,86273
199906,0,0,-1,-1,-1,0,483,0,0,86274
199907,1,6,0,-1,-1,0,124619,0,0,86274
199908,0,0,-1,-1,-1,0,483,0,0,86275
199909,1,6,0,-1,-1,0,124620,0,0,86275
199910,0,0,-1,-1,-1,0,483,0,0,86276
199911,1,6,0,-1,-1,0,124128,0,0,86276
199912,0,0,-1,-1,-1,0,483,0,0,86277
199913,1,6,0,-1,-1,0,124624,0,0,86277
199914,0,0,-1,-1,-1,0,483,0,0,86278
199915,1,6,0,-1,-1,0,124623,0,0,86278
199916,0,0,-1,-1,-1,0,483,0,0,86279
199917,1,6,0,-1,-1,0,124641,0,0,86279
199918,0,0,-1,-1,-1,0,483,0,0,86280
199919,1,6,0,-1,-1,0,124639,0,0,86280
199920,0,0,-1,-1,-1,0,483,0,0,86281
199921,1,6,0,-1,-1,0,124640,0,0,86281
199922,0,0,-1,-1,-1,0,483,0,0,86282
199923,1,6,0,-1,-1,0,124637,0,0,86282
199924,0,0,-1,-1,-1,0,483,0,0,86283
199925,1,6,0,-1,-1,0,124644,0,0,86283
199926,0,0,-1,-1,-1,0,483,0,0,86284
199927,1,6,0,-1,-1,0,124645,0,0,86284
199928,0,0,-1,-1,-1,0,483,0,0,86285
199929,1,6,0,-1,-1,0,124628,0,0,86285
199930,0,0,-1,-1,-1,0,483,0,0,86286
199931,1,6,0,-1,-1,0,124627,0,0,86286
199932,0,0,-1,-1,-1,0,483,0,0,86287
199933,1,6,0,-1,-1,0,124578,0,0,86287
199934,0,0,-1,-1,-1,0,483,0,0,86288
199935,1,6,0,-1,-1,0,124577,0,0,86288
199936,0,0,-1,-1,-1,0,483,0,0,86289
199937,1,6,0,-1,-1,0,124576,0,0,86289
199938,0,0,-1,-1,-1,0,483,0,0,86290
199939,1,6,0,-1,-1,0,124573,0,0,86290
199940,0,0,-1,-1,-1,0,483,0,0,86291
199941,1,6,0,-1,-1,0,124574,0,0,86291
199942,0,0,-1,-1,-1,0,483,0,0,86292
199943,1,6,0,-1,-1,0,124571,0,0,86292
199944,0,0,-1,-1,-1,0,483,0,0,86293
199945,1,6,0,-1,-1,0,124575,0,0,86293
199946,0,0,-1,-1,-1,0,483,0,0,86294
199947,1,6,0,-1,-1,0,124572,0,0,86294
199948,0,0,-1,-1,-1,0,483,0,0,86295
199949,1,6,0,-1,-1,0,124129,0,0,86295
199950,0,0,-1,-1,-1,0,483,0,0,86296
199951,1,6,0,-1,-1,0,124124,0,0,86296
199952,0,0,-1,-1,-1,0,483,0,0,86297
199953,1,6,0,-1,-1,0,124642,0,0,86297
199954,0,0,-1,-1,-1,0,483,0,0,86298
199955,1,6,0,-1,-1,0,124586,0,0,86298
199956,0,0,-1,-1,-1,0,483,0,0,86299
199957,1,6,0,-1,-1,0,124585,0,0,86299
199958,0,0,-1,-1,-1,0,483,0,0,86300
199959,1,6,0,-1,-1,0,124584,0,0,86300
199960,0,0,-1,-1,-1,0,483,0,0,86301
199961,1,6,0,-1,-1,0,124581,0,0,86301
199962,0,0,-1,-1,-1,0,483,0,0,86302
199963,1,6,0,-1,-1,0,124636,0,0,86302
199964,0,0,-1,-1,-1,0,483,0,0,86303
199965,1,6,0,-1,-1,0,124582,0,0,86303
199966,0,0,-1,-1,-1,0,483,0,0,86304
199967,1,6,0,-1,-1,0,124579,0,0,86304
199968,0,0,-1,-1,-1,0,483,0,0,86305
199969,1,6,0,-1,-1,0,124583,0,0,86305
199970,0,0,-1,-1,-1,0,483,0,0,86306
199971,1,6,0,-1,-1,0,124580,0,0,86306
199972,0,0,-1,-1,-1,0,483,0,0,86307
199973,1,6,0,-1,-1,0,124125,0,0,86307
199974,0,0,-1,-1,-1,0,483,0,0,86308
199975,1,6,0,-1,-1,0,124622,0,0,86308
199976,0,0,-1,-1,-1,0,483,0,0,86309
199977,1,6,0,-1,-1,0,124621,0,0,86309
199978,0,1,0,-1,-1,0,126647,0,0,86323
199979,0,1,0,-1,-1,0,126641,0,0,86327
199980,0,1,0,-1,-1,0,126650,0,0,86332
199981,0,1,0,-1,-1,0,132602,0,0,86335
199982,0,1,0,-1,-1,0,126658,0,0,86336
199983,0,0,-1,-1,-1,0,483,0,0,86344
199984,1,6,0,-1,-1,0,125523,0,0,86344
199985,0,0,-1,-1,-1,0,483,0,0,86345
199986,1,6,0,-1,-1,0,125524,0,0,86345
199987,0,0,-1,-1,-1,0,483,0,0,86346
199988,1,6,0,-1,-1,0,125525,0,0,86346
199989,0,0,-1,-1,-1,0,483,0,0,86347
199990,1,6,0,-1,-1,0,125526,0,0,86347
199991,0,0,-1,-1,-1,0,483,0,0,86348
199992,1,6,0,-1,-1,0,125527,0,0,86348
199993,0,0,-1,-1,-1,0,483,0,0,86349
199994,1,6,0,-1,-1,0,125528,0,0,86349
199995,0,0,-1,-1,-1,0,483,0,0,86350
199996,1,6,0,-1,-1,0,125529,0,0,86350
199997,0,0,-1,-1,-1,0,483,0,0,86351
199998,1,6,0,-1,-1,0,125530,0,0,86351
199999,0,0,-1,-1,-1,0,483,0,0,86352
200000,1,6,0,-1,-1,0,125531,0,0,86352
200001,0,0,-1,-1,-1,0,483,0,0,86353
200002,1,6,0,-1,-1,0,125532,0,0,86353
200003,0,0,-1,-1,-1,0,483,0,0,86354
200004,1,6,0,-1,-1,0,125533,0,0,86354
200005,0,0,-1,-1,-1,0,483,0,0,86355
200006,1,6,0,-1,-1,0,125534,0,0,86355
200007,0,0,-1,-1,-1,0,483,0,0,86356
200008,1,6,0,-1,-1,0,125535,0,0,86356
200009,0,0,-1,-1,-1,0,483,0,0,86357
200010,1,6,0,-1,-1,0,125536,0,0,86357
200011,0,0,-1,-1,-1,0,483,0,0,86358
200012,1,6,0,-1,-1,0,125537,0,0,86358
200013,0,0,-1,-1,-1,0,483,0,0,86359
200014,1,6,0,-1,-1,0,125538,0,0,86359
200015,0,0,-1,-1,-1,0,483,0,0,86360
200016,1,6,0,-1,-1,0,125539,0,0,86360
200017,0,0,-1,-1,-1,0,483,0,0,86361
200018,1,6,0,-1,-1,0,125540,0,0,86361
200019,0,0,-1,-1,-1,0,483,0,0,86362
200020,1,6,0,-1,-1,0,125541,0,0,86362
200021,0,0,-1,-1,-1,0,483,0,0,86363
200022,1,6,0,-1,-1,0,125542,0,0,86363
200023,0,0,-1,-1,-1,0,483,0,0,86364
200024,1,6,0,-1,-1,0,125543,0,0,86364
200025,0,0,-1,-1,-1,0,483,0,0,86365
200026,1,6,0,-1,-1,0,125544,0,0,86365
200027,0,0,-1,-1,-1,0,483,0,0,86366
200028,1,6,0,-1,-1,0,125545,0,0,86366
200029,0,0,-1,-1,-1,0,483,0,0,86367
200030,1,6,0,-1,-1,0,125546,0,0,86367
200031,0,0,-1,-1,-1,0,483,0,0,86368
200032,1,6,0,-1,-1,0,125547,0,0,86368
200033,0,0,-1,-1,-1,0,483,0,0,86369
200034,1,6,0,-1,-1,0,125548,0,0,86369
200035,0,0,-1,-1,-1,0,483,0,0,86370
200036,1,6,0,-1,-1,0,125549,0,0,86370
200037,0,0,-1,-1,-1,0,483,0,0,86371
200038,1,6,0,-1,-1,0,125550,0,0,86371
200039,0,0,-1,-1,-1,0,483,0,0,86372
200040,1,6,0,-1,-1,0,125551,0,0,86372
200041,0,0,-1,-1,-1,0,483,0,0,86373
200042,1,6,0,-1,-1,0,125552,0,0,86373
200043,0,0,-1,-1,-1,0,483,0,0,86374
200044,1,6,0,-1,-1,0,125553,0,0,86374
200045,0,0,-1,-1,-1,0,483,0,0,86375
200046,1,6,0,-1,-1,0,125554,0,0,86375
200047,0,0,-1,-1,-1,0,483,0,0,86376
200048,1,6,0,-1,-1,0,125555,0,0,86376
200049,0,0,-1,-1,-1,0,483,0,0,86377
200050,1,6,0,-1,-1,0,125556,0,0,86377
200051,0,0,-1,-1,-1,0,483,0,0,86378
200052,1,6,0,-1,-1,0,125557,0,0,86378
200053,0,0,-1,-1,-1,0,483,0,0,86379
200054,1,6,0,-1,-1,0,125558,0,0,86379
200055,0,0,-1,-1,-1,0,483,0,0,86380
200056,1,6,0,-1,-1,0,125559,0,0,86380
200057,0,0,-1,-1,-1,0,483,0,0,86381
200058,1,6,0,-1,-1,0,125560,0,0,86381
200059,0,0,-1,-1,-1,0,483,0,0,86382
200060,1,6,0,-1,-1,0,125561,0,0,86382
200061,0,1,0,-1,-1,0,126660,0,0,86388
200062,0,0,-1,-1,-1,0,483,0,0,86393
200063,1,6,0,-1,-1,0,126654,0,0,86393
200064,0,0,0,1500,-1,0,125634,0,0,86425
200065,0,0,-1,600000,0,0,125686,0,0,86432
200066,0,0,0,30000,-1,0,125748,0,0,86465
200067,0,0,0,20000,-1,0,125700,0,0,86467
200068,0,0,-1,1500,-1,0,126058,0,0,86489
200069,0,0,-1,-1,1000,11,125879,0,0,86508
200070,0,0,0,20000,-1,0,125923,0,0,86511
200071,0,0,-1,-1,-1,0,125889,0,0,86512
200072,0,0,0,-1,-1,0,125989,0,0,86515
200073,0,1,0,-1,-1,0,126212,0,0,86518
200074,0,1,0,-1,-1,0,128896,0,0,86525
200075,0,1,0,-1,-1,0,128887,0,0,86526
200076,0,1,0,-1,-1,0,128853,0,0,86529
200077,0,0,0,20000,-1,0,124301,0,0,86532
200078,0,0,-1,3000,-1,0,126109,0,0,86534
200079,0,0,-1,3000,-1,0,126118,0,0,86536
200080,1,5,-1,-1,-1,0,126286,0,0,86536
200081,0,0,-1,0,0,0,483,0,0,86541
200082,1,6,-1,-1,-1,0,112661,0,0,86541
200083,0,0,-1,-1,-1,0,126182,0,0,86546
200084,0,0,-1,-1,-1,0,126180,0,0,86547
200085,0,0,-1,-1,-1,0,125889,0,0,86550
200086,0,0,-1,-1,-1,0,125889,0,0,86551
200087,0,0,-1,-1,-1,0,125889,0,0,86552
200088,0,0,-1,-1,-1,0,125889,0,0,86553
200089,0,0,-1,-1,-1,0,125889,0,0,86554
200090,0,1,0,-1,-1,0,130147,0,0,86558
200091,0,1,0,-1,-1,0,130145,0,0,86559
200092,0,0,-1,-1,-1,0,19886,0,0,86561
200093,0,0,-1,-1,-1,0,55884,0,0,86562
200094,1,6,0,-1,-1,0,126247,0,0,86562
200095,0,0,-1,-1,-1,0,55884,0,0,86563
200096,1,6,0,-1,-1,0,126249,0,0,86563
200097,0,0,-1,-1,-1,0,55884,0,0,86564
200098,1,6,0,-1,-1,0,126251,0,0,86564
200099,0,0,0,120000,-1,0,126318,0,0,86565
200100,0,1,0,-1,-1,0,126342,0,0,86566
200101,0,0,0,120000,-1,0,126555,0,0,86567
200102,0,0,0,7200000,-1,0,127207,0,0,86568
200103,0,0,0,900000,3000,79,127230,0,0,86569
200104,0,0,0,3600000,-1,0,127233,0,0,86570
200105,1,1,0,-1,-1,0,130119,0,0,86570
200106,0,0,0,3600000,-1,0,127261,0,0,86571
200107,0,0,0,3600000,-1,0,127247,0,0,86572
200108,1,1,0,-1,-1,0,130067,0,0,86572
200109,0,0,0,1800000,-1,0,127249,0,0,86573
200110,0,0,-1,-1,-1,0,127250,0,0,86574
200111,0,0,0,600000,-1,0,129861,0,0,86575
200112,0,0,0,3600000,-1,0,127265,0,0,86576
200113,1,1,0,-1,-1,0,130070,0,0,86576
200114,0,0,0,300000,300000,2498,127266,0,0,86577
200115,0,0,0,300000,-1,0,127269,0,0,86578
200116,0,0,0,120000,-1,0,127282,0,0,86579
200117,0,0,0,3600000,-1,0,127284,0,0,86580
200118,0,0,0,600000,-1,0,127292,0,0,86581
200119,0,0,0,3600000,-1,0,127285,0,0,86582
200120,0,0,0,600000,-1,0,129864,0,0,86583
200121,0,0,0,900000,-1,0,129787,0,0,86584
200122,0,1,0,-1,-1,0,129737,0,0,86585
200123,0,0,0,60000,-1,0,129836,0,0,86586
200124,0,0,0,3600000,-1,0,130146,0,0,86587
200125,1,1,0,-1,-1,0,130156,0,0,86587
200126,0,0,0,1800000,-1,0,129694,0,0,86588
200127,0,0,0,3600000,-1,0,129803,0,0,86589
200128,0,0,0,3600000,-1,0,127318,0,0,86590
200129,0,0,0,7200000,-1,0,127320,0,0,86591
200130,0,0,-1,604800000,-1,0,127322,0,0,86592
200131,0,0,0,3600000,-1,0,127323,0,0,86593
200132,0,0,0,7200000,-1,0,127325,0,0,86594
200133,0,0,0,300000,-1,0,42766,0,0,86596
200134,0,0,-1,-1,-1,0,128286,0,0,86597
200135,0,0,-1,-1,-1,0,131464,0,0,86599
200136,0,0,50,30000,0,0,126294,0,0,86607
200137,0,0,0,60000,15000,1141,126599,0,0,86771
200138,0,0,0,60000,15000,1141,126599,0,0,86772
200139,0,0,0,60000,15000,1141,126605,0,0,86773
200140,0,0,0,60000,15000,1141,126606,0,0,86774
200141,0,0,0,60000,15000,1141,126597,0,0,86775
200142,0,1,0,-1,-1,0,126534,0,0,86790
200143,0,1,0,-1,-1,0,126552,0,0,86791
200144,0,1,0,-1,-1,0,126579,0,0,86792
200145,0,1,0,-1,-1,0,126583,0,0,86802
200146,0,1,0,-1,-1,0,126590,0,0,86805
200147,0,1,0,-1,-1,0,132602,0,0,86865
200148,0,1,0,-1,-1,0,126647,0,0,86881
200149,0,1,0,-1,-1,0,126641,0,0,86885
200150,0,1,0,-1,-1,0,126650,0,0,86890
200151,0,1,0,-1,-1,0,132602,0,0,86893
200152,0,1,0,-1,-1,0,126658,0,0,86894
200153,0,1,0,-1,-1,0,126660,0,0,86907
200154,0,1,0,-1,-1,0,132602,0,0,86990
200155,0,1,0,-1,-1,0,126552,0,0,87057
200156,0,1,0,-1,-1,0,126534,0,0,87063
200157,0,1,0,-1,-1,0,126579,0,0,87065
200158,0,1,0,-1,-1,0,126583,0,0,87072
200159,0,1,0,-1,-1,0,126590,0,0,87075
200160,0,0,0,60000,15000,1141,126599,0,0,87079
200161,0,0,0,60000,15000,1141,126605,0,0,87080
200162,0,0,0,60000,15000,1141,126606,0,0,87081
200163,0,0,0,60000,15000,1141,126599,0,0,87082
200164,0,0,0,60000,15000,1141,126597,0,0,87083
200165,0,1,0,-1,-1,0,126647,0,0,87160
200166,0,1,0,-1,-1,0,126641,0,0,87163
200167,0,1,0,-1,-1,0,126650,0,0,87167
200168,0,1,0,-1,-1,0,132602,0,0,87170
200169,0,1,0,-1,-1,0,126658,0,0,87172
200170,0,1,0,-1,-1,0,126660,0,0,87175
200171,0,0,0,-1,-1,0,126372,0,0,87202
200172,0,0,1,-1,-1,0,126448,0,0,87212
200173,0,1,0,-1,-1,0,126457,0,0,87213
200174,0,0,0,14400000,0,0,126459,0,0,87214
200175,0,0,0,900000,-1,0,126755,0,0,87215
200176,0,0,-20,300000,0,0,126462,0,0,87216
200177,0,0,-1,-1,-1,11,126492,0,0,87226
200178,0,0,-1,-1,-1,0,483,0,0,87227
200179,1,6,0,-1,-1,0,125141,0,0,87227
200180,0,0,-1,-1,-1,11,126494,0,0,87228
200181,0,0,-1,-1,-1,0,483,0,0,87229
200182,1,6,0,-1,-1,0,125142,0,0,87229
200183,0,0,-1,-1,-1,11,126495,0,0,87230
200184,0,0,-1,-1,-1,0,483,0,0,87231
200185,1,6,0,-1,-1,0,125594,0,0,87231
200186,0,0,-1,-1,-1,11,126496,0,0,87232
200187,0,0,-1,-1,-1,0,483,0,0,87233
200188,1,6,0,-1,-1,0,125595,0,0,87233
200189,0,0,-1,-1,-1,11,126497,0,0,87234
200190,0,0,-1,-1,-1,0,483,0,0,87235
200191,1,6,0,-1,-1,0,125596,0,0,87235
200192,0,0,-1,-1,-1,11,126498,0,0,87236
200193,0,0,-1,-1,-1,0,483,0,0,87237
200194,1,6,0,-1,-1,0,125597,0,0,87237
200195,0,0,-1,-1,-1,11,126499,0,0,87238
200196,0,0,-1,-1,-1,0,483,0,0,87239
200197,1,6,0,-1,-1,0,125598,0,0,87239
200198,0,0,-1,-1,-1,11,126500,0,0,87240
200199,0,0,-1,-1,-1,0,483,0,0,87241
200200,1,6,0,-1,-1,0,125599,0,0,87241
200201,0,0,-1,-1,-1,11,126501,0,0,87242
200202,0,0,-1,-1,-1,0,483,0,0,87243
200203,1,6,0,-1,-1,0,125600,0,0,87243
200204,0,0,-1,-1,-1,11,126502,0,0,87244
200205,0,0,-1,-1,-1,0,483,0,0,87245
200206,1,6,0,-1,-1,0,125601,0,0,87245
200207,0,0,-1,-1,-1,11,126503,0,0,87246
200208,0,0,-1,-1,-1,0,483,0,0,87247
200209,1,6,0,-1,-1,0,125602,0,0,87247
200210,0,0,-1,-1,-1,11,126504,0,0,87248
200211,0,0,-1,-1,-1,0,483,0,0,87249
200212,1,6,0,-1,-1,0,125603,0,0,87249
200213,0,0,-1,-1,3000,330,55884,0,0,87250
200214,1,6,0,-1,-1,0,126507,0,0,87250
200215,0,0,-1,-1,3000,330,55884,0,0,87251
200216,1,6,0,-1,-1,0,126508,0,0,87251
200217,0,0,-1,900000,0,0,126509,0,0,87252
200218,0,0,0,1800000,0,11,126547,0,0,87253
200219,0,0,-1,-1,-1,0,126589,0,0,87257
200220,0,0,-1,-1,-1,0,126587,0,0,87258
200221,0,0,-1,-1,-1,0,126586,0,0,87259
200222,0,0,-1,-1,-1,11,126144,0,0,87264
200223,0,0,-1,-1,-1,0,483,0,0,87266
200224,1,6,0,-1,-1,0,126655,0,0,87266
200225,0,0,-1,0,0,0,483,0,0,87276
200226,1,6,-1,-1,-1,0,126684,0,0,87276
200227,0,0,-1,0,0,0,483,0,0,87277
200228,1,6,-1,-1,-1,0,126695,0,0,87277
200229,0,0,-1,0,0,0,483,0,0,87278
200230,1,6,-1,-1,-1,0,126699,0,0,87278
200231,0,0,-1,0,0,0,483,0,0,87279
200232,1,6,-1,-1,-1,0,126703,0,0,87279
200233,0,0,-1,1000,1000,0,126787,0,0,87388
200234,0,0,-1,1000,1000,0,126843,0,0,87390
200235,0,0,-1,0,0,0,483,0,0,87392
200236,1,6,-1,-1,-1,0,126797,0,0,87392
200237,0,0,-1,0,0,0,483,0,0,87393
200238,1,6,-1,-1,-1,0,126798,0,0,87393
200239,0,0,0,-1,-1,0,126825,0,0,87394
200240,0,0,0,-1,-1,0,126845,0,0,87400
200241,0,0,-1,-1,-1,0,483,0,0,87408
200242,1,6,0,-1,-1,0,126850,0,0,87408
200243,0,0,-1,-1,-1,0,483,0,0,87409
200244,1,6,0,-1,-1,0,126851,0,0,87409
200245,0,0,-1,-1,-1,0,483,0,0,87410
200246,1,6,0,-1,-1,0,126852,0,0,87410
200247,0,0,-1,-1,-1,0,483,0,0,87411
200248,1,6,0,-1,-1,0,126853,0,0,87411
200249,0,0,-1,-1,-1,0,483,0,0,87412
200250,1,6,0,-1,-1,0,126854,0,0,87412
200251,0,0,-1,-1,-1,0,483,0,0,87413
200252,1,6,0,-1,-1,0,126855,0,0,87413
200253,0,0,0,120000,20000,1141,127575,0,0,87495
200254,0,0,0,90000,10000,1141,127577,0,0,87496
200255,0,1,0,0,0,0,127573,0,0,87497
200256,0,0,0,120000,0,0,127570,0,0,87498
200257,0,0,0,120000,20000,1141,127569,0,0,87499
200258,0,0,0,120000,20000,1141,127549,0,0,87500
200259,0,0,0,60000,-1,0,53440,0,0,87523
200260,0,0,0,60000,-1,0,53440,0,0,87525
200261,0,0,-1,-1,-1,0,55884,0,0,87526
200262,1,6,0,-1,-1,0,126885,0,0,87526
200263,0,0,0,3600000,-1,0,127145,0,0,87528
200264,0,0,-1,1800000,0,0,127145,0,0,87529
200265,0,0,-1,1800000,1800000,0,126956,0,0,87548
200266,0,0,-1,1800000,1800000,0,126957,0,0,87549
200267,0,0,0,30000,-1,0,126987,0,0,87558
200268,0,0,-1,-1,-1,0,121195,0,0,87559
200269,0,0,-1,-1,-1,0,121194,0,0,87560
200270,0,0,0,30000,-1,0,43873,0,0,87569
200271,1,0,0,600000,60000,94,50070,0,0,87570
200272,0,0,0,120000,20000,1141,127967,0,0,87571
200273,0,1,0,-1,-1,0,127924,0,0,87572
200274,0,1,0,0,0,0,127914,0,0,87573
200275,0,1,0,0,0,0,127926,0,0,87574
200276,0,0,0,600000,60000,94,101286,0,0,87575
200277,0,0,0,600000,60000,94,101285,0,0,87576
200278,0,0,-1,-1,-1,0,127012,0,0,87577
200279,0,0,-1,-1,-1,0,127013,0,0,87578
200280,0,0,-1,-1,-1,0,127014,0,0,87579
200281,0,0,-1,-1,-1,0,127015,0,0,87580
200282,0,0,-1,-1,-1,0,113048,0,0,87581
200283,0,0,-1,-1,-1,0,113045,0,0,87582
200284,0,0,-1,-1,-1,0,113044,0,0,87583
200285,0,0,-1,-1,-1,0,113046,0,0,87584
200286,0,0,-1,-1,-1,0,113047,0,0,87585
200287,0,0,-1,10000,0,0,130918,0,0,87647
200288,0,0,-1,60000,-1,0,130957,0,0,87648
200289,0,0,-1,-1,-1,0,127031,0,0,87658
200290,0,0,-1,-1,-1,0,127032,0,0,87659
200291,0,0,-1,-1,-1,0,127033,0,0,87660
200292,0,0,-1,-1,-1,0,127034,0,0,87661
200293,0,0,-1,-1,-1,0,127035,0,0,87662
200294,0,0,-1,-1,-1,0,127036,0,0,87663
200295,0,0,-1,-1,-1,0,127037,0,0,87664
200296,0,0,-1,-1,-1,0,127038,0,0,87665
200297,0,0,-1,-1,-1,0,127039,0,0,87666
200298,0,0,-1,-1,-1,0,127040,0,0,87667
200299,0,0,-1,-1,-1,0,127042,0,0,87669
200300,0,0,-1,-1,-1,0,127043,0,0,87670
200301,0,0,-1,-1,-1,0,127044,0,0,87671
200302,0,0,-1,-1,-1,0,127045,0,0,87672
200303,0,0,-1,-1,-1,0,127046,0,0,87673
200304,0,0,-1,-1,-1,0,127051,0,0,87678
200305,0,0,-1,-1,-1,0,127052,0,0,87679
200306,0,0,-1,-1,-1,0,127053,0,0,87680
200307,0,0,-1,-1,-1,0,127054,0,0,87681
200308,0,0,-1,-1,-1,0,127055,0,0,87682
200309,0,0,-1,-1,-1,0,127056,0,0,87683
200310,0,0,-1,-1,-1,0,127057,0,0,87684
200311,0,0,-1,-1,-1,0,127058,0,0,87685
200312,0,0,-1,-1,-1,0,127059,0,0,87686
200313,0,0,-1,-1,-1,0,127060,0,0,87687
200314,0,0,-1,-1,-1,0,127062,0,0,87689
200315,0,0,-1,-1,-1,0,483,0,0,87738
200316,1,6,0,-1,-1,0,127115,0,0,87738
200317,0,0,-1,-1,-1,0,483,0,0,87739
200318,1,6,0,-1,-1,0,127116,0,0,87739
200319,0,0,-1,-1,-1,0,483,0,0,87740
200320,1,6,0,-1,-1,0,127117,0,0,87740
200321,0,0,-1,-1,-1,0,483,0,0,87741
200322,1,6,0,-1,-1,0,127118,0,0,87741
200323,0,0,-1,-1,-1,0,483,0,0,87742
200324,1,6,0,-1,-1,0,127119,0,0,87742
200325,0,0,-1,-1,-1,0,483,0,0,87743
200326,1,6,0,-1,-1,0,127120,0,0,87743
200327,0,0,-1,-1,-1,0,483,0,0,87744
200328,1,6,0,-1,-1,0,127121,0,0,87744
200329,0,0,-1,-1,-1,0,483,0,0,87745
200330,1,6,0,-1,-1,0,127122,0,0,87745
200331,0,0,-1,-1,-1,0,483,0,0,87746
200332,1,6,0,-1,-1,0,127123,0,0,87746
200333,0,0,-1,-1,-1,0,483,0,0,87747
200334,1,6,0,-1,-1,0,127124,0,0,87747
200335,0,0,-1,-1,-1,0,483,0,0,87748
200336,1,6,0,-1,-1,0,109099,0,0,87748
200337,0,0,-1,-1,-1,0,483,0,0,87750
200338,1,6,0,-1,-1,0,127127,0,0,87750
200339,0,0,-1,-1,-1,0,483,0,0,87751
200340,1,6,0,-1,-1,0,127128,0,0,87751
200341,0,0,-1,-1,-1,0,483,0,0,87752
200342,1,6,0,-1,-1,0,127129,0,0,87752
200343,0,0,-1,-1,-1,0,483,0,0,87753
200344,1,6,0,-1,-1,0,127130,0,0,87753
200345,0,0,-1,-1,-1,0,483,0,0,87754
200346,1,6,0,-1,-1,0,127131,0,0,87754
200347,0,0,-1,-1,-1,0,483,0,0,87755
200348,1,6,0,-1,-1,0,127132,0,0,87755
200349,0,0,-1,-1,-1,0,483,0,0,87756
200350,1,6,0,-1,-1,0,127133,0,0,87756
200351,0,0,-1,-1,-1,0,483,0,0,87757
200352,1,6,0,-1,-1,0,127134,0,0,87757
200353,0,0,-1,-1,-1,0,483,0,0,87758
200354,1,6,0,-1,-1,0,127135,0,0,87758
200355,0,0,-1,-1,-1,0,483,0,0,87759
200356,1,6,0,-1,-1,0,127136,0,0,87759
200357,0,0,-1,-1,-1,0,483,0,0,87760
200358,1,6,0,-1,-1,0,127137,0,0,87760
200359,0,0,-1,-1,-1,0,483,0,0,87761
200360,1,6,0,-1,-1,0,127138,0,0,87761
200361,0,0,-1,-1,-1,0,483,0,0,87762
200362,1,6,0,-1,-1,0,127139,0,0,87762
200363,0,0,-1,30000,-1,0,127141,0,0,87763
200364,0,0,-1,1000,-1,0,128227,0,0,87764
200365,0,0,-1,-1,3000,330,55884,0,0,87768
200366,1,6,0,-1,-1,0,127154,0,0,87768
200367,2,5,0,-1,-1,0,135930,0,0,87768
200368,0,0,-1,-1,3000,330,55884,0,0,87769
200369,1,6,0,-1,-1,0,127156,0,0,87769
200370,2,5,0,-1,-1,0,135930,0,0,87769
200371,0,0,-1,-1,3000,330,55884,0,0,87771
200372,1,6,0,-1,-1,0,127158,0,0,87771
200373,2,5,0,-1,-1,0,135930,0,0,87771
200374,0,0,-1,-1,3000,330,55884,0,0,87773
200375,1,6,0,-1,-1,0,127161,0,0,87773
200376,2,5,0,-1,-1,0,135930,0,0,87773
200377,0,0,-1,-1,3000,330,55884,0,0,87774
200378,1,6,0,-1,-1,0,127164,0,0,87774
200379,2,5,0,-1,-1,0,135930,0,0,87774
200380,0,0,-1,-1,3000,330,55884,0,0,87775
200381,1,6,0,-1,-1,0,127165,0,0,87775
200382,2,5,0,-1,-1,0,135930,0,0,87775
200383,0,0,-1,-1,3000,330,55884,0,0,87776
200384,1,6,0,-1,-1,0,127169,0,0,87776
200385,2,5,0,-1,-1,0,135930,0,0,87776
200386,0,0,-1,-1,3000,330,55884,0,0,87777
200387,1,6,0,-1,-1,0,127170,0,0,87777
200388,2,5,0,-1,-1,0,135930,0,0,87777
200389,0,0,-1,1500,-1,0,127173,0,0,87779
200390,0,0,0,3600000,-1,0,127464,0,0,87780
200391,1,1,0,-1,-1,0,130108,0,0,87780
200392,0,0,-1,-1,3000,330,55884,0,0,87781
200393,1,6,0,-1,-1,0,127174,0,0,87781
200394,0,0,-1,-1,3000,330,55884,0,0,87782
200395,1,6,0,-1,-1,0,127176,0,0,87782
200396,0,0,-1,-1,3000,330,55884,0,0,87783
200397,1,6,0,-1,-1,0,127177,0,0,87783
200398,0,0,-1,-1,3000,330,55884,0,0,87784
200399,1,6,0,-1,-1,0,127178,0,0,87784
200400,0,0,-1,-1,3000,330,55884,0,0,87785
200401,1,6,0,-1,-1,0,127180,0,0,87785
200402,0,0,-1,-1,3000,330,55884,0,0,87786
200403,1,6,0,-1,-1,0,127209,0,0,87786
200404,0,0,-1,-1,3000,330,55884,0,0,87787
200405,1,6,0,-1,-1,0,127213,0,0,87787
200406,0,0,-1,-1,3000,330,55884,0,0,87788
200407,1,6,0,-1,-1,0,127216,0,0,87788
200408,0,0,-1,-1,3000,330,55884,0,0,87789
200409,1,6,0,-1,-1,0,127220,0,0,87789
200410,0,0,-1,-1,3000,330,55884,0,0,87791
200411,1,6,0,-1,-1,0,127271,0,0,87791
200412,0,0,-1,-1,3000,330,55884,0,0,87792
200413,1,6,0,-1,-1,0,127272,0,0,87792
200414,0,0,-1,-1,3000,330,55884,0,0,87793
200415,1,6,0,-1,-1,0,127274,0,0,87793
200416,0,0,-1,-1,3000,330,55884,0,0,87794
200417,1,6,0,-1,-1,0,127278,0,0,87794
200418,0,0,-1,-1,3000,330,55884,0,0,87795
200419,1,6,0,-1,-1,0,127286,0,0,87795
200420,0,0,-1,-1,3000,330,55884,0,0,87796
200421,1,6,0,-1,-1,0,127287,0,0,87796
200422,0,0,-1,-1,3000,330,55884,0,0,87797
200423,1,6,0,-1,-1,0,127288,0,0,87797
200424,0,0,-1,-1,3000,330,55884,0,0,87799
200425,1,6,0,-1,-1,0,127289,0,0,87799
200426,0,0,-1,-1,3000,330,55884,0,0,87800
200427,1,6,0,-1,-1,0,127290,0,0,87800
200428,0,0,-1,-1,3000,330,55884,0,0,87801
200429,1,6,0,-1,-1,0,127293,0,0,87801
200430,0,0,-1,-1,3000,330,55884,0,0,87802
200431,1,6,0,-1,-1,0,127295,0,0,87802
200432,0,0,-1,-1,3000,330,55884,0,0,87803
200433,1,6,0,-1,-1,0,127302,0,0,87803
200434,0,0,-1,-1,3000,330,55884,0,0,87804
200435,1,6,0,-1,-1,0,127308,0,0,87804
200436,0,0,-1,-1,3000,330,55884,0,0,87805
200437,1,6,0,-1,-1,0,127310,0,0,87805
200438,0,0,-1,-1,-1,0,128908,0,0,87806
200439,0,0,0,1000,-1,0,127354,0,0,87807
200440,0,0,-3,-1,-1,0,127469,0,0,87816
200441,0,0,-1,-1,-1,0,483,0,0,87829
200442,1,6,0,-1,-1,0,127475,0,0,87829
200443,0,0,-1,-1,-1,0,483,0,0,87830
200444,1,6,0,-1,-1,0,128940,0,0,87830
200445,0,0,0,-1,-1,0,127506,0,0,87841
200446,0,0,-1,0,1000,79,127563,0,0,87872
200447,0,0,-1,0,0,0,483,0,0,87875
200448,1,6,-1,-1,-1,0,126134,0,0,87875
200449,0,0,-1,0,0,0,483,0,0,87880
200450,1,6,-1,-1,-1,0,125654,0,0,87880
200451,0,0,-1,0,0,0,483,0,0,87881
200452,1,6,-1,-1,-1,0,125932,0,0,87881
200453,0,0,-1,0,0,0,483,0,0,87882
200454,1,6,-1,-1,-1,0,123404,0,0,87882
200455,0,0,-1,0,0,0,483,0,0,87883
200456,1,6,-1,-1,-1,0,125739,0,0,87883
200457,0,0,-1,0,0,0,483,0,0,87884
200458,1,6,-1,-1,-1,0,125661,0,0,87884
200459,0,0,-1,0,0,0,483,0,0,87885
200460,1,6,-1,-1,-1,0,125152,0,0,87885
200461,0,0,-1,0,0,0,483,0,0,87886
200462,1,6,-1,-1,-1,0,123406,0,0,87886
200463,0,0,-1,0,0,0,483,0,0,87887
200464,1,6,-1,-1,-1,0,125155,0,0,87887
200465,0,0,-1,0,0,0,483,0,0,87888
200466,1,6,-1,-1,-1,0,125874,0,0,87888
200467,0,0,-1,0,0,0,483,0,0,87889
200468,1,6,-1,-1,-1,0,125903,0,0,87889
200469,0,0,-1,0,0,0,483,0,0,87890
200470,1,6,-1,-1,-1,0,125894,0,0,87890
200471,0,0,-1,0,0,0,483,0,0,87891
200472,1,6,-1,-1,-1,0,125677,0,0,87891
200473,0,0,-1,0,0,0,483,0,0,87892
200474,1,6,-1,-1,-1,0,125672,0,0,87892
200475,0,0,-1,0,0,0,483,0,0,87893
200476,1,6,-1,-1,-1,0,125161,0,0,87893
200477,0,0,-1,0,0,0,483,0,0,87894
200478,1,6,-1,-1,-1,0,124147,0,0,87894
200479,0,0,-1,0,0,0,483,0,0,87895
200480,1,6,-1,-1,-1,0,124990,0,0,87895
200481,0,0,-1,0,0,0,483,0,0,87896
200482,1,6,-1,-1,-1,0,124971,0,0,87896
200483,0,0,-1,0,0,0,483,0,0,87897
200484,1,6,-1,-1,-1,0,125756,0,0,87897
200485,0,0,-1,0,0,0,483,0,0,87898
200486,1,6,-1,-1,-1,0,125675,0,0,87898
200487,0,0,-1,0,0,0,483,0,0,87899
200488,1,6,-1,-1,-1,0,125170,0,0,87899
200489,0,0,-1,0,0,0,483,0,0,87900
200490,1,6,-1,-1,-1,0,125679,0,0,87900
200491,0,0,-1,0,0,0,483,0,0,87901
200492,1,6,-1,-1,-1,0,125670,0,0,87901
200493,0,0,-1,0,0,0,483,0,0,87902
200494,1,6,-1,-1,-1,0,126134,0,0,87902
200495,0,0,-1,-1,-1,0,55884,0,0,88147
200496,1,6,0,-1,-1,0,127815,0,0,88147
200497,0,0,-1,-1,-1,0,55884,0,0,88148
200498,1,6,0,-1,-1,0,127816,0,0,88148
200499,0,2,0,-1,-1,0,127890,0,0,88149
200500,0,1,0,-1,-1,0,124489,0,0,88171
200501,0,1,0,-1,-1,0,124489,0,0,88176
200502,0,0,0,90000,15000,1141,126484,0,0,88294
200503,0,1,0,0,-1,0,126490,0,0,88355
200504,0,0,0,120000,20000,1141,126519,0,0,88358
200505,0,1,0,-1,-1,0,126468,0,0,88360
200506,0,0,0,300000,60000,1141,127789,0,0,88368
200507,1,1,0,-1,-1,0,128529,0,0,88368
200508,0,0,0,120000,60000,1141,127793,0,0,88369
200509,0,0,0,600000,0,0,127829,0,0,88370
200510,0,1,0,0,0,0,128520,0,0,88371
200511,1,0,0,300000,0,0,127721,0,0,88371
200512,0,0,0,3600000,0,0,127800,0,0,88375
200513,0,1,0,0,0,0,128522,0,0,88376
200514,1,0,0,300000,0,0,127819,0,0,88376
200515,0,0,0,300000,0,0,127803,0,0,88377
200516,0,1,0,0,0,0,128525,0,0,88378
200517,1,0,0,120000,0,0,127763,0,0,88378
200518,0,0,-1,0,1000,11,127843,0,0,88379
200519,0,0,0,1200000,0,0,127772,0,0,88380
200520,0,0,0,1200000,0,0,127771,0,0,88381
200521,0,0,-1,600000,600000,4,127770,0,0,88382
200522,0,0,0,600000,0,0,128081,0,0,88384
200523,0,0,0,600000,0,0,128018,0,0,88385
200524,0,0,0,600000,0,0,127864,0,0,88386
200525,0,0,0,600000,0,0,127874,0,0,88387
200526,0,0,-1,0,1000,11,127882,0,0,88388
200527,0,0,-1,0,1000,11,104934,0,0,88398
200528,0,0,-1,0,60000,4,105708,0,0,88416
200529,0,0,0,1800000,-1,0,128150,0,0,88417
200530,0,0,-1,1000,-1,0,128225,0,0,88487
200531,0,0,-1,1000,-1,0,128227,0,0,88489
200532,0,0,-1,0,0,0,128295,0,0,88490
200533,0,0,-1,1000,-1,0,128228,0,0,88491
200534,0,0,-1,0,1000,59,128290,0,0,88492
200535,0,0,-1,1000,-1,0,128229,0,0,88493
200536,0,0,-1,0,1000,59,128308,0,0,88529
200537,0,0,-1,0,1000,59,128307,0,0,88530
200538,0,0,0,600000,1000,59,11009,0,0,88531
200539,0,0,-1,-1,1000,59,118358,0,0,88532
200540,0,0,0,300000,-1,0,128329,0,0,88535
200541,0,0,0,7200000,-1,0,129023,0,0,88566
200542,0,0,0,3600000,0,0,128321,0,0,88576
200543,0,0,0,120000,60000,1141,127858,0,0,88577
200544,0,0,-1,0,1000,59,128337,0,0,88578
200545,0,0,0,3600000,0,0,128320,0,0,88579
200546,0,0,0,1200000,0,0,128328,0,0,88580
200547,0,0,0,3600000,0,0,128363,0,0,88581
200548,0,0,0,3600000,0,0,128364,0,0,88582
200549,0,0,0,180000,60000,1141,128365,0,0,88583
200550,0,0,0,3600000,0,0,128180,0,0,88584
200551,0,1,0,0,0,0,128387,0,0,88585
200552,0,0,-1,0,1000,11,128367,0,0,88586
200553,0,0,0,600000,0,0,128327,0,0,88587
200554,0,0,0,600000,0,0,128274,0,0,88588
200555,0,0,0,300000,0,0,128275,0,0,88589
200556,0,0,0,120000,60000,1141,128191,0,0,88590
200557,0,0,-1,-1,-1,0,128366,0,0,88604
200558,0,1,0,-1,-1,0,102776,0,0,88634
200559,0,1,0,-1,-1,0,102778,0,0,88636
200560,0,1,0,-1,-1,0,102776,0,0,88639
200561,0,1,0,-1,-1,0,102743,0,0,88642
200562,0,1,0,-1,-1,0,102777,0,0,88644
200563,0,1,0,-1,-1,0,102780,0,0,88647
200564,0,0,0,28800000,0,0,128507,0,0,88669
200565,0,1,0,0,0,0,7823,0,0,88710
200566,1,0,0,600000,-1,0,128587,0,0,88710
200567,0,0,0,300000,0,0,129339,0,0,88801
200568,0,0,0,1800000,0,0,128797,0,0,88802
200569,0,1,0,-1,-1,0,24346,0,0,88840
200570,0,1,0,-1,-1,0,24346,0,0,88841
200571,0,1,0,-1,-1,0,24346,0,0,88842
200572,0,1,0,-1,-1,0,24346,0,0,88843
200573,0,1,0,-1,-1,0,24346,0,0,88844
200574,0,0,0,2000,-1,0,129089,0,0,88966
200575,0,0,0,60000,60000,1141,129115,0,0,88995
200576,0,5,-1,1000,-1,0,129201,0,0,89053
200577,0,0,0,60000,15000,1141,126597,0,0,89079
200578,0,0,0,60000,15000,1141,126606,0,0,89080
200579,0,0,0,60000,15000,1141,126605,0,0,89081
200580,0,0,0,60000,15000,1141,126599,0,0,89082
200581,0,0,0,60000,15000,1141,129812,0,0,89083
200582,0,0,-1,1000,-1,0,129352,0,0,89112
200583,0,0,0,3000,3000,0,129350,0,0,89113
200584,0,0,0,6000,-1,0,129362,0,0,89123
200585,0,5,0,-1,-1,0,81040,0,0,89124
200586,0,0,-1,1500,1500,133,143508,0,0,89125
200587,0,0,0,1500,-1,0,129417,0,0,89139
200588,0,0,-1,-1,3000,330,55884,0,0,89154
200589,1,6,0,-1,-1,0,129552,0,0,89154
200590,0,0,-2,0,0,0,129586,0,0,89163
200591,0,0,0,-1,180000,1246,129624,0,0,89196
200592,0,0,-1,-1,-1,0,129623,0,0,89197
200593,0,0,-1,-1,-1,0,129628,0,0,89202
200594,0,0,0,180000,0,0,129635,0,0,89205
200595,0,0,0,600000,0,0,129312,0,0,89222
200596,0,0,-1,30000,0,0,129336,0,0,89223
200597,0,0,-1,30000,0,0,129435,0,0,89224
200598,0,0,-1,600000,0,0,129337,0,0,89225
200599,0,0,-1,600000,0,0,129436,0,0,89227
200600,0,0,-1,1000,0,0,129498,0,0,89230
200601,0,0,0,60000,0,0,129554,0,0,89232
200602,0,0,-1,-1,-1,0,129863,0,0,89233
200603,0,0,-1,60000,0,0,129892,0,0,89301
200604,0,0,-1,60000,0,0,129893,0,0,89302
200605,0,0,-1,60000,0,0,129894,0,0,89303
200606,0,0,-1,-1,3000,330,55884,0,0,89304
200607,1,6,0,-1,-1,0,129918,0,0,89304
200608,2,5,0,-1,-1,0,135930,0,0,89304
200609,0,0,-1,-1,3000,330,55884,0,0,89305
200610,1,6,0,-1,-1,0,129932,0,0,89305
200611,0,0,-1,-1,3000,330,55884,0,0,89306
200612,1,6,0,-1,-1,0,129935,0,0,89306
200613,0,0,-1,-1,3000,330,55884,0,0,89307
200614,1,6,0,-1,-1,0,129934,0,0,89307
200615,0,0,-1,-1,-1,0,129974,0,0,89326
200616,0,0,-1,-1,-1,0,129976,0,0,89328
200617,0,0,-1,0,0,0,129978,0,0,89329
200618,0,0,-1,-1,3000,330,55884,0,0,89362
200619,1,6,0,-1,-1,0,130086,0,0,89362
200620,0,0,-1,-1,3000,330,55884,0,0,89363
200621,1,6,0,0,0,0,130092,0,0,89363
200622,0,0,-3,1800000,-1,0,127326,0,0,89365
200623,1,1,0,-1,-1,0,130112,0,0,89365
200624,0,0,0,10000,-1,0,123193,0,0,89366
200625,0,0,-1,1000,-1,0,55884,0,0,89367
200626,1,6,0,-1,-1,0,127006,0,0,89367
200627,0,0,-1,1000,-1,0,55884,0,0,89368
200628,1,6,0,-1,-1,0,127008,0,0,89368
200629,0,0,-3,600000,0,0,130121,0,0,89373
200630,0,0,-1,-1,3000,330,55884,0,0,89390
200631,1,6,0,-1,-1,0,130137,0,0,89390
200632,0,0,-1,-1,3000,330,55884,0,0,89391
200633,1,6,0,-1,-1,0,130138,0,0,89391
200634,0,1,-1,-1,-1,0,109239,0,0,89563
200635,0,0,-1,-1,-1,0,55884,0,0,89587
200636,1,6,0,-1,-1,0,118414,0,0,89587
200637,0,0,-1,0,1000,11,130359,0,0,89588
200638,0,0,-1,0,1000,11,130360,0,0,89589
200639,0,0,-1,0,1000,11,130361,0,0,89590
200640,0,0,-1,0,1000,11,130362,0,0,89591
200641,0,0,-1,0,1000,11,130363,0,0,89592
200642,0,0,-1,0,1000,11,130364,0,0,89593
200643,0,0,-1,0,1000,11,130365,0,0,89594
200644,0,0,-1,0,1000,11,130366,0,0,89595
200645,0,0,-1,0,1000,11,130367,0,0,89596
200646,0,0,-1,0,1000,11,130368,0,0,89597
200647,0,0,-1,0,1000,11,130369,0,0,89598
200648,0,0,-1,0,1000,11,130370,0,0,89599
200649,0,0,-1,0,1000,11,130371,0,0,89600
200650,0,0,-1,0,1000,11,130372,0,0,89601
200651,0,0,0,10000,-1,0,130373,0,0,89602
200652,0,0,0,1500,-1,0,130415,0,0,89605
200653,0,1,0,-1,-1,0,130484,0,0,89611
200654,1,0,0,600000,600000,94,130486,0,0,89611
200655,0,0,0,-1,-1,0,130469,0,0,89612
200656,0,0,0,3600000,0,0,130505,0,0,89614
200657,0,0,0,-1,-1,0,130546,0,0,89624
200658,0,0,-1,0,60000,4,130649,0,0,89640
200659,0,0,-1,0,60000,4,130650,0,0,89641
200660,0,0,-3,3000,0,2497,130678,0,0,89682
200661,0,0,-1,-1,-1,0,11009,0,0,89683
200662,0,0,-1,-1,-1,0,55884,0,0,89686
200663,1,6,0,-1,-1,0,130726,0,0,89686
200664,0,0,-3,3000,-1,0,130730,0,0,89697
200665,0,0,-1,0,0,0,130749,0,0,89717
200666,0,0,0,-1,-1,0,130747,0,0,89722
200667,0,0,-1,-1,-1,0,55884,0,0,89736
200668,1,6,0,-1,-1,0,130759,0,0,89736
200669,0,0,-1,0,0,0,130758,0,0,89737
200670,0,0,0,1500,-1,0,130871,0,0,89769
200671,0,0,-3,-1,-1,0,130895,0,0,89770
200672,0,0,-1,-1,3000,330,55884,0,0,89783
200673,1,6,0,-1,-1,0,130965,0,0,89783
200674,0,0,-1,-1,3000,330,55884,0,0,89785
200675,1,6,0,-1,-1,0,130985,0,0,89785
200676,0,0,0,-1,-1,0,116357,0,0,89815
200677,1,5,0,-1,-1,0,131065,0,0,89815
200678,0,0,-10,0,0,0,131093,0,0,89847
200679,0,0,-10,0,0,0,131094,0,0,89848
200680,0,0,-10,0,0,0,131095,0,0,89849
200681,0,0,-1,0,0,0,483,0,0,89868
200682,1,6,-1,-1,-1,0,131151,0,0,89868
200683,0,0,0,300000,300000,1246,131171,0,0,89869
200684,0,0,0,-1,-1,0,131187,0,0,89880
200685,1,5,0,-1,-1,0,131188,0,0,89880
200686,0,0,-1,0,-1,0,131200,0,0,89888
200687,0,0,-1,1000,-1,0,131210,0,0,89893
200688,0,0,0,3000,-1,0,131230,0,0,89902
200689,0,0,-1,1000,-1,0,131307,0,0,89906
200690,0,0,-1,1000,-1,0,131317,0,0,89911
200691,0,0,-1,1000,-1,0,131318,0,0,89912
200692,0,0,-1,-1,-1,0,483,0,0,89992
200693,1,6,0,-1,-1,0,128262,0,0,89992
200694,0,0,-1,-1,-1,0,483,0,0,89993
200695,1,6,0,-1,-1,0,128261,0,0,89993
200696,0,0,-1,-1,-1,0,483,0,0,89994
200697,1,6,0,-1,-1,0,128260,0,0,89994
200698,0,0,-1,-1,-1,0,483,0,0,89996
200699,1,6,0,-1,-1,0,131256,0,0,89996
200700,0,0,-1,-1,-1,0,483,0,0,89997
200701,1,6,0,-1,-1,0,131258,0,0,89997
200702,0,0,0,180000,-1,0,131317,0,0,89999
200703,0,0,0,180000,-1,0,131318,0,0,90000
200704,0,0,-1,-1,-1,0,131364,0,0,90006
200705,1,5,-1,-1,-1,0,126286,0,0,90006
200706,0,0,-1,-1,-1,0,131467,0,0,90046
200707,0,0,0,86400000,-1,0,131493,0,0,90067
200708,0,0,-3,3000,-1,0,131510,0,0,90078
200709,0,0,-1,0,1000,11,104934,0,0,90135
200710,0,0,0,-1,-1,0,131582,0,0,90166
200711,0,0,0,-1,-1,0,131582,0,0,90167
200712,0,0,0,-1,-1,0,131582,0,0,90168
200713,0,0,0,-1,-1,0,131582,0,0,90169
200714,0,0,0,-1,-1,0,131582,0,0,90170
200715,0,0,0,-1,-1,0,131582,0,0,90171
200716,0,0,-1,-1,-1,0,131583,0,0,90172
200717,0,0,-1,-1,-1,0,55884,0,0,90173
200718,1,6,0,-1,-1,0,131590,0,0,90173
200719,0,0,0,300000,-1,0,131585,0,0,90175
200720,0,0,-1,-1,-1,0,55884,0,0,90177
200721,1,6,0,-1,-1,0,131650,0,0,90177
200722,0,0,-1,1000,-1,0,131776,0,0,90407
200723,0,0,0,1000,-1,0,131785,0,0,90426
200724,0,0,0,1800000,-1,0,122159,0,0,90427
200725,0,0,-1,0,1000,59,131798,0,0,90428
200726,1,5,0,-1,-1,0,124950,0,0,90428
200727,0,0,-1,-1,1000,11,131829,0,0,90457
200728,0,0,-1,-1,-1,0,483,0,0,90470
200729,1,6,0,-1,-1,0,131897,0,0,90470
200730,0,0,-1,-1,-1,0,483,0,0,90471
200731,1,6,0,-1,-1,0,131898,0,0,90471
200732,0,0,-1,-1,-1,0,483,0,0,90500
200733,1,6,0,-1,-1,0,131908,0,0,90500
200734,0,0,-1,-1,-1,0,483,0,0,90531
200735,1,6,0,-1,-1,0,131928,0,0,90531
200736,0,0,-1,-1,-1,0,483,0,0,90532
200737,1,6,0,-1,-1,0,131929,0,0,90532
200738,0,0,-1,2000,-1,0,131934,0,0,90538
200739,0,0,-1,2000,-1,0,131934,0,0,90539
200740,0,0,-1,2000,-1,0,131935,0,0,90540
200741,0,0,-1,2000,-1,0,131935,0,0,90541
200742,0,0,-1,2000,-1,0,131936,0,0,90543
200743,0,0,-1,2000,-1,0,131936,0,0,90544
200744,0,0,-1,1000,-1,0,131987,0,0,90637
200745,0,0,0,180000,-1,0,128396,0,0,90638
200746,0,0,-1,-1,3000,330,55884,0,0,90655
200747,1,6,0,-1,-1,0,132036,0,0,90655
200748,2,5,0,-1,-1,0,135930,0,0,90655
200749,0,0,-1,0,1000,59,431,0,0,90659
200750,0,0,-1,0,1000,59,432,0,0,90660
200751,0,0,-1,-1,3000,330,55884,0,0,90710
200752,1,6,0,-1,-1,0,132117,0,0,90710
200753,0,0,-1,-1,3000,330,55884,0,0,90711
200754,1,6,0,-1,-1,0,132118,0,0,90711
200755,0,0,-1,-1,3000,330,55884,0,0,90712
200756,1,6,0,-1,-1,0,132119,0,0,90712
200757,0,0,-1,0,0,0,483,0,0,90715
200758,1,6,-1,-1,-1,0,132006,0,0,90715
200759,0,0,-1,1000,-1,0,132278,0,0,90815
200760,0,0,-1,1000,-1,0,132279,0,0,90816
200761,0,0,0,0,-1,1416,132480,0,0,90883
200762,0,0,0,0,-1,1416,132563,0,0,90888
200763,0,0,-1,-1,-1,0,55884,0,0,90897
200764,1,6,0,-1,-1,0,90637,0,0,90897
200765,0,0,-1,-1,-1,0,55884,0,0,90898
200766,1,6,0,-1,-1,0,90637,0,0,90898
200767,0,0,0,300000,-1,0,132568,0,0,90899
200768,0,0,-1,-1,-1,0,55884,0,0,90900
200769,1,6,0,-1,-1,0,132574,0,0,90900
200770,0,0,-1,-1,-1,0,132579,0,0,90901
200771,0,0,-1,-1,-1,0,55884,0,0,90902
200772,1,6,0,-1,-1,0,132580,0,0,90902
200773,0,0,-1,300000,-1,0,132690,0,0,90917
200774,0,0,0,-1,-1,0,132700,0,0,90918
200775,0,0,-1,-1,-1,0,55884,0,0,90953
200776,1,6,0,-1,-1,0,132759,0,0,90953
200777,0,0,-1,-1,-1,0,55884,0,0,91003
200778,1,6,0,-1,-1,0,132762,0,0,91003
200779,0,0,-1,-1,3000,330,55884,0,0,91004
200780,1,6,0,-1,-1,0,120395,0,0,91004
200781,0,0,-1,-1,3000,330,55884,0,0,91005
200782,1,6,0,-1,-1,0,127288,0,0,91005
200783,0,0,-1,-1,3000,330,55884,0,0,91006
200784,1,6,0,-1,-1,0,127289,0,0,91006
200785,0,0,-1,-1,3000,330,55884,0,0,91007
200786,1,6,0,-1,-1,0,127290,0,0,91007
200787,0,0,-1,-1,3000,330,55884,0,0,91008
200788,1,6,0,-1,-1,0,127286,0,0,91008
200789,0,0,-1,-1,3000,330,55884,0,0,91009
200790,1,6,0,-1,-1,0,127287,0,0,91009
200791,0,0,-1,-1,3000,330,55884,0,0,91010
200792,1,6,0,-1,-1,0,120822,0,0,91010
200793,0,0,-1,-1,3000,330,55884,0,0,91011
200794,1,6,0,-1,-1,0,127295,0,0,91011
200795,0,0,-1,-1,3000,330,55884,0,0,91012
200796,1,6,0,-1,-1,0,127293,0,0,91012
200797,0,0,-1,-1,3000,330,55884,0,0,91013
200798,1,6,0,-1,-1,0,127302,0,0,91013
200799,0,0,-1,-1,3000,330,55884,0,0,91014
200800,1,6,0,-1,-1,0,127308,0,0,91014
200801,0,0,-1,-1,3000,330,55884,0,0,91015
200802,1,6,0,-1,-1,0,127310,0,0,91015
200803,0,0,-1,-1,3000,330,55884,0,0,91016
200804,1,6,0,-1,-1,0,120822,0,0,91016
200805,0,0,-1,-1,-1,0,55884,0,0,91031
200806,1,6,0,-1,-1,0,132785,0,0,91031
200807,0,0,-1,-1,-1,0,55884,0,0,91040
200808,1,6,0,-1,-1,0,132789,0,0,91040
200809,0,0,0,-1,-1,0,132826,0,0,91064
200810,0,1,0,-1,-1,0,132586,0,0,91087
200811,0,1,0,-1,-1,0,132586,0,0,91088
200812,0,1,0,-1,-1,0,132586,0,0,91089
200813,0,1,0,-1,-1,0,132586,0,0,91090
200814,0,1,0,-1,-1,0,132586,0,0,91091
200815,0,1,0,-1,-1,0,132586,0,0,91092
200816,1,0,0,60000,20000,1141,126690,0,0,91099
200817,1,1,0,-1,-1,0,126708,0,0,91104
200818,0,1,0,-1,-1,0,132586,0,0,91133
200819,0,1,0,-1,-1,0,132586,0,0,91134
200820,0,1,0,-1,-1,0,62459,0,0,91149
200821,0,1,0,-1,-1,0,62459,0,0,91150
200822,0,1,0,-1,-1,0,61252,0,0,91157
200823,0,1,0,-1,-1,0,61252,0,0,91158
200824,0,1,0,-1,-1,0,33830,0,0,91172
200825,0,1,0,-1,-1,0,33830,0,0,91173
200826,0,1,0,-1,-1,0,132586,0,0,91182
200827,0,1,0,-1,-1,0,132586,0,0,91183
200828,0,1,0,-1,-1,0,33830,0,0,91189
200829,0,1,0,-1,-1,0,33830,0,0,91190
200830,0,1,0,-1,-1,0,132586,0,0,91207
200831,0,1,0,-1,-1,0,132586,0,0,91208
200832,1,0,0,120000,20000,1190,126697,0,0,91209
200833,1,0,0,120000,20000,1190,126697,0,0,91210
200834,1,0,0,120000,20000,1190,126697,0,0,91211
200835,0,1,0,-1,-1,0,61255,0,0,91224
200836,0,1,0,-1,-1,0,61255,0,0,91225
200837,0,1,0,-1,-1,0,44301,0,0,91232
200838,0,1,0,-1,-1,0,44301,0,0,91233
200839,0,1,0,-1,-1,0,124489,0,0,91247
200840,0,1,0,-1,-1,0,124489,0,0,91248
200841,0,1,0,-1,-1,0,124489,0,0,91257
200842,0,1,0,-1,-1,0,124489,0,0,91258
200843,0,1,0,-1,-1,0,61776,0,0,91269
200844,0,1,0,-1,-1,0,61776,0,0,91270
200845,0,1,0,-1,-1,0,38522,0,0,91289
200846,0,1,0,-1,-1,0,38522,0,0,91290
200847,0,1,0,-1,-1,0,132586,0,0,91307
200848,0,1,0,-1,-1,0,132586,0,0,91308
200849,0,1,0,-1,-1,0,44297,0,0,91309
200850,0,1,0,-1,-1,0,44297,0,0,91310
200851,0,1,0,-1,-1,0,44297,0,0,91319
200852,0,1,0,-1,-1,0,44297,0,0,91320
200853,0,0,0,120000,120000,1182,42292,0,0,91329
200854,0,0,0,120000,120000,1182,42292,0,0,91330
200855,0,0,0,120000,120000,1182,42292,0,0,91331
200856,0,0,0,120000,120000,1182,42292,0,0,91332
200857,0,0,0,120000,120000,1182,42292,0,0,91333
200858,0,0,0,120000,120000,1182,42292,0,0,91334
200859,0,1,0,-1,-1,0,61249,0,0,91342
200860,0,1,0,-1,-1,0,61249,0,0,91343
200861,0,1,0,-1,-1,0,32973,0,0,91360
200862,0,1,0,-1,-1,0,32973,0,0,91361
200863,0,1,0,-1,-1,0,32973,0,0,91370
200864,0,1,0,-1,-1,0,32973,0,0,91371
200865,0,1,0,-1,-1,0,32973,0,0,91382
200866,0,1,0,-1,-1,0,32973,0,0,91383
200867,1,0,0,60000,20000,1141,126683,0,0,91400
200868,1,1,0,-1,-1,0,126706,0,0,91401
200869,1,0,0,60000,20000,1141,126679,0,0,91410
200870,1,1,0,-1,-1,0,126702,0,0,91415
200871,0,1,0,-1,-1,0,33063,0,0,91420
200872,0,1,0,-1,-1,0,33063,0,0,91421
200873,0,1,0,-1,-1,0,22778,0,0,91432
200874,0,1,0,-1,-1,0,22778,0,0,91433
200875,0,1,0,-1,-1,0,132586,0,0,91440
200876,0,1,0,-1,-1,0,132586,0,0,91442
200877,0,1,0,-1,-1,0,132586,0,0,91444
200878,1,0,0,60000,20000,1141,126690,0,0,91452
200879,1,1,0,-1,-1,0,126708,0,0,91457
200880,0,1,0,-1,-1,0,132586,0,0,91486
200881,0,1,0,-1,-1,0,62459,0,0,91502
200882,0,1,0,-1,-1,0,61252,0,0,91510
200883,0,1,0,-1,-1,0,33830,0,0,91525
200884,0,1,0,-1,-1,0,132586,0,0,91535
200885,0,1,0,-1,-1,0,33830,0,0,91542
200886,0,1,0,-1,-1,0,132586,0,0,91560
200887,1,0,0,120000,20000,1190,126697,0,0,91562
200888,1,0,0,120000,20000,1190,126697,0,0,91563
200889,1,0,0,120000,20000,1190,126697,0,0,91564
200890,0,1,0,-1,-1,0,61255,0,0,91577
200891,0,1,0,-1,-1,0,44301,0,0,91585
200892,0,1,0,-1,-1,0,124489,0,0,91600
200893,0,1,0,-1,-1,0,124489,0,0,91610
200894,0,1,0,-1,-1,0,61776,0,0,91622
200895,0,1,0,-1,-1,0,38522,0,0,91642
200896,0,1,0,-1,-1,0,132586,0,0,91660
200897,0,1,0,-1,-1,0,44297,0,0,91662
200898,0,1,0,-1,-1,0,44297,0,0,91672
200899,0,0,0,120000,120000,1182,42292,0,0,91682
200900,0,0,0,120000,120000,1182,42292,0,0,91683
200901,0,0,0,120000,120000,1182,42292,0,0,91684
200902,0,0,0,120000,120000,1182,42292,0,0,91685
200903,0,0,0,120000,120000,1182,42292,0,0,91686
200904,0,0,0,120000,120000,1182,42292,0,0,91687
200905,0,1,0,-1,-1,0,61249,0,0,91695
200906,0,1,0,-1,-1,0,32973,0,0,91713
200907,0,1,0,-1,-1,0,32973,0,0,91723
200908,0,1,0,-1,-1,0,32973,0,0,91735
200909,1,0,0,60000,20000,1141,126683,0,0,91753
200910,1,1,0,-1,-1,0,126706,0,0,91754
200911,1,0,0,60000,20000,1141,126679,0,0,91763
200912,1,1,0,-1,-1,0,126702,0,0,91768
200913,0,1,0,-1,-1,0,33063,0,0,91773
200914,0,1,0,-1,-1,0,22778,0,0,91785
200915,0,0,-1,-1,3000,330,55884,0,0,91802
200916,1,6,0,-1,-1,0,133023,0,0,91802
200917,0,0,-1,0,60000,4,133024,0,0,91803
200918,0,0,-1,-1,-1,0,133036,0,0,91806
200919,0,0,-1,-1,-1,0,136259,0,0,91850
200920,0,0,-1,-1,-1,0,136258,0,0,91860
200921,0,0,-1,-1,-1,0,136257,0,0,91861
200922,0,0,-1,-1,-1,0,136256,0,0,91862
200923,0,0,-1,-1,-1,0,136253,0,0,91863
200924,0,0,-1,-1,-1,0,136255,0,0,91864
200925,0,0,-1,-1,-1,0,136254,0,0,91865
200926,0,0,-1,-1,-1,0,136252,0,0,91866
200927,0,0,0,-1,-1,0,133955,0,0,91902
200928,0,0,0,60000,0,0,133371,0,0,91904
200929,0,0,-1,-1,-1,0,134104,0,0,91906
200930,1,5,-1,-1,-1,0,135724,0,0,91906
200931,0,0,-1,-1,-1,0,134094,0,0,91971
200932,1,5,-1,-1,-1,0,135721,0,0,91971
200933,0,0,0,-1,-1,0,133406,0,0,92016
200934,0,0,0,-1,-1,0,133505,0,0,92019
200935,0,5,-1,-1,-1,0,135765,0,0,92035
200936,0,0,-1,-1,-1,0,133574,0,0,92049
200937,0,0,-1,-1,-1,0,133575,0,0,92050
200938,0,0,-1,-1,-1,0,133577,0,0,92051
200939,0,0,-1,-1,-1,0,133579,0,0,92052
200940,0,0,-1,-1,-1,0,133580,0,0,92053
200941,0,0,-1,-1,-1,0,133581,0,0,92054
200942,0,0,-1,-1,-1,0,133582,0,0,92055
200943,0,0,-1,-1,-1,0,133584,0,0,92056
200944,0,0,-1,-1,-1,0,133585,0,0,92057
200945,0,0,-1,-1,-1,0,133586,0,0,92058
200946,0,0,-1,-1,-1,0,133590,0,0,92059
200947,0,0,0,1000,-1,0,133564,0,0,92060
200948,0,0,-1,-1,-1,0,133632,0,0,92061
200949,1,5,0,-1,-1,0,135708,0,0,92061
200950,0,1,0,-1,-1,0,126660,0,0,92113
200951,0,1,0,-1,-1,0,133631,0,0,92114
200952,0,1,0,-1,-1,0,126268,0,0,92115
200953,0,1,0,-1,-1,0,126552,0,0,92116
200954,0,1,0,-1,-1,0,133631,0,0,92117
200955,0,1,0,-1,-1,0,126552,0,0,92118
200956,0,1,0,-1,-1,0,133631,0,0,92119
200957,0,1,0,-1,-1,0,126660,0,0,92120
200958,0,1,0,-1,-1,0,133631,0,0,92121
200959,0,1,0,-1,-1,0,126268,0,0,92122
200960,0,1,0,-1,-1,0,126468,0,0,92123
200961,0,1,0,-1,-1,0,133631,0,0,92124
200962,0,1,0,-1,-1,0,126660,0,0,92125
200963,0,1,0,-1,-1,0,133631,0,0,92126
200964,0,1,0,-1,-1,0,126237,0,0,92127
200965,0,1,0,-1,-1,0,126583,0,0,92128
200966,0,1,0,-1,-1,0,133631,0,0,92129
200967,0,1,0,-1,-1,0,126552,0,0,92133
200968,0,1,0,-1,-1,0,133631,0,0,92134
200969,0,1,0,-1,-1,0,126237,0,0,92135
200970,0,1,0,-1,-1,0,133631,0,0,92136
200971,0,1,0,-1,-1,0,126660,0,0,92137
200972,0,1,0,-1,-1,0,133631,0,0,92138
200973,0,1,0,-1,-1,0,126268,0,0,92139
200974,0,1,0,-1,-1,0,126468,0,0,92140
200975,0,1,0,-1,-1,0,133631,0,0,92141
200976,0,1,0,-1,-1,0,126552,0,0,92142
200977,0,1,0,-1,-1,0,133631,0,0,92143
200978,0,1,0,-1,-1,0,126660,0,0,92144
200979,0,1,0,-1,-1,0,126268,0,0,92145
200980,0,1,0,-1,-1,0,126468,0,0,92146
200981,0,1,0,-1,-1,0,126237,0,0,92147
200982,0,1,0,-1,-1,0,126583,0,0,92148
200983,0,1,0,-1,-1,0,133631,0,0,92149
200984,0,1,0,-1,-1,0,126468,0,0,92150
200985,0,1,0,-1,-1,0,133631,0,0,92151
200986,0,1,0,-1,-1,0,126583,0,0,92167
200987,0,1,0,-1,-1,0,133631,0,0,92168
200988,0,1,0,-1,-1,0,126468,0,0,92397
200989,0,1,0,-1,-1,0,133631,0,0,92398
200990,0,1,0,-1,-1,0,126237,0,0,92399
200991,0,1,0,-1,-1,0,133631,0,0,92400
200992,0,1,0,-1,-1,0,126552,0,0,92401
200993,0,1,0,-1,-1,0,126268,0,0,92402
200994,0,0,0,-1,-1,0,133476,0,0,92417
200995,0,0,-1,-1,-1,0,133695,0,0,92421
200996,0,0,-1,-1,-1,0,133696,0,0,92422
200997,0,0,-1,-1,-1,0,133806,0,0,92426
200998,0,0,-1,-1,-1,0,133698,0,0,92427
200999,0,0,-1,-1,-1,0,133697,0,0,92428
201000,0,0,-1,-1,-1,0,133791,0,0,92429
201001,0,0,-1,-1,-1,0,133789,0,0,92430
201002,0,0,-1,-1,-1,0,133790,0,0,92431
201003,0,0,-1,-1,-1,0,133788,0,0,92432
201004,0,0,-1,-1,-1,0,133787,0,0,92433
201005,0,0,-1,-1,-1,0,133786,0,0,92434
201006,0,0,-1,-1,-1,0,133785,0,0,92435
201007,0,0,-1,-1,-1,0,133784,0,0,92436
201008,0,0,-1,-1,-1,0,133783,0,0,92437
201009,0,0,-1,-1,-1,0,133782,0,0,92438
201010,0,0,-1,-1,-1,0,133781,0,0,92439
201011,0,0,-1,-1,-1,0,133801,0,0,92442
201012,0,0,-1,-1,-1,0,133808,0,0,92443
201013,0,0,-1,-1,-1,0,134094,0,0,92444
201014,1,5,-1,-1,-1,0,135744,0,0,92444
201015,0,0,-1,-1,-1,0,134923,0,0,92470
201016,1,5,-1,-1,-1,0,135751,0,0,92470
201017,0,5,-1,-1,-1,0,135768,0,0,92472
201018,0,0,0,1500,-1,0,133937,0,0,92475
201019,0,7,0,30000,-1,0,140215,0,0,92495
201020,1,0,0,30000,-1,0,134039,0,0,92495
201021,0,7,0,30000,-1,0,140216,0,0,92496
201022,1,0,0,30000,-1,0,134023,0,0,92496
201023,0,7,0,30000,-1,0,140217,0,0,92497
201024,1,0,0,30000,-1,0,134013,0,0,92497
201025,0,0,0,-1,-1,0,134026,0,0,92510
201026,0,0,-1,0,0,0,135719,0,0,92522
201027,0,0,-1,-1,-1,0,133476,0,0,92525
201028,0,0,-1,-1,-1,0,134141,0,0,92526
201029,0,0,-1,-1,-1,0,134142,0,0,92527
201030,0,0,-1,-1,-1,0,134143,0,0,92528
201031,0,0,-1,-1,-1,0,134144,0,0,92529
201032,0,0,-1,-1,-1,0,134146,0,0,92530
201033,0,0,-1,-1,-1,0,134147,0,0,92531
201034,0,0,-1,-1,-1,0,134148,0,0,92532
201035,0,0,-1,-1,-1,0,134149,0,0,92533
201036,0,0,-1,-1,-1,0,134150,0,0,92534
201037,0,0,-1,-1,-1,0,134151,0,0,92535
201038,0,0,-1,-1,-1,0,134155,0,0,92538
201039,1,5,-1,-1,-1,0,135761,0,0,92538
201040,0,0,-1,1000,-1,0,79342,0,0,92549
201041,0,5,-1,-1,-1,0,134279,0,0,92580
201042,0,5,0,-1,-1,0,134279,0,0,92582
201043,0,5,-1,-1,-1,0,134279,0,0,92584
201044,0,5,-1,-1,-1,0,134279,0,0,92586
201045,0,5,-1,-1,-1,0,134279,0,0,92588
201046,0,5,-1,-1,-1,0,134279,0,0,92590
201047,0,5,-1,-1,-1,0,134279,0,0,92592
201048,0,5,-1,-1,-1,0,134279,0,0,92594
201049,0,5,-1,-1,-1,0,134279,0,0,92596
201050,0,5,-1,-1,-1,0,134279,0,0,92598
201051,0,5,-1,-1,-1,0,134279,0,0,92600
201052,0,5,-1,-1,-1,0,134279,0,0,92602
201053,0,5,-1,-1,-1,0,134279,0,0,92604
201054,0,5,-1,-1,-1,0,134279,0,0,92606
201055,0,5,-1,-1,-1,0,134279,0,0,92608
201056,0,5,-1,-1,-1,0,134279,0,0,92610
201057,0,5,-1,-1,-1,0,134279,0,0,92612
201058,0,5,0,-1,-1,0,134279,0,0,92614
201059,0,5,-1,-1,-1,0,134279,0,0,92616
201060,0,5,0,-1,-1,0,134279,0,0,92618
201061,0,5,0,-1,-1,0,134279,0,0,92620
201062,0,5,-1,-1,-1,0,134279,0,0,92622
201063,0,5,-1,-1,-1,0,134279,0,0,92624
201064,0,0,-1,-1,-1,0,134404,0,0,92663
201065,0,0,-1,-1,-1,0,134405,0,0,92664
201066,0,0,-1,1000,-1,0,134448,0,0,92665
201067,0,0,-1,1000,-1,0,134482,0,0,92675
201068,0,0,-1,1000,-1,0,134484,0,0,92676
201069,0,0,-1,1000,-1,0,134486,0,0,92677
201070,0,0,-1,1000,-1,0,134487,0,0,92678
201071,0,0,-1,1000,-1,0,134488,0,0,92679
201072,0,0,-1,1000,-1,0,134489,0,0,92680
201073,0,0,-1,1000,-1,0,134490,0,0,92681
201074,0,0,-1,1000,-1,0,134491,0,0,92682
201075,0,0,-1,1000,-1,0,134492,0,0,92683
201076,0,0,-1,1000,-1,0,134494,0,0,92684
201077,0,0,-1,1000,-1,0,134495,0,0,92685
201078,0,0,-1,1000,-1,0,134761,0,0,92686
201079,0,0,-1,1000,-1,0,134497,0,0,92687
201080,0,0,-1,1000,-1,0,134498,0,0,92688
201081,0,0,-1,1000,-1,0,134499,0,0,92689
201082,0,0,-1,1000,-1,0,134501,0,0,92690
201083,0,0,-1,1000,-1,0,134502,0,0,92691
201084,0,0,-1,1000,-1,0,134503,0,0,92692
201085,0,0,-1,1000,-1,0,134504,0,0,92693
201086,0,0,-1,1000,-1,0,134508,0,0,92694
201087,0,0,-1,1000,-1,0,134512,0,0,92695
201088,0,0,-1,1000,-1,0,134514,0,0,92696
201089,0,0,-1,1000,-1,0,134515,0,0,92697
201090,0,0,-1,1000,-1,0,134516,0,0,92698
201091,0,0,-1,1000,-1,0,134517,0,0,92699
201092,0,0,-1,1000,-1,0,134518,0,0,92700
201093,0,0,-1,1000,-1,0,134519,0,0,92701
201094,0,0,-1,1000,-1,0,134520,0,0,92702
201095,0,0,-1,1000,-1,0,134521,0,0,92703
201096,0,0,-1,-1,-1,0,55884,0,0,92707
201097,1,6,0,-1,-1,0,134538,0,0,92707
201098,0,0,-1,-1,3000,330,483,0,0,92724
201099,1,6,0,-1,3000,0,134573,0,0,92724
201100,0,0,-1,0,0,0,483,0,0,92727
201101,1,6,-1,-1,-1,0,134581,0,0,92727
201102,0,0,0,3000,-1,0,158486,0,0,92738
201103,0,0,-1,-1,-1,0,134641,0,0,92739
201104,1,5,-1,-1,-1,0,135747,0,0,92739
201105,0,0,-1,1000,-1,0,134645,0,0,92740
201106,0,0,-1,1000,-1,0,134644,0,0,92741
201107,0,0,-1,1000,-1,0,134496,0,0,92742
201108,0,0,-1,-1,-1,0,134832,0,0,92743
201109,1,5,-1,-1,-1,0,135736,0,0,92743
201110,0,0,-1,-1,-1,0,134673,0,0,92745
201111,1,5,-1,-1,-1,0,135740,0,0,92745
201112,0,0,-1,-1,-1,0,134673,0,0,92750
201113,1,5,-1,-1,-1,0,135729,0,0,92750
201114,0,0,-1,-1,-1,0,134684,0,0,92751
201115,1,5,-1,-1,-1,0,135756,0,0,92751
201116,0,0,0,3000,-1,0,134868,0,0,92756
201117,0,0,0,3000,-1,0,134731,0,0,92763
201118,0,0,0,-1,-1,0,134731,0,0,92764
201119,0,0,0,-1,-1,0,134731,0,0,92765
201120,0,0,0,3000,-1,0,134734,0,0,92766
201121,0,0,0,60000,-1,0,134944,0,0,92782
201122,0,0,0,60000,-1,0,134953,0,0,92783
201123,0,0,0,60000,30000,1141,134945,0,0,92784
201124,0,0,0,60000,30000,1141,134954,0,0,92785
201125,0,0,0,60000,60000,1182,134946,0,0,92786
201126,0,0,0,60000,60000,1182,134956,0,0,92787
201127,0,0,-1,-1,-1,0,55884,0,0,92798
201128,1,6,0,-1,-1,0,134892,0,0,92798
201129,0,0,-1,-1,-1,0,55884,0,0,92799
201130,1,6,0,-1,-1,0,134894,0,0,92799
201131,0,0,-1,-1,-1,0,55884,0,0,92800
201132,1,6,0,-1,-1,0,134895,0,0,92800
201133,0,0,0,-1,-1,0,134970,0,0,92897
201134,0,0,-1,0,60000,4,134986,0,0,92941
201135,0,0,-1,0,60000,4,134987,0,0,92942
201136,0,0,-1,0,60000,4,134989,0,0,92943
201137,0,0,0,-1,-1,0,134886,0,0,92950
201138,0,0,0,3000,-1,0,134993,0,0,92951
201139,0,0,-1,0,60000,4,134998,0,0,92954
201140,0,0,-1,-1,180000,1236,135007,0,0,92956
201141,0,0,-1,0,300000,1422,135002,0,0,92957
201142,0,0,-1,-1,180000,1236,135008,0,0,92958
201143,0,0,-1,-1,180000,1236,135009,0,0,92959
201144,0,0,-1,0,300000,1422,135011,0,0,92964
201145,0,0,-1,10000,-1,0,135014,0,0,92965
201146,0,0,-1,-1,180000,1236,135022,0,0,92966
201147,0,0,-1,-1,180000,1236,135023,0,0,92967
201148,0,0,-1,-1,180000,1236,135025,0,0,92968
201149,0,0,-1,-1,180000,1236,135026,0,0,92969
201150,0,0,-1,-1,180000,1236,135027,0,0,92970
201151,0,0,-1,0,300000,1422,135081,0,0,92979
201152,0,0,-1,10000,-1,0,135082,0,0,92980
201153,0,0,-1,0,300000,1422,135088,0,0,92990
201154,0,0,-1,0,300000,1422,135149,0,0,93021
201155,0,0,-1,1000,-1,0,55884,0,0,93025
201156,1,6,0,-1,-1,0,135156,0,0,93025
201157,0,0,0,-1,-1,0,135224,0,0,93026
201158,0,0,-1,-1,-1,0,55884,0,0,93029
201159,1,6,0,-1,-1,0,135257,0,0,93029
201160,0,0,-1,-1,-1,0,55884,0,0,93030
201161,1,6,0,-1,-1,0,135254,0,0,93030
201162,0,0,-1,-1,-1,0,55884,0,0,93031
201163,1,6,0,-1,-1,0,135256,0,0,93031
201164,0,0,-1,-1,-1,0,55884,0,0,93032
201165,1,6,0,-1,-1,0,135255,0,0,93032
201166,0,0,-1,-1,-1,0,55884,0,0,93033
201167,1,6,0,-1,-1,0,135258,0,0,93033
201168,0,0,-1,-1,-1,0,55884,0,0,93034
201169,1,6,0,-1,-1,0,135259,0,0,93034
201170,0,0,-1,-1,-1,0,55884,0,0,93035
201171,1,6,0,-1,-1,0,135261,0,0,93035
201172,0,0,-1,-1,-1,0,55884,0,0,93036
201173,1,6,0,-1,-1,0,135263,0,0,93036
201174,0,0,-1,-1,-1,0,55884,0,0,93037
201175,1,6,0,-1,-1,0,135265,0,0,93037
201176,0,0,-1,-1,-1,0,55884,0,0,93038
201177,1,6,0,-1,-1,0,135264,0,0,93038
201178,0,0,-1,-1,-1,0,55884,0,0,93039
201179,1,6,0,-1,-1,0,135266,0,0,93039
201180,0,0,-1,-1,-1,0,55884,0,0,93040
201181,1,6,0,-1,-1,0,135267,0,0,93040
201182,0,0,-1,-1,-1,0,55884,0,0,93041
201183,1,6,0,-1,-1,0,135268,0,0,93041
201184,0,0,-1,10000,-1,0,135445,0,0,93043
201185,0,0,-1,10000,-1,0,135447,0,0,93044
201186,0,0,-1,10000,-1,0,135446,0,0,93045
201187,0,0,0,3000,-1,0,135330,0,0,93124
201188,0,0,-1,1500,1500,133,143509,0,0,93146
201189,0,0,-1,1500,1500,133,143510,0,0,93147
201190,0,0,-1,1500,1500,133,143512,0,0,93148
201191,0,0,-1,1500,1500,133,143511,0,0,93149
201192,0,0,-1,30000,-1,0,135376,0,0,93158
201193,0,0,0,1500,-1,0,135388,0,0,93159
201194,0,0,-1,-1,3000,330,55884,0,0,93168
201195,1,6,0,-1,-1,0,135416,0,0,93168
201196,0,0,-1,-1,3000,330,55884,0,0,93169
201197,1,6,0,-1,-1,0,135418,0,0,93169
201198,0,0,0,-1,-1,0,135422,0,0,93180
201199,0,0,0,-1,-1,0,135458,0,0,93187
201200,0,0,-1,-1,-1,0,136149,0,0,93194
201201,0,0,-1,-1,-1,0,136149,0,0,93195
201202,0,0,-1,0,0,0,483,0,0,93197
201203,1,6,-1,-1,-1,0,135534,0,0,93197
201204,0,0,-1,0,0,0,483,0,0,93202
201205,1,6,-1,-1,-1,0,135560,0,0,93202
201206,0,0,-1,0,0,0,483,0,0,93203
201207,1,6,-1,-1,-1,0,135566,0,0,93203
201208,0,0,0,3000,-1,0,89622,0,0,93204
201209,0,0,-20,300000,0,0,126462,0,0,93205
201210,0,0,-1,-1,-1,0,11009,0,0,93208
201211,0,0,-1,0,0,0,135717,0,0,93215
201212,0,0,-1,0,0,0,135715,0,0,93220
201213,0,0,-1,0,0,0,135716,0,0,93224
201214,0,0,-1,0,0,0,135704,0,0,93225
201215,0,0,-1,0,0,0,135714,0,0,93226
201216,0,0,-1,-1,-1,0,136143,0,0,93227
201217,0,0,-1,-1,-1,0,136149,0,0,93228
201218,0,0,-1,0,0,0,135713,0,0,93229
201219,0,0,-1,0,0,0,135712,0,0,93230
201220,0,0,-1,0,0,0,135710,0,0,93231
201221,0,0,-1,0,0,0,135711,0,0,93232
201222,0,0,0,60000,15000,1141,136086,0,0,93253
201223,0,0,0,60000,15000,1141,136082,0,0,93254
201224,0,0,0,60000,15000,1141,136083,0,0,93255
201225,0,0,0,60000,15000,1141,136084,0,0,93256
201226,0,0,0,60000,15000,1141,136085,0,0,93257
201227,0,0,0,60000,15000,1141,136086,0,0,93258
201228,0,0,0,60000,15000,1141,136082,0,0,93259
201229,0,0,0,60000,15000,1141,136087,0,0,93260
201230,0,0,0,60000,15000,1141,136084,0,0,93261
201231,0,0,0,60000,15000,1141,136085,0,0,93262
201232,0,0,-1,0,1000,11,122099,0,0,93314
201233,0,0,0,60000,15000,1141,136088,0,0,93341
201234,0,0,0,60000,15000,1141,136089,0,0,93342
201235,0,0,0,60000,15000,1141,136090,0,0,93343
201236,0,0,0,60000,15000,1141,136091,0,0,93344
201237,0,0,0,60000,15000,1141,136092,0,0,93345
201238,0,0,0,60000,15000,1141,136088,0,0,93346
201239,0,0,0,60000,15000,1141,136089,0,0,93347
201240,0,0,0,60000,15000,1141,136090,0,0,93348
201241,0,0,0,60000,15000,1141,136091,0,0,93349
201242,0,0,0,60000,15000,1141,136092,0,0,93350
201243,0,0,-1,1200000,0,0,135855,0,0,93351
201244,0,0,0,3000,-1,0,135912,0,0,93362
201245,0,0,-1,1000,-1,0,135935,0,0,93363
201246,0,0,-1,-1,3000,330,55884,0,0,93385
201247,1,6,0,-1,-1,0,136163,0,0,93385
201248,0,0,-1,-1,3000,330,55884,0,0,93386
201249,1,6,0,-1,-1,0,136164,0,0,93386
201250,0,0,-1,-1,-1,0,136213,0,0,93403
201251,0,0,-1,2000,-1,0,136267,0,0,93411
201252,0,0,-1,2000,-1,0,136267,0,0,93412
201253,0,1,0,-1,-1,0,132586,0,0,93413
201254,0,1,0,-1,-1,0,132586,0,0,93414
201255,0,1,0,-1,-1,0,132586,0,0,93415
201256,1,0,0,60000,20000,1141,126690,0,0,93419
201257,1,1,0,-1,-1,0,126708,0,0,93424
201258,0,1,0,-1,-1,0,132586,0,0,93443
201259,0,1,0,-1,-1,0,62459,0,0,93454
201260,0,1,0,-1,-1,0,61252,0,0,93458
201261,0,1,0,-1,-1,0,33830,0,0,93466
201262,0,1,0,-1,-1,0,132586,0,0,93471
201263,0,1,0,-1,-1,0,33830,0,0,93475
201264,0,1,0,-1,-1,0,132586,0,0,93484
201265,1,0,0,120000,20000,1190,126697,0,0,93485
201266,1,0,0,120000,20000,1190,126697,0,0,93486
201267,1,0,0,120000,20000,1190,126697,0,0,93487
201268,0,1,0,-1,-1,0,61255,0,0,93495
201269,0,1,0,-1,-1,0,44301,0,0,93499
201270,0,1,0,-1,-1,0,124489,0,0,93507
201271,0,1,0,-1,-1,0,124489,0,0,93508
201272,0,1,0,-1,-1,0,124489,0,0,93517
201273,0,1,0,-1,-1,0,124489,0,0,93518
201274,0,1,0,-1,-1,0,61776,0,0,93528
201275,0,1,0,-1,-1,0,38522,0,0,93539
201276,0,1,0,-1,-1,0,132586,0,0,93549
201277,0,1,0,-1,-1,0,44297,0,0,93550
201278,0,1,0,-1,-1,0,44297,0,0,93555
201279,0,0,0,120000,120000,1182,42292,0,0,93560
201280,0,0,0,120000,120000,1182,42292,0,0,93561
201281,0,0,0,120000,120000,1182,42292,0,0,93562
201282,0,0,0,120000,120000,1182,42292,0,0,93563
201283,0,0,0,120000,120000,1182,42292,0,0,93564
201284,0,0,0,120000,120000,1182,42292,0,0,93565
201285,0,1,0,-1,-1,0,61249,0,0,93570
201286,0,1,0,-1,-1,0,32973,0,0,93580
201287,0,1,0,-1,-1,0,32973,0,0,93585
201288,0,1,0,-1,-1,0,32973,0,0,93591
201289,1,0,0,60000,20000,1141,126683,0,0,93600
201290,1,1,0,-1,-1,0,126706,0,0,93601
201291,1,0,0,60000,20000,1141,126679,0,0,93606
201292,1,1,0,-1,-1,0,126702,0,0,93611
201293,0,1,0,-1,-1,0,33063,0,0,93615
201294,0,1,0,-1,-1,0,22778,0,0,93621
201295,0,0,-1,-1,3000,330,55884,0,0,93662
201296,1,6,0,-1,-1,0,136400,0,0,93662
201297,0,0,0,-1,-1,0,136426,0,0,93663
201298,0,0,-1,-1,3000,330,55884,0,0,93666
201299,1,6,0,0,0,0,136471,0,0,93666
201300,0,0,-1,-1,-1,0,136483,0,0,93668
201301,0,0,-1,-1,-1,0,55884,0,0,93669
201302,1,6,0,-1,-1,0,136484,0,0,93669
201303,0,0,-1,-1,3000,330,55884,0,0,93671
201304,1,6,0,-1,-1,0,136505,0,0,93671
201305,0,0,0,1800000,1800000,1176,136508,0,0,93672
201306,0,0,-1,1000,-1,0,136583,0,0,93730
201307,0,0,0,3600000,-1,0,136600,0,0,93732
201308,1,1,0,-1,-1,0,7823,0,0,93732
201309,0,0,-1,1500,-1,0,127173,0,0,93737
201310,0,0,-1,1500,-1,0,3366,0,0,93738
201311,0,0,-1,0,60000,4,139493,0,0,93742
201312,0,0,0,2000,-1,0,136711,0,0,93751
201313,0,0,0,-1,-1,0,136798,0,0,93761
201314,0,0,0,3000,-1,0,136909,0,0,93803
201315,0,0,-1,-1,-1,0,136950,0,0,93804
201316,0,0,0,-1,-1,0,136970,0,0,93806
201317,0,5,0,-1,-1,0,137059,0,0,93823
201318,0,5,0,-1,-1,0,137059,0,0,93824
201319,0,1,0,-1,-1,0,14595,0,0,93846
201320,0,2,0,-1,-1,0,59830,0,0,93848
201321,0,1,0,-1,-1,0,57353,0,0,93859
201322,0,1,0,-1,-1,0,57353,0,0,93860
201323,0,1,0,-1,-1,0,57353,0,0,93861
201324,0,1,0,-1,-1,0,57353,0,0,93862
201325,0,1,0,-1,-1,0,57353,0,0,93863
201326,0,1,0,-1,-1,0,57353,0,0,93864
201327,0,1,0,-1,-1,0,57353,0,0,93865
201328,0,1,0,-1,-1,0,57353,0,0,93866
201329,0,1,0,-1,-1,0,57353,0,0,93867
201330,0,1,0,-1,-1,0,57353,0,0,93876
201331,0,1,0,-1,-1,0,57353,0,0,93885
201332,0,1,0,-1,-1,0,57353,0,0,93886
201333,0,1,0,-1,-1,0,57353,0,0,93887
201334,0,1,0,-1,-1,0,57353,0,0,93888
201335,0,1,0,-1,-1,0,57353,0,0,93889
201336,0,1,0,-1,-1,0,57353,0,0,93890
201337,0,1,0,-1,-1,0,57353,0,0,93891
201338,0,1,0,-1,-1,0,57353,0,0,93892
201339,0,1,0,-1,-1,0,57353,0,0,93893
201340,0,1,0,-1,-1,0,57353,0,0,93894
201341,0,1,0,-1,-1,0,57353,0,0,93895
201342,0,1,0,-1,-1,0,59906,0,0,93896
201343,0,1,0,-1,-1,0,59915,0,0,93897
201344,0,0,0,120000,120000,1182,42292,0,0,93898
201345,0,0,0,120000,120000,1182,42292,0,0,93899
201346,0,0,0,120000,20000,1190,137211,0,0,93900
201347,0,0,0,-1,-1,0,126697,0,0,93901
201348,0,5,0,-1,-1,0,137257,0,0,93953
201349,0,0,-1,-1,-1,0,55884,0,0,94025
201350,1,6,0,-1,-1,0,137568,0,0,94025
201351,0,0,-1,10000,-1,0,137660,0,0,94115
201352,0,0,0,-1,-1,0,138072,0,0,94123
201353,0,0,-1,-1,-1,0,55884,0,0,94124
201354,1,6,0,-1,-1,0,138082,0,0,94124
201355,0,0,-1,-1,-1,0,55884,0,0,94125
201356,1,6,0,-1,-1,0,137977,0,0,94125
201357,0,0,-1,-1,-1,0,55884,0,0,94126
201358,1,6,0,-1,-1,0,138087,0,0,94126
201359,0,0,0,3000,-1,0,138110,0,0,94130
201360,1,7,0,-1,-1,0,138545,0,0,94130
201361,0,0,-1,-1,-1,0,55884,0,0,94152
201362,1,6,0,-1,-1,0,138161,0,0,94152
201363,0,0,0,1000,-1,0,138170,0,0,94154
201364,1,5,0,-1,-1,0,138215,0,0,94154
201365,0,5,0,-1,-1,0,137059,0,0,94160
201366,0,5,0,-1,-1,0,137059,0,0,94161
201367,0,5,0,-1,-1,0,137059,0,0,94162
201368,0,5,0,-1,-1,0,137059,0,0,94163
201369,0,5,0,-1,-1,0,137059,0,0,94164
201370,0,5,0,-1,-1,0,137059,0,0,94165
201371,0,5,0,-1,-1,0,137059,0,0,94166
201372,0,5,0,-1,-1,0,137059,0,0,94167
201373,0,5,0,-1,-1,0,137059,0,0,94168
201374,0,5,0,-1,-1,0,137059,0,0,94169
201375,0,5,0,-1,-1,0,137059,0,0,94170
201376,0,5,0,-1,-1,0,137059,0,0,94171
201377,0,5,0,-1,-1,0,137059,0,0,94172
201378,0,5,0,-1,-1,0,137059,0,0,94173
201379,0,5,0,-1,-1,0,137059,0,0,94174
201380,0,5,0,-1,-1,0,137059,0,0,94175
201381,0,5,0,-1,-1,0,137059,0,0,94176
201382,0,5,0,-1,-1,0,137059,0,0,94177
201383,0,5,0,-1,-1,0,137059,0,0,94178
201384,0,5,0,-1,-1,0,137059,0,0,94179
201385,0,5,0,-1,-1,0,137059,0,0,94180
201386,0,5,0,-1,-1,0,137059,0,0,94181
201387,0,5,0,-1,-1,0,137059,0,0,94182
201388,0,5,0,-1,-1,0,137059,0,0,94183
201389,0,5,0,-1,-1,0,137059,0,0,94184
201390,0,5,0,-1,-1,0,137059,0,0,94185
201391,0,5,0,-1,-1,0,137059,0,0,94186
201392,0,5,0,-1,-1,0,137059,0,0,94187
201393,0,5,0,-1,-1,0,137059,0,0,94188
201394,0,5,0,-1,-1,0,137059,0,0,94189
201395,0,0,-1,-1,-1,0,55884,0,0,94190
201396,1,6,0,-1,-1,0,138285,0,0,94190
201397,0,0,-1,-1,-1,0,55884,0,0,94191
201398,1,6,0,-1,-1,0,138287,0,0,94191
201399,0,0,-1,-1,-1,0,138369,0,0,94200
201400,0,0,-1,1500,1500,133,143507,0,0,94207
201401,0,0,-1,-1,-1,0,55884,0,0,94208
201402,1,6,0,-1,-1,0,138380,0,0,94208
201403,0,0,-1,-1,-1,0,55884,0,0,94209
201404,1,6,0,-1,-1,0,138381,0,0,94209
201405,0,0,-1,-1,-1,0,55884,0,0,94210
201406,1,6,0,-1,-1,0,138382,0,0,94210
201407,0,7,-1,-1,-1,0,138670,0,0,94221
201408,0,0,-1,2000,-1,0,138417,0,0,94223
201409,0,0,-1,2000,-1,0,138419,0,0,94225
201410,0,0,-1,2000,-1,0,138418,0,0,94226
201411,0,0,-1,2000,-1,0,138420,0,0,94227
201412,0,0,-1,-1,3000,330,55884,0,0,94228
201413,1,6,0,-1,-1,0,138423,0,0,94228
201414,0,0,-1,-1,3000,330,55884,0,0,94229
201415,1,6,0,-1,-1,0,138425,0,0,94229
201416,0,0,-1,-1,3000,330,55884,0,0,94230
201417,1,6,0,-1,-1,0,138424,0,0,94230
201418,0,0,-1,-1,3000,330,55884,0,0,94231
201419,1,6,0,-1,-1,0,138426,0,0,94231
201420,0,0,-1,-1,-1,0,483,0,0,94232
201421,1,6,0,-1,-1,0,138430,0,0,94232
201422,0,0,0,3000,-1,0,138487,0,0,94233
201423,1,7,0,-1,-1,0,138545,0,0,94233
201424,0,0,-1,-1,3000,330,55884,0,0,94290
201425,1,6,0,-1,-1,0,138640,0,0,94290
201426,0,0,-1,-1,3000,330,55884,0,0,94291
201427,1,6,0,-1,-1,0,138641,0,0,94291
201428,0,0,-1,-1,3000,330,55884,0,0,94292
201429,1,6,0,-1,-1,0,138642,0,0,94292
201430,0,0,-1,-1,3000,330,55884,0,0,94293
201431,1,6,0,-1,-1,0,138643,0,0,94293
201432,0,1,0,-1,-1,0,132586,0,0,94307
201433,0,1,0,-1,-1,0,132586,0,0,94311
201434,0,1,0,-1,-1,0,132586,0,0,94313
201435,0,1,0,-1,-1,0,132586,0,0,94319
201436,0,1,0,-1,-1,0,132586,0,0,94320
201437,0,1,0,-1,-1,0,132586,0,0,94323
201438,0,1,0,-1,-1,0,132586,0,0,94324
201439,0,1,0,-1,-1,0,44297,0,0,94328
201440,1,0,0,120000,20000,1190,126697,0,0,94329
201441,0,1,0,-1,-1,0,22778,0,0,94331
201442,0,0,0,120000,120000,1182,42292,0,0,94338
201443,0,1,0,-1,-1,0,124489,0,0,94340
201444,0,1,0,-1,-1,0,61776,0,0,94343
201445,1,0,0,60000,20000,1141,126683,0,0,94346
201446,1,0,0,60000,20000,1141,126679,0,0,94349
201447,1,1,0,-1,-1,0,126708,0,0,94356
201448,0,0,0,120000,120000,1182,42292,0,0,94361
201449,0,1,0,-1,-1,0,62459,0,0,94364
201450,0,1,0,-1,-1,0,33830,0,0,94371
201451,1,0,0,60000,20000,1141,126690,0,0,94373
201452,0,1,0,-1,-1,0,61249,0,0,94377
201453,0,0,0,120000,120000,1182,42292,0,0,94386
201454,0,0,0,120000,120000,1182,42292,0,0,94387
201455,0,0,0,120000,120000,1182,42292,0,0,94388
201456,0,1,0,-1,-1,0,124489,0,0,94391
201457,1,0,0,120000,20000,1190,126697,0,0,94396
201458,0,1,0,-1,-1,0,32973,0,0,94408
201459,0,1,0,-1,-1,0,33830,0,0,94412
201460,1,1,0,-1,-1,0,126702,0,0,94415
201461,1,0,0,120000,20000,1190,126697,0,0,94422
201462,0,1,0,-1,-1,0,44297,0,0,94423
201463,0,1,0,-1,-1,0,38522,0,0,94438
201464,0,1,0,-1,-1,0,33063,0,0,94441
201465,0,1,0,-1,-1,0,44301,0,0,94451
201466,0,1,0,-1,-1,0,61255,0,0,94453
201467,0,0,0,120000,120000,1182,42292,0,0,94454
201468,0,1,0,-1,-1,0,61252,0,0,94455
201469,0,1,0,-1,-1,0,32973,0,0,94458
201470,1,1,0,-1,-1,0,126706,0,0,94482
201471,0,1,0,-1,-1,0,32973,0,0,94490
201472,0,0,0,120000,0,0,138728,0,0,94507
201473,0,1,0,0,0,0,138701,0,0,94508
201474,0,0,0,180000,0,0,138724,0,0,94509
201475,0,1,0,0,0,0,138704,0,0,94510
201476,0,1,0,0,0,0,138700,0,0,94511
201477,0,1,0,0,0,0,138757,0,0,94512
201478,0,1,0,0,0,0,138790,0,0,94513
201479,0,1,0,0,0,0,138849,0,0,94514
201480,0,1,0,0,0,0,138758,0,0,94515
201481,0,0,0,120000,120000,1190,126697,0,0,94516
201482,0,1,0,0,0,0,138865,0,0,94518
201483,0,1,0,0,0,0,138871,0,0,94519
201484,0,1,0,0,0,0,138924,0,0,94520
201485,0,1,0,0,0,0,138896,0,0,94521
201486,0,1,0,0,0,0,138894,0,0,94522
201487,0,1,0,0,0,0,138939,0,0,94523
201488,0,1,0,0,0,0,138964,0,0,94524
201489,0,1,0,0,0,0,138968,0,0,94525
201490,1,0,0,20000,0,0,138925,0,0,94525
201491,0,1,0,0,0,0,138957,0,0,94526
201492,0,1,0,0,0,0,138972,0,0,94527
201493,0,0,0,120000,0,0,138979,0,0,94528
201494,0,1,0,0,0,0,139171,0,0,94529
201495,0,1,0,0,0,0,139190,0,0,94530
201496,0,1,0,0,0,0,139134,0,0,94531
201497,0,1,0,0,0,0,139116,0,0,94532
201498,0,0,-1,0,1000,11,124248,0,0,94535
201499,0,0,-1,1500,-1,0,138686,0,0,94536
201500,0,0,-1,-1,-1,0,483,0,0,94552
201501,1,6,0,-1,-1,0,138646,0,0,94552
201502,0,0,-1,-1,-1,0,483,0,0,94567
201503,1,6,0,-1,-1,0,138883,0,0,94567
201504,0,0,-1,-1,-1,0,483,0,0,94568
201505,1,6,0,-1,-1,0,138882,0,0,94568
201506,0,0,-1,-1,-1,0,483,0,0,94569
201507,1,6,0,-1,-1,0,138877,0,0,94569
201508,0,0,-1,-1,-1,0,483,0,0,94570
201509,1,6,0,-1,-1,0,138876,0,0,94570
201510,0,0,-1,-1,-1,0,483,0,0,94571
201511,1,6,0,-1,-1,0,138889,0,0,94571
201512,0,0,-1,-1,-1,0,483,0,0,94572
201513,1,6,0,-1,-1,0,138888,0,0,94572
201514,0,0,-1,-1,-1,0,55884,0,0,94573
201515,1,6,0,-1,-1,0,139153,0,0,94573
201516,0,0,-1,-1,-1,0,55884,0,0,94574
201517,1,6,0,-1,-1,0,138825,0,0,94574
201518,0,7,0,-1,-1,0,140195,0,0,94594
201519,0,0,-1,-1,-1,0,55884,0,0,94595
201520,1,6,0,-1,-1,0,138913,0,0,94595
201521,0,0,-1,2000,-1,0,138927,0,0,94604
201522,0,0,-1,-1,-1,0,139505,0,0,94655
201523,0,0,-1,-1,-1,0,55884,0,0,94835
201524,1,6,0,-1,-1,0,139148,0,0,94835
201525,0,0,-1,-1,-1,0,483,0,0,94880
201526,1,6,0,-1,-1,0,139192,0,0,94880
201527,0,0,-1,-1,-1,0,483,0,0,94893
201528,1,6,0,-1,-1,0,139196,0,0,94893
201529,0,0,-1,-1,-1,0,483,0,0,94894
201530,1,6,0,-1,-1,0,139197,0,0,94894
201531,0,0,-1,1000,-1,0,55884,0,0,94903
201532,1,6,0,-1,-1,0,138824,0,0,94903
201533,0,0,-1,-1,-1,0,136213,0,0,94904
201534,0,0,0,-1,-1,0,139274,0,0,94918
201535,0,0,-1,1000,-1,0,55884,0,0,94932
201536,1,6,0,-1,-1,0,139361,0,0,94932
201537,0,0,-1,1000,-1,0,55884,0,0,94933
201538,1,6,0,-1,-1,0,139362,0,0,94933
201539,0,0,-1,1000,-1,0,55884,0,0,94934
201540,1,6,0,-1,-1,0,139363,0,0,94934
201541,0,0,-1,1000,-1,0,55884,0,0,94935
201542,1,6,0,-1,-1,0,139365,0,0,94935
201543,0,0,-1,-1,3000,330,55884,0,0,95041
201544,1,6,0,-1,-1,0,139407,0,0,95041
201545,1,0,0,3600000,0,0,139432,0,0,95050
201546,1,0,0,3600000,0,0,139437,0,0,95051
201547,0,0,-1,0,10000,1157,139459,0,0,95052
201548,0,0,-1,0,10000,1157,139495,0,0,95053
201549,0,0,-1,0,10000,1157,139492,0,0,95054
201550,0,0,-1,0,10000,1157,139490,0,0,95055
201551,0,0,-1,0,10000,4,139489,0,0,95056
201552,0,0,-1,-1,3000,330,55884,0,0,95057
201553,1,6,0,-1,-1,0,139442,0,0,95057
201554,2,5,0,-1,-1,0,135930,0,0,95057
201555,0,0,-1,-1,3000,330,55884,0,0,95059
201556,1,6,0,-1,-1,0,139448,0,0,95059
201557,0,0,-1,0,10000,1157,139488,0,0,95093
201558,0,0,-1,-1,3000,330,483,0,0,95341
201559,1,6,0,-1,3000,0,139595,0,0,95341
201560,0,0,-1,0,0,0,139631,0,0,95349
201561,0,0,0,3000,-1,0,139657,0,0,95350
201562,1,7,0,-1,-1,0,138545,0,0,95350
201563,0,0,0,1000,-1,0,139736,0,0,95352
201564,0,0,0,1000,-1,0,139603,0,0,95360
201565,0,0,-1,-1,-1,0,139770,0,0,95374
201566,0,0,-1,-1,-1,0,126935,0,0,95375
201567,0,0,-1,-1,-1,0,126935,0,0,95376
201568,0,0,-1,-1,-1,0,126935,0,0,95377
201569,0,0,-1,-1,-1,0,126935,0,0,95378
201570,0,0,-1,-1,-1,0,126935,0,0,95379
201571,0,0,-1,-1,-1,0,126935,0,0,95380
201572,0,0,-1,-1,-1,0,126935,0,0,95381
201573,0,0,-1,-1,-1,0,126935,0,0,95382
201574,0,0,-1,-1,3000,330,55884,0,0,95416
201575,1,6,0,-1,-1,0,134359,0,0,95416
201576,0,0,-1,-1,-1,0,55884,0,0,95422
201577,1,6,0,-1,-1,0,139932,0,0,95422
201578,0,0,-1,-1,-1,0,55884,0,0,95423
201579,1,6,0,-1,-1,0,139933,0,0,95423
201580,0,0,-1,-1,-1,0,55884,0,0,95424
201581,1,6,0,-1,-1,0,139934,0,0,95424
201582,1,0,0,60000,-1,0,46643,0,0,95426
201583,0,0,0,60000,-1,0,137660,0,0,95432
201584,0,0,-10,0,0,0,116356,0,0,95434
201585,0,0,-10,0,0,0,123362,0,0,95436
201586,0,0,-10,0,0,0,131094,0,0,95437
201587,0,0,-10,0,0,0,123486,0,0,95438
201588,0,0,-10,0,0,0,123566,0,0,95439
201589,0,0,-10,0,0,0,123537,0,0,95440
201590,0,0,-10,0,0,0,123389,0,0,95441
201591,0,0,-10,0,0,0,131095,0,0,95442
201592,0,0,-10,0,0,0,123567,0,0,95443
201593,0,0,-10,0,0,0,131093,0,0,95444
201594,0,0,-10,0,0,0,139975,0,0,95445
201595,0,0,-10,0,0,0,139975,0,0,95446
201596,0,0,-10,0,0,0,139977,0,0,95447
201597,0,0,-10,0,0,0,139977,0,0,95448
201598,0,0,-10,0,0,0,139978,0,0,95449
201599,0,0,-10,0,0,0,139978,0,0,95450
201600,0,0,-10,0,0,0,139981,0,0,95451
201601,0,0,-10,0,0,0,139981,0,0,95452
201602,0,0,-10,-1,-1,0,139983,0,0,95454
201603,0,0,-10,-1,-1,0,139983,0,0,95456
201604,0,0,-10,0,0,0,139986,0,0,95457
201605,0,0,-10,0,0,0,139986,0,0,95458
201606,0,0,-1,-1,-1,0,483,0,0,95467
201607,1,6,0,-1,-1,0,140040,0,0,95467
201608,0,0,-1,-1,-1,0,483,0,0,95468
201609,1,6,0,-1,-1,0,140041,0,0,95468
201610,0,0,-1,-1,-1,0,483,0,0,95470
201611,1,6,0,-1,-1,0,140050,0,0,95470
201612,0,0,-1,-1,-1,0,483,0,0,95471
201613,1,6,0,-1,-1,0,140060,0,0,95471
201614,0,0,-1,1000,-1,0,65673,0,0,95481
201615,0,0,-1,1000,-1,0,65683,0,0,95482
201616,0,0,-1,2000,-1,0,140143,0,0,95487
201617,0,0,-1,2000,-1,0,140144,0,0,95488
201618,0,0,-1,2000,-1,0,140145,0,0,95489
201619,0,0,-1,2000,-1,0,140147,0,0,95490
201620,0,0,-1,2000,-1,0,140152,0,0,95496
201621,0,0,-1,1500,-1,0,140156,0,0,95497
201622,0,0,-1,0,0,0,140226,0,0,95545
201623,0,0,-1,0,0,0,140228,0,0,95548
201624,0,0,-1,0,0,0,140235,0,0,95559
201625,0,0,-1,-1,3000,330,55884,0,0,95564
201626,1,6,0,0,0,0,140249,0,0,95564
201627,0,0,-1,-1,3000,330,55884,0,0,95565
201628,1,6,0,0,0,0,140250,0,0,95565
201629,0,0,0,1800000,-1,0,140271,0,0,95566
201630,0,0,0,600000,600000,1139,140295,0,0,95567
201631,0,0,0,600000,600000,1139,140300,0,0,95568
201632,0,0,0,-1,180000,1246,140365,0,0,95589
201633,0,0,0,-1,180000,1246,140370,0,0,95590
201634,0,0,-1,-1,-1,0,55884,0,0,95621
201635,1,6,0,-1,-1,0,65682,0,0,95621
201636,0,1,0,-1,-1,0,138757,0,0,95625
201637,0,1,0,-1,-1,0,138849,0,0,95641
201638,0,1,0,-1,-1,0,138957,0,0,95654
201639,0,1,0,-1,-1,0,138939,0,0,95665
201640,0,1,0,-1,-1,0,138790,0,0,95669
201641,0,0,0,120000,120000,1190,126697,0,0,95677
201642,0,1,0,-1,-1,0,138896,0,0,95711
201643,0,1,0,-1,-1,0,138924,0,0,95712
201644,0,1,0,-1,-1,0,138758,0,0,95726
201645,0,1,0,-1,-1,0,138972,0,0,95727
201646,0,1,0,-1,-1,0,138894,0,0,95748
201647,0,1,0,-1,-1,0,138871,0,0,95757
201648,0,1,0,-1,-1,0,138968,0,0,95763
201649,1,0,0,20000,0,0,138925,0,0,95763
201650,0,1,0,-1,-1,0,139134,0,0,95772
201651,0,1,0,-1,-1,0,138865,0,0,95779
201652,0,1,0,-1,-1,0,139171,0,0,95799
201653,0,1,0,-1,-1,0,139116,0,0,95802
201654,0,0,0,120000,0,0,138979,0,0,95811
201655,0,1,0,-1,-1,0,138964,0,0,95814
201656,0,1,0,-1,-1,0,139190,0,0,95817
201657,0,1,0,60000,15000,0,138757,0,0,95997
201658,0,1,0,0,0,0,138849,0,0,96013
201659,0,1,0,0,0,0,138957,0,0,96026
201660,0,1,0,0,0,0,138939,0,0,96037
201661,0,1,0,0,0,0,138790,0,0,96041
201662,0,0,0,120000,120000,1190,126697,0,0,96049
201663,0,1,0,0,0,0,138896,0,0,96083
201664,0,1,0,0,0,0,138924,0,0,96084
201665,0,1,0,0,0,0,138758,0,0,96098
201666,0,1,0,0,0,0,138972,0,0,96099
201667,0,1,0,0,0,0,138894,0,0,96120
201668,0,1,0,0,0,0,138871,0,0,96129
201669,0,1,0,0,0,0,138968,0,0,96135
201670,1,0,0,20000,0,0,138925,0,0,96135
201671,0,1,0,0,0,0,139134,0,0,96144
201672,0,1,0,0,0,0,138865,0,0,96151
201673,0,1,0,0,0,0,139171,0,0,96171
201674,0,1,0,0,0,0,139116,0,0,96174
201675,0,0,0,120000,0,0,138979,0,0,96183
201676,0,1,0,0,0,0,138964,0,0,96186
201677,0,1,0,0,0,0,139190,0,0,96189
201678,0,1,0,60000,15000,0,138757,0,0,96369
201679,0,1,0,0,0,0,138849,0,0,96385
201680,0,1,0,0,0,0,138957,0,0,96398
201681,0,1,0,0,0,0,138939,0,0,96409
201682,0,1,0,0,0,0,138790,0,0,96413
201683,0,0,0,120000,120000,1190,126697,0,0,96421
201684,0,1,0,0,0,0,138896,0,0,96455
201685,0,1,0,0,0,0,138924,0,0,96456
201686,0,1,0,0,0,0,138758,0,0,96470
201687,0,1,0,0,0,0,138972,0,0,96471
201688,0,1,0,0,0,0,138894,0,0,96492
201689,0,1,0,0,0,0,138871,0,0,96501
201690,0,1,0,0,0,0,138968,0,0,96507
201691,1,0,0,20000,0,0,138925,0,0,96507
201692,0,1,0,0,0,0,139134,0,0,96516
201693,0,1,0,0,0,0,138865,0,0,96523
201694,0,1,0,0,0,0,139171,0,0,96543
201695,0,1,0,-1,-1,0,139116,0,0,96546
201696,0,0,0,120000,0,0,138979,0,0,96555
201697,0,1,0,-1,-1,0,138964,0,0,96558
201698,0,1,0,0,0,0,139190,0,0,96561
201699,0,1,0,60000,15000,0,138757,0,0,96741
201700,0,1,0,0,0,0,138849,0,0,96757
201701,0,1,0,0,0,0,138957,0,0,96770
201702,0,1,0,0,0,0,138939,0,0,96781
201703,0,1,0,0,0,0,138790,0,0,96785
201704,0,0,0,120000,120000,1190,126697,0,0,96793
201705,0,1,0,0,0,0,138896,0,0,96827
201706,0,1,0,0,0,0,138924,0,0,96828
201707,0,1,0,0,0,0,138758,0,0,96842
201708,0,1,0,0,0,0,138972,0,0,96843
201709,0,1,0,0,0,0,138894,0,0,96864
201710,0,1,0,0,0,0,138871,0,0,96873
201711,0,1,0,0,0,0,138968,0,0,96879
201712,1,0,0,20000,0,0,138925,0,0,96879
201713,0,1,0,0,0,0,139134,0,0,96888
201714,0,1,0,0,0,0,138865,0,0,96895
201715,0,1,0,0,0,0,139171,0,0,96915
201716,0,1,0,0,0,0,139116,0,0,96918
201717,0,0,0,120000,0,0,138979,0,0,96927
201718,0,1,0,0,0,0,138964,0,0,96930
201719,0,1,0,0,0,0,139190,0,0,96933
201720,0,0,-1,0,10000,1157,139488,0,0,97154
201721,0,0,-1,0,10000,4,139489,0,0,97155
201722,0,0,-1,0,10000,1157,139490,0,0,97156
201723,0,0,-1,0,10000,1157,139492,0,0,97157
201724,0,0,-1,0,10000,1157,139495,0,0,97158
201725,0,0,-1,0,10000,1157,139459,0,0,97159
201726,0,0,-1,-1,-1,0,483,0,0,97230
201727,1,6,0,-1,-1,0,139176,0,0,97230
201728,0,0,-1,2000,-1,0,131934,0,0,97268
201729,0,5,0,-1,-1,0,137059,0,0,97278
201730,0,5,0,-1,-1,0,137059,0,0,97279
201731,0,5,0,-1,-1,0,137059,0,0,97280
201732,0,5,0,-1,-1,0,137059,0,0,97281
201733,0,5,0,-1,-1,0,137059,0,0,97282
201734,0,5,0,-1,-1,0,137059,0,0,97283
201735,0,5,0,-1,-1,0,137059,0,0,97284
201736,0,5,0,-1,-1,0,137059,0,0,97285
201737,0,5,0,-1,-1,0,137059,0,0,97286
201738,0,5,0,-1,-1,0,137059,0,0,97287
201739,0,5,0,-1,-1,0,137059,0,0,97288
201740,0,5,0,-1,-1,0,137059,0,0,97289
201741,0,1,0,-1,-1,0,132602,0,0,97296
201742,0,1,0,-1,-1,0,141159,0,0,97304
201743,0,0,0,60000,15000,1141,141162,0,0,97305
201744,0,5,0,-1,-1,0,137059,0,0,97321
201745,0,5,0,-1,-1,0,137059,0,0,97445
201746,0,5,0,-1,-1,0,137059,0,0,97450
201747,0,0,-1,1000,-1,0,141363,0,0,97512
201748,0,1,0,-1,-1,0,44297,0,0,97522
201749,1,0,0,60000,20000,1141,141376,0,0,97531
201750,1,0,0,60000,20000,1141,141377,0,0,97532
201751,0,0,0,120000,120000,1182,42292,0,0,97533
201752,0,0,-1,1000,-1,0,141406,0,0,97546
201753,0,0,-1,-1,-1,0,55884,0,0,97548
201754,1,6,0,-1,-1,0,141433,0,0,97548
201755,0,0,-1,-1,-1,0,55884,0,0,97549
201756,1,6,0,-1,-1,0,141434,0,0,97549
201757,0,0,-1,-1,-1,0,55884,0,0,97550
201758,1,6,0,-1,-1,0,141435,0,0,97550
201759,0,0,-1,-1,-1,0,55884,0,0,97551
201760,1,6,0,-1,-1,0,141451,0,0,97551
201761,0,0,-1,-1,-1,0,55884,0,0,97552
201762,1,6,0,-1,-1,0,141436,0,0,97552
201763,0,0,-1,-1,-1,0,55884,0,0,97553
201764,1,6,0,-1,-1,0,141437,0,0,97553
201765,0,0,-1,-1,-1,0,55884,0,0,97554
201766,1,6,0,-1,-1,0,141446,0,0,97554
201767,0,0,-1,-1,-1,0,55884,0,0,97555
201768,1,6,0,-1,-1,0,141447,0,0,97555
201769,0,0,-1,-1,-1,0,55884,0,0,97556
201770,1,6,0,-1,-1,0,141448,0,0,97556
201771,0,0,-1,-1,-1,0,55884,0,0,97557
201772,1,6,0,-1,-1,0,141449,0,0,97557
201773,0,0,-1,-1,-1,0,55884,0,0,97558
201774,1,6,0,-1,-1,0,141450,0,0,97558
201775,0,5,0,-1,-1,0,137059,0,0,97559
201776,0,5,0,-1,-1,0,137059,0,0,97560
201777,0,5,0,-1,-1,0,137059,0,0,97561
201778,0,5,0,-1,-1,0,137059,0,0,97563
201779,0,5,0,-1,-1,0,137059,0,0,97566
201780,0,0,-1,1000,-1,0,141656,0,0,97619
201781,0,0,-1,1000,-1,0,141657,0,0,97620
201782,0,0,-1,1000,-1,0,141658,0,0,97621
201783,0,0,-1,1000,-1,0,141659,0,0,97622
201784,0,0,-1,1000,-1,0,141660,0,0,97623
201785,0,0,-1,1000,-1,0,141661,0,0,97624
201786,0,0,-1,-1,-1,0,55884,0,0,97821
201787,1,6,0,-1,-1,0,141789,0,0,97821
201788,0,0,0,-1,-1,0,141861,0,0,97826
201789,0,0,0,-1,-1,0,141863,0,0,97827
201790,0,0,0,-1,-1,0,141864,0,0,97828
201791,0,0,0,-1,-1,0,141865,0,0,97829
201792,0,0,0,-1,-1,0,141866,0,0,97830
201793,0,0,0,-1,-1,0,141867,0,0,97831
201794,0,0,0,-1,-1,0,141843,0,0,97832
201795,0,1,0,-1,-1,0,44301,0,0,97839
201796,0,0,0,120000,120000,1182,42292,0,0,97845
201797,0,0,0,3000,-1,0,141886,0,0,97863
201798,0,0,0,1800000,1500,133,141917,0,0,97919
201799,0,0,0,1800000,1500,133,141930,0,0,97921
201800,0,1,0,-1,-1,0,44301,0,0,97929
201801,0,0,0,120000,120000,1182,42292,0,0,97935
201802,1,0,0,60000,20000,1141,141969,0,0,97936
201803,0,0,0,1800000,1500,0,141970,0,0,97942
201804,0,0,-1,-1,-1,0,55884,0,0,97959
201805,1,6,0,-1,-1,0,142028,0,0,97959
201806,0,0,-1,-1,-1,0,55884,0,0,97960
201807,1,6,0,-1,-1,0,142029,0,0,97960
201808,0,0,-1,-1,-1,0,55884,0,0,97961
201809,1,6,0,-1,-1,0,142030,0,0,97961
201810,0,5,0,-1,-1,0,137059,0,0,97972
201811,0,0,-1,2000,-1,0,131934,0,0,97977
201812,0,0,-1,-1,3000,330,483,0,0,97989
201813,1,6,0,-1,3000,0,142878,0,0,97989
201814,0,0,-1,180000,-1,0,144399,0,0,97994
201815,0,0,-1,-1,-1,0,142116,0,0,98001
201816,0,1,0,-1,-1,0,142158,0,0,98019
201817,0,1,0,-1,-1,0,142160,0,0,98020
201818,0,1,0,-1,-1,0,132602,0,0,98043
201819,0,1,0,-1,-1,0,142195,0,0,98049
201820,0,1,0,-1,-1,0,142158,0,0,98050
201821,0,0,0,0,60000,4,134989,0,0,98061
201822,0,0,0,0,60000,4,134987,0,0,98062
201823,0,0,0,0,60000,4,134986,0,0,98063
201824,0,1,0,-1,-1,0,132602,0,0,98070
201825,0,1,0,-1,-1,0,142195,0,0,98075
201826,0,1,0,-1,-1,0,142160,0,0,98076
201827,0,1,0,-1,-1,0,142234,0,0,98079
201828,0,1,0,-1,-1,0,142239,0,0,98080
201829,0,1,0,-1,-1,0,142240,0,0,98081
201830,0,1,0,-1,-1,0,142241,0,0,98082
201831,0,1,0,-1,-1,0,142242,0,0,98083
201832,0,1,0,-1,-1,0,142243,0,0,98084
201833,0,1,0,-1,-1,0,142244,0,0,98085
201834,0,1,0,-1,-1,0,142245,0,0,98086
201835,0,1,0,-1,-1,0,142246,0,0,98087
201836,0,1,0,-1,-1,0,142247,0,0,98091
201837,0,1,0,-1,-1,0,142248,0,0,98092
201838,0,1,0,-1,-1,0,142249,0,0,98093
201839,0,0,-1,1500,1500,133,143506,0,0,98095
201840,0,0,-1,-1,3000,330,55884,0,0,98104
201841,1,6,0,-1,-1,0,142266,0,0,98104
201842,0,0,-1,-1,-1,11,142273,0,0,98111
201843,0,0,-1,1000,-1,0,142204,0,0,98112
201844,0,0,-1,1000,-1,0,142205,0,0,98114
201845,0,0,-1,-1,-1,11,142281,0,0,98116
201846,0,0,-1,60000,1000,59,142278,0,0,98117
201847,0,0,-1,-1,-1,11,142287,0,0,98118
201848,0,0,-1,0,1000,11,124245,0,0,98121
201849,0,0,-1,0,1000,11,124246,0,0,98122
201850,0,0,-1,0,1000,11,124247,0,0,98123
201851,0,0,-1,0,1000,11,125073,0,0,98124
201852,0,0,-1,0,1000,11,124249,0,0,98125
201853,0,0,-1,0,1000,11,124250,0,0,98126
201854,0,0,-1,0,1000,11,124248,0,0,98127
201855,0,0,0,1800000,-1,0,142325,0,0,98132
201856,0,0,-1,1500,1500,133,142397,0,0,98134
201857,0,0,0,1800000,-1,0,142372,0,0,98136
201858,0,0,-1,0,1000,59,11007,0,0,98157
201859,0,0,-1,0,0,0,142468,0,0,98163
201860,0,0,-1,0,0,0,142469,0,0,98164
201861,0,0,-1,-1,3000,330,55884,0,0,98259
201862,1,6,0,-1,-1,0,142478,0,0,98259
201863,0,0,-1,-1,3000,330,55884,0,0,98405
201864,1,6,0,-1,-1,0,142641,0,0,98405
201865,0,1,0,-1,-1,0,143625,0,0,98543
201866,0,0,-1,1500,1500,133,142901,0,0,98546
201867,0,0,-1,180000,-1,0,142905,0,0,98549
201868,0,0,-1,-1,-1,0,55884,0,0,98550
201869,1,6,0,-1,-1,0,142880,0,0,98550
201870,0,0,0,300000,300000,133,142917,0,0,98552
201871,0,0,-1,0,10000,1157,142933,0,0,98558
201872,0,0,-1,0,10000,1157,142933,0,0,98559
201873,0,0,-1,120000,120000,1153,142915,0,0,98561
201874,0,0,-1,1500,-1,0,142920,0,0,98563
201875,0,0,-1,-1,3000,330,483,0,0,98618
201876,1,6,0,-1,3000,0,142073,0,0,98618
201877,0,0,-1,1000,-1,0,134644,0,0,98715
201878,1,0,0,60000,20000,1141,126690,0,0,98755
201879,1,1,0,-1,-1,0,126708,0,0,98760
201880,0,1,0,-1,-1,0,62459,0,0,98785
201881,0,1,0,-1,-1,0,61252,0,0,98789
201882,0,1,0,-1,-1,0,33830,0,0,98797
201883,0,1,0,-1,-1,0,33830,0,0,98805
201884,1,0,0,120000,20000,1190,126697,0,0,98811
201885,1,0,0,120000,20000,1190,126697,0,0,98812
201886,1,0,0,120000,20000,1190,126697,0,0,98813
201887,0,1,0,-1,-1,0,61255,0,0,98821
201888,0,1,0,-1,-1,0,44301,0,0,98825
201889,0,1,0,-1,-1,0,124489,0,0,98833
201890,0,1,0,-1,-1,0,124489,0,0,98838
201891,0,1,0,-1,-1,0,61776,0,0,98844
201892,0,1,0,-1,-1,0,38522,0,0,98855
201893,0,1,0,-1,-1,0,44297,0,0,98865
201894,0,1,0,-1,-1,0,44297,0,0,98870
201895,0,0,0,120000,120000,1182,42292,0,0,98875
201896,0,0,0,120000,120000,1182,42292,0,0,98876
201897,0,0,0,120000,120000,1182,42292,0,0,98877
201898,0,0,0,120000,120000,1182,42292,0,0,98878
201899,0,0,0,120000,120000,1182,42292,0,0,98879
201900,0,0,0,120000,120000,1182,42292,0,0,98880
201901,0,1,0,-1,-1,0,61249,0,0,98885
201902,0,1,0,-1,-1,0,32973,0,0,98895
201903,0,1,0,-1,-1,0,32973,0,0,98900
201904,0,1,0,-1,-1,0,32973,0,0,98906
201905,1,0,0,60000,20000,1141,126683,0,0,98910
201906,1,1,0,-1,-1,0,126706,0,0,98911
201907,1,0,0,60000,20000,1141,126679,0,0,98912
201908,1,1,0,-1,-1,0,126702,0,0,98917
201909,0,1,0,-1,-1,0,33063,0,0,98921
201910,0,1,0,-1,-1,0,22778,0,0,98927
201911,0,1,0,-1,-1,0,132586,0,0,99766
201912,0,1,0,-1,-1,0,132586,0,0,99767
201913,0,1,0,-1,-1,0,132586,0,0,99768
201914,1,0,0,60000,20000,1141,126690,0,0,99772
201915,1,1,0,-1,-1,0,126708,0,0,99777
201916,0,1,0,-1,-1,0,132586,0,0,99796
201917,0,1,0,-1,-1,0,62459,0,0,99807
201918,0,1,0,-1,-1,0,61252,0,0,99811
201919,0,1,0,-1,-1,0,33830,0,0,99819
201920,0,1,0,-1,-1,0,132586,0,0,99824
201921,0,1,0,-1,-1,0,33830,0,0,99828
201922,0,1,0,-1,-1,0,132586,0,0,99837
201923,1,0,0,120000,20000,1190,126697,0,0,99838
201924,1,0,0,120000,20000,1190,126697,0,0,99839
201925,1,0,0,120000,20000,1190,126697,0,0,99840
201926,0,1,0,-1,-1,0,61255,0,0,99848
201927,0,1,0,-1,-1,0,44301,0,0,99852
201928,0,1,0,-1,-1,0,124489,0,0,99860
201929,0,1,0,-1,-1,0,124489,0,0,99865
201930,0,1,0,-1,-1,0,61776,0,0,99871
201931,0,1,0,-1,-1,0,38522,0,0,99882
201932,0,1,0,-1,-1,0,132586,0,0,99892
201933,0,1,0,-1,-1,0,44297,0,0,99893
201934,0,1,0,-1,-1,0,44297,0,0,99898
201935,0,1,0,-1,-1,0,61249,0,0,99907
201936,0,1,0,-1,-1,0,32973,0,0,99917
201937,0,1,0,-1,-1,0,32973,0,0,99922
201938,0,1,0,-1,-1,0,32973,0,0,99928
201939,1,0,0,60000,20000,1141,126683,0,0,99937
201940,1,1,0,-1,-1,0,126706,0,0,99938
201941,1,0,0,60000,20000,1141,126679,0,0,99943
201942,1,1,0,-1,-1,0,126702,0,0,99948
201943,0,1,0,-1,-1,0,33063,0,0,99952
201944,0,1,0,-1,-1,0,22778,0,0,99958
201945,0,1,0,-1,-1,0,132586,0,0,99968
201946,0,1,0,-1,-1,0,132586,0,0,99972
201947,0,1,0,-1,-1,0,132586,0,0,99974
201948,0,1,0,-1,-1,0,132586,0,0,99980
201949,0,1,0,-1,-1,0,132586,0,0,99981
201950,0,1,0,-1,-1,0,132586,0,0,99984
201951,0,1,0,-1,-1,0,132586,0,0,99985
201952,0,1,0,-1,-1,0,44297,0,0,99989
201953,1,0,0,120000,20000,1190,126697,0,0,99990
201954,0,1,0,-1,-1,0,22778,0,0,99992
201955,0,0,0,120000,120000,1182,42292,0,0,100006
201956,0,1,0,-1,-1,0,124489,0,0,100010
201957,0,1,0,-1,-1,0,61776,0,0,100013
201958,1,0,0,60000,20000,1141,126683,0,0,100016
201959,1,0,0,60000,20000,1141,126679,0,0,100019
201960,1,1,0,-1,-1,0,126708,0,0,100026
201961,0,0,0,120000,120000,1182,42292,0,0,100031
201962,0,1,0,-1,-1,0,62459,0,0,100034
201963,0,1,0,-1,-1,0,33830,0,0,100041
201964,1,0,0,60000,20000,1141,126690,0,0,100043
201965,0,1,0,-1,-1,0,61249,0,0,100047
201966,0,0,0,120000,120000,1182,42292,0,0,100056
201967,0,0,0,120000,120000,1182,42292,0,0,100057
201968,0,0,0,120000,120000,1182,42292,0,0,100058
201969,0,1,0,-1,-1,0,124489,0,0,100061
201970,1,0,0,120000,20000,1190,126697,0,0,100066
201971,0,1,0,-1,-1,0,32973,0,0,100078
201972,0,1,0,-1,-1,0,33830,0,0,100082
201973,1,1,0,-1,-1,0,126702,0,0,100085
201974,1,0,0,120000,20000,1190,126697,0,0,100092
201975,0,1,0,-1,-1,0,44297,0,0,100093
201976,0,1,0,-1,-1,0,38522,0,0,100108
201977,0,1,0,-1,-1,0,33063,0,0,100111
201978,0,1,0,-1,-1,0,44301,0,0,100121
201979,0,1,0,-1,-1,0,61255,0,0,100123
201980,0,0,0,120000,120000,1182,42292,0,0,100124
201981,0,1,0,-1,-1,0,61252,0,0,100125
201982,0,1,0,-1,-1,0,32973,0,0,100128
201983,1,1,0,-1,-1,0,126706,0,0,100152
201984,0,1,0,-1,-1,0,32973,0,0,100160
201985,0,1,0,-1,-1,0,132586,0,0,100183
201986,0,1,0,-1,-1,0,132586,0,0,100185
201987,0,1,0,-1,-1,0,132586,0,0,100187
201988,1,0,0,60000,20000,1141,126690,0,0,100195
201989,1,1,0,-1,-1,0,126708,0,0,100200
201990,0,1,0,-1,-1,0,132586,0,0,100229
201991,0,1,0,-1,-1,0,62459,0,0,100245
201992,0,1,0,-1,-1,0,61252,0,0,100253
201993,0,1,0,-1,-1,0,33830,0,0,100268
201994,0,1,0,-1,-1,0,132586,0,0,100278
201995,0,1,0,-1,-1,0,33830,0,0,100285
201996,0,1,0,-1,-1,0,132586,0,0,100303
201997,1,0,0,120000,20000,1190,126697,0,0,100305
201998,1,0,0,120000,20000,1190,126697,0,0,100306
201999,1,0,0,120000,20000,1190,126697,0,0,100307
202000,0,1,0,-1,-1,0,61255,0,0,100320
202001,0,1,0,-1,-1,0,44301,0,0,100328
202002,0,1,0,-1,-1,0,124489,0,0,100343
202003,0,1,0,-1,-1,0,124489,0,0,100353
202004,0,1,0,-1,-1,0,61776,0,0,100365
202005,0,1,0,-1,-1,0,38522,0,0,100385
202006,0,1,0,-1,-1,0,132586,0,0,100403
202007,0,1,0,-1,-1,0,44297,0,0,100405
202008,0,1,0,-1,-1,0,44297,0,0,100415
202009,0,1,0,-1,-1,0,61249,0,0,100432
202010,0,1,0,-1,-1,0,32973,0,0,100450
202011,0,1,0,-1,-1,0,32973,0,0,100460
202012,0,1,0,-1,-1,0,32973,0,0,100472
202013,1,0,0,60000,20000,1141,126683,0,0,100490
202014,1,1,0,-1,-1,0,126706,0,0,100491
202015,1,0,0,60000,20000,1141,126679,0,0,100500
202016,1,1,0,-1,-1,0,126702,0,0,100505
202017,0,1,0,-1,-1,0,33063,0,0,100510
202018,0,1,0,-1,-1,0,22778,0,0,100522
202019,0,1,0,-1,-1,0,132586,0,0,100537
202020,0,1,0,-1,-1,0,132586,0,0,100541
202021,0,1,0,-1,-1,0,132586,0,0,100543
202022,0,1,0,-1,-1,0,132586,0,0,100549
202023,0,1,0,-1,-1,0,132586,0,0,100550
202024,0,1,0,-1,-1,0,132586,0,0,100553
202025,0,1,0,-1,-1,0,132586,0,0,100554
202026,0,1,0,-1,-1,0,44297,0,0,100558
202027,1,0,0,120000,20000,1190,126697,0,0,100559
202028,0,1,0,-1,-1,0,22778,0,0,100561
202029,0,0,0,120000,120000,1182,42292,0,0,100568
202030,0,1,0,-1,-1,0,124489,0,0,100570
202031,0,1,0,-1,-1,0,61776,0,0,100573
202032,1,0,0,60000,20000,1141,126683,0,0,100576
202033,1,0,0,60000,20000,1141,126679,0,0,100579
202034,1,1,0,-1,-1,0,126708,0,0,100586
202035,0,0,0,120000,120000,1182,42292,0,0,100591
202036,0,1,0,-1,-1,0,62459,0,0,100594
202037,0,1,0,-1,-1,0,33830,0,0,100601
202038,1,0,0,60000,20000,1141,126690,0,0,100603
202039,0,1,0,-1,-1,0,61249,0,0,100607
202040,0,0,0,120000,120000,1182,42292,0,0,100616
202041,0,0,0,120000,120000,1182,42292,0,0,100617
202042,0,0,0,120000,120000,1182,42292,0,0,100618
202043,0,1,0,-1,-1,0,124489,0,0,100621
202044,1,0,0,120000,20000,1190,126697,0,0,100626
202045,0,1,0,-1,-1,0,32973,0,0,100638
202046,0,1,0,-1,-1,0,33830,0,0,100642
202047,1,1,0,-1,-1,0,126702,0,0,100645
202048,1,0,0,120000,20000,1190,126697,0,0,100652
202049,0,1,0,-1,-1,0,44297,0,0,100653
202050,0,1,0,-1,-1,0,38522,0,0,100668
202051,0,1,0,-1,-1,0,33063,0,0,100671
202052,0,1,0,-1,-1,0,44301,0,0,100681
202053,0,1,0,-1,-1,0,61255,0,0,100683
202054,0,0,0,120000,120000,1182,42292,0,0,100684
202055,0,1,0,-1,-1,0,61252,0,0,100685
202056,0,1,0,-1,-1,0,32973,0,0,100688
202057,1,1,0,-1,-1,0,126706,0,0,100712
202058,0,1,0,-1,-1,0,32973,0,0,100720
202059,0,0,-1,-1,-1,0,143626,0,0,100863
202060,0,0,-1,-1,-1,0,143644,0,0,100864
202061,0,0,-1,-1,-1,0,143646,0,0,100865
202062,0,0,-1,-1,-1,0,55884,0,0,100870
202063,1,6,0,-1,-1,0,143637,0,0,100870
202064,0,0,-1,-1,-1,0,143626,0,0,100871
202065,0,0,-1,1000,-1,0,55884,0,0,100905
202066,1,6,0,-1,-1,0,143703,0,0,100905
202067,0,0,-1,-1,-1,0,483,0,0,100907
202068,1,6,0,-1,-1,0,143714,0,0,100907
202069,0,0,-1,-1,-1,0,55884,0,0,100908
202070,1,6,0,-1,-1,0,143732,0,0,100908
202071,0,0,-1,-1,-1,0,143743,0,0,100910
202072,0,0,-1,0,1000,0,143917,0,0,100948
202073,1,5,0,-1,-1,0,146589,0,0,100948
202074,0,0,0,150000,25000,1141,126478,0,0,100951
202075,0,0,0,120000,20000,0,126270,0,0,100963
202076,0,1,0,60000,20000,0,133631,0,0,100990
202077,0,1,0,-1,-1,0,126583,0,0,100991
202078,0,1,0,-1,-1,0,126237,0,0,100999
202079,0,1,0,-1,-1,0,133631,0,0,101002
202080,0,1,0,-1,-1,0,126552,0,0,101009
202081,0,1,0,-1,-1,0,133631,0,0,101012
202082,0,1,0,-1,-1,0,126660,0,0,101023
202083,0,1,0,-1,-1,0,133631,0,0,101026
202084,0,1,0,-1,-1,0,126468,0,0,101038
202085,0,1,0,-1,-1,0,126268,0,0,101041
202086,0,1,0,-1,-1,0,126552,0,0,101054
202087,0,1,0,-1,-1,0,133631,0,0,101057
202088,0,1,0,-1,-1,0,126660,0,0,101069
202089,0,1,0,-1,-1,0,133631,0,0,101072
202090,0,1,0,-1,-1,0,133631,0,0,101087
202091,0,1,0,-1,-1,0,126237,0,0,101089
202092,0,1,0,-1,-1,0,126468,0,0,101102
202093,0,1,0,-1,-1,0,126268,0,0,101107
202094,0,1,0,-1,-1,0,126552,0,0,101113
202095,0,1,0,-1,-1,0,133631,0,0,101117
202096,0,1,0,-1,-1,0,126468,0,0,101135
202097,0,1,0,-1,-1,0,126268,0,0,101138
202098,0,1,0,60000,20000,0,133631,0,0,101151
202099,0,1,0,-1,-1,0,126583,0,0,101152
202100,0,1,0,-1,-1,0,126237,0,0,101160
202101,0,1,0,-1,-1,0,133631,0,0,101163
202102,0,1,0,-1,-1,0,126660,0,0,101168
202103,0,1,0,-1,-1,0,133631,0,0,101171
202104,0,1,0,-1,-1,0,126468,0,0,101179
202105,0,1,0,-1,-1,0,126268,0,0,101183
202106,0,1,0,-1,-1,0,126552,0,0,101200
202107,0,1,0,-1,-1,0,133631,0,0,101203
202108,0,1,0,-1,-1,0,126552,0,0,101217
202109,0,1,0,-1,-1,0,133631,0,0,101220
202110,0,1,0,-1,-1,0,126660,0,0,101222
202111,0,1,0,-1,-1,0,133631,0,0,101225
202112,0,1,0,-1,-1,0,126468,0,0,101247
202113,0,1,0,-1,-1,0,126268,0,0,101250
202114,0,1,0,-1,-1,0,126660,0,0,101263
202115,0,1,0,-1,-1,0,133631,0,0,101266
202116,0,1,0,60000,20000,0,133631,0,0,101294
202117,0,1,0,-1,-1,0,126583,0,0,101295
202118,0,1,0,-1,-1,0,126237,0,0,101303
202119,0,1,0,-1,-1,0,133631,0,0,101306
202120,0,0,-1,0,0,0,144486,0,0,101530
202121,0,0,-1,1500,1500,133,144528,0,0,101538
202122,0,0,-1,-1,-1,0,55884,0,0,101570
202123,1,6,0,-1,-1,0,144761,0,0,101570
202124,0,0,0,10000,-1,0,144787,0,0,101571
202125,0,0,-1,0,1000,11,149026,0,0,101616
202126,0,0,-1,0,1000,11,144959,0,0,101617
202127,0,0,-1,0,1000,11,144960,0,0,101618
202128,0,0,-1,-1,-1,11,145166,0,0,101630
202129,0,0,-1,-1,-1,0,483,0,0,101631
202130,1,6,0,-1,-1,0,145038,0,0,101631
202131,0,0,-1,-1,-1,11,145169,0,0,101661
202132,0,0,-1,-1,-1,11,145196,0,0,101662
202133,0,0,-1,-1,-1,0,483,0,0,101663
202134,1,6,0,-1,-1,0,145062,0,0,101663
202135,0,0,-1,-1,-1,0,483,0,0,101664
202136,1,6,0,-1,-1,0,145061,0,0,101664
202137,0,0,0,-1,-1,0,145133,0,0,101675
202138,0,0,-1,-1,-1,11,145166,0,0,101727
202139,0,0,-1,-1,-1,0,483,0,0,101728
202140,1,6,0,-1,-1,0,145167,0,0,101728
202141,0,0,-1,-1,-1,11,145169,0,0,101729
202142,0,0,-1,-1,-1,0,483,0,0,101739
202143,1,6,0,-1,-1,0,145170,0,0,101739
202144,0,0,-1,-1,-1,11,145196,0,0,101740
202145,0,0,-1,-1,-1,0,483,0,0,101741
202146,1,6,0,-1,-1,0,145197,0,0,101741
202147,0,0,-1,0,1000,11,145300,0,0,101745
202148,0,0,-1,0,1000,11,145266,0,0,101746
202149,0,0,-1,0,1000,11,145301,0,0,101747
202150,0,0,-1,0,1000,11,145267,0,0,101748
202151,0,0,-1,0,1000,11,145302,0,0,101749
202152,0,0,-1,0,1000,11,145303,0,0,101750
202153,0,0,-1,-1,-1,0,483,0,0,101765
202154,1,6,0,-1,-1,0,145305,0,0,101765
202155,0,0,-1,-1,-1,0,483,0,0,101766
202156,1,6,0,-1,-1,0,145307,0,0,101766
202157,0,0,-1,-1,-1,0,483,0,0,101767
202158,1,6,0,-1,-1,0,145308,0,0,101767
202159,0,0,-1,-1,-1,0,483,0,0,101768
202160,1,6,0,-1,-1,0,145309,0,0,101768
202161,0,0,-1,-1,-1,0,483,0,0,101769
202162,1,6,0,-1,-1,0,145310,0,0,101769
202163,0,0,-1,-1,-1,0,483,0,0,101770
202164,1,6,0,-1,-1,0,145311,0,0,101770
202165,0,0,-1,-1,-1,0,55884,0,0,101771
202166,1,6,0,-1,-1,0,145696,0,0,101771
202167,0,0,-1,-1,-1,0,142116,0,0,101847
202168,0,0,-1,1000,-1,0,134644,0,0,102088
202169,0,0,-1,1000,-1,0,134644,0,0,102089
202170,0,0,-1,1000,-1,0,134644,0,0,102090
202171,0,0,-1,1000,-1,0,134644,0,0,102092
202172,0,0,-1,1000,-1,0,134644,0,0,102093
202173,0,0,-1,1000,-1,0,134644,0,0,102094
202174,0,0,-1,1000,-1,0,134644,0,0,102095
202175,0,0,-1,1000,-1,0,134644,0,0,102096
202176,0,0,-1,1000,-1,0,134644,0,0,102097
202177,0,0,-1,1000,-1,0,134644,0,0,102098
202178,0,0,-1,-1,-1,0,145690,0,0,102144
202179,0,0,-1,-1,-1,0,55884,0,0,102145
202180,1,6,0,-1,-1,0,145697,0,0,102145
202181,0,0,-1,-1,-1,0,55884,0,0,102146
202182,1,6,0,-1,-1,0,145699,0,0,102146
202183,0,0,-1,-1,-1,0,55884,0,0,102147
202184,1,6,0,-1,-1,0,145698,0,0,102147
202185,0,0,-1,0,0,0,483,0,0,102153
202186,1,6,-1,-1,-1,0,145739,0,0,102153
202187,0,0,0,1500,1500,133,145333,0,0,102215
202188,0,0,-1,0,3000,79,50864,0,0,102217
202189,0,1,0,0,0,0,146183,0,0,102224
202190,0,1,0,-1,-1,0,146193,0,0,102245
202191,0,1,0,-1,-1,0,146197,0,0,102246
202192,0,1,0,-1,-1,0,146199,0,0,102247
202193,0,1,0,-1,-1,0,146195,0,0,102248
202194,0,1,0,-1,-1,0,146195,0,0,102249
202195,0,1,0,-1,-1,0,146193,0,0,102250
202196,0,0,0,-1,-1,0,146238,0,0,102263
202197,0,0,0,-1,-1,0,146237,0,0,102264
202198,0,0,0,-1,-1,0,146239,0,0,102265
202199,0,0,0,-1,-1,0,146240,0,0,102266
202200,0,0,0,-1,-1,0,146241,0,0,102267
202201,0,0,0,-1,-1,0,146242,0,0,102268
202202,0,0,0,-1,-1,0,146236,0,0,102269
202203,0,0,0,-1,-1,0,146261,0,0,102270
202204,0,0,0,-1,-1,0,146260,0,0,102271
202205,0,0,0,-1,-1,0,146263,0,0,102272
202206,0,0,0,-1,-1,0,146264,0,0,102273
202207,0,0,0,-1,-1,0,146265,0,0,102274
202208,0,0,0,-1,-1,0,146266,0,0,102275
202209,0,0,0,-1,-1,0,146259,0,0,102276
202210,0,0,0,-1,-1,0,146270,0,0,102277
202211,0,0,0,-1,-1,0,146269,0,0,102278
202212,0,0,0,-1,-1,0,146271,0,0,102279
202213,0,0,0,-1,-1,0,146272,0,0,102280
202214,0,0,0,-1,-1,0,146273,0,0,102281
202215,0,0,0,-1,-1,0,146274,0,0,102282
202216,0,0,0,-1,-1,0,146268,0,0,102283
202217,0,0,0,-1,-1,0,146278,0,0,102284
202218,0,0,0,-1,-1,0,146277,0,0,102285
202219,0,0,0,-1,-1,0,146279,0,0,102286
202220,0,0,0,-1,-1,0,146280,0,0,102287
202221,0,0,0,-1,-1,0,146281,0,0,102288
202222,0,0,0,-1,-1,0,146282,0,0,102289
202223,0,0,0,-1,-1,0,146276,0,0,102290
202224,0,0,0,-1,-1,0,146244,0,0,102291
202225,0,1,0,0,0,0,146019,0,0,102292
202226,1,1,0,-1,-1,0,146309,0,0,102292
202227,0,1,0,0,0,0,146047,0,0,102293
202228,1,1,0,-1,-1,0,146051,0,0,102293
202229,0,1,0,0,0,0,146176,0,0,102294
202230,1,1,0,-1,-1,0,148909,0,0,102294
202231,0,1,0,0,0,0,146136,0,0,102295
202232,1,1,0,-1,-1,0,148901,0,0,102295
202233,0,0,0,90000,0,0,146343,0,0,102296
202234,0,1,0,0,0,0,146346,0,0,102297
202235,0,1,0,0,0,0,145955,0,0,102298
202236,1,1,0,-1,-1,0,146247,0,0,102298
202237,0,1,0,0,0,0,146051,0,0,102299
202238,1,1,0,-1,-1,0,146315,0,0,102299
202239,0,1,0,0,0,0,146059,0,0,102300
202240,1,1,0,-1,-1,0,148907,0,0,102300
202241,0,1,0,0,0,0,146059,0,0,102301
202242,1,1,0,-1,-1,0,148904,0,0,102301
202243,0,1,0,0,0,0,146136,0,0,102302
202244,1,1,0,-1,-1,0,148895,0,0,102302
202245,0,1,0,0,0,0,146136,0,0,102303
202246,1,1,0,-1,-1,0,148898,0,0,102303
202247,0,1,0,0,0,0,148233,0,0,102304
202248,1,1,0,-1,-1,0,148912,0,0,102304
202249,0,1,0,0,0,0,146051,0,0,102305
202250,1,1,0,-1,-1,0,146251,0,0,102305
202251,0,1,0,0,0,0,146025,0,0,102306
202252,0,0,0,90000,90000,1141,146395,0,0,102307
202253,0,1,0,0,0,0,146286,0,0,102308
202254,0,1,0,0,0,0,146316,0,0,102309
202255,0,1,0,0,0,0,146183,0,0,102310
202256,0,1,0,0,0,0,146311,0,0,102311
202257,0,1,0,0,0,0,146313,0,0,102312
202258,0,1,0,0,0,0,146219,0,0,102313
202259,0,0,0,90000,0,0,146323,0,0,102314
202260,0,1,0,0,0,0,146295,0,0,102315
202261,0,0,0,120000,0,0,146344,0,0,102316
202262,0,0,0,-1,-1,0,146246,0,0,102318
202263,0,0,0,-1,-1,0,146243,0,0,102320
202264,0,0,0,-1,-1,0,146283,0,0,102321
202265,0,0,0,-1,-1,0,146275,0,0,102322
202266,0,0,0,-1,-1,0,146267,0,0,102323
202267,0,0,-1,-1,-1,0,50864,0,0,102349
202268,0,0,-1,0,120000,24,146555,0,0,102351
202269,0,0,0,1500,1500,133,146349,0,0,102372
202270,0,0,-1,-1,-1,0,146428,0,0,102457
202271,0,0,0,600000,-1,0,148429,0,0,102463
202272,0,0,-1,1500,-1,133,148386,0,0,102464
202273,0,0,0,600000,-1,133,148385,0,0,102467
202274,0,0,0,120000,120000,1182,42292,0,0,102480
202275,0,0,0,120000,120000,1182,42292,0,0,102481
202276,0,0,0,120000,120000,1182,42292,0,0,102483
202277,0,0,-1,-1,-1,0,483,0,0,102513
202278,1,6,0,-1,-1,0,146613,0,0,102513
202279,0,0,-1,-1,3000,330,55884,0,0,102514
202280,1,6,0,-1,-1,0,146615,0,0,102514
202281,0,0,-1,-1,3000,330,55884,0,0,102533
202282,1,6,0,-1,-1,0,146622,0,0,102533
202283,0,0,-1,-1,-1,0,483,0,0,102534
202284,1,6,0,-1,-1,0,146638,0,0,102534
202285,0,1,0,-1,-1,0,132586,0,0,102595
202286,0,1,0,-1,-1,0,132586,0,0,102599
202287,0,1,0,-1,-1,0,132586,0,0,102601
202288,0,1,0,-1,-1,0,132586,0,0,102606
202289,0,1,0,-1,-1,0,132586,0,0,102607
202290,0,1,0,-1,-1,0,132586,0,0,102610
202291,0,1,0,-1,-1,0,132586,0,0,102611
202292,0,1,0,-1,-1,0,44297,0,0,102615
202293,1,0,0,120000,20000,1190,126697,0,0,102616
202294,0,1,0,-1,-1,0,22778,0,0,102618
202295,0,0,0,120000,120000,1182,42292,0,0,102625
202296,0,1,0,-1,-1,0,124489,0,0,102627
202297,0,1,0,-1,-1,0,61776,0,0,102630
202298,1,0,0,60000,20000,1141,126683,0,0,102633
202299,1,0,0,60000,20000,1141,126679,0,0,102636
202300,1,1,0,-1,-1,0,126708,0,0,102643
202301,0,1,0,-1,-1,0,62459,0,0,102650
202302,0,1,0,-1,-1,0,33830,0,0,102657
202303,1,0,0,60000,20000,1141,126690,0,0,102659
202304,0,1,0,-1,-1,0,61249,0,0,102663
202305,0,0,0,120000,120000,1182,42292,0,0,102672
202306,0,1,0,-1,-1,0,124489,0,0,102675
202307,1,0,0,120000,20000,1190,126697,0,0,102680
202308,0,1,0,-1,-1,0,32973,0,0,102692
202309,0,1,0,-1,-1,0,33830,0,0,102696
202310,1,1,0,-1,-1,0,126702,0,0,102699
202311,1,0,0,120000,20000,1190,126697,0,0,102706
202312,0,1,0,-1,-1,0,44297,0,0,102707
202313,0,1,0,-1,-1,0,38522,0,0,102722
202314,0,1,0,-1,-1,0,33063,0,0,102725
202315,0,1,0,-1,-1,0,44301,0,0,102735
202316,0,1,0,-1,-1,0,61255,0,0,102737
202317,0,0,0,120000,120000,1182,42292,0,0,102738
202318,0,1,0,-1,-1,0,61252,0,0,102739
202319,0,1,0,-1,-1,0,32973,0,0,102742
202320,1,1,0,-1,-1,0,126706,0,0,102766
202321,0,1,0,-1,-1,0,32973,0,0,102774
202322,0,1,0,-1,-1,0,132586,0,0,102792
202323,0,1,0,-1,-1,0,132586,0,0,102796
202324,0,1,0,-1,-1,0,132586,0,0,102798
202325,0,1,0,-1,-1,0,132586,0,0,102803
202326,0,1,0,-1,-1,0,132586,0,0,102804
202327,0,1,0,-1,-1,0,132586,0,0,102807
202328,0,1,0,-1,-1,0,132586,0,0,102808
202329,0,1,0,-1,-1,0,44297,0,0,102812
202330,1,0,0,120000,20000,1190,126697,0,0,102813
202331,0,1,0,-1,-1,0,22778,0,0,102815
202332,0,0,0,120000,120000,1182,42292,0,0,102822
202333,0,1,0,-1,-1,0,124489,0,0,102824
202334,0,1,0,-1,-1,0,61776,0,0,102827
202335,1,0,0,60000,20000,1141,126683,0,0,102830
202336,1,0,0,60000,20000,1141,126679,0,0,102833
202337,1,1,0,-1,-1,0,126708,0,0,102840
202338,0,1,0,-1,-1,0,62459,0,0,102847
202339,0,1,0,-1,-1,0,33830,0,0,102854
202340,1,0,0,60000,20000,1141,126690,0,0,102856
202341,0,1,0,-1,-1,0,61249,0,0,102860
202342,0,0,0,120000,120000,1182,42292,0,0,102869
202343,0,1,0,-1,-1,0,124489,0,0,102872
202344,1,0,0,120000,20000,1190,126697,0,0,102877
202345,0,1,0,-1,-1,0,32973,0,0,102889
202346,0,1,0,-1,-1,0,33830,0,0,102893
202347,1,1,0,-1,-1,0,126702,0,0,102896
202348,1,0,0,120000,20000,1190,126697,0,0,102903
202349,0,1,0,-1,-1,0,44297,0,0,102904
202350,0,1,0,-1,-1,0,38522,0,0,102919
202351,0,1,0,-1,-1,0,33063,0,0,102922
202352,0,1,0,-1,-1,0,44301,0,0,102932
202353,0,1,0,-1,-1,0,61255,0,0,102934
202354,0,0,0,120000,120000,1182,42292,0,0,102935
202355,0,1,0,-1,-1,0,61252,0,0,102936
202356,0,1,0,-1,-1,0,32973,0,0,102939
202357,1,1,0,-1,-1,0,126706,0,0,102963
202358,0,1,0,-1,-1,0,32973,0,0,102971
202359,0,1,0,-1,-1,0,132586,0,0,103139
202360,0,1,0,-1,-1,0,132586,0,0,103140
202361,0,1,0,-1,-1,0,132586,0,0,103141
202362,1,0,0,60000,20000,1141,126690,0,0,103145
202363,1,1,0,-1,-1,0,126708,0,0,103150
202364,0,1,0,-1,-1,0,132586,0,0,103169
202365,0,1,0,-1,-1,0,62459,0,0,103180
202366,0,1,0,-1,-1,0,61252,0,0,103184
202367,0,1,0,-1,-1,0,33830,0,0,103192
202368,0,1,0,-1,-1,0,132586,0,0,103197
202369,0,1,0,-1,-1,0,33830,0,0,103201
202370,0,1,0,-1,-1,0,132586,0,0,103209
202371,1,0,0,120000,20000,1190,126697,0,0,103210
202372,1,0,0,120000,20000,1190,126697,0,0,103211
202373,1,0,0,120000,20000,1190,126697,0,0,103212
202374,0,1,0,-1,-1,0,61255,0,0,103220
202375,0,1,0,-1,-1,0,44301,0,0,103224
202376,0,1,0,-1,-1,0,124489,0,0,103232
202377,0,1,0,-1,-1,0,124489,0,0,103237
202378,0,1,0,-1,-1,0,61776,0,0,103243
202379,0,1,0,-1,-1,0,38522,0,0,103254
202380,0,1,0,-1,-1,0,132586,0,0,103264
202381,0,1,0,-1,-1,0,44297,0,0,103265
202382,0,1,0,-1,-1,0,44297,0,0,103270
202383,0,1,0,-1,-1,0,61249,0,0,103279
202384,0,1,0,-1,-1,0,32973,0,0,103289
202385,0,1,0,-1,-1,0,32973,0,0,103294
202386,0,1,0,-1,-1,0,32973,0,0,103300
202387,1,0,0,60000,20000,1141,126683,0,0,103308
202388,1,1,0,-1,-1,0,126706,0,0,103309
202389,1,0,0,60000,20000,1141,126679,0,0,103314
202390,1,1,0,-1,-1,0,126702,0,0,103319
202391,0,1,0,-1,-1,0,33063,0,0,103323
202392,0,1,0,-1,-1,0,22778,0,0,103329
202393,0,0,0,120000,120000,1182,42292,0,0,103333
202394,0,0,0,120000,120000,1182,42292,0,0,103334
202395,0,0,0,120000,120000,1182,42292,0,0,103335
202396,0,1,0,-1,-1,0,132586,0,0,103336
202397,0,1,0,-1,-1,0,132586,0,0,103337
202398,0,1,0,-1,-1,0,132586,0,0,103338
202399,1,0,0,60000,20000,1141,126690,0,0,103342
202400,1,1,0,-1,-1,0,126708,0,0,103347
202401,0,1,0,-1,-1,0,132586,0,0,103366
202402,0,1,0,-1,-1,0,62459,0,0,103377
202403,0,1,0,-1,-1,0,61252,0,0,103381
202404,0,1,0,-1,-1,0,33830,0,0,103389
202405,0,1,0,-1,-1,0,132586,0,0,103394
202406,0,1,0,-1,-1,0,33830,0,0,103398
202407,0,1,0,-1,-1,0,132586,0,0,103406
202408,1,0,0,120000,20000,1190,126697,0,0,103407
202409,1,0,0,120000,20000,1190,126697,0,0,103408
202410,1,0,0,120000,20000,1190,126697,0,0,103409
202411,0,1,0,-1,-1,0,61255,0,0,103417
202412,0,1,0,-1,-1,0,44301,0,0,103421
202413,0,1,0,-1,-1,0,124489,0,0,103429
202414,0,1,0,-1,-1,0,124489,0,0,103434
202415,0,1,0,-1,-1,0,61776,0,0,103440
202416,0,1,0,-1,-1,0,38522,0,0,103451
202417,0,1,0,-1,-1,0,132586,0,0,103461
202418,0,1,0,-1,-1,0,44297,0,0,103462
202419,0,1,0,-1,-1,0,44297,0,0,103467
202420,0,1,0,-1,-1,0,61249,0,0,103476
202421,0,1,0,-1,-1,0,32973,0,0,103486
202422,0,1,0,-1,-1,0,32973,0,0,103491
202423,0,1,0,-1,-1,0,32973,0,0,103497
202424,1,0,0,60000,20000,1141,126683,0,0,103505
202425,1,1,0,-1,-1,0,126706,0,0,103506
202426,1,0,0,60000,20000,1141,126679,0,0,103511
202427,1,1,0,-1,-1,0,126702,0,0,103516
202428,0,1,0,-1,-1,0,33063,0,0,103520
202429,0,1,0,-1,-1,0,22778,0,0,103526
202430,0,0,0,120000,120000,1182,42292,0,0,103530
202431,0,0,0,120000,120000,1182,42292,0,0,103531
202432,0,0,0,120000,120000,1182,42292,0,0,103532
202433,0,0,-1,-1,-1,133,146885,0,0,103535
202434,0,0,-1,0,3000,79,146939,0,0,103557
202435,0,0,-1,-1,3000,330,55884,0,0,103630
202436,1,6,0,-1,-1,0,30174,0,0,103630
202437,0,0,-1,1000,-1,0,65745,0,0,103631
202438,0,0,-1,-1,-1,0,55884,0,0,103637
202439,1,6,0,-1,-1,0,148427,0,0,103637
202440,0,0,-1,-1,3000,330,55884,0,0,103638
202441,1,6,0,-1,-1,0,148428,0,0,103638
202442,0,0,0,60000,30000,1141,148388,0,0,103639
202443,0,0,-1,0,0,0,147055,0,0,103641
202444,0,0,-1,0,0,0,147226,0,0,103642
202445,0,0,-1,0,0,0,147476,0,0,103643
202446,0,0,-1,600000,600000,4,127770,0,0,103644
202447,0,0,-1,600000,600000,4,127770,0,0,103645
202448,0,0,-1,600000,600000,4,127770,0,0,103646
202449,0,0,-1,600000,600000,4,127770,0,0,103647
202450,0,1,0,-1,-1,0,147057,0,0,103649
202451,1,1,0,-1,-1,0,147084,0,0,103649
202452,0,0,-1,1000,-1,0,55884,0,0,103670
202453,1,6,0,-1,-1,0,147124,0,0,103670
202454,0,0,0,60000,-1,0,145430,0,0,103678
202455,1,1,0,-1,-1,0,148446,0,0,103678
202456,0,0,-1,60000,-1,0,148366,0,0,103679
202457,0,0,-1,60000,-1,0,148367,0,0,103680
202458,0,0,-1,60000,-1,0,148365,0,0,103681
202459,0,0,-1,60000,-1,0,148368,0,0,103682
202460,0,0,-1,60000,-1,0,148361,0,0,103683
202461,0,0,-1,1500,-1,133,147286,0,0,103684
202462,0,0,0,7200000,-1,0,149228,0,0,103685
202463,0,1,0,0,0,0,146313,0,0,103686
202464,0,1,0,0,0,0,146219,0,0,103687
202465,0,0,0,90000,0,0,146323,0,0,103688
202466,0,1,0,0,0,0,146295,0,0,103689
202467,0,0,0,120000,0,0,146344,0,0,103690
202468,0,0,-1,0,-1,0,148206,0,0,103786
202469,0,0,-1,0,-1,0,148244,0,0,103789
202470,0,0,-1,0,-1,0,148245,0,0,103795
202471,0,0,-1,0,-1,0,148246,0,0,103797
202472,0,5,0,-1,-1,0,124349,0,0,103908
202473,0,0,0,-1,-1,0,147343,0,0,103982
202474,0,1,0,0,0,0,146313,0,0,103986
202475,0,1,0,0,0,0,146219,0,0,103987
202476,0,0,0,90000,0,0,146323,0,0,103988
202477,0,1,0,0,0,0,146295,0,0,103989
202478,0,0,0,120000,0,0,146344,0,0,103990
202479,0,0,0,-1,-1,0,147433,0,0,103991
202480,0,0,0,-1,-1,0,147434,0,0,103992
202481,0,0,0,-1,-1,0,147435,0,0,103993
202482,0,0,-1,-1,-1,0,147597,0,0,104009
202483,0,0,-1,-1,-1,0,148099,0,0,104010
202484,0,0,-1,-1,3000,330,483,0,0,104011
202485,1,6,0,-1,3000,0,147595,0,0,104011
202486,0,0,-1,-1,-1,0,148103,0,0,104012
202487,0,0,-1,-1,-1,0,148104,0,0,104013
202488,0,0,-1,-1,-1,133,147598,0,0,104014
202489,0,0,-1,-1,-1,0,147604,0,0,104015
202490,0,0,0,3600000,-1,0,147643,0,0,104038
202491,0,0,-1,0,0,0,483,0,0,104046
202492,1,6,-1,-1,-1,0,147845,0,0,104046
202493,0,0,-1,0,0,0,483,0,0,104047
202494,1,6,-1,-1,-1,0,147846,0,0,104047
202495,0,0,-1,0,0,0,483,0,0,104048
202496,1,6,-1,-1,-1,0,147848,0,0,104048
202497,0,0,-1,0,0,0,483,0,0,104049
202498,1,6,-1,-1,-1,0,147849,0,0,104049
202499,0,0,-1,0,0,0,483,0,0,104050
202500,1,6,-1,-1,-1,0,147850,0,0,104050
202501,0,0,-1,0,0,0,483,0,0,104051
202502,1,6,-1,-1,-1,0,147851,0,0,104051
202503,0,0,-1,0,0,0,483,0,0,104052
202504,1,6,-1,-1,-1,0,147854,0,0,104052
202505,0,0,-1,0,0,0,483,0,0,104053
202506,1,6,-1,-1,-1,0,147855,0,0,104053
202507,0,0,-1,0,0,0,483,0,0,104054
202508,1,6,-1,-1,-1,0,147857,0,0,104054
202509,0,0,-1,0,0,0,483,0,0,104055
202510,1,6,-1,-1,-1,0,147858,0,0,104055
202511,0,0,-1,0,0,0,483,0,0,104056
202512,1,6,-1,-1,-1,0,147859,0,0,104056
202513,0,0,-1,0,0,0,483,0,0,104099
202514,1,6,-1,-1,-1,0,147963,0,0,104099
202515,0,0,-1,0,0,0,483,0,0,104101
202516,1,6,-1,-1,-1,0,147965,0,0,104101
202517,0,0,-1,0,0,0,483,0,0,104102
202518,1,6,-1,-1,-1,0,147968,0,0,104102
202519,0,0,-1,0,0,0,483,0,0,104103
202520,1,6,-1,-1,-1,0,147969,0,0,104103
202521,0,0,-1,0,0,0,483,0,0,104104
202522,1,6,-1,-1,-1,0,147970,0,0,104104
202523,0,0,-1,0,0,0,483,0,0,104105
202524,1,6,-1,-1,-1,0,147971,0,0,104105
202525,0,0,-1,0,0,0,483,0,0,104106
202526,1,6,-1,-1,-1,0,147972,0,0,104106
202527,0,0,-1,0,0,0,483,0,0,104107
202528,1,6,-1,-1,-1,0,147973,0,0,104107
202529,0,0,-1,0,0,0,483,0,0,104108
202530,1,6,-1,-1,-1,0,147974,0,0,104108
202531,0,0,-1,0,0,0,483,0,0,104109
202532,1,6,-1,-1,-1,0,147975,0,0,104109
202533,0,0,-1,-1,-1,0,147985,0,0,104110
202534,0,0,-1,0,3000,79,147412,0,0,104111
202535,0,0,-1,-1,-1,0,147988,0,0,104113
202536,0,0,-1,-1,-1,0,148026,0,0,104115
202537,1,5,-1,-1,-1,0,132655,0,0,104115
202538,0,0,-1,0,0,0,483,0,0,104120
202539,1,6,-1,-1,-1,0,148071,0,0,104120
202540,0,0,-1,0,0,0,483,0,0,104121
202541,1,6,-1,-1,-1,0,148073,0,0,104121
202542,0,0,-1,0,0,0,483,0,0,104122
202543,1,6,-1,-1,-1,0,148074,0,0,104122
202544,0,0,-1,0,0,0,483,0,0,104123
202545,1,6,-1,-1,-1,0,148075,0,0,104123
202546,0,0,-1,0,0,0,483,0,0,104124
202547,1,6,-1,-1,-1,0,148077,0,0,104124
202548,0,0,-1,0,0,0,483,0,0,104126
202549,1,6,-1,-1,-1,0,148079,0,0,104126
202550,0,0,-1,0,0,0,483,0,0,104127
202551,1,6,-1,-1,-1,0,148080,0,0,104127
202552,0,0,-1,0,0,0,483,0,0,104128
202553,1,6,-1,-1,-1,0,148081,0,0,104128
202554,0,0,-1,0,0,0,483,0,0,104129
202555,1,6,-1,-1,-1,0,148082,0,0,104129
202556,0,0,-1,0,0,0,483,0,0,104130
202557,1,6,-1,-1,-1,0,148083,0,0,104130
202558,0,0,-1,0,0,0,483,0,0,104131
202559,1,6,-1,-1,-1,0,148084,0,0,104131
202560,0,0,-1,0,0,0,483,0,0,104133
202561,1,6,-1,-1,-1,0,148100,0,0,104133
202562,0,0,-1,0,0,0,483,0,0,104134
202563,1,6,-1,-1,-1,0,148106,0,0,104134
202564,0,0,-1,0,0,0,483,0,0,104135
202565,1,6,-1,-1,-1,0,148107,0,0,104135
202566,0,0,-1,0,0,0,483,0,0,104136
202567,1,6,-1,-1,-1,0,148108,0,0,104136
202568,0,0,-1,0,0,0,483,0,0,104137
202569,1,6,-1,-1,-1,0,148113,0,0,104137
202570,0,0,-1,0,0,0,483,0,0,104138
202571,1,6,-1,-1,-1,0,148114,0,0,104138
202572,0,0,-1,1000,-1,0,131318,0,0,104140
202573,0,0,-1,1000,-1,0,131317,0,0,104141
202574,0,0,-1,1000,-1,0,131210,0,0,104142
202575,0,0,-1,1000,-1,0,131200,0,0,104143
202576,0,0,-1,1000,-1,0,128229,0,0,104144
202577,0,0,-1,1000,-1,0,128228,0,0,104145
202578,0,0,-1,1000,-1,0,128227,0,0,104146
202579,0,0,-1,1000,-1,0,11544,0,0,104148
202580,0,0,-1,1000,-1,0,6668,0,0,104149
202581,0,0,-1,1000,-1,0,11543,0,0,104150
202582,0,0,-1,1000,-1,0,11544,0,0,104151
202583,0,0,-1,1000,-1,0,11542,0,0,104152
202584,0,0,-1,1000,-1,0,11541,0,0,104153
202585,0,0,-1,1000,-1,0,11540,0,0,104154
202586,0,0,-1,1000,-1,0,47004,0,0,104155
202587,0,0,-1,1000,-1,0,55884,0,0,104156
202588,1,6,-1,-1,-1,0,148046,0,0,104156
202589,0,0,-1,1000,-1,0,55884,0,0,104157
202590,1,6,-1,-1,-1,0,148047,0,0,104157
202591,0,0,-1,1000,-1,0,55884,0,0,104158
202592,1,6,-1,-1,-1,0,148049,0,0,104158
202593,0,0,-1,1000,-1,0,55884,0,0,104159
202594,1,6,-1,-1,-1,0,148050,0,0,104159
202595,0,0,-1,1000,-1,0,55884,0,0,104160
202596,1,6,-1,-1,-1,0,148051,0,0,104160
202597,0,0,-1,1000,-1,0,55884,0,0,104161
202598,1,6,-1,-1,-1,0,148052,0,0,104161
202599,0,0,-1,1000,-1,0,55884,0,0,104162
202600,1,6,-1,-1,-1,0,148058,0,0,104162
202601,0,0,-1,1000,-1,0,55884,0,0,104163
202602,1,6,-1,-1,-1,0,148059,0,0,104163
202603,0,0,-1,1000,-1,0,55884,0,0,104164
202604,1,6,-1,-1,-1,0,148060,0,0,104164
202605,0,0,-1,1000,-1,0,55884,0,0,104165
202606,1,6,-1,-1,-1,0,148061,0,0,104165
202607,0,0,-1,1000,-1,0,55884,0,0,104166
202608,1,6,-1,-1,-1,0,148062,0,0,104166
202609,0,0,-1,1000,-1,0,55884,0,0,104167
202610,1,6,-1,-1,-1,0,148063,0,0,104167
202611,0,0,-1,1000,-1,0,55884,0,0,104168
202612,1,6,-1,-1,-1,0,148066,0,0,104168
202613,0,0,-1,1000,-1,0,55884,0,0,104169
202614,1,6,-1,-1,-1,0,148067,0,0,104169
202615,0,0,-1,-1,-1,0,483,0,0,104197
202616,1,6,0,-1,-1,0,148255,0,0,104197
202617,0,0,-1,1000,-1,0,55884,0,0,104202
202618,1,6,-1,-1,-1,0,148373,0,0,104202
202619,0,0,-1,-1,3000,330,55884,0,0,104208
202620,1,6,0,-1,-1,0,148392,0,0,104208
202621,0,0,-1,-1,-1,0,483,0,0,104209
202622,1,6,0,-1,-1,0,148256,0,0,104209
202623,0,0,-1,-1,-1,0,483,0,0,104210
202624,1,6,0,-1,-1,0,148257,0,0,104210
202625,0,0,-1,-1,-1,0,483,0,0,104211
202626,1,6,0,-1,-1,0,148258,0,0,104211
202627,0,0,-1,-1,-1,0,483,0,0,104212
202628,1,6,0,-1,-1,0,148259,0,0,104212
202629,0,0,-1,-1,-1,0,483,0,0,104213
202630,1,6,0,-1,-1,0,148260,0,0,104213
202631,0,0,-1,-1,-1,0,483,0,0,104214
202632,1,6,0,-1,-1,0,148261,0,0,104214
202633,0,0,-1,-1,-1,0,483,0,0,104215
202634,1,6,0,-1,-1,0,148262,0,0,104215
202635,0,0,0,-1,-1,0,483,0,0,104216
202636,1,6,0,-1,-1,0,148263,0,0,104216
202637,0,0,-1,-1,-1,0,483,0,0,104217
202638,1,6,0,-1,-1,0,148264,0,0,104217
202639,0,0,-1,-1,-1,0,483,0,0,104218
202640,1,6,0,-1,-1,0,148265,0,0,104218
202641,0,0,-1,-1,-1,0,483,0,0,104219
202642,1,6,0,-1,-1,0,148266,0,0,104219
202643,0,0,-1,-1,-1,0,483,0,0,104220
202644,1,6,0,-1,-1,0,148267,0,0,104220
202645,0,0,-1,-1,-1,0,483,0,0,104221
202646,1,6,0,-1,-1,0,148268,0,0,104221
202647,0,0,-1,-1,-1,0,483,0,0,104222
202648,1,6,0,-1,-1,0,148269,0,0,104222
202649,0,0,-1,-1,-1,0,483,0,0,104223
202650,1,6,0,-1,-1,0,148270,0,0,104223
202651,0,0,-1,-1,-1,0,483,0,0,104224
202652,1,6,0,-1,-1,0,148271,0,0,104224
202653,0,0,-1,-1,-1,0,483,0,0,104225
202654,1,6,0,-1,-1,0,148272,0,0,104225
202655,0,0,-1,-1,-1,0,483,0,0,104226
202656,1,6,0,-1,-1,0,148273,0,0,104226
202657,0,0,-1,-1,-1,0,483,0,0,104227
202658,1,6,0,-1,-1,0,148274,0,0,104227
202659,0,0,-1,-1,-1,0,483,0,0,104228
202660,1,6,0,-1,-1,0,148275,0,0,104228
202661,0,0,-1,-1,-1,0,483,0,0,104229
202662,1,6,0,-1,-1,0,148276,0,0,104229
202663,0,0,-1,-1,-1,0,483,0,0,104230
202664,1,6,0,-1,-1,0,148277,0,0,104230
202665,0,0,-1,-1,-1,0,483,0,0,104231
202666,1,6,0,-1,-1,0,148278,0,0,104231
202667,0,0,-1,-1,-1,0,483,0,0,104232
202668,1,6,0,-1,-1,0,148279,0,0,104232
202669,0,0,-1,-1,-1,0,483,0,0,104233
202670,1,6,0,-1,-1,0,148280,0,0,104233
202671,0,0,-1,-1,-1,0,483,0,0,104234
202672,1,6,0,-1,-1,0,148281,0,0,104234
202673,0,0,-1,-1,-1,0,483,0,0,104235
202674,1,6,0,-1,-1,0,148282,0,0,104235
202675,0,0,-1,-1,-1,0,483,0,0,104236
202676,1,6,0,-1,-1,0,148283,0,0,104236
202677,0,0,-1,-1,-1,0,483,0,0,104237
202678,1,6,0,-1,-1,0,148284,0,0,104237
202679,0,0,-1,-1,-1,0,483,0,0,104238
202680,1,6,0,-1,-1,0,148285,0,0,104238
202681,0,0,-1,-1,-1,0,483,0,0,104239
202682,1,6,0,-1,-1,0,148286,0,0,104239
202683,0,0,-1,-1,-1,0,483,0,0,104240
202684,1,6,0,-1,-1,0,148287,0,0,104240
202685,0,0,-1,-1,-1,0,483,0,0,104241
202686,1,6,0,-1,-1,0,148288,0,0,104241
202687,0,0,-1,-1,-1,0,483,0,0,104242
202688,1,6,0,-1,-1,0,148289,0,0,104242
202689,0,0,-1,-1,-1,0,483,0,0,104243
202690,1,6,0,-1,-1,0,148290,0,0,104243
202691,0,0,-1,-1,-1,0,483,0,0,104244
202692,1,6,0,-1,-1,0,148291,0,0,104244
202693,0,0,-1,-1,-1,0,483,0,0,104245
202694,1,6,0,-1,-1,0,148292,0,0,104245
202695,0,0,-1,-1,3000,330,55884,0,0,104246
202696,1,6,0,-1,-1,0,148396,0,0,104246
202697,0,0,-1,-1,3000,330,55884,0,0,104253
202698,1,6,0,-1,-1,0,148417,0,0,104253
202699,0,0,0,3600000,-1,0,127261,0,0,104262
202700,0,0,-1,-1,3000,330,55884,0,0,104269
202701,1,6,0,-1,-1,0,148476,0,0,104269
202702,2,5,0,-1,-1,0,135930,0,0,104269
202703,0,0,-1,0,0,0,483,0,0,104270
202704,1,6,-1,-1,-1,0,148477,0,0,104270
202705,0,0,-1,0,0,0,483,0,0,104274
202706,1,6,-1,-1,-1,0,148481,0,0,104274
202707,0,0,-1,0,0,0,483,0,0,104276
202708,1,6,-1,-1,-1,0,148482,0,0,104276
202709,0,0,-1,0,3000,0,148483,0,0,104277
202710,0,0,-1,0,0,0,483,0,0,104278
202711,1,6,-1,-1,-1,0,148485,0,0,104278
202712,0,0,-1,-1,-1,0,483,0,0,104279
202713,1,6,0,-1,-1,0,148487,0,0,104279
202714,0,0,-1,-1,-1,0,483,0,0,104280
202715,1,6,0,-1,-1,0,148488,0,0,104280
202716,0,0,-1,-1,-1,0,483,0,0,104281
202717,1,6,0,-1,-1,0,148489,0,0,104281
202718,0,0,-1,-1,-1,0,483,0,0,104282
202719,1,6,0,-1,-1,0,148490,0,0,104282
202720,0,0,-1,-1,1500,133,148521,0,0,104287
202721,0,0,-1,300000,1500,133,148523,0,0,104288
202722,0,0,-1,-1,1500,133,148525,0,0,104289
202723,0,0,-1,300000,1500,133,148526,0,0,104290
202724,0,0,-1,1000,-1,0,55884,0,0,104291
202725,1,6,-1,-1,-1,0,148527,0,0,104291
202726,0,0,-1,300000,1500,133,148528,0,0,104293
202727,0,0,0,7200000,-1,0,148529,0,0,104294
202728,0,0,-1,-1,-1,0,55884,0,0,104295
202729,1,6,0,-1,-1,0,148530,0,0,104295
202730,0,0,-1,-1,1500,133,148533,0,0,104297
202731,0,0,0,120000,1500,1141,148534,0,0,104298
202732,0,0,-50,3600000,1500,133,148537,0,0,104299
202733,0,0,0,3600000,1500,133,148538,0,0,104302
202734,0,0,-50,3600000,1500,133,148547,0,0,104303
202735,0,0,-50,3600000,1500,133,148548,0,0,104304
202736,0,0,-50,3600000,1500,133,148549,0,0,104305
202737,0,0,-50,3600000,1500,133,148550,0,0,104306
202738,0,0,-1,1000,-1,0,55884,0,0,104307
202739,1,6,-1,-1,-1,0,148552,0,0,104307
202740,0,0,0,1800000,300000,97,148553,0,0,104309
202741,0,0,0,-1,300000,97,93636,0,0,104310
202742,0,0,-1,-1,1500,133,148554,0,0,104312
202743,0,1,0,-1,-1,0,148558,0,0,104313
202744,0,0,-1,1000,1000,133,149023,0,0,104314
202745,1,0,-1,3000,1000,133,148565,0,0,104316
202746,0,0,-1,1500,-1,0,55884,0,0,104317
202747,1,6,0,-1,-1,0,148567,0,0,104317
202748,0,0,0,30000,-1,0,148577,0,0,104318
202749,0,0,-50,300000,-1,0,131510,0,0,104320
202750,0,0,0,3600000,-1,0,148597,0,0,104321
202751,1,1,0,-1,-1,0,148596,0,0,104321
202752,0,0,0,0,-1,1416,132480,0,0,104323
202753,0,0,0,0,-1,1416,132563,0,0,104324
202754,0,0,-1,-1,3000,330,55884,0,0,104325
202755,1,6,0,-1,-1,0,148618,0,0,104325
202756,0,0,-1,-1,3000,330,55884,0,0,104326
202757,1,6,0,-1,-1,0,148619,0,0,104326
202758,0,0,-1,-1,3000,330,55884,0,0,104327
202759,1,6,0,-1,-1,0,148620,0,0,104327
202760,0,0,-20,3600000,-1,0,148623,0,0,104328
202761,0,0,0,60000,1500,133,148626,0,0,104329
202762,0,0,-5,3000,-1,0,148627,0,0,104330
202763,0,0,0,3600000,-1,0,148627,0,0,104331
202764,0,0,-1,1000,-1,0,55884,0,0,104332
202765,1,6,-1,-1,-1,0,148684,0,0,104332
202766,1,0,-5,-1,1500,133,148684,0,0,104333
202767,0,0,-1,600000,1500,133,148734,0,0,104334
202768,0,0,-1,600000,1500,133,148732,0,0,104335
202769,0,0,-1,600000,1500,133,148733,0,0,104336
202770,0,0,-1,0,1000,11,148744,0,0,104339
202771,0,0,-1,0,1000,11,148720,0,0,104340
202772,0,0,-1,0,1000,11,148745,0,0,104341
202773,0,0,-1,0,1000,11,148727,0,0,104342
202774,0,0,-1,0,1000,11,148747,0,0,104343
202775,0,0,-1,0,1000,11,148749,0,0,104344
202776,0,0,0,-1,-1,0,148740,0,0,104345
202777,0,0,-1,3000,1500,133,148773,0,0,104346
202778,0,0,0,-1,-1,0,148746,0,0,104347
202779,0,0,-1,0,1000,59,148922,0,0,104348
202780,0,1,0,0,0,0,146047,0,0,104426
202781,1,1,0,-1,-1,0,146051,0,0,104426
202782,0,0,0,90000,0,0,146343,0,0,104442
202783,0,1,0,0,0,0,146136,0,0,104463
202784,1,1,0,-1,-1,0,148901,0,0,104463
202785,0,1,0,0,0,0,146019,0,0,104476
202786,1,1,0,-1,-1,0,146309,0,0,104476
202787,0,1,0,0,0,0,146051,0,0,104478
202788,1,1,0,-1,-1,0,146315,0,0,104478
202789,0,1,0,0,0,0,145955,0,0,104495
202790,1,1,0,-1,-1,0,146247,0,0,104495
202791,0,5,0,-1,-1,0,124349,0,0,104508
202792,0,1,0,0,0,0,146346,0,0,104518
202793,0,1,0,0,0,0,146059,0,0,104531
202794,1,1,0,-1,-1,0,148904,0,0,104531
202795,0,1,0,0,0,0,146059,0,0,104544
202796,1,1,0,-1,-1,0,148907,0,0,104544
202797,0,1,0,0,0,0,146176,0,0,104553
202798,1,1,0,-1,-1,0,148909,0,0,104553
202799,0,1,0,0,0,0,146025,0,0,104572
202800,0,1,0,0,0,0,146136,0,0,104576
202801,1,1,0,-1,-1,0,148898,0,0,104576
202802,0,1,0,0,0,0,146136,0,0,104584
202803,1,1,0,-1,-1,0,148895,0,0,104584
202804,0,1,0,0,0,0,148233,0,0,104611
202805,1,1,0,-1,-1,0,148912,0,0,104611
202806,0,1,0,0,0,0,146051,0,0,104613
202807,1,1,0,-1,-1,0,146251,0,0,104613
202808,0,1,0,0,0,0,146311,0,0,104616
202809,0,1,0,0,0,0,146316,0,0,104619
202810,0,1,0,0,0,0,146286,0,0,104636
202811,0,1,0,-1,-1,0,147057,0,0,104648
202812,1,1,0,-1,-1,0,147084,0,0,104648
202813,0,0,0,90000,90000,1141,146395,0,0,104649
202814,0,1,0,0,0,0,146183,0,0,104652
202815,0,1,0,0,0,0,146047,0,0,104675
202816,1,1,0,-1,-1,0,146051,0,0,104675
202817,0,0,0,90000,0,0,146343,0,0,104691
202818,0,1,0,0,0,0,146136,0,0,104712
202819,1,1,0,-1,-1,0,148901,0,0,104712
202820,0,1,0,0,0,0,146019,0,0,104725
202821,1,1,0,-1,-1,0,146309,0,0,104725
202822,0,1,0,0,0,0,146051,0,0,104727
202823,1,1,0,-1,-1,0,146315,0,0,104727
202824,0,1,0,0,0,0,145955,0,0,104744
202825,1,1,0,-1,-1,0,146247,0,0,104744
202826,0,5,0,-1,-1,0,124349,0,0,104757
202827,0,1,0,0,0,0,146346,0,0,104767
202828,0,1,0,0,0,0,146059,0,0,104780
202829,1,1,0,-1,-1,0,148904,0,0,104780
202830,0,1,0,0,0,0,146059,0,0,104793
202831,1,1,0,-1,-1,0,148907,0,0,104793
202832,0,1,0,0,0,0,146176,0,0,104802
202833,1,1,0,-1,-1,0,148909,0,0,104802
202834,0,1,0,0,0,0,146025,0,0,104821
202835,0,1,0,0,0,0,146136,0,0,104825
202836,1,1,0,-1,-1,0,148898,0,0,104825
202837,0,1,0,0,0,0,146136,0,0,104833
202838,1,1,0,-1,-1,0,148895,0,0,104833
202839,0,1,0,0,0,0,148233,0,0,104860
202840,1,1,0,-1,-1,0,148912,0,0,104860
202841,0,1,0,0,0,0,146051,0,0,104862
202842,1,1,0,-1,-1,0,146251,0,0,104862
202843,0,1,0,0,0,0,146311,0,0,104865
202844,0,1,0,0,0,0,146316,0,0,104868
202845,0,1,0,0,0,0,146286,0,0,104885
202846,0,1,0,-1,-1,0,147057,0,0,104897
202847,1,1,0,-1,-1,0,147084,0,0,104897
202848,0,0,0,90000,90000,1141,146395,0,0,104898
202849,0,1,0,0,0,0,146183,0,0,104901
202850,0,1,0,-1,-1,0,146047,0,0,104924
202851,1,1,0,-1,-1,0,146051,0,0,104924
202852,0,0,0,90000,0,0,146343,0,0,104940
202853,0,1,0,-1,-1,0,146136,0,0,104961
202854,1,1,0,-1,-1,0,148901,0,0,104961
202855,0,1,0,-1,-1,0,146019,0,0,104974
202856,1,1,0,-1,-1,0,146309,0,0,104974
202857,0,1,0,-1,-1,0,146051,0,0,104976
202858,1,1,0,-1,-1,0,146315,0,0,104976
202859,0,1,0,-1,-1,0,145955,0,0,104993
202860,1,1,0,-1,-1,0,146247,0,0,104993
202861,0,5,0,-1,-1,0,124349,0,0,105006
202862,0,1,0,-1,-1,0,146346,0,0,105016
202863,0,1,0,-1,-1,0,146059,0,0,105029
202864,1,1,0,-1,-1,0,148904,0,0,105029
202865,0,1,0,-1,-1,0,146059,0,0,105042
202866,1,1,0,-1,-1,0,148907,0,0,105042
202867,0,1,0,-1,-1,0,146176,0,0,105051
202868,1,1,0,-1,-1,0,148909,0,0,105051
202869,0,1,0,-1,-1,0,146025,0,0,105070
202870,0,1,0,-1,-1,0,146136,0,0,105074
202871,1,1,0,-1,-1,0,148898,0,0,105074
202872,0,1,0,-1,-1,0,146136,0,0,105082
202873,1,1,0,-1,-1,0,148895,0,0,105082
202874,0,1,0,-1,-1,0,148233,0,0,105109
202875,1,1,0,-1,-1,0,148912,0,0,105109
202876,0,1,0,-1,-1,0,146051,0,0,105111
202877,1,1,0,-1,-1,0,146251,0,0,105111
202878,0,1,0,-1,-1,0,146311,0,0,105114
202879,0,1,0,-1,-1,0,146316,0,0,105117
202880,0,1,0,-1,-1,0,146286,0,0,105134
202881,0,1,0,-1,-1,0,147057,0,0,105146
202882,1,1,0,-1,-1,0,147084,0,0,105146
202883,0,0,0,90000,90000,1141,146395,0,0,105147
202884,0,1,0,-1,-1,0,146183,0,0,105150
202885,0,1,0,0,0,0,146047,0,0,105173
202886,1,1,0,-1,-1,0,146051,0,0,105173
202887,0,0,0,90000,0,0,146343,0,0,105189
202888,0,1,0,0,0,0,146136,0,0,105210
202889,1,1,0,-1,-1,0,148901,0,0,105210
202890,0,1,0,0,0,0,146019,0,0,105223
202891,1,1,0,-1,-1,0,146309,0,0,105223
202892,0,1,0,0,0,0,146051,0,0,105225
202893,1,1,0,-1,-1,0,146315,0,0,105225
202894,0,1,0,0,0,0,145955,0,0,105242
202895,1,1,0,-1,-1,0,146247,0,0,105242
202896,0,5,0,-1,-1,0,124349,0,0,105255
202897,0,1,0,0,0,0,146346,0,0,105265
202898,0,1,0,0,0,0,146059,0,0,105278
202899,1,1,0,-1,-1,0,148904,0,0,105278
202900,0,1,0,0,0,0,146059,0,0,105291
202901,1,1,0,-1,-1,0,148907,0,0,105291
202902,0,1,0,0,0,0,146176,0,0,105300
202903,1,1,0,-1,-1,0,148909,0,0,105300
202904,0,1,0,0,0,0,146025,0,0,105319
202905,0,1,0,0,0,0,146136,0,0,105323
202906,1,1,0,-1,-1,0,148898,0,0,105323
202907,0,1,0,0,0,0,146136,0,0,105331
202908,1,1,0,-1,-1,0,148895,0,0,105331
202909,0,1,0,0,0,0,148233,0,0,105358
202910,1,1,0,-1,-1,0,148912,0,0,105358
202911,0,1,0,0,0,0,146051,0,0,105360
202912,1,1,0,-1,-1,0,146251,0,0,105360
202913,0,1,0,0,0,0,146311,0,0,105363
202914,0,1,0,0,0,0,146316,0,0,105366
202915,0,1,0,0,0,0,146286,0,0,105383
202916,0,1,0,-1,-1,0,147057,0,0,105395
202917,1,1,0,-1,-1,0,147084,0,0,105395
202918,0,0,0,90000,90000,1141,146395,0,0,105396
202919,0,1,0,0,0,0,146183,0,0,105399
202920,0,1,0,0,0,0,146047,0,0,105422
202921,1,1,0,-1,-1,0,146051,0,0,105422
202922,0,0,0,90000,0,0,146343,0,0,105438
202923,0,1,0,0,0,0,146136,0,0,105459
202924,1,1,0,-1,-1,0,148901,0,0,105459
202925,0,1,0,0,0,0,146019,0,0,105472
202926,1,1,0,-1,-1,0,146309,0,0,105472
202927,0,1,0,0,0,0,146051,0,0,105474
202928,1,1,0,-1,-1,0,146315,0,0,105474
202929,0,1,0,0,0,0,145955,0,0,105491
202930,1,1,0,-1,-1,0,146247,0,0,105491
202931,0,5,0,-1,-1,0,124349,0,0,105504
202932,0,1,0,0,0,0,146346,0,0,105514
202933,0,1,0,0,0,0,146059,0,0,105527
202934,1,1,0,-1,-1,0,148904,0,0,105527
202935,0,1,0,0,0,0,146059,0,0,105540
202936,1,1,0,-1,-1,0,148907,0,0,105540
202937,0,1,0,0,0,0,146176,0,0,105549
202938,1,1,0,-1,-1,0,148909,0,0,105549
202939,0,1,0,0,0,0,146025,0,0,105568
202940,0,1,0,0,0,0,146136,0,0,105572
202941,1,1,0,-1,-1,0,148898,0,0,105572
202942,0,1,0,0,0,0,146136,0,0,105580
202943,1,1,0,-1,-1,0,148895,0,0,105580
202944,0,1,0,0,0,0,148233,0,0,105607
202945,1,1,0,-1,-1,0,148912,0,0,105607
202946,0,1,0,0,0,0,146051,0,0,105609
202947,1,1,0,-1,-1,0,146251,0,0,105609
202948,0,1,0,0,0,0,146311,0,0,105612
202949,0,1,0,0,0,0,146316,0,0,105615
202950,0,1,0,0,0,0,146286,0,0,105632
202951,0,1,0,-1,-1,0,147057,0,0,105644
202952,1,1,0,-1,-1,0,147084,0,0,105644
202953,0,0,0,90000,90000,1141,146395,0,0,105645
202954,0,1,0,0,0,0,146183,0,0,105648
202955,0,0,-1,0,1000,59,148961,0,0,105700
202956,0,0,-1,0,1000,59,149009,0,0,105701
202957,0,0,-1,0,1000,59,149006,0,0,105702
202958,0,0,-1,0,1000,59,148996,0,0,105703
202959,0,0,-1,0,1000,59,149024,0,0,105704
202960,0,0,-1,0,1000,59,148995,0,0,105705
202961,0,0,-1,0,1000,59,148961,0,0,105706
202962,0,0,-1,0,1000,59,148997,0,0,105707
202963,0,0,-1,0,1000,59,149012,0,0,105708
202964,0,0,-1,0,1000,59,149000,0,0,105711
202965,0,0,-1,0,1000,11,124249,0,0,105717
202966,0,0,-1,1000,-1,0,149087,0,0,105718
202967,0,0,-1,0,1000,11,124247,0,0,105719
202968,0,0,-1,0,1000,11,125073,0,0,105720
202969,0,0,-1,0,1000,11,124248,0,0,105721
202970,0,0,-1,0,1000,11,124245,0,0,105722
202971,0,0,-1,0,1000,11,124250,0,0,105723
202972,0,0,-1,0,1000,11,124246,0,0,105724
202973,0,0,0,3600000,-1,0,145255,0,0,105898
202974,0,0,-1,-1,-1,0,149222,0,0,105911
202975,0,0,-1,-1,-1,0,149223,0,0,105912
202976,0,0,0,1500,1500,133,149370,0,0,105930
202977,0,0,0,1500,1500,133,149371,0,0,105931
202978,0,0,0,1500,1500,133,149372,0,0,105932
202979,0,0,0,1500,1500,133,149373,0,0,105933
202980,0,0,0,1500,1500,133,149374,0,0,105934
202981,0,0,0,1500,1500,133,149375,0,0,105935
202982,0,0,-1,-1,-1,0,55884,0,0,106240
202983,1,6,0,-1,-1,0,149787,0,0,106240
202984,0,0,-1,-1,-1,0,55884,0,0,106244
202985,1,6,0,-1,-1,0,149792,0,0,106244
202986,0,0,-1,-1,3000,330,55884,0,0,106246
202987,1,6,0,-1,-1,0,149801,0,0,106246
202988,0,0,-1,-1,-1,0,55884,0,0,106256
202989,1,6,0,-1,-1,0,149810,0,0,106256
202990,0,0,0,10000,10000,0,150808,0,0,107196
202991,0,0,-1,0,1000,59,11009,0,0,107499
202992,0,0,0,0,-1,0,152421,0,0,107950
202993,0,0,-1,-1,3000,330,483,0,0,107951
202994,1,6,0,-1,3000,0,153489,0,0,107951
202995,0,0,-1,-1,-1,0,55884,0,0,108438
202996,1,6,0,-1,-1,0,154165,0,0,108438
202997,0,0,-1,0,1000,11,128701,0,0,108920
202998,0,0,-1,-1,3000,330,483,0,0,109013
202999,1,6,0,-1,3000,0,155741,0,0,109013
203000,0,0,-1,-1,-1,0,55884,0,0,109014
203001,1,6,0,-1,-1,0,155748,0,0,109014
203002,0,0,0,180000,-1,0,162979,0,0,112324
203003,0,0,-1,-1,3000,330,483,0,0,112326
203004,1,6,0,-1,3000,0,163024,0,0,112326
203005,0,0,-1,-1,3000,330,483,0,0,112327
203006,1,6,0,-1,3000,0,163025,0,0,112327
203007,0,0,-1,2000,-1,0,163227,0,0,112353
203876,0,0,0,-1,300000,97,93636,0,0,67097
204936,0,0,-1,-1,3000,330,483,0,0,235562
204937,1,6,0,-1,-1,0,1217476,0,0,235562
206234,0,1,0,-1,-1,0,1221426,0,0,237061
206235,0,1,0,-1,-1,0,1221426,0,0,237087
206777,0,0,-1,-1,-1,0,1223669,0,0,237808
206958,0,0,-1,-1,-1,0,483,0,0,238068
206959,1,6,0,-1,-1,0,1224157,0,0,238068
206960,0,0,-1,-1,-1,0,483,0,0,238069
206961,1,6,0,-1,-1,0,1224159,0,0,238069
206962,0,0,-1,-1,-1,0,483,0,0,238070
206963,1,6,0,-1,-1,0,1224160,0,0,238070
206964,0,0,-1,-1,-1,0,483,0,0,238071
206965,1,6,0,-1,-1,0,1224165,0,0,238071
206966,0,0,-1,-1,-1,0,483,0,0,238072
206967,1,6,0,-1,-1,0,1224167,0,0,238072
206968,0,0,-1,-1,-1,0,483,0,0,238073
206969,1,6,0,-1,-1,0,1224168,0,0,238073
206970,0,0,-1,-1,-1,0,483,0,0,238074
206971,1,6,0,-1,-1,0,1224188,0,0,238074
206972,0,0,-1,-1,-1,0,483,0,0,238075
206973,1,6,0,-1,-1,0,1224190,0,0,238075
206974,0,0,-1,-1,-1,0,483,0,0,238076
206975,1,6,0,-1,-1,0,1224186,0,0,238076
206976,0,0,-1,-1,-1,0,483,0,0,238077
206977,1,6,0,-1,-1,0,1224187,0,0,238077
206978,0,0,-1,-1,-1,0,483,0,0,238078
206979,1,6,0,-1,-1,0,1224193,0,0,238078
206980,0,0,-1,-1,-1,0,483,0,0,238079
206981,1,6,0,-1,-1,0,1224192,0,0,238079
206982,0,0,-1,-1,-1,0,483,0,0,238080
206983,1,6,0,-1,-1,0,1224191,0,0,238080
206984,0,0,-1,-1,-1,0,483,0,0,238081
206985,1,6,0,-1,-1,0,1224189,0,0,238081
206986,0,0,-1,-1,-1,0,483,0,0,238082
206987,1,6,0,-1,-1,0,1224180,0,0,238082
206988,0,0,-1,-1,-1,0,483,0,0,238083
206989,1,6,0,-1,-1,0,1224182,0,0,238083
206990,0,0,-1,-1,-1,0,483,0,0,238084
206991,1,6,0,-1,-1,0,1224178,0,0,238084
206992,0,0,-1,-1,-1,0,483,0,0,238085
206993,1,6,0,-1,-1,0,1224179,0,0,238085
206994,0,0,-1,-1,-1,0,483,0,0,238086
206995,1,6,0,-1,-1,0,1224185,0,0,238086
206996,0,0,-1,-1,-1,0,483,0,0,238087
206997,1,6,0,-1,-1,0,1224184,0,0,238087
206998,0,0,-1,-1,-1,0,483,0,0,238088
206999,1,6,0,-1,-1,0,1224183,0,0,238088
207000,0,0,-1,-1,-1,0,483,0,0,238089
207001,1,6,0,-1,-1,0,1224181,0,0,238089
207002,0,0,-1,-1,-1,0,483,0,0,238090
207003,1,6,0,-1,-1,0,1224196,0,0,238090
207004,0,0,-1,-1,-1,0,483,0,0,238091
207005,1,6,0,-1,-1,0,1224194,0,0,238091
207006,0,0,-1,-1,-1,0,483,0,0,238092
207007,1,6,0,-1,-1,0,1224172,0,0,238092
207008,0,0,-1,-1,-1,0,483,0,0,238093
207009,1,6,0,-1,-1,0,1224174,0,0,238093
207010,0,0,-1,-1,-1,0,483,0,0,238094
207011,1,6,0,-1,-1,0,1224140,0,0,238094
207012,0,0,-1,-1,-1,0,483,0,0,238095
207013,1,6,0,-1,-1,0,1224142,0,0,238095
207014,0,0,-1,-1,-1,0,483,0,0,238096
207015,1,6,0,-1,-1,0,1224148,0,0,238096
207016,0,0,-1,-1,-1,0,483,0,0,238097
207017,1,6,0,-1,-1,0,1224153,0,0,238097
207018,0,0,-1,-1,-1,0,483,0,0,238098
207019,1,6,0,-1,-1,0,1224198,0,0,238098
207020,0,0,-1,-1,-1,0,483,0,0,238099
207021,1,6,0,-1,-1,0,1224195,0,0,238099
207022,0,0,-1,-1,-1,0,483,0,0,238100
207023,1,6,0,-1,-1,0,1224171,0,0,238100
207024,0,0,-1,-1,-1,0,483,0,0,238101
207025,1,6,0,-1,-1,0,1224177,0,0,238101
207026,0,0,-1,-1,-1,0,483,0,0,238102
207027,1,6,0,-1,-1,0,1224139,0,0,238102
207028,0,0,-1,-1,-1,0,483,0,0,238103
207029,1,6,0,-1,-1,0,1224138,0,0,238103
207030,0,0,-1,-1,-1,0,483,0,0,238104
207031,1,6,0,-1,-1,0,1224147,0,0,238104
207032,0,0,-1,-1,-1,0,483,0,0,238105
207033,1,6,0,-1,-1,0,1224150,0,0,238105
207034,0,0,-1,-1,-1,0,483,0,0,238106
207035,1,6,0,-1,-1,0,1224201,0,0,238106
207036,0,0,-1,-1,-1,0,483,0,0,238107
207037,1,6,0,-1,-1,0,1224197,0,0,238107
207038,0,0,-1,-1,-1,0,483,0,0,238108
207039,1,6,0,-1,-1,0,1224170,0,0,238108
207040,0,0,-1,-1,-1,0,483,0,0,238109
207041,1,6,0,-1,-1,0,1224175,0,0,238109
207042,0,0,-1,-1,-1,0,483,0,0,238110
207043,1,6,0,-1,-1,0,1224145,0,0,238110
207044,0,0,-1,-1,-1,0,483,0,0,238111
207045,1,6,0,-1,-1,0,1224144,0,0,238111
207046,0,0,-1,-1,-1,0,483,0,0,238112
207047,1,6,0,-1,-1,0,1224146,0,0,238112
207048,0,0,-1,-1,-1,0,483,0,0,238113
207049,1,6,0,-1,-1,0,1224151,0,0,238113
207050,0,0,-1,-1,-1,0,483,0,0,238114
207051,1,6,0,-1,-1,0,1224200,0,0,238114
207052,0,0,-1,-1,-1,0,483,0,0,238115
207053,1,6,0,-1,-1,0,1224199,0,0,238115
207054,0,0,-1,-1,-1,0,483,0,0,238116
207055,1,6,0,-1,-1,0,1224173,0,0,238116
207056,0,0,-1,-1,-1,0,483,0,0,238117
207057,1,6,0,-1,-1,0,1224176,0,0,238117
207058,0,0,-1,-1,-1,0,483,0,0,238118
207059,1,6,0,-1,-1,0,1224141,0,0,238118
207060,0,0,-1,-1,-1,0,483,0,0,238119
207061,1,6,0,-1,-1,0,1224143,0,0,238119
207062,0,0,-1,-1,-1,0,483,0,0,238120
207063,1,6,0,-1,-1,0,1224152,0,0,238120
207064,0,0,-1,-1,-1,0,483,0,0,238121
207065,1,6,0,-1,-1,0,1224149,0,0,238121
207066,0,0,-1,-1,-1,0,483,0,0,238123
207067,1,6,0,-1,-1,0,1224222,0,0,238123
207068,0,0,-1,-1,-1,0,483,0,0,238124
207069,1,6,0,-1,-1,0,1224223,0,0,238124
207070,0,0,-1,-1,-1,0,483,0,0,238125
207071,1,6,0,-1,-1,0,1224221,0,0,238125
207072,0,0,-1,-1,-1,0,483,0,0,238126
207073,1,6,0,-1,-1,0,1224220,0,0,238126
207074,0,0,-1,-1,-1,0,483,0,0,238127
207075,1,6,0,-1,-1,0,1224218,0,0,238127
207076,0,0,-1,-1,-1,0,483,0,0,238128
207077,1,6,0,-1,-1,0,1224219,0,0,238128
207078,0,0,-1,-1,-1,0,483,0,0,238129
207079,1,6,0,-1,-1,0,1224224,0,0,238129
207080,0,0,-1,-1,-1,0,483,0,0,238130
207081,1,6,0,-1,-1,0,1224225,0,0,238130
207082,0,0,-1,-1,-1,0,483,0,0,238131
207083,1,6,0,-1,-1,0,1224226,0,0,238131
207084,0,0,-1,-1,-1,0,483,0,0,238132
207085,1,6,0,-1,-1,0,1224227,0,0,238132
207086,0,0,-1,-1,-1,0,483,0,0,238133
207087,1,6,0,-1,-1,0,1224228,0,0,238133
207088,0,0,-1,-1,-1,0,483,0,0,238134
207089,1,6,0,-1,-1,0,1224229,0,0,238134
207090,0,0,-1,-1,-1,0,483,0,0,238135
207091,1,6,0,-1,-1,0,1224230,0,0,238135
207092,0,0,-1,-1,-1,0,483,0,0,238136
207093,1,6,0,-1,-1,0,1224231,0,0,238136
207094,0,0,-1,-1,-1,0,483,0,0,238137
207095,1,6,0,-1,-1,0,1224232,0,0,238137
207096,0,0,-1,-1,-1,0,483,0,0,238138
207097,1,6,0,-1,-1,0,1224233,0,0,238138
207098,0,0,-1,-1,-1,0,483,0,0,238139
207099,1,6,0,-1,-1,0,1224234,0,0,238139
207100,0,0,-1,-1,-1,0,483,0,0,238140
207101,1,6,0,-1,-1,0,1224235,0,0,238140
207102,0,0,-1,-1,-1,0,483,0,0,238141
207103,1,6,0,-1,-1,0,1224236,0,0,238141
207104,0,0,-1,-1,-1,0,483,0,0,238142
207105,1,6,0,-1,-1,0,1224237,0,0,238142
207106,0,0,-1,-1,-1,0,483,0,0,238143
207107,1,6,0,-1,-1,0,1224238,0,0,238143
207108,0,0,-1,-1,-1,0,483,0,0,238144
207109,1,6,0,-1,-1,0,1224239,0,0,238144
207110,0,0,-1,-1,-1,0,483,0,0,238145
207111,1,6,0,-1,-1,0,1224240,0,0,238145
207112,0,0,-1,-1,-1,0,483,0,0,238146
207113,1,6,0,-1,-1,0,1224241,0,0,238146
207114,0,0,-1,-1,-1,0,483,0,0,238147
207115,1,6,0,-1,-1,0,1224242,0,0,238147
207116,0,0,-1,-1,-1,0,483,0,0,238148
207117,1,6,0,-1,-1,0,1224243,0,0,238148
207118,0,0,-1,-1,-1,0,483,0,0,238149
207119,1,6,0,-1,-1,0,1224244,0,0,238149
207120,0,0,-1,-1,-1,0,483,0,0,238150
207121,1,6,0,-1,-1,0,1224245,0,0,238150
207122,0,0,-1,-1,-1,0,483,0,0,238151
207123,1,6,0,-1,-1,0,1224246,0,0,238151
207124,0,0,-1,-1,-1,0,483,0,0,238152
207125,1,6,0,-1,-1,0,1224247,0,0,238152
207126,0,0,-1,-1,-1,0,483,0,0,238153
207127,1,6,0,-1,-1,0,1224248,0,0,238153
207128,0,0,-1,-1,-1,0,483,0,0,238154
207129,1,6,0,-1,-1,0,1224249,0,0,238154
207130,0,0,-1,-1,-1,0,483,0,0,238155
207131,1,6,0,-1,-1,0,1224250,0,0,238155
207132,0,0,-1,-1,-1,0,483,0,0,238156
207133,1,6,0,-1,-1,0,1224251,0,0,238156
207134,0,0,-1,-1,-1,0,483,0,0,238157
207135,1,6,0,-1,-1,0,1224252,0,0,238157
207136,0,0,-1,-1,-1,0,483,0,0,238158
207137,1,6,0,-1,-1,0,1224253,0,0,238158
207138,0,0,-1,-1,-1,0,483,0,0,238159
207139,1,6,0,-1,-1,0,1224254,0,0,238159
207140,0,0,-1,-1,-1,0,483,0,0,238160
207141,1,6,0,-1,-1,0,1224255,0,0,238160
207142,0,0,-1,-1,-1,0,483,0,0,238161
207143,1,6,0,-1,-1,0,1224256,0,0,238161
207144,0,0,-1,-1,-1,0,483,0,0,238162
207145,1,6,0,-1,-1,0,1224257,0,0,238162
207146,0,0,-1,-1,-1,0,483,0,0,238163
207147,1,6,0,-1,-1,0,1224258,0,0,238163
207148,0,0,-1,-1,-1,0,483,0,0,238164
207149,1,6,0,-1,-1,0,1224259,0,0,238164
207150,0,0,-1,-1,-1,0,483,0,0,238165
207151,1,6,0,-1,-1,0,1224260,0,0,238165
207152,0,0,-1,-1,-1,0,483,0,0,238166
207153,1,6,0,-1,-1,0,1224261,0,0,238166
207154,0,0,-1,-1,-1,0,483,0,0,238167
207155,1,6,0,-1,-1,0,1224262,0,0,238167
207156,0,0,-1,-1,-1,0,483,0,0,238168
207157,1,6,0,-1,-1,0,1224263,0,0,238168
207158,0,0,-1,-1,-1,0,483,0,0,238169
207159,1,6,0,-1,-1,0,1224264,0,0,238169
207160,0,0,-1,-1,-1,0,483,0,0,238170
207161,1,6,0,-1,-1,0,1224265,0,0,238170
207162,0,0,-1,-1,-1,0,483,0,0,238171
207163,1,6,0,-1,-1,0,1224266,0,0,238171
207164,0,0,-1,-1,-1,0,483,0,0,238172
207165,1,6,0,-1,-1,0,1224267,0,0,238172
207166,0,0,-1,-1,-1,0,483,0,0,238173
207167,1,6,0,-1,-1,0,1224268,0,0,238173
207168,0,0,-1,-1,-1,0,483,0,0,238174
207169,1,6,0,-1,-1,0,1224269,0,0,238174
207170,0,0,-1,-1,-1,0,483,0,0,238175
207171,1,6,0,-1,-1,0,1224270,0,0,238175
207172,0,0,-1,-1,-1,0,483,0,0,238176
207173,1,6,0,-1,-1,0,1224271,0,0,238176
207252,0,0,50,-1,-1,0,106108,0,0,238253
207260,0,0,-1,-1,3000,330,483,0,0,238297
207261,1,6,0,-1,-1,0,1224596,0,0,238297
207326,0,0,-1,-1,3000,330,483,0,0,238330
207327,1,6,0,-1,-1,0,1224643,0,0,238330
207328,0,0,-1,-1,3000,330,483,0,0,238331
207329,1,6,0,-1,-1,0,1224645,0,0,238331
207330,0,0,-1,-1,3000,330,483,0,0,238332
207331,1,6,0,-1,-1,0,1224646,0,0,238332
207332,0,0,-1,-1,3000,330,483,0,0,238333
207333,1,6,0,-1,-1,0,1224647,0,0,238333
207402,0,0,0,120000,-1,0,1224924,0,0,238392
207865,1,7,0,-1,-1,0,1227317,0,0,238392
209475,0,1,0,-1,-1,0,15810,0,0,242550
209476,0,1,0,-1,-1,0,15810,0,0,242551
211357,0,0,-1,-1,-1,0,1236676,0,0,244231
212011,0,0,-1,-1,3000,330,483,0,0,245584
212012,1,6,0,-1,-1,0,1239204,0,0,245584
212028,0,0,-1,-1,3000,330,483,0,0,245612
212029,1,6,0,-1,-1,0,1239240,0,0,245612
212030,0,0,-1,-1,3000,330,483,0,0,245613
212031,1,6,0,-1,-1,0,1239372,0,0,245613
212250,0,0,-1,-1,-1,0,483,0,0,245963
212251,1,6,0,-1,-1,0,115913,0,0,245963
212439,0,0,-1,-1,-1,0,1241144,0,0,246178
213007,0,0,0,120000,-1,0,1245049,0,0,247262
213008,1,7,0,-1,-1,0,1245048,0,0,247262
213017,0,0,-1,-1,-1,0,483,0,0,247497
213018,1,6,0,-1,-1,0,130487,0,0,247497
213144,0,0,-1,1000,-1,0,1245371,0,0,247796
213148,0,0,-1,-1,-1,0,483,0,0,247800
213149,1,6,0,-1,-1,0,1245411,0,0,247800
213151,0,0,-1,0,600000,4,11392,0,0,247802
213210,0,0,0,60000,-1,0,1245056,0,0,247893
213274,0,0,-1,-1,-1,0,55884,0,0,248073
213275,3,6,0,-1,-1,0,1246166,0,0,248073
213346,0,0,0,-1,-1,0,1246839,0,0,248263
213551,0,0,-1,-1,3000,330,55884,0,0,248741
213552,1,6,0,-1,-1,0,1247591,0,0,248741
213553,0,0,-1,-1,3000,330,55884,0,0,248742
213554,1,6,0,-1,-1,0,1247598,0,0,248742
213555,0,0,-1,-1,3000,330,55884,0,0,248743
213556,1,6,0,-1,-1,0,1247596,0,0,248743
213557,0,0,-1,-1,3000,330,55884,0,0,248744
213558,1,6,0,-1,-1,0,1247597,0,0,248744
213559,1,0,0,60000,-1,0,46643,0,0,248747
213560,0,0,0,120000,20000,0,1247618,0,0,248753
213561,0,0,0,120000,-1,0,1247619,0,0,248754
213618,1,0,0,60000,-1,0,46643,0,0,248945
214055,0,1,0,-1,-1,0,1249837,0,0,249819
214056,0,1,0,-1,-1,0,1249839,0,0,249820
214057,0,1,0,-1,-1,0,1249841,0,0,249821
214576,0,0,-1,1500,1500,133,1251365,0,0,248666
215145,0,0,-1,1000,-1,0,1252638,0,0,251542
215655,0,0,-1,-1,-1,0,55884,0,0,252194
215656,3,6,0,-1,-1,0,1254207,0,0,252194
219932,0,0,-1,1000,-1,0,55884,0,0,253404
219933,1,6,0,-1,-1,0,1256380,0,0,253404
223928,0,0,-1,0,0,0,1257681,0,0,254313
223931,0,0,-1,0,0,0,1257682,0,0,254314
223932,0,0,-1,-1,-1,0,483,0,0,254315
223933,1,6,0,-1,-1,0,1257682,0,0,254315
224264,0,0,-1,-1,3000,330,55884,0,0,254735
224265,1,6,0,-1,-1,0,1285725,0,0,254735
224266,0,0,-1,-1,3000,330,55884,0,0,254736
224267,1,6,0,-1,-1,0,1285724,0,0,254736
225020,0,0,-1,-1,-1,0,1259687,0,0,255973
225033,0,0,0,600000,60000,94,1259853,0,0,256052
225034,0,1,0,-1,-1,0,1259860,0,0,256054
225035,0,0,0,600000,60000,94,1259889,0,0,256056
225045,0,1,0,-1,-1,0,1259909,0,0,256068
225046,0,1,0,-1,-1,0,1259911,0,0,256069
225047,0,0,0,120000,-1,0,1259913,0,0,256070
225100,0,0,0,600000,-1,0,1259999,0,0,256141
225314,0,0,0,-1,-1,0,1260478,0,0,256544
225315,0,0,0,-1,-1,0,1260495,0,0,256545
225316,0,0,0,-1,-1,0,1260497,0,0,256546
225317,0,0,0,-1,-1,0,1260498,0,0,256547
225532,0,0,-1,1000,-1,0,1260818,0,0,256883
225551,0,0,-1,1000,-1,0,1260886,0,0,256895
225844,0,0,-1,1000,-1,0,55884,0,0,257515
225845,1,6,0,-1,-1,0,1261676,0,0,257515
225923,0,0,0,600000,60000,94,1262327,0,0,257873
225924,0,0,0,600000,60000,94,1262345,0,0,257877
225925,0,1,0,-1,-1,0,127926,0,0,257880
225926,0,1,0,-1,-1,0,127914,0,0,257881
225927,0,1,0,-1,-1,0,127924,0,0,257884
225928,0,0,0,120000,20000,1141,127967,0,0,257885
226090,0,0,0,-1,-1,0,1244268,0,0,258129
226100,0,0,0,-1,-1,0,1262837,0,0,258135
226102,0,0,0,-1,-1,0,1262850,0,0,258136
226475,0,0,0,600000,-1,59,1264100,0,0,258840
226482,0,0,-1,-1,3000,330,55884,0,0,258883
226483,1,6,0,-1,-1,0,1249659,0,0,258883
226494,0,0,-1,1500,1500,133,1264279,0,0,248329
227062,0,0,0,0,3000,0,1266738,0,0,260622
227077,0,0,0,0,3000,330,1266866,0,0,260759
227274,0,6,0,-1,-1,0,1266345,0,0,260438
227288,1,0,-1,-1,3000,330,483,0,0,260438
227289,0,6,0,-1,-1,0,1266325,0,0,260433
227290,1,0,-1,-1,-1,0,55884,0,0,260433
227291,0,0,0,-1,-1,0,1265709,0,0,260221
227464,0,0,0,30000,-1,0,43873,0,0,263014
227465,1,0,0,600000,60000,94,50070,0,0,263018
227518,1,0,0,600000,60000,94,50070,0,0,263204
227522,0,0,0,30000,-1,0,43873,0,0,263207
229109,0,0,-1,-1,3000,330,55884,0,0,264986
229193,0,0,-1,-1,60000,2505,1276858,0,0,265414
229194,0,0,-1,-1,300000,2504,1276852,0,0,265415
229195,0,0,0,-1,600000,2500,1276859,0,0,265416
229196,0,0,0,-1,120000,2499,1276856,0,0,265417
229197,0,0,0,-1,300000,2498,1276855,0,0,265418
229198,0,0,-1,-1,300000,4,1276854,0,0,265419
229279,0,0,0,-1,480000,2503,1276857,0,0,265573
229420,2,0,0,-1,300000,1203,1277115,0,0,265774
229423,0,0,0,-1,600000,2502,1277129,0,0,265780
229424,0,0,0,1800000,-1,0,113095,0,0,265786
229425,0,0,-1,-1,3000,330,55884,0,0,265787
229426,1,6,0,-1,-1,0,65917,0,0,265787
229427,0,0,-1,-1,3000,330,55884,0,0,265788
229428,1,6,0,-1,-1,0,74918,0,0,265788
229429,0,0,-1,-1,-1,0,55884,0,0,265789
229430,1,6,0,-1,-1,0,112994,0,0,265789
229496,0,0,-50,0,120000,24,1277344,0,0,265851
229506,0,0,-1,-1,-1,0,55884,0,0,265933
229507,1,6,0,-1,-1,0,446916,0,0,265933
229508,0,0,-1,-1,3000,330,483,0,0,265937
229509,1,6,0,-1,-1,0,446902,0,0,265937
229519,0,0,-1,-1,3000,330,55884,0,0,265944
229520,1,6,0,-1,-1,0,1250045,0,0,265944
229552,0,0,-1,-1,-1,0,55884,0,0,266129
229553,1,6,0,-1,-1,0,1238896,0,0,266129
229629,1,6,0,-1,-1,0,1272988,0,0,264986
229630,0,0,-1,1500,1500,133,1278052,0,0,266272
229631,0,0,-1,1500,1500,133,1278053,0,0,266273
229659,0,0,0,-1,3000,2501,1278947,0,0,266999
229777,0,0,0,60000,-1,0,1279968,0,0,267279
229797,0,0,-1,-1,-1,0,1279579,0,0,267174
229801,0,0,0,-1,-1,0,1280032,0,0,267294
229804,0,0,-1,-1,3000,330,55884,0,0,267300
229805,1,6,0,-1,-1,0,1280068,0,0,267300
229808,0,0,-1,1000,-1,0,1280073,0,0,267302
229809,0,0,-1,-1,-1,0,55884,0,0,267303
229810,3,6,0,-1,-1,0,1280074,0,0,267303
229824,0,0,-1,0,-1,0,1280222,0,0,267332
230502,0,0,0,-1,-1,0,1282956,0,0,268583
230551,0,0,-1,-1,3000,330,55884,0,0,268706
230552,1,6,0,-1,-1,0,1283471,0,0,268706
230615,0,0,-1,-1,3000,330,483,0,0,268924
230616,1,6,0,-1,-1,0,1284044,0,0,268924
231116,0,0,-1,-1,-1,0,1285612,0,0,269577
231127,0,0,-1,-1,-1,0,1285726,0,0,269590
232184,0,0,0,60000,-1,0,1290712,0,0,272312
233480,0,0,-1,-1,-1,0,1292756,0,0,273849
234035,0,0,0,-1,-1,0,1295126,0,0,274730
234127,0,0,0,600000,-1,59,1295724,0,0,274967
234595,0,0,-1,-1,-1,0,55884,0,0,275818
234596,3,6,0,-1,-1,0,1297823,0,0,275818
234644,0,0,-1,-1,3000,330,55884,0,0,275928
234645,1,6,0,-1,-1,0,1298510,0,0,275928
234710,0,0,-1,-1,3000,330,483,0,0,276075
234711,1,6,0,-1,-1,0,1298512,0,0,276075
234712,0,0,-1,-1,3000,330,55884,0,0,276081
234713,1,6,0,-1,-1,0,1298516,0,0,276081
234714,0,0,-1,-1,3000,330,55884,0,0,276082
234715,1,6,0,-1,-1,0,1298515,0,0,276082
234720,0,0,-1,1500,1500,133,1298531,0,0,276085
234721,0,0,-1,1500,1500,133,1298534,0,0,276086
235489,0,0,-1,-1,3000,330,483,0,0,277652
235490,1,6,0,-1,-1,0,1302506,0,0,277652
235576,0,0,-1,-1,3000,330,55884,0,0,277947
235577,1,6,0,-1,-1,0,1302947,0,0,277947
236417,1,0,0,60000,-1,0,46643,0,0,280388
236418,1,0,0,60000,-1,0,46643,0,0,280389
236894,0,0,0,3000,0,0,1295716,0,0,281681
237017,0,1,0,-1,-1,0,127914,0,0,282030
237018,0,1,0,-1,-1,0,127914,0,0,282031
237019,0,1,0,-1,-1,0,127924,0,0,282032
237020,0,1,0,-1,-1,0,127924,0,0,282033
237021,0,1,0,-1,-1,0,127926,0,0,282034
237022,0,1,0,-1,-1,0,127926,0,0,282035
237023,0,0,0,600000,60000,94,1313110,0,0,282036
237024,0,0,0,600000,60000,94,1313111,0,0,282037
237025,0,0,0,120000,20000,1141,127967,0,0,282038
237026,0,0,0,120000,20000,1141,127967,0,0,282039
237027,0,0,0,600000,60000,94,1262345,0,0,282040
237028,0,0,0,600000,60000,94,1262345,0,0,282041
237082,0,0,0,30000,-1,0,43873,0,0,282171
237083,0,0,0,30000,-1,0,43873,0,0,282172
237084,1,0,0,600000,60000,94,50070,0,0,282173
237085,1,0,0,600000,60000,94,50070,0,0,282174
180173,0,1,0,-1,-1,0,46743,0,0,209521
180178,0,1,0,-1,-1,0,23732,0,0,209532
180179,0,1,0,-1,-1,0,23732,0,0,209533
180180,0,1,0,-1,-1,0,23732,0,0,209529
180181,0,1,0,-1,-1,0,23732,0,0,209528
180182,0,1,0,-1,-1,0,14049,0,0,209530
180183,0,1,0,-1,-1,0,14049,0,0,209531
180185,0,1,0,-1,-1,0,23213,0,0,209557
180186,0,1,0,-1,-1,0,15812,0,0,209558
180200,0,1,0,-1,-1,0,18057,0,0,209583
180201,0,1,0,-1,-1,0,18057,0,0,209584
180202,0,1,0,-1,-1,0,15820,0,0,209585
180203,0,1,0,-1,-1,0,15820,0,0,209587
180204,0,1,0,-1,-1,0,18057,0,0,209588
180205,0,1,0,-1,-1,0,18057,0,0,209589
180207,0,1,0,-1,-1,0,28840,0,0,209599
180208,0,1,0,-1,-1,0,28840,0,0,209600
180209,0,1,0,-1,-1,0,23213,0,0,209602
180212,0,1,0,-1,-1,0,23732,0,0,209606
180231,0,1,0,-1,-1,0,23732,0,0,209627
180232,0,1,0,-1,-1,0,23732,0,0,209629
180233,0,1,0,-1,-1,0,23732,0,0,209630
180234,0,1,0,-1,-1,0,9342,0,0,209631
180235,0,1,0,-1,-1,0,9332,0,0,209632
180236,0,1,0,-1,-1,0,9342,0,0,209633
180237,0,1,0,-1,-1,0,9332,0,0,209634
180238,0,1,0,-1,-1,0,9342,0,0,209635
180239,0,1,0,-1,-1,0,9342,0,0,209636
180240,0,1,0,-1,-1,0,18057,0,0,209637
180241,0,1,0,-1,-1,0,15820,0,0,209638
180242,0,1,0,-1,-1,0,18057,0,0,209639
180243,0,1,0,-1,-1,0,15820,0,0,209640
180244,0,1,0,-1,-1,0,18057,0,0,209641
180245,0,1,0,-1,-1,0,18057,0,0,209642
180248,0,1,0,-1,-1,0,18057,0,0,209644
180249,0,1,0,-1,-1,0,15820,0,0,209645
180250,0,1,0,-1,-1,0,18057,0,0,209646
180251,0,1,0,-1,-1,0,15820,0,0,209647
180252,0,1,0,-1,-1,0,18057,0,0,209648
180253,0,1,0,-1,-1,0,18057,0,0,209649
180254,0,1,0,-1,-1,0,23732,0,0,209650
180255,0,1,0,-1,-1,0,23732,0,0,209652
180256,0,1,0,-1,-1,0,23732,0,0,209654
180257,0,1,0,-1,-1,0,23732,0,0,209655
180258,0,1,0,-1,-1,0,28840,0,0,209662
180259,0,1,0,-1,-1,0,23213,0,0,209664
180274,0,0,0,120000,15000,1141,45049,0,0,209695
180275,1,0,0,120000,20000,1141,61617,0,0,209696
180276,0,0,0,600000,0,0,387423,0,0,209697
180282,0,0,0,120000,20000,1141,59658,0,0,209780
180284,0,1,0,-1,-1,0,15814,0,0,209783
180285,0,1,0,-1,-1,0,15814,0,0,209784
180286,0,1,0,-1,-1,0,15814,0,0,209785
180287,0,1,0,-1,-1,0,18379,0,0,209787
180288,1,1,0,-1,-1,0,18057,0,0,209787
180290,0,1,0,-1,-1,0,15814,0,0,209789
180291,0,1,0,-1,-1,0,52801,0,0,209790
180292,0,1,0,-1,-1,0,52801,0,0,209791
180293,0,1,0,-1,-1,0,46052,0,0,209792
180295,0,1,0,-1,-1,0,15824,0,0,209793
180296,0,1,0,-1,-1,0,21625,0,0,209794
180297,1,1,0,-1,-1,0,46052,0,0,209794
180299,0,1,0,-1,-1,0,46052,0,0,209796
180303,0,1,0,-1,-1,0,15824,0,0,209801
180304,0,1,0,-1,-1,0,352515,0,0,209803
180305,0,1,0,-1,-1,0,21628,0,0,209804
180347,0,0,0,-1,-1,0,424512,0,0,209878
180424,0,0,-1,3600000,3600000,94,424369,0,0,210046
180425,0,0,-1,3600000,3600000,94,424370,0,0,210047
180453,0,1,0,-1,-1,0,23213,0,0,210135
139415,0,0,-1,-1,-1,0,55884,0,0,187794
173806,1,6,0,-1,-1,0,359755,0,0,187794
224787,0,0,-1,-1,3000,330,483,0,0,255692
224788,1,6,0,-1,-1,0,457485,0,0,255692
188074,0,0,-1,-1,3000,330,55884,0,0,226805
188075,1,6,0,-1,-1,0,459486,0,0,226805
207788,0,0,-1,-1,3000,330,55884,0,0,238943
207789,1,6,0,-1,-1,0,1226760,0,0,238943
207811,0,0,-1,-1,3000,330,55884,0,0,238994
207812,1,6,0,-1,-1,0,1226983,0,0,238994
178805,0,0,-1,-1,3000,330,55884,0,0,207097
178806,1,6,0,-1,-1,0,416158,0,0,207097
208618,0,0,-1,-1,3000,330,483,0,0,240176
208619,1,6,0,-1,-1,0,1229670,0,0,240176
208620,0,0,-1,-1,3000,330,483,0,0,240177
208621,1,6,0,-1,-1,0,1229672,0,0,240177
190100,0,0,-1,-1,3000,330,483,0,0,228754
190101,1,6,0,-1,-1,0,463045,0,0,228754
233628,0,0,-1,-1,3000,330,55884,0,0,274037
233629,1,6,0,-1,-1,0,1309841,0,0,274037
180345,0,0,-1,-1,-1,0,55884,0,0,209877
180346,1,6,0,-1,-1,0,423843,0,0,209877
204801,0,0,0,-1,-1,0,1216885,0,0,235464
211969,0,0,-1,-1,3000,330,483,0,0,245540
211970,1,6,0,-1,-1,0,1238816,0,0,245540
147873,0,0,-1,-1,3000,330,55884,0,0,192455
147874,1,6,0,-1,-1,0,372677,0,0,192455
170237,1,0,0,3600000,0,0,384630,0,0,198647
170256,1,6,0,-1,-1,0,384796,0,0,198665
170257,0,0,-1,-1,-1,0,55884,0,0,198665
204934,0,0,-1,-1,-1,0,55884,0,0,235561
204935,1,6,0,-1,-1,0,1217380,0,0,235561
229806,0,0,-1,-1,-1,0,55884,0,0,267301
229807,3,6,0,-1,-1,0,1280069,0,0,267301
188090,0,0,0,-1,3000,330,483,0,0,226812
188091,1,6,0,-1,-1,0,459538,0,0,226812
232744,0,0,-1,-1,3000,330,55884,0,0,272920
232745,1,6,0,-1,-1,0,1291315,0,0,272920
235285,0,0,-1,-1,3000,330,483,0,0,277171
235286,1,6,0,-1,-1,0,1301737,0,0,277171
230675,0,0,-1,-1,3000,330,55884,0,0,269012
230676,1,6,0,-1,-1,0,1284679,0,0,269012
231827,0,0,-1,-1,-1,0,55884,0,0,271652
231828,3,6,0,-1,-1,0,1289296,0,0,271652
227153,0,0,-1,-1,3000,330,55884,0,0,262344
227154,1,6,0,-1,-1,0,1267077,0,0,262344
193299,0,0,-1,-1,3000,330,483,0,0,233212
193300,1,6,0,-1,-1,0,473478,0,0,233212
193302,0,0,-1,-1,3000,330,483,0,0,233214
193303,1,6,0,-1,-1,0,473487,0,0,233214
223913,0,0,-1,-1,3000,330,483,0,0,254309
223914,1,6,0,-1,-1,0,1257673,0,0,254309
223915,0,0,-1,-1,3000,330,483,0,0,254310
223916,1,6,0,-1,-1,0,1257674,0,0,254310
223917,0,0,-1,-1,3000,330,483,0,0,254311
223918,1,6,0,-1,-1,0,1257676,0,0,254311
223923,0,0,-1,-1,3000,330,483,0,0,254312
223924,1,6,0,-1,-1,0,1257677,0,0,254312
172003,0,0,-1,-1,3000,330,55884,0,0,201699
172004,1,6,0,-1,-1,0,394209,0,0,201699
235337,0,0,-1,-1,-1,0,55884,0,0,277328
235338,3,6,0,-1,-1,0,1302110,0,0,277328
235308,0,0,-1,-1,-1,0,55884,0,0,277193
235309,3,6,0,-1,-1,0,1301783,0,0,277193
171126,0,0,-1,-1,3000,330,483,0,0,199931
171127,1,6,0,-1,-1,0,388516,0,0,199931
171128,0,0,-1,-1,-1,0,55884,0,0,200060
171129,1,6,0,-1,-1,0,388541,0,0,200060
174217,0,0,-1,-1,-1,0,55884,0,0,204982
174218,1,6,0,-1,-1,0,407786,0,0,204982
223879,0,0,-1,-1,3000,330,483,0,0,254237
223880,1,6,0,-1,-1,0,1257516,0,0,254237
236994,0,0,0,60000,-1,0,1312491,0,0,281928
183223,0,0,0,3600000,-1,0,437831,0,0,216893
180351,0,0,-1,-1,-1,0,55884,0,0,209945
180352,1,6,0,-1,-1,0,423868,0,0,209945
180353,0,0,-1,-1,3000,330,483,0,0,209946
180354,1,6,0,-1,-1,0,423869,0,0,209946
232215,0,0,-1,-1,-1,0,55884,0,0,272357
232216,3,6,0,-1,-1,0,1291005,0,0,272357
231165,0,0,-1,-1,3000,330,55884,0,0,269640
231166,1,6,0,-1,-1,0,1285897,0,0,269640
180343,0,0,-1,-1,3000,330,483,0,0,209876
180344,1,6,0,-1,-1,0,440915,0,0,209876
231172,0,0,-1,-1,3000,330,55884,0,0,269659
231173,1,6,0,-1,-1,0,1266982,0,0,269659
