ID,TransmogSetID,ItemModifiedAppearanceID,Flags
1764,187,270232,3
1765,187,270233,1
1766,187,270234,1
1767,187,270235,1
1768,187,270236,1
1769,187,270227,1
1770,187,270229,1
1771,187,270231,1
1772,188,270218,1
1773,188,270220,1
1774,188,270205,1
1775,188,270206,1
1776,188,270207,1
1777,188,270208,3
1778,188,270209,1
1779,188,270219,1
1780,189,270200,3
1781,189,270201,1
1782,189,270202,1
1783,189,270203,1
1784,189,270204,1
1785,189,270262,1
1786,189,270258,1
1787,189,270260,1
1788,190,270312,1
1789,190,270309,1
1790,190,270308,1
1791,190,270311,3
1792,190,270310,1
1793,190,270189,1
1794,190,270194,1
1795,190,270192,1
1796,191,270279,1
1797,191,270277,1
1798,191,270352,1
1800,191,270354,1
1801,191,270356,1
1802,191,270355,1
1803,191,270274,1
1804,192,270278,1
1805,192,270276,1
1806,192,270281,1
1807,192,270282,1
1808,192,270283,1
1809,192,270284,1
1810,192,270280,3
1811,192,270275,1
1812,193,270263,1
1813,193,270259,1
1814,193,270313,3
1815,193,270314,1
1816,193,270315,1
1817,193,270316,1
1818,193,270317,1
1819,193,270261,1
1820,194,270290,3
1821,194,270291,1
1822,194,270292,1
1823,194,270293,1
1824,194,270294,1
1825,194,270288,1
1826,194,270286,1
1827,194,270300,1
1828,195,270269,1
1829,195,270270,1
1830,195,270271,3
1831,195,270273,1
1832,195,270272,1
1833,195,270190,1
1834,195,270196,1
1835,195,270193,1
1836,196,270251,1
1837,196,270247,1
1838,196,270249,1
1839,196,270242,3
1840,196,270243,1
1841,196,270244,1
1842,196,270245,1
1843,196,270246,1
1844,197,270188,1
1845,197,270195,1
1846,197,270241,1
1847,197,270238,1
1848,197,270237,1
1849,197,270240,3
1850,197,270239,1
1851,197,270191,1
1852,198,282262,2
1853,198,282306,0
1854,198,282263,0
1855,198,282249,0
1856,198,282304,0
1857,198,282226,0
1858,198,282227,0
1859,198,282319,0
1860,199,282569,2
1861,199,282570,0
1862,199,282571,0
1863,199,282572,0
1864,199,282573,0
1865,199,282564,0
1866,199,282566,0
1867,199,282568,0
1868,200,282267,0
1869,200,282293,0
1870,200,282307,0
1871,200,282233,0
1872,200,282234,0
1873,200,282308,2
1874,200,282309,0
1875,200,282217,0
1876,201,282253,2
1877,201,282230,0
1878,201,282283,0
1879,201,282231,0
1880,201,282232,0
1881,201,282334,0
1882,201,282224,0
1883,201,282313,0
1884,202,282256,0
1885,202,282296,0
1886,202,282295,0
1887,202,282240,2
1888,202,282321,0
1889,202,282241,0
1890,202,282260,0
1891,202,282207,0
1892,203,282281,0
1893,203,282286,0
1894,203,282252,0
1895,203,282282,0
1896,203,282236,0
1897,203,282212,0
1898,203,282290,2
1899,203,282228,0
1900,204,282320,0
1901,204,282239,0
1902,204,282242,0
1903,204,282280,0
1904,204,282300,0
1905,204,282301,0
1906,204,282297,2
1907,204,282278,0
1908,205,282298,2
1909,205,282205,0
1910,205,282206,0
1911,205,282302,0
1912,205,282258,0
1913,205,282273,0
1914,205,282294,1
1915,205,282271,0
1916,206,282244,0
1917,206,282243,0
1918,206,282287,2
1919,206,282336,0
1920,206,282288,0
1921,206,282289,0
1922,206,282235,0
1923,206,282254,0
1924,207,282277,0
1925,207,282317,0
1926,207,282208,2
1927,207,282250,0
1928,207,282209,0
1929,207,282279,0
1930,207,282245,0
1931,207,282318,0
1932,208,282268,0
1933,208,282328,0
1934,208,282222,0
1935,208,282314,2
1936,208,282216,0
1937,208,282341,0
1938,208,282342,0
1939,208,282312,0
1940,209,282251,0
1941,209,282246,0
1942,209,282305,0
1943,209,282285,2
1944,209,282229,0
1945,209,282257,0
1946,209,282303,0
1947,209,282259,0
1948,210,282551,0
1949,210,282553,0
1950,210,282537,0
1951,210,282538,0
1952,210,282539,0
1953,210,282540,2
1954,210,282541,0
1955,210,282552,0
1956,211,282532,2
1957,211,282533,0
1958,211,282534,0
1959,211,282535,0
1960,211,282536,0
1961,211,282613,0
1962,211,282608,0
1963,211,282611,0
1964,212,282669,0
1965,212,282666,0
1966,212,282665,0
1967,212,282668,2
1968,212,282667,0
1969,212,282514,0
1970,212,282519,0
1971,212,282517,0
1972,213,282581,0
1973,213,282580,0
1974,213,282582,0
1975,213,282583,0
1976,213,282584,0
1977,213,282585,0
1978,213,282586,2
1979,213,282579,0
1980,214,282627,0
1981,214,282626,0
1982,214,282629,0
1983,214,282630,0
1984,214,282631,0
1985,214,282632,0
1986,214,282628,2
1987,214,282625,0
1988,215,282670,2
1989,215,282671,0
1991,215,282673,0
1993,215,282612,0
1994,215,282609,0
1995,215,282610,0
1996,216,282636,0
1997,216,282634,0
1998,216,282638,2
1999,216,282639,0
2000,216,282640,0
2001,216,282641,0
2002,216,282642,0
2003,216,282648,0
2005,217,282521,0
2006,217,282620,0
2007,217,282621,0
2008,217,282622,2
2009,217,282624,0
2010,217,282623,0
2011,217,282518,0
2012,218,282601,0
2013,218,282597,0
2014,218,282599,0
2015,218,282592,2
2016,218,282593,0
2017,218,282594,0
2018,218,282595,0
2019,218,282596,0
2020,219,282513,0
2021,219,282520,0
2022,219,282578,0
2023,219,282575,0
2024,219,282574,0
2025,219,282577,2
2026,219,282576,0
2027,219,282516,0
2088,232,282091,3
2089,232,282135,1
2090,232,282092,1
2091,232,282078,1
2092,232,282133,1
2093,232,282033,1
2094,232,282056,1
2095,232,282090,1
2096,233,282166,1
2097,233,282093,1
2098,233,282136,1
2099,233,282062,1
2100,233,282063,1
2101,233,282137,3
2102,233,282138,1
2103,233,282153,1
2104,234,282082,3
2105,234,282059,1
2106,234,282112,1
2107,234,282060,1
2108,234,282061,1
2109,234,282163,1
2110,234,282053,1
2111,234,282142,1
2112,235,282070,1
2113,235,282089,1
2114,235,282085,1
2115,235,282125,1
2116,235,282124,1
2117,235,282069,3
2118,235,282150,1
2119,235,282036,1
2120,236,282110,1
2121,236,282115,1
2122,236,282081,1
2123,236,282111,1
2124,236,282065,1
2125,236,282041,1
2126,236,282119,3
2127,236,282057,1
2128,237,282149,1
2129,237,282068,1
2130,237,282071,1
2131,237,282109,1
2132,237,282129,1
2133,237,282130,1
2134,237,282126,3
2135,237,282107,1
2136,238,282127,3
2137,238,282034,1
2138,238,282035,1
2139,238,282131,1
2140,238,282087,1
2141,238,282102,1
2142,238,282123,1
2143,238,282100,1
2144,239,282040,1
2145,239,282039,1
2146,239,282116,3
2147,239,282165,1
2148,239,282117,1
2149,239,282118,1
2150,239,282064,1
2151,239,282076,1
2152,240,282108,1
2153,240,282074,1
2154,240,282106,1
2155,240,282146,1
2156,240,282037,3
2157,240,282079,1
2158,240,282038,1
2159,240,282147,1
2160,241,282158,1
2161,241,282144,1
2162,241,282052,1
2163,241,282143,3
2164,241,282045,1
2165,241,282170,1
2166,241,282171,1
2167,241,282141,1
2168,242,282086,1
2169,242,282132,1
2170,242,282080,1
2171,242,282075,1
2172,242,282134,1
2173,242,282114,3
2174,242,282058,1
2175,242,282088,1
2176,243,282740,3
2177,243,282741,1
2178,243,282742,1
2179,243,282743,1
2180,243,282744,1
2181,243,282735,1
2182,243,282737,1
2183,243,282738,1
2184,244,282713,1
2185,244,282715,1
2186,244,282708,1
2187,244,282709,1
2188,244,282710,1
2189,244,282711,3
2190,244,282712,1
2191,244,282714,1
2192,245,282784,1
2193,245,282703,3
2194,245,282704,1
2195,245,282705,1
2196,245,282706,1
2197,245,282707,1
2198,245,282779,1
2199,245,282782,1
2200,246,282685,1
2201,246,282690,1
2202,246,282840,1
2203,246,282837,1
2204,246,282836,1
2205,246,282839,3
2206,246,282838,1
2207,246,282688,1
2208,247,282752,1
2209,247,282751,1
2210,247,282753,1
2211,247,282754,1
2212,247,282755,1
2213,247,282756,1
2214,247,282757,3
2215,247,282750,1
2216,248,282798,1
2217,248,282797,1
2218,248,282800,1
2219,248,282801,1
2220,248,282802,1
2221,248,282803,1
2222,248,282799,3
2223,248,282796,1
2224,249,282783,1
2225,249,282780,1
2226,249,282841,3
2227,249,282842,1
2229,249,282844,1
2231,249,282781,1
2232,250,282808,1
2233,250,282806,1
2234,250,282809,3
2235,250,282810,1
2236,250,282811,1
2237,250,282812,1
2238,250,282813,1
2239,250,282804,1
2241,251,282692,1
2242,251,282791,1
2243,251,282792,1
2244,251,282793,3
2245,251,282795,1
2246,251,282794,1
2247,251,282689,1
2248,252,282773,1
2249,252,282769,1
2250,252,282771,1
2251,252,282763,3
2252,252,282764,1
2253,252,282765,1
2254,252,282766,1
2255,252,282767,1
2256,253,282684,1
2257,253,282691,1
2258,253,282749,1
2259,253,282746,1
2260,253,282745,1
2261,253,282748,3
2262,253,282747,1
2263,253,282687,1
2264,254,280476,2
2265,254,280520,0
2266,254,280477,0
2267,254,280463,0
2268,254,280518,0
2269,254,280440,0
2270,254,280441,0
2271,254,280533,0
2272,255,280551,0
2273,255,280478,0
2274,255,280521,0
2275,255,280447,0
2276,255,280448,0
2277,255,280522,2
2278,255,280523,0
2279,255,280538,0
2280,256,280467,2
2281,256,280444,0
2282,256,280497,0
2283,256,280445,0
2284,256,280446,0
2285,256,280548,0
2286,256,280438,0
2287,256,280527,0
2288,257,280470,1
2289,257,280510,1
2290,257,280509,1
2291,257,280454,3
2292,257,280535,1
2293,257,280455,1
2294,257,280412,1
2295,257,280474,1
2296,258,280493,0
2297,258,280532,0
2298,258,280459,0
2299,258,280491,0
2300,258,280531,0
2301,258,280414,2
2302,258,280464,0
2303,258,280416,0
2304,259,280442,0
2305,259,280504,2
2306,259,280426,0
2307,259,280450,0
2308,259,280496,0
2309,259,280466,0
2310,259,280500,0
2311,259,280495,0
2312,260,280492,0
2313,260,280511,2
2314,260,280515,0
2315,260,280514,0
2316,260,280494,0
2317,260,280456,0
2318,260,280453,0
2319,260,280534,0
2320,261,280485,1
2321,261,280472,1
2322,261,280516,1
2323,261,280411,1
2324,261,280410,1
2325,261,280512,3
2326,261,280508,1
2327,261,280487,1
2328,262,280419,0
2329,262,280503,0
2330,262,280501,2
2331,262,280550,0
2332,262,280502,0
2333,262,280449,0
2334,262,280422,0
2335,262,280461,0
2337,263,280556,0
2339,263,280430,0
2340,263,280528,2
2341,263,280437,0
2342,263,280529,0
2343,263,280543,0
2344,264,280473,0
2345,264,280443,0
2346,264,280499,2
2347,264,280519,0
2348,264,280460,0
2350,264,280517,0
2351,264,280471,0
2352,265,280273,0
2353,265,280271,0
2354,265,280269,0
2355,265,280278,0
2356,265,280277,0
2357,265,280276,0
2358,265,280275,0
2359,265,280274,2
2360,266,280247,0
2361,266,280245,0
2362,266,280244,2
2363,266,280243,0
2364,266,280242,0
2365,266,280241,0
2366,266,280248,0
2367,266,280246,0
2368,267,280316,0
2369,267,280313,0
2370,267,280240,0
2371,267,280239,0
2372,267,280238,0
2373,267,280237,0
2374,267,280236,2
2375,267,280318,0
2376,268,280221,1
2377,268,280373,1
2378,268,280374,3
2379,268,280371,1
2380,268,280372,1
2381,268,280375,1
2382,268,280223,1
2383,268,280218,1
2384,269,280284,0
2385,269,280291,2
2386,269,280290,0
2387,269,280289,0
2388,269,280288,0
2389,269,280287,0
2390,269,280285,0
2391,269,280286,0
2392,270,280330,0
2393,270,280333,2
2394,270,280337,0
2395,270,280336,0
2396,270,280335,0
2397,270,280334,0
2398,270,280331,0
2399,270,280332,0
2400,271,280315,1
2401,271,280380,1
2402,271,280379,1
2403,271,280378,1
2404,271,280377,1
2405,271,280376,3
2406,271,280314,1
2407,271,280317,1
2408,272,280338,0
2409,272,280347,0
2410,272,280346,0
2411,272,280345,0
2412,272,280344,0
2413,272,280343,2
2414,272,280340,0
2415,272,280342,0
2416,273,280222,0
2417,273,280328,0
2418,273,280329,0
2419,273,280327,2
2420,273,280326,0
2421,273,280325,0
2423,273,280219,0
2425,274,280300,0
2427,274,280298,0
2428,274,280297,2
2429,274,280305,0
2430,274,280303,0
2431,274,280307,0
2432,275,280220,0
2433,275,280281,0
2435,275,280279,0
2436,275,280280,0
2438,275,280224,0
2439,275,280217,0
2440,276,274984,0
2441,276,275045,0
2442,276,275046,2
2443,276,275043,0
2444,276,275044,0
2445,276,275047,0
2446,276,274988,0
2447,276,274981,0
2448,277,275065,0
2449,277,275064,0
2450,277,275063,0
2451,277,275062,0
2452,277,275061,2
2453,277,275069,0
2454,277,275067,0
2455,277,275071,0
2456,278,275144,0
2457,278,275143,0
2458,278,275142,0
2459,278,275141,0
2460,278,275140,2
2461,278,275078,0
2472,280,275094,0
2473,280,275097,2
2474,280,275101,0
2475,280,275100,0
2476,280,275099,0
2477,280,275098,0
2478,280,275095,0
2479,280,275096,0
2480,281,275011,0
2481,281,275009,0
2482,281,275008,2
2483,281,275007,0
2484,281,275006,0
2485,281,275005,0
2486,281,275012,0
2487,281,275010,0
2488,282,275092,0
2489,282,275093,0
2490,282,275091,0
2491,282,275090,2
2492,282,275089,0
2493,282,274986,0
2494,282,274983,0
2495,282,274989,0
2496,283,274982,0
2497,283,274987,0
2498,283,275139,0
2499,283,275136,0
2500,283,275135,0
2501,283,275138,2
2502,283,275137,0
2503,283,274985,0
2504,284,275106,0
2505,284,275104,0
2506,284,275107,2
2507,284,275108,0
2509,284,275110,0
2510,284,275111,0
2511,284,275102,0
2513,285,275000,2
2514,285,275001,0
2515,285,275002,0
2516,285,275003,0
2517,285,275004,0
2518,285,275077,0
2520,286,275038,2
2521,286,275039,0
2522,286,275040,0
2523,286,275041,0
2524,286,275042,0
2525,286,275033,0
2526,286,275035,0
2527,286,275037,0
2724,298,179148,3
2725,298,179149,1
2726,298,179150,1
2727,298,179151,1
2728,298,179152,1
2764,285,275079,0
2765,285,275081,0
3180,310,277289,0
3181,310,276523,0
3182,310,276885,1
3183,310,277294,0
3184,310,277776,0
3185,310,277292,2
3186,310,276901,1
3187,310,277105,0
3188,310,277137,0
3189,310,277297,0
3190,310,277791,0
3191,310,277919,0
3192,310,277201,0
3193,310,277031,1
3194,310,277130,0
3195,310,277182,0
3196,310,277852,0
3197,310,278007,0
3198,310,277295,0
3199,310,277015,1
3200,310,277027,0
3201,310,277158,0
3202,310,277290,0
3203,310,277835,0
3204,310,277853,0
3205,310,277217,0
3206,310,276522,0
3207,310,276867,1
3208,310,277758,0
3209,310,278009,0
3210,310,277750,0
3211,310,276856,1
3212,310,277171,0
3213,310,277293,0
3214,310,277009,1
3215,310,277052,0
3216,310,277141,0
3217,310,277191,0
3218,310,277288,0
3219,310,277834,0
3220,310,277877,0
3221,310,277296,0
3222,310,276839,1
3223,310,277038,0
3224,310,277121,0
3225,310,277180,0
3226,310,277291,0
3227,310,277735,0
3228,310,277861,0
3844,282,270568,1
3845,282,270569,0
3846,282,275085,0
3847,282,279458,0
3848,282,279463,0
3849,282,270626,1
3850,282,270627,0
3851,282,275088,0
3852,282,279461,0
3853,282,279466,0
3854,282,270639,1
3855,282,279366,0
3856,282,270588,1
3857,282,270589,0
3858,282,275086,0
3859,282,279459,0
3860,282,279464,0
3861,282,270528,1
3862,282,279369,0
3863,282,270662,1
3865,282,279372,0
3867,282,270543,1
3868,282,270551,0
3869,282,275084,0
3870,282,279457,0
3871,282,279462,0
3872,282,270606,1
3873,282,270607,0
3874,282,275087,0
3875,282,279460,0
3876,282,279465,0
3877,331,280119,0
3878,331,279649,0
3879,331,279654,1
3880,331,280123,0
3881,331,283125,0
3882,331,283126,0
3883,331,283559,0
3884,331,283585,0
3885,331,283961,0
3886,331,283987,0
3887,331,284336,0
3890,331,280160,0
3891,331,279643,1
3892,331,279652,0
3893,331,280117,0
3894,331,282975,0
3895,331,282976,0
3896,331,283462,0
3897,331,283525,0
3898,331,283864,0
3899,331,283927,0
3900,331,284321,0
3903,331,283643,0
3904,331,283054,1
3905,331,283055,0
3906,331,283499,0
3907,331,283901,0
3908,331,284045,0
3909,331,284304,0
3912,331,280120,2
3914,331,279655,1
3915,331,280124,0
3917,331,283091,1
3918,331,283093,0
3919,331,283524,0
3920,331,283567,0
3921,331,283926,0
3922,331,283969,0
3925,331,283017,1
3926,331,283018,0
3927,331,283019,0
3928,331,283481,0
3929,331,283542,0
3930,331,283626,0
3931,331,283883,0
3932,331,283944,0
3933,331,284028,0
3934,331,284314,0
3937,331,280118,0
3938,331,279653,1
3939,331,279663,0
3940,331,280122,0
3941,331,282972,0
3942,331,282973,0
3943,331,282974,0
3944,331,283461,0
3945,331,283543,0
3946,331,283863,0
3947,331,283945,0
3948,331,284354,0
3952,331,280159,0
3953,331,279642,1
3954,331,279651,0
3955,331,280116,0
3956,331,283109,0
3957,331,283110,0
3958,331,283544,0
3959,331,283586,0
3960,331,283946,0
3961,331,283988,0
3962,331,284300,0
3965,332,279892,0
3966,332,279898,1
3967,332,283358,0
3968,332,283384,0
3969,332,284162,0
3970,332,284188,0
3973,332,279895,0
3974,332,279890,1
3975,332,283261,0
3976,332,283324,0
3977,332,284065,0
3978,332,284128,0
3981,332,283442,0
3982,332,283298,1
3983,332,284102,0
3984,332,284246,0
3989,332,284170,0
3990,332,283323,1
3991,332,283366,0
3992,332,284127,0
3995,332,284229,0
3996,332,283280,1
3997,332,283341,0
3998,332,283425,0
3999,332,284084,0
4000,332,284145,0
4004,332,279891,0
4005,332,279897,1
4006,332,283260,0
4007,332,283342,0
4008,332,284064,0
4009,332,284146,0
4010,332,284368,0
4014,332,279894,0
4015,332,279889,1
4016,332,283343,0
4017,332,283385,0
4018,332,284147,0
4019,332,284189,0
4022,333,279552,1
4023,333,279556,0
4024,333,283760,0
4025,333,283786,0
4028,333,279537,1
4029,333,279550,0
4030,333,283663,0
4031,333,283726,0
4034,333,283844,0
4035,333,283700,1
4038,333,279553,3
4040,333,283768,0
4041,333,283725,1
4044,333,283827,0
4045,333,283682,1
4046,333,283743,0
4050,333,279551,1
4051,333,279555,0
4052,333,283662,0
4053,333,283744,0
4054,333,284340,0
4058,333,279536,1
4059,333,279549,0
4060,333,283745,0
4061,333,283787,0
4064,334,278287,2
4065,334,278088,1
4066,334,278292,0
4067,334,278400,0
4068,334,278290,0
4069,334,278103,1
4070,334,278231,0
4071,334,278295,0
4072,334,278415,0
4073,334,278543,0
4074,334,278631,0
4075,334,277053,0
4076,334,278164,1
4077,334,278319,0
4078,334,278476,0
4079,334,278288,0
4080,334,277084,1
4081,334,278147,0
4082,334,278165,0
4083,334,278293,0
4084,334,278459,0
4085,334,278477,0
4086,334,278633,0
4087,334,277062,0
4088,334,278070,1
4089,334,278321,0
4090,334,278382,0
4091,334,278062,1
4092,334,278374,0
4093,334,278286,0
4094,334,278146,1
4095,334,278189,0
4096,334,278291,0
4097,334,278458,0
4098,334,278501,0
4099,334,278289,0
4100,334,277092,1
4101,334,278047,0
4102,334,278173,0
4103,334,278294,0
4104,334,278359,0
4105,334,278485,0
4106,335,277663,2
4107,335,277464,1
4108,335,277668,0
4109,335,277666,0
4110,335,277479,1
4111,335,277607,0
4112,335,277671,0
4113,335,277695,0
4114,335,277540,1
4115,335,277664,0
4116,335,277523,1
4117,335,277541,0
4118,335,277669,0
4119,335,277697,0
4120,335,277446,1
4121,335,279140,0
4122,335,277438,1
4123,335,277662,0
4124,335,277522,1
4125,335,277565,0
4126,335,277667,0
4127,335,277665,0
4128,335,277423,1
4129,335,277549,0
4130,335,277670,0
4131,336,270963,0
4132,336,270960,0
4133,336,274227,0
4134,336,270966,0
4135,336,270957,0
4136,336,273852,1
4137,336,273843,0
4138,336,271617,1
4139,336,271625,0
4140,336,274254,0
4141,336,270964,0
4143,336,273848,1
4144,336,274246,0
4145,336,274313,1
4146,336,271569,0
4147,336,271610,0
4148,336,270962,0
4149,336,270961,0
4150,336,271542,1
4151,336,271608,0
4152,336,270965,2
4153,336,270958,0
4154,336,271606,0
4155,336,271722,1
4156,336,273876,0
4157,336,274236,0
4158,337,271843,0
4160,337,271846,0
4161,337,271837,0
4162,337,273926,1
4163,337,271990,1
4164,337,271998,0
4165,337,271844,0
4167,337,273920,1
4168,337,271983,1
4169,337,271965,0
4170,337,271842,0
4171,337,271841,0
4172,337,271938,1
4173,337,271845,2
4174,337,271838,0
4175,337,272013,1
4176,337,273948,0
4198,339,215317,1
4199,339,215321,0
4200,339,215624,0
4201,339,215314,1
4202,339,215324,0
4203,339,216724,0
4204,339,215659,1
4206,339,215316,3
4207,339,213717,0
4208,339,215322,0
4209,339,215650,1
4210,339,215728,1
4211,339,213726,0
4213,339,215318,1
4214,339,215320,0
4215,339,215633,0
4216,339,216282,0
4217,339,215315,1
4218,339,215323,0
4219,339,215617,0
4220,339,215713,0
4222,340,216674,1
4223,340,216506,0
4224,340,216671,0
4225,340,216721,1
4226,340,216718,0
4228,340,216693,3
4229,340,216690,0
4232,340,216653,1
4233,340,216382,0
4234,340,216493,0
4235,340,216654,0
4236,340,216702,1
4237,340,216303,0
4238,340,216511,0
4239,340,216699,0
4240,341,216579,1
4241,341,216443,0
4242,341,216576,0
4243,341,216626,1
4244,341,216623,0
4246,341,216598,3
4247,341,216595,0
4250,341,216558,1
4251,341,216377,0
4252,341,216434,0
4253,341,216559,0
4254,341,216607,1
4255,341,216288,0
4256,341,216447,0
4257,341,216604,0
4258,342,213399,1
4259,342,213394,0
4261,342,213402,1
4262,342,213397,0
4263,342,213452,1
4264,342,213400,3
4265,342,213395,0
4266,342,212458,1
4267,342,213388,1
4268,342,213398,1
4269,342,212449,0
4270,342,213393,0
4271,342,213401,1
4272,342,213396,0
4273,343,213599,1
4274,343,213594,0
4275,343,213602,1
4276,343,213597,0
4277,343,213660,1
4278,343,213600,3
4279,343,213595,0
4281,343,213598,1
4282,343,213593,0
4283,343,213601,1
4284,343,213596,0
4285,344,206845,1
4286,344,206516,0
4287,344,206847,0
4288,344,208703,0
4289,344,211032,0
4290,344,274331,0
4291,344,206842,1
4292,344,206425,0
4293,344,206850,0
4294,344,208691,1
4295,344,206326,0
4296,344,208183,0
4297,344,206844,3
4298,344,206436,0
4299,344,206849,0
4300,344,205870,0
4301,344,206557,1
4302,344,206413,1
4303,344,206846,1
4304,344,206405,0
4305,344,206851,0
4306,344,211031,0
4307,344,274332,0
4308,344,206843,1
4309,344,206540,0
4310,344,206848,0
4311,345,209636,1
4312,345,209456,0
4313,345,209516,0
4314,345,209631,0
4315,345,209639,1
4316,345,209476,0
4317,345,209634,0
4318,345,209753,1
4319,345,209506,0
4320,345,209637,3
4321,345,209465,0
4322,345,209632,0
4323,345,209532,1
4324,345,209487,1
4325,345,206831,0
4326,345,209635,1
4327,345,209495,0
4328,345,209630,0
4329,345,209638,1
4330,345,209547,0
4331,345,209633,0
4332,346,178453,1
4333,346,178706,0
4334,346,178745,0
4335,346,179618,0
4336,346,179619,0
4337,346,179621,0
4338,346,178457,1
4339,346,178708,0
4340,346,178918,0
4341,346,179616,0
4342,346,202578,1
4343,346,202568,3
4344,346,202577,0
4345,346,202614,0
4346,346,202617,0
4347,346,202621,0
4348,346,202601,1
4349,346,178725,1
4350,346,178452,1
4351,346,178707,0
4352,346,202584,0
4353,346,179617,0
4354,346,179620,0
4355,346,178455,1
4356,346,178709,0
4357,346,179283,0
4358,346,202615,0
4359,346,202616,0
4360,347,179107,1
4361,347,178233,0
4362,347,179101,0
4363,347,179105,1
4364,347,178477,0
4365,347,179098,0
4366,347,178927,1
4367,347,178276,0
4370,347,179104,3
4371,347,179100,0
4372,347,178183,1
4373,347,178250,1
4374,347,179106,1
4375,347,178336,0
4376,347,178915,0
4377,347,179102,0
4378,347,179103,1
4379,347,178333,0
4380,347,178906,0
4381,347,179099,0
4383,348,179178,1
4384,348,178625,0
4385,348,179184,0
4386,348,179180,1
4387,348,179187,0
4388,348,202574,1
4389,348,202588,3
4390,348,202589,0
4391,348,178643,1
4392,348,179179,1
4393,348,202576,0
4394,348,179183,0
4395,348,179182,1
4396,348,178670,0
4397,348,179186,0
4398,349,177753,0
4399,349,176879,0
4400,349,177048,0
4401,349,177106,0
4402,349,177145,0
4403,349,177183,1
4404,349,177188,0
4405,349,177195,0
4406,349,177743,0
4407,349,274174,0
4408,349,177755,0
4409,349,176898,0
4410,349,177103,0
4411,349,177109,0
4412,349,177140,0
4413,349,177186,1
4414,349,177191,0
4415,349,177192,0
4416,349,177747,0
4417,349,202122,0
4418,349,201966,0
4419,349,201967,0
4420,349,202101,1
4421,349,202260,0
4422,349,201974,0
4423,349,201979,0
4424,349,202063,0
4425,349,202114,0
4426,349,202123,0
4427,349,202124,0
4428,349,202131,0
4429,349,202134,1
4430,349,202136,0
4431,349,202139,0
4432,349,202258,0
4433,349,202315,1
4434,349,201988,0
4435,349,201989,0
4436,349,202316,0
4437,349,274201,0
4438,349,202014,0
4439,349,202012,1
4440,349,202055,0
4441,349,177754,0
4442,349,177104,0
4443,349,177105,0
4444,349,177147,0
4445,349,177182,3
4446,349,177187,0
4447,349,177196,0
4448,349,177744,0
4449,349,202261,0
4450,349,201970,0
4451,349,201971,0
4452,349,202057,0
4453,349,202116,0
4454,349,202125,0
4455,349,202130,0
4456,349,202135,1
4457,349,202137,0
4458,349,202138,0
4459,349,202259,0
4460,349,274183,0
4461,273,274857,1
4462,273,274867,0
4463,273,280321,0
4464,273,274863,1
4465,273,274873,0
4466,273,280324,0
4467,273,274668,1
4468,273,274859,1
4469,273,274869,0
4470,273,280322,0
4471,273,274674,1
4472,273,274855,1
4473,273,274865,0
4474,273,280320,0
4475,273,274861,1
4476,273,274871,0
4477,273,280323,0
4478,350,177758,0
4479,350,176880,0
4480,350,177168,0
4481,350,177175,0
4482,350,177178,0
4483,350,177198,0
4484,350,177205,0
4485,350,177208,1
4486,350,177748,0
4487,350,274122,0
4488,350,177760,0
4489,350,176899,0
4490,350,177171,0
4491,350,177172,0
4492,350,177181,0
4493,350,177201,0
4494,350,177202,0
4495,350,177211,1
4496,350,177752,0
4497,350,177044,1
4498,350,176557,0
4499,350,176691,0
4500,350,177164,0
4501,350,177761,0
4502,350,176571,0
4503,350,176705,0
4504,350,177008,0
4505,350,177122,0
4506,350,177169,0
4507,350,177174,0
4508,350,177179,0
4509,350,177199,0
4510,350,177204,0
4511,350,177209,1
4512,350,177750,0
4513,350,274140,0
4514,350,177974,0
4515,350,176587,0
4516,350,176721,0
4517,350,177973,1
4518,350,176612,1
4519,350,176746,0
4520,350,176824,0
4521,350,177759,0
4522,350,177167,0
4523,350,177176,0
4524,350,177177,0
4525,350,177197,0
4526,350,177206,0
4527,350,177207,3
4528,350,177749,0
4529,350,177762,0
4530,350,176563,0
4531,350,176697,0
4532,350,176842,0
4533,350,177170,0
4534,350,177173,0
4535,350,177180,0
4536,350,177200,0
4537,350,177203,0
4538,350,177210,1
4539,350,177751,0
4540,350,274131,0
4541,351,141410,1
4542,351,141409,0
4543,351,141416,1
4544,351,141415,0
4545,351,142865,1
4546,351,201428,3
4547,351,201429,0
4548,351,141231,1
4549,351,142859,1
4550,351,201427,1
4551,351,201426,0
4552,351,141411,1
4553,351,141412,0
4554,352,144296,1
4555,352,144173,1
4556,352,144483,1
4557,352,144482,0
4558,352,144142,1
4559,352,144516,3
4560,352,144515,0
4561,352,144390,1
4562,352,144391,0
4563,352,144299,1
4564,352,144324,0
4565,352,144196,1
4566,352,144322,0
4567,353,140507,1
4568,353,140498,0
4569,353,140509,1
4570,353,140500,0
4571,353,140382,1
4572,353,139145,0
4573,353,140508,3
4574,353,140499,0
4575,353,140446,1
4576,353,140381,0
4577,353,140506,1
4578,353,140497,0
4579,353,140505,1
4580,353,140496,0
4581,354,139404,1
4582,354,139395,0
4583,354,139406,1
4584,354,139400,0
4585,354,138998,1
4586,354,139405,1
4587,354,139399,0
4588,354,139009,1
4590,354,142862,0
4591,354,138857,1
4593,354,139403,3
4594,354,139401,0
4595,354,139402,1
4596,354,139396,0
4597,355,132914,1
4598,355,132917,1
4599,355,132912,3
4600,355,132915,1
4601,355,132918,1
4602,355,178132,0
4604,355,132916,1
4605,355,132911,1
4606,356,128596,1
4607,356,128599,1
4608,356,128600,1
4609,356,128597,3
4610,356,128594,1
4611,356,128601,1
4612,356,128595,1
4613,356,128598,1
4614,355,201215,1
4615,357,128496,1
4616,357,209912,0
4617,357,209929,0
4618,357,209930,0
4619,357,209931,0
4620,357,209932,0
4621,357,209933,0
4626,357,128499,1
4627,357,128500,1
4628,357,128494,1
4629,357,128502,1
4630,357,128495,1
4631,357,128498,3
4632,358,131787,3
4633,358,131789,1
4634,358,131788,1
4635,358,132041,1
4636,358,201202,1
4637,358,131790,1
4638,359,128402,0
4639,359,267372,0
4640,359,216151,1
4641,359,128404,0
4642,359,267371,0
4643,359,216150,1
4644,359,128405,0
4645,359,267374,0
4646,359,216153,1
4647,359,128403,0
4648,359,267373,0
4649,359,216152,1
4650,359,128400,0
4651,359,267376,0
4652,359,216156,1
4653,359,128406,0
4654,359,267378,0
4655,359,216157,1
4656,359,128401,0
4657,359,267375,0
4658,359,216154,1
4659,359,128399,2
4660,359,267377,0
4661,359,216155,1
4662,360,132479,1
4663,360,216162,0
4664,360,278881,0
4665,360,132481,1
4666,360,216159,0
4667,360,278898,0
4668,360,132477,1
4669,360,141807,0
4670,360,216164,0
4671,360,278907,0
4673,360,132484,1
4674,360,216160,0
4675,360,278888,0
4676,360,132483,1
4677,360,216165,0
4678,360,278865,0
4679,360,132478,1
4680,360,216161,0
4681,360,132480,1
4682,360,216163,0
4683,360,278872,0
4684,360,132482,3
4685,360,216158,0
4686,360,278894,0
4687,361,172548,1
4688,361,172553,0
4689,361,173055,0
4690,361,173064,0
4691,361,172551,1
4692,361,172557,0
4693,361,172330,1
4694,361,172550,3
4695,361,172556,0
4696,361,172367,1
4697,361,172453,1
4698,361,172552,1
4699,361,172558,0
4700,361,201625,1
4701,361,201626,0
4702,362,172548,0
4703,362,172553,0
4704,362,173055,1
4705,362,173064,0
4706,362,173058,1
4707,362,173067,0
4708,362,172921,1
4709,362,172675,0
4710,362,173056,1
4711,362,173065,0
4712,362,172973,1
4713,362,172893,0
4714,362,173262,0
4715,362,172984,1
4716,362,172684,0
4717,362,173053,1
4718,362,173062,0
4719,362,173057,3
4720,362,173066,0
4722,363,175688,1
4723,363,175693,0
4724,363,176215,0
4725,363,176216,0
4726,363,175692,1
4727,363,175695,0
4728,363,176240,0
4729,363,176244,0
4730,363,175690,3
4731,363,175696,0
4732,363,176239,0
4733,363,176241,0
4734,363,175689,1
4735,363,175694,0
4736,363,176232,0
4737,363,176233,0
4738,363,175691,1
4739,363,175697,0
4740,363,176242,0
4741,363,176243,0
4742,364,176182,1
4743,364,176157,0
4744,364,176175,1
4745,364,176151,0
4746,364,176180,3
4747,364,176156,0
4748,364,176173,1
4749,364,176149,0
4750,364,176178,1
4751,364,176154,0
4832,365,214526,1
4833,365,214531,0
4834,365,214523,1
4835,365,214528,0
4836,365,214606,1
4837,365,214525,3
4838,365,214530,0
4839,365,214603,1
4840,365,214600,1
4841,365,214527,1
4842,365,214532,0
4843,365,214524,1
4844,365,214529,0
4845,366,214648,1
4846,366,214653,0
4847,366,214645,1
4848,366,214650,0
4849,366,214647,3
4850,366,214652,0
4851,366,214703,1
4852,366,214649,1
4853,366,214654,0
4854,366,214646,1
4855,366,214651,0
4893,369,206997,1
4894,369,206992,0
4895,369,207000,1
4896,369,206995,0
4897,369,207117,1
4898,369,206998,3
4899,369,206993,0
4900,369,207116,1
4901,369,207115,1
4902,369,206996,1
4903,369,206991,0
4904,369,206999,1
4905,369,206994,0
4906,370,209875,1
4907,370,209854,0
4908,370,209872,1
4909,370,209877,0
4910,370,209874,3
4911,370,209853,0
4912,370,209899,1
4913,370,209876,1
4914,370,209855,0
4915,370,209873,1
4916,370,209852,0
4963,372,179380,0
4964,372,179385,1
4965,372,179382,0
4966,372,179387,1
4967,372,202600,1
4968,372,202597,0
4969,372,202610,3
4970,372,202608,0
4971,372,179272,1
4972,372,179273,1
4973,372,179384,1
4974,372,179379,0
4975,372,202609,1
4976,372,202607,0
4977,373,173925,0
4978,373,173985,1
4979,373,173940,0
4980,373,174004,1
4981,373,179455,0
4982,373,173952,1
4983,373,177962,0
4984,373,201767,3
4985,373,201758,0
4986,373,202310,0
4987,373,173956,1
4988,373,173963,1
4989,373,174010,1
4990,373,173945,0
4991,373,201764,1
4992,373,201755,0
4993,374,173924,0
4994,374,173984,1
4995,374,173939,0
4996,374,174003,1
4997,374,173951,1
4998,374,173996,3
4999,374,173934,0
5000,374,173955,1
5001,374,173962,1
5002,374,174009,1
5003,374,173944,0
5004,374,201763,1
5005,374,201754,0
5006,375,173923,0
5007,375,173983,1
5008,375,173938,0
5009,375,174002,1
5010,375,173950,1
5011,375,201766,3
5012,375,201757,0
5013,375,173954,1
5014,375,173961,1
5015,375,201768,1
5016,375,201759,0
5017,375,201762,1
5018,375,201753,0
5019,376,173922,0
5020,376,173982,1
5021,376,173937,0
5022,376,174000,1
5023,376,173947,1
5024,376,201765,3
5025,376,201756,0
5026,376,173949,1
5027,376,175447,0
5028,376,173948,1
5029,376,174007,1
5030,376,173942,0
5031,376,201761,1
5032,376,201752,0
5033,377,173918,0
5034,377,173981,1
5035,377,173920,0
5036,377,173999,1
5037,377,173993,3
5038,377,173919,0
5039,377,174006,1
5040,377,173917,0
5041,377,201760,1
5042,377,201751,0
5043,378,144821,1
5044,378,144851,0
5045,378,144823,1
5046,378,144853,0
5047,378,144915,1
5048,378,201505,3
5049,378,201502,0
5050,378,201508,0
5051,378,177939,0
5052,378,144900,1
5053,378,144930,1
5054,378,177921,0
5055,378,144820,1
5056,378,144850,0
5057,378,144865,0
5058,378,201503,1
5059,378,201506,0
5060,379,143792,1
5061,379,143819,0
5062,379,143794,1
5063,379,143821,0
5064,379,143963,1
5065,379,143793,1
5066,379,143820,2
5067,379,143965,1
5068,379,143964,1
5069,379,143791,1
5070,379,143818,0
5071,379,143795,1
5072,379,143822,0
5073,380,142362,0
5074,380,142381,1
5075,380,142364,0
5076,380,142383,1
5077,380,143317,1
5078,380,143642,0
5079,380,142363,0
5080,380,142382,3
5081,380,143318,1
5082,380,142361,0
5083,380,142380,1
5084,380,142365,0
5085,380,142384,1
5360,217,280782,1
5361,217,280792,0
5362,217,282616,0
5365,217,280788,1
5366,217,280798,0
5367,217,282619,0
5370,217,280593,1
5371,217,280784,1
5372,217,280794,0
5373,217,282617,0
5376,217,280599,1
5378,217,280603,1
5380,217,280780,1
5381,217,280790,0
5382,217,282615,0
5385,217,280786,1
5386,217,280796,0
5387,217,282618,0
5392,240,282103,0
5397,240,282145,0
5402,240,282515,0
5406,240,282104,0
5415,240,282032,0
5420,240,282084,0
5589,207,280996,1
5590,207,281039,0
5593,207,282274,0
5594,207,280972,1
5595,207,281038,0
5598,207,282316,0
5599,207,281001,1
5603,207,280930,1
5604,207,280997,0
5607,207,282275,0
5608,207,281040,1
5610,207,280967,1
5612,207,280925,1
5613,207,280999,0
5616,207,282203,0
5617,207,280931,1
5618,207,280977,0
5621,207,282255,0
5626,251,282787,0
5631,251,282790,0
5637,251,282788,0
5646,251,282786,0
5651,251,282789,0
5652,258,276630,1
5653,258,276673,0
5654,258,280488,0
5655,258,276606,1
5656,258,276672,0
5657,258,280530,0
5658,258,276635,1
5659,258,276564,1
5660,258,276631,0
5661,258,280489,0
5663,258,276674,1
5664,258,276601,1
5665,258,276559,1
5666,258,276633,0
5667,258,280408,0
5668,258,276565,1
5669,258,276611,0
5670,258,280469,0
5671,195,270265,0
5672,195,276040,0
5673,195,276045,0
5674,195,270268,0
5675,195,276043,0
5676,195,276048,0
5677,195,275928,0
5678,195,270266,0
5679,195,276041,0
5680,195,276046,0
5681,195,275931,0
5682,195,275934,0
5683,195,270264,0
5684,195,276039,0
5685,195,276044,0
5686,195,270267,0
5687,195,276042,0
5688,195,276047,0
6026,396,270723,1
6027,396,270722,0
6028,396,270757,1
6029,396,270766,0
6030,396,270777,1
6031,396,270736,3
6032,396,270735,0
6033,396,270689,1
6034,396,270700,1
6035,396,270696,0
6036,396,270756,1
6037,396,270755,0
6038,397,274868,1
6039,397,274858,0
6040,397,274874,1
6041,397,274864,0
6042,397,274669,1
6043,397,274870,3
6044,397,274860,0
6045,397,274675,1
6046,397,274866,1
6047,397,274856,0
6048,397,274872,1
6049,397,274862,0
6050,398,274868,1
6051,398,274858,0
6052,398,274874,1
6053,398,274864,0
6054,398,274669,1
6055,398,274870,3
6056,398,274860,0
6057,398,274675,1
6058,398,274866,1
6059,398,274856,0
6060,398,274872,1
6061,398,274862,0
6062,399,282449,1
6065,399,282444,0
6066,399,282452,1
6069,399,282447,0
6070,399,282501,1
6073,399,282358,0
6074,399,282450,3
6077,399,282445,0
6078,399,282500,1
6081,399,282361,0
6082,399,282448,1
6085,399,282443,0
6086,399,282451,1
6089,399,282446,0
6090,400,282449,1
6093,400,282444,0
6094,400,282452,1
6097,400,282447,0
6098,400,282501,1
6101,400,282358,0
6102,400,282450,3
6105,400,282445,0
6106,400,282500,1
6109,400,282361,0
6110,400,282448,1
6113,400,282443,0
6114,400,282451,1
6117,400,282446,0
6118,401,280793,1
6119,401,280783,0
6122,401,280799,1
6123,401,280789,0
6126,401,281832,1
6127,401,280594,0
6130,401,280795,3
6131,401,280785,0
6134,401,281831,1
6135,401,280600,0
6138,401,280791,1
6139,401,280781,0
6142,401,280797,1
6143,401,280787,0
6146,402,280793,1
6147,402,280783,0
6150,402,280799,1
6151,402,280789,0
6154,402,281832,1
6155,402,280594,0
6158,402,280795,3
6159,402,280785,0
6162,402,281831,1
6163,402,280600,0
6166,402,280791,1
6167,402,280781,0
6170,402,280797,1
6171,402,280787,0
6633,421,279625,0
6634,421,279635,0
6635,421,279641,1
6636,421,280144,0
6637,421,280177,0
6638,421,280181,0
6639,421,283136,0
6640,421,283137,0
6641,421,283572,0
6642,421,283649,0
6643,421,283974,0
6644,421,284051,0
6647,421,279627,0
6648,421,279632,1
6649,421,279637,0
6650,421,280146,0
6651,421,280179,0
6652,421,280195,0
6653,421,283023,0
6654,421,283024,0
6655,421,283485,0
6656,421,283563,0
6657,421,283887,0
6658,421,283965,0
6659,421,284325,0
6663,421,283142,0
6664,421,283143,0
6665,421,283591,0
6666,421,283629,0
6667,421,283993,0
6668,421,284031,0
6669,421,284297,0
6672,421,283127,0
6673,421,283128,0
6674,421,283562,0
6675,421,283607,0
6676,421,283964,0
6677,421,284009,0
6678,421,284310,1
6680,421,279626,2
6681,421,279631,1
6682,421,279636,0
6683,421,280145,0
6684,421,280178,0
6685,421,280182,0
6686,421,283129,0
6687,421,283505,0
6688,421,283907,0
6689,421,284286,0
6692,421,282952,0
6693,421,283020,1
6694,421,283021,0
6695,421,283022,0
6696,421,283453,0
6697,421,283484,0
6698,421,283547,0
6699,421,283621,0
6700,421,283855,0
6701,421,283886,0
6702,421,283949,0
6703,421,284023,0
6709,421,283060,1
6710,421,283061,0
6711,421,283062,0
6712,421,283083,0
6713,421,283504,0
6714,421,283548,0
6715,421,283579,0
6716,421,283608,0
6717,421,283906,0
6718,421,283950,0
6719,421,283981,0
6720,421,284010,0
6721,421,284316,0
6725,421,279624,0
6726,421,279634,0
6727,421,279640,1
6728,421,280112,0
6729,421,280143,0
6730,421,280148,0
6731,421,282983,0
6732,421,282984,0
6733,421,282985,0
6734,421,282998,0
6735,421,283467,0
6736,421,283528,0
6737,421,283535,0
6738,421,283869,0
6739,421,283930,0
6740,421,283937,0
6741,421,284360,0
6746,421,279638,0
6747,421,279633,0
6748,421,279639,1
6749,421,280111,0
6750,421,280147,0
6751,421,280168,0
6752,422,279885,1
6753,422,279864,0
6754,422,279873,0
6755,422,283371,0
6756,422,283448,0
6757,422,284175,0
6758,422,284252,0
6761,422,279878,1
6762,422,279866,0
6763,422,279875,0
6764,422,283284,0
6765,422,283362,0
6766,422,284088,0
6767,422,284166,0
6771,422,283390,0
6772,422,283428,0
6773,422,284194,0
6774,422,284232,0
6777,422,283361,1
6778,422,283406,0
6779,422,284165,0
6780,422,284210,0
6782,422,279886,1
6783,422,279865,0
6784,422,279874,0
6785,422,283304,0
6786,422,284108,0
6789,422,283252,0
6790,422,283283,1
6791,422,283346,0
6792,422,283420,0
6793,422,284056,0
6794,422,284087,0
6795,422,284150,0
6796,422,284224,0
6801,422,283303,1
6802,422,283347,0
6803,422,283378,0
6804,422,283407,0
6805,422,284107,0
6806,422,284151,0
6807,422,284182,0
6808,422,284211,0
6812,422,279884,1
6813,422,279872,0
6814,422,279877,0
6815,422,283266,0
6816,422,283327,0
6817,422,283334,0
6818,422,284070,0
6819,422,284131,0
6820,422,284138,0
6821,422,284374,0
6826,422,279883,3
6827,422,279876,0
6828,422,279879,0
6829,423,279515,1
6830,423,279521,0
6831,423,279621,0
6832,423,283773,0
6833,423,283850,0
6836,423,279509,1
6837,423,279523,0
6838,423,279623,0
6839,423,283686,0
6840,423,283764,0
6844,423,283792,0
6845,423,283830,0
6848,423,283763,1
6849,423,283808,0
6851,423,279516,1
6852,423,279522,0
6853,423,279622,0
6854,423,283706,0
6857,423,283654,1
6858,423,283685,0
6859,423,283748,0
6860,423,283822,0
6865,423,283705,1
6866,423,283749,0
6867,423,283780,0
6868,423,283809,0
6872,423,279525,3
6873,423,279520,0
6874,423,279620,0
6875,423,283668,0
6876,423,283729,0
6877,423,283736,0
6878,423,284346,0
6883,423,279524,1
6884,423,279543,0
6885,423,279619,0
6886,424,277315,0
6887,424,276519,1
6888,424,277011,0
6889,424,277305,0
6890,424,277310,0
6891,424,277838,0
6892,424,277317,2
6893,424,276886,1
6894,424,277099,0
6895,424,277103,0
6896,424,277135,0
6897,424,277307,0
6898,424,277312,0
6899,424,277782,0
6900,424,277925,0
6901,424,277926,0
6911,424,277205,0
6912,424,276902,0
6913,424,276918,1
6914,424,277126,0
6915,424,277186,0
6916,424,277795,0
6917,424,277809,0
6918,424,278016,0
6919,424,277316,0
6920,424,277036,0
6921,424,277045,0
6922,424,277051,1
6923,424,277162,0
6924,424,277306,0
6925,424,277311,0
6926,424,277755,0
6927,424,277870,0
6928,424,277881,0
6929,424,277739,0
6930,424,276518,1
6931,424,276844,0
6932,424,277213,0
6933,424,277215,0
6934,424,278005,0
6935,424,278011,0
6936,424,276871,1
6937,424,276994,0
6938,424,277168,0
6939,424,277763,0
6940,424,277822,0
6941,424,277314,0
6942,424,276862,1
6943,424,276893,0
6944,424,276907,0
6945,424,277148,0
6946,424,277198,0
6947,424,277304,0
6948,424,277309,0
6949,424,277787,0
6950,424,277803,0
6951,424,277867,0
6952,424,277313,0
6954,425,278303,0
6955,425,278150,1
6956,425,278308,0
6957,425,278313,0
6958,425,278462,0
6959,425,278305,2
6960,425,278094,1
6961,425,278237,0
6962,425,278238,0
6963,425,278310,0
6964,425,278315,0
6965,425,278406,0
6966,425,278549,0
6967,425,278550,0
6976,425,278328,0
6977,425,277057,0
6978,425,278107,0
6979,425,278121,1
6980,425,278419,0
6981,425,278433,0
6982,425,278640,0
6984,425,278304,0
6985,425,277080,1
6986,425,278067,0
6987,425,278182,0
6988,425,278193,0
6989,425,278309,0
6990,425,278314,0
6991,425,278379,0
6992,425,278494,0
6993,425,278505,0
6994,425,278363,0
6995,425,277066,1
6996,425,278051,0
6997,425,278317,0
6998,425,278323,0
6999,425,278629,0
7000,425,278635,0
7001,425,278075,1
7002,425,278134,0
7003,425,278387,0
7004,425,278446,0
7005,425,278302,0
7006,425,278099,1
7007,425,278115,0
7008,425,278179,0
7009,425,278307,0
7010,425,278312,0
7011,425,278411,0
7012,425,278427,0
7013,425,278491,0
7015,425,278311,0
7082,426,277704,0
7083,426,277483,0
7084,426,277497,1
7156,426,277690,0
7157,426,277443,1
7158,426,277558,0
7159,426,277569,0
7160,426,277680,0
7161,426,277685,0
7162,426,277427,1
7163,426,277693,0
7164,426,277699,0
7165,426,279136,0
7166,426,277451,1
7167,426,277510,0
7168,426,277688,0
7169,426,277475,1
7170,426,277491,0
7171,426,277555,0
7172,426,277678,0
7173,426,277683,0
7174,426,277687,2
7176,426,277679,0
7177,426,277526,1
7178,426,277684,0
7179,426,277689,0
7180,426,277691,0
7181,426,277470,1
7182,426,277613,0
7183,426,277614,0
7184,426,277681,0
7185,426,277686,0
7216,338,272217,2
7217,338,272112,1
7218,338,272207,0
7219,338,272212,0
7220,338,273898,0
7221,338,272219,0
7222,338,272152,1
7223,338,272209,0
7224,338,272214,0
7225,338,272121,1
7226,338,272125,0
7227,338,272249,0
7228,338,272218,0
7229,338,272131,1
7230,338,272208,0
7231,338,272213,0
7232,338,272142,0
7233,338,272226,1
7234,338,274307,0
7235,338,272060,1
7237,338,272216,0
7238,338,272206,0
7239,338,272211,0
7240,338,273910,1
7241,338,274403,0
7242,338,272215,0
7243,338,272205,0
7244,338,273896,1
7245,428,271769,0
7246,428,271764,0
7247,428,271829,0
7248,428,273929,1
7249,428,271771,0
7250,428,271762,0
7251,428,271827,0
7252,428,273943,1
7253,428,272003,1
7254,428,271770,2
7255,428,271763,0
7257,428,271985,1
7258,428,272552,0
7259,428,271943,1
7260,428,271957,0
7261,428,271768,0
7262,428,271299,0
7263,428,271765,0
7264,428,271830,0
7265,428,274402,1
7266,428,271767,0
7267,428,271300,0
7268,428,271831,0
7269,428,273927,1
7270,427,270889,0
7271,427,270884,0
7272,427,270949,0
7273,427,273854,1
7274,427,274231,0
7275,427,270891,0
7276,427,270882,0
7277,427,270947,0
7278,427,273874,1
7279,427,274310,0
7280,427,271630,1
7281,427,274258,0
7282,427,270890,2
7283,427,270883,0
7285,427,271612,1
7286,427,274249,0
7287,427,274317,0
7288,427,271547,1
7289,427,271561,0
7290,427,270888,0
7291,427,270885,0
7292,427,270950,0
7293,427,271295,0
7294,427,274401,1
7295,427,270887,0
7296,427,270951,0
7297,427,273853,1
7298,429,272196,2
7300,429,272199,0
7301,429,272194,0
7302,429,273895,1
7303,429,272231,1
7304,429,272244,0
7305,429,272197,0
7306,429,272109,1
7307,429,272192,0
7308,429,273889,1
7309,429,274303,1
7311,429,272222,0
7312,429,272195,0
7313,429,272048,1
7314,429,272190,0
7315,429,272198,0
7316,429,272070,1
7317,429,272193,0
7318,429,273917,0
7425,438,279738,1
7426,438,279735,0
7427,438,280089,0
7428,438,280134,0
7429,438,283043,0
7430,438,283085,0
7431,438,283518,0
7432,438,283641,0
7433,438,283920,0
7434,438,284043,0
7437,438,279732,1
7438,438,279728,0
7439,438,280093,0
7440,438,280129,0
7441,438,282970,0
7442,438,283000,0
7443,438,283520,0
7444,438,283639,0
7445,438,283922,0
7446,438,284041,0
7447,438,284322,0
7450,438,279729,3
7451,438,279733,0
7452,438,280094,0
7453,438,280135,0
7454,438,282959,0
7455,438,283103,0
7456,438,283539,0
7457,438,283555,0
7458,438,283941,0
7459,438,283957,0
7460,438,284293,0
7461,438,284295,0
7465,438,283003,1
7466,438,283120,0
7467,438,283536,0
7468,438,283599,0
7469,438,283938,0
7470,438,284001,0
7472,438,279731,1
7473,438,279727,0
7474,438,280090,0
7475,438,280092,0
7476,438,283237,0
7477,438,283638,0
7478,438,284040,0
7479,438,284292,0
7482,438,282967,1
7483,438,283077,0
7484,438,283554,0
7485,438,283600,0
7486,438,283956,0
7487,438,284002,0
7490,438,282960,1
7491,438,282964,0
7492,438,283454,0
7493,438,283581,0
7494,438,283856,0
7495,438,283983,0
7496,438,284311,0
7498,438,279730,1
7499,438,279734,0
7500,438,280091,0
7501,438,280095,0
7502,438,282957,0
7503,438,283004,0
7504,438,283006,0
7505,438,283476,0
7506,438,283538,0
7507,438,283622,0
7508,438,283878,0
7509,438,283940,0
7510,438,284024,0
7591,440,279578,0
7592,440,279564,1
7593,440,283719,0
7594,440,283842,0
7597,440,279568,0
7598,440,279562,1
7599,440,283721,0
7600,440,283840,0
7603,440,279579,2
7604,440,279569,1
7605,440,283740,0
7606,440,283756,0
7610,440,283737,1
7611,440,283800,0
7613,440,279567,0
7614,440,279565,1
7615,440,283839,0
7618,440,283755,1
7619,440,283801,0
7622,440,283655,1
7623,440,283782,0
7625,440,279566,0
7626,440,279570,1
7627,440,283677,0
7628,440,283739,0
7629,440,283823,0
7633,439,279950,0
7634,439,279941,1
7635,439,283317,0
7636,439,283440,0
7637,439,284121,0
7638,439,284244,0
7641,439,279946,0
7642,439,279939,1
7643,439,283319,0
7644,439,283438,0
7645,439,284123,0
7646,439,284242,0
7649,439,279943,2
7650,439,279947,1
7651,439,283338,0
7652,439,283354,0
7653,439,284142,0
7654,439,284158,0
7658,439,283335,1
7659,439,283398,0
7660,439,284139,0
7661,439,284202,0
7663,439,279945,0
7664,439,279942,1
7665,439,283437,0
7666,439,284241,0
7670,439,283353,1
7671,439,283399,0
7672,439,284157,0
7673,439,284203,0
7676,439,283253,1
7677,439,283380,0
7678,439,284057,0
7679,439,284184,0
7681,439,279944,0
7682,439,279940,1
7683,439,283275,0
7684,439,283337,0
7685,439,283421,0
7686,439,284079,0
7687,439,284141,0
7688,439,284225,0
7692,441,277323,0
7693,441,276509,0
7694,441,276851,1
7695,441,277043,0
7696,441,277330,0
7697,441,277747,0
7698,441,277871,0
7699,441,277327,0
7700,441,277102,1
7701,441,277134,0
7702,441,277332,0
7703,441,277928,0
7704,441,277324,2
7705,441,276869,1
7706,441,276909,0
7707,441,277114,0
7708,441,277179,0
7709,441,277328,0
7710,441,277764,0
7711,441,277805,0
7712,441,277208,0
7713,441,276835,1
7714,441,277122,0
7715,441,277190,0
7716,441,277728,0
7717,441,278019,0
7718,441,277326,0
7719,441,276914,1
7720,441,277157,0
7721,441,277331,0
7722,441,277393,0
7723,441,277812,0
7724,441,277872,0
7725,441,277210,1
7726,441,276508,0
7727,441,276916,0
7728,441,277813,0
7729,441,278020,0
7730,441,276836,1
7731,441,276849,0
7732,441,277164,0
7733,441,277730,0
7734,441,277745,0
7735,441,277325,0
7736,441,276906,1
7737,441,276920,0
7738,441,277147,0
7739,441,277196,0
7740,441,277329,0
7741,441,277806,0
7742,441,277814,0
7750,442,277716,2
7751,442,277452,1
7752,442,277493,0
7753,442,277720,0
7754,442,277416,1
7755,442,277707,0
7756,442,277718,0
7757,442,277500,1
7758,442,277560,0
7759,442,277723,0
7760,442,277708,1
7761,442,277501,0
7762,442,279139,0
7763,442,277418,1
7764,442,277433,0
7765,442,277717,0
7766,442,277494,1
7767,442,277502,0
7768,442,277721,0
7769,443,278339,0
7770,443,278059,1
7771,443,278183,0
7772,443,278346,0
7773,443,278371,0
7774,443,278495,0
7775,443,278343,0
7776,443,278240,1
7777,443,278348,0
7778,443,278552,0
7779,443,278340,2
7780,443,277090,1
7781,443,278076,0
7782,443,278117,0
7783,443,278344,0
7784,443,278388,0
7785,443,278429,0
7786,443,278331,0
7787,443,277061,0
7788,443,278040,1
7789,443,278352,0
7790,443,278643,0
7791,443,278342,0
7792,443,277076,1
7793,443,278124,0
7794,443,278184,0
7795,443,278347,0
7796,443,278436,0
7797,443,278496,0
7798,443,278332,0
7799,443,277070,1
7800,443,278125,0
7801,443,278437,0
7802,443,278644,0
7803,443,278354,0
7804,443,278042,1
7805,443,278057,0
7806,443,278369,0
7807,443,278341,0
7808,443,278118,1
7809,443,278126,0
7810,443,278345,0
7811,443,278430,0
7812,443,278438,0
7814,444,270931,0
7815,444,270924,0
7816,444,274234,1
7817,444,270927,0
7818,444,270922,0
7819,444,273847,1
7820,444,270930,2
7821,444,270926,0
7822,444,271622,1
7823,444,272392,0
7824,444,274244,0
7825,444,271633,0
7826,444,271544,1
7827,444,274262,0
7828,444,270928,0
7829,444,270923,0
7830,444,273856,1
7831,444,271577,1
7832,444,274252,0
7833,444,271567,1
7834,444,270929,0
7835,444,270925,0
7836,444,271545,1
7837,444,272394,0
7838,445,272258,0
7839,445,272116,1
7840,445,272265,0
7841,445,272262,0
7842,445,272267,0
7843,445,273892,1
7844,445,272259,2
7845,445,272136,1
7846,445,272239,0
7847,445,272263,0
7848,445,272251,0
7849,445,272054,1
7850,445,272261,0
7851,445,272155,1
7852,445,272266,0
7853,445,273899,0
7854,445,272108,0
7855,445,272073,1
7856,445,272117,1
7858,445,272260,0
7859,445,272055,1
7860,445,272264,0
7861,446,271804,1
7862,446,271811,0
7863,446,271802,2
7864,446,271807,0
7865,446,273923,1
7866,446,271806,0
7867,446,269496,0
7868,446,271810,0
7869,446,271995,1
7870,446,272006,0
7871,446,271940,1
7872,446,271803,0
7873,446,271808,0
7874,446,273930,1
7875,446,271966,1
7876,446,271963,1
7877,446,271805,0
7878,446,269497,0
7879,446,271809,0
7880,446,271941,1
8001,455,279629,1
8002,455,280100,0
8003,455,283089,0
8004,455,283523,0
8005,455,283925,0
8006,455,284334,0
8008,455,279737,0
8009,455,280133,1
8010,455,283015,0
8011,455,283480,0
8012,455,283882,0
8015,455,283088,1
8016,455,283584,0
8017,455,283986,0
8019,455,279630,1
8020,455,280101,0
8021,455,283108,0
8022,455,283541,0
8023,455,283943,0
8024,455,284288,0
8027,455,283012,1
8028,455,283013,0
8029,455,283478,0
8030,455,283521,0
8031,455,283880,0
8032,455,283923,0
8035,455,283049,1
8036,455,283522,0
8037,455,283924,0
8038,455,279628,3
8039,455,280099,0
8040,455,283051,0
8041,455,283052,0
8042,455,283498,0
8043,455,283612,0
8044,455,283900,0
8045,455,284014,0
8049,455,279736,1
8050,455,280102,0
8051,455,283236,0
8052,455,283613,0
8053,455,284015,0
8055,456,279957,3
8056,456,283322,0
8057,456,284126,0
8059,456,279949,1
8060,456,283279,0
8061,456,284083,0
8064,456,283383,1
8065,456,284187,0
8066,456,279958,1
8067,456,283340,0
8068,456,284144,0
8071,456,283277,1
8072,456,283320,0
8073,456,284081,0
8074,456,284124,0
8077,456,283321,1
8078,456,284125,0
8079,456,279956,1
8080,456,283297,0
8081,456,283411,0
8082,456,284101,0
8083,456,284215,0
8086,456,279948,1
8087,456,283412,0
8088,456,284216,0
8090,457,279586,3
8091,457,283724,0
8093,457,279577,1
8094,457,283681,0
8097,457,283785,1
8098,457,279587,1
8099,457,283742,0
8101,457,283679,1
8102,457,283722,0
8105,457,283723,1
8107,457,279585,1
8108,457,283699,0
8109,457,283813,0
8112,457,279588,1
8113,457,283814,0
8115,458,277319,0
8116,458,277021,1
8117,458,277843,0
8118,458,277322,0
8119,458,276841,1
8120,458,277106,0
8121,458,277734,0
8122,458,277920,0
8123,458,276912,1
8124,458,277183,0
8125,458,277799,0
8126,458,277320,0
8127,458,276846,1
8128,458,276991,0
8129,458,277733,0
8130,458,277817,0
8131,458,277216,1
8132,458,278008,0
8133,458,277836,0
8134,458,276903,1
8135,458,277010,0
8136,458,277792,0
8137,458,277318,0
8138,458,276993,1
8139,458,277816,0
8140,458,277321,2
8141,458,276866,1
8142,458,277013,0
8143,458,277181,0
8144,458,277759,0
8145,458,277833,0
8146,459,277711,0
8147,459,277531,1
8148,459,277714,0
8149,459,277422,1
8150,459,277608,0
8151,459,277487,1
8152,459,277712,0
8153,459,277421,1
8154,459,277505,0
8155,459,277696,1
8156,459,277524,1
8157,459,277480,0
8158,459,277710,0
8159,459,277504,1
8160,459,277713,2
8161,459,277447,1
8162,459,277521,0
8163,460,278335,0
8164,460,278155,1
8165,460,278467,0
8166,460,278338,0
8167,460,278046,1
8168,460,278232,0
8169,460,278358,0
8170,460,278544,0
8171,460,278423,0
8172,460,278111,1
8173,460,278336,0
8174,460,277083,1
8175,460,278045,0
8176,460,278129,0
8177,460,278357,0
8178,460,278441,0
8179,460,278320,0
8180,460,277063,1
8181,460,278632,0
8182,460,278148,1
8183,460,278104,0
8184,460,278416,0
8185,460,278460,0
8186,460,278334,0
8187,460,278128,1
8188,460,278440,0
8189,460,278337,2
8190,460,278071,1
8191,460,278145,0
8192,460,278383,0
8193,460,278457,0
8194,461,270968,0
8195,461,271558,1
8196,461,274228,0
8198,461,271585,1
8199,461,274255,0
8200,461,270969,0
8201,461,271601,1
8202,461,271620,1
8203,461,271555,0
8204,461,271538,1
8205,461,271563,0
8206,461,270967,1
8207,461,270970,3
8208,462,271848,0
8209,462,271954,1
8210,462,272139,0
8211,462,271851,1
8212,462,271970,1
8213,462,271849,0
8214,462,271979,1
8215,462,271993,1
8216,462,271951,0
8217,462,271934,1
8218,462,271959,0
8219,462,271847,2
8220,462,271607,1
8221,462,271850,0
8222,462,271996,1
8223,463,272254,0
8224,463,272066,1
8225,463,272257,0
8226,463,272128,1
8228,463,273901,1
8229,463,272075,0
8230,463,272255,0
8231,463,272082,1
8232,463,272232,1
8233,463,272065,0
8234,463,272049,1
8236,463,272253,2
8237,463,272140,1
8238,463,272256,0
8239,463,272237,1
8343,471,279646,1
8344,471,280163,0
8345,471,282951,0
8346,471,283634,0
8347,471,284036,0
8348,471,284329,0
8350,471,279648,1
8351,471,280167,0
8352,471,283101,0
8353,471,283533,0
8354,471,283935,0
8355,471,284327,0
8357,471,279644,3
8358,471,280161,0
8359,471,283038,0
8360,471,283578,0
8361,471,283980,0
8364,471,283114,1
8365,471,283551,0
8366,471,283953,0
8367,471,284308,0
8368,471,279647,1
8369,471,280166,0
8370,471,283116,0
8371,471,283552,0
8372,471,283954,0
8375,471,282993,1
8376,471,282995,0
8377,471,283472,0
8378,471,283594,0
8379,471,283874,0
8380,471,283996,0
8383,471,283099,1
8384,471,283619,0
8385,471,284021,0
8386,471,279645,1
8387,471,280162,0
8388,471,283035,0
8389,471,283036,0
8390,471,283515,0
8391,471,283917,0
8392,471,284357,0
8395,472,279880,1
8396,472,283433,0
8397,472,284237,0
8399,472,279882,1
8400,472,283332,0
8401,472,284136,0
8403,472,279888,3
8404,472,283377,0
8405,472,284181,0
8408,472,283350,1
8409,472,284154,0
8410,472,279881,1
8411,472,283351,0
8412,472,284155,0
8415,472,283271,1
8416,472,283393,0
8417,472,284075,0
8418,472,284197,0
8421,472,283418,1
8422,472,284222,0
8423,472,279887,1
8424,472,283314,0
8425,472,284118,0
8426,472,284371,0
8429,473,279540,1
8430,473,283835,0
8432,473,279542,1
8433,473,283734,0
8435,473,279538,3
8436,473,283779,0
8439,473,283752,1
8440,473,279541,1
8441,473,283753,0
8444,473,283673,1
8445,473,283795,0
8448,473,283820,1
8450,473,279539,1
8451,473,283716,0
8452,473,284343,0
8455,474,277300,0
8456,474,276513,0
8457,474,276833,1
8458,474,277725,0
8459,474,277302,0
8460,474,276894,1
8461,474,277136,0
8462,474,277786,0
8463,474,277298,2
8464,474,277046,1
8465,474,277116,0
8466,474,277174,0
8467,474,277869,0
8468,474,277802,0
8469,474,276910,1
8470,474,277127,0
8471,474,277185,0
8472,474,277301,0
8473,474,276915,1
8474,474,277161,0
8475,474,277808,0
8476,474,277212,1
8477,474,276512,0
8478,474,278004,0
8479,474,277864,0
8480,474,277040,1
8481,474,277169,0
8482,474,277299,0
8483,474,276880,1
8484,474,277144,0
8485,474,277194,0
8486,474,277768,0
8488,475,278298,0
8489,475,278037,1
8490,475,278349,0
8491,475,278300,0
8492,475,278098,1
8493,475,278410,0
8494,475,278296,2
8495,475,277086,1
8496,475,278181,0
8497,475,278493,0
8499,475,278114,1
8500,475,277056,0
8501,475,278426,0
8502,475,278299,0
8503,475,277081,1
8504,475,278120,0
8505,475,278432,0
8506,475,278316,0
8507,475,277065,1
8508,475,278628,0
8509,475,278488,0
8510,475,278176,1
8511,475,278297,0
8512,475,278080,1
8513,475,278392,0
8514,476,277674,0
8515,476,277413,1
8516,476,277676,0
8517,476,277474,1
8518,476,277672,2
8519,476,277557,1
8520,476,277490,1
8521,476,277675,0
8522,476,277496,1
8523,476,277692,1
8524,476,279143,0
8525,476,277552,1
8526,476,277673,0
8527,476,277456,1
8560,478,270899,0
8561,478,274230,1
8562,478,270897,0
8563,478,273855,1
8564,478,270901,2
8565,478,271262,0
8566,478,273875,1
8567,478,274239,0
8568,478,271629,1
8569,478,274257,0
8570,478,270898,0
8571,478,273858,1
8572,478,274309,0
8573,478,271536,1
8574,478,274248,0
8575,478,271543,1
8576,478,270900,0
8577,478,273859,1
8578,477,272202,0
8579,477,272154,1
8581,477,272200,2
8582,477,273918,1
8583,477,272246,1
8584,477,272203,0
8585,477,273911,1
8586,477,274299,0
8587,477,272045,1
8588,477,273904,1
8589,477,272053,0
8590,477,272201,0
8591,477,273913,1
8593,479,271777,0
8594,479,273928,1
8595,479,271781,2
8596,479,273949,1
8598,479,272002,1
8601,479,271778,0
8602,479,273942,1
8603,479,271932,1
8604,479,271939,1
8605,479,271780,0
8606,479,271298,0
8607,479,273944,1
8690,487,280197,0
8691,487,279660,0
8692,487,279667,0
8693,487,279670,1
8694,487,280128,0
8695,487,280183,0
8696,487,283028,0
8697,487,283029,0
8698,487,283487,0
8699,487,283509,0
8700,487,283889,0
8701,487,283911,0
8702,487,284330,0
8705,487,280188,0
8706,487,279657,0
8707,487,279662,0
8708,487,279664,1
8709,487,280126,0
8710,487,280194,0
8711,487,283130,0
8712,487,283131,0
8713,487,283565,0
8714,487,283651,0
8715,487,283967,0
8716,487,284053,0
8717,487,284328,0
8721,487,283152,1
8722,487,283153,0
8723,487,283468,0
8724,487,283609,0
8725,487,283870,0
8726,487,284011,0
8727,487,284302,0
8729,487,280198,0
8730,487,279656,0
8731,487,279661,0
8732,487,279671,1
8733,487,280125,0
8734,487,280193,0
8735,487,283096,0
8736,487,283530,0
8737,487,283932,0
8738,487,284287,0
8741,487,282986,0
8742,487,282987,0
8743,487,282988,0
8744,487,283075,1
8745,487,283469,0
8746,487,283510,0
8747,487,283549,0
8748,487,283610,0
8749,487,283871,0
8750,487,283912,0
8751,487,283951,0
8752,487,284012,0
8757,487,282965,0
8758,487,283063,1
8759,487,283064,0
8760,487,283065,0
8761,487,283506,0
8762,487,283519,0
8763,487,283529,0
8764,487,283564,0
8765,487,283908,0
8766,487,283921,0
8767,487,283931,0
8768,487,283966,0
8769,487,284317,0
8773,487,280180,0
8774,487,279659,0
8775,487,279666,0
8776,487,279669,1
8777,487,280127,0
8778,487,280157,0
8779,487,282956,0
8780,487,283025,0
8781,487,283026,0
8782,487,283486,0
8783,487,283888,0
8784,487,284361,0
8785,487,284362,0
8789,487,280158,2
8790,487,279658,0
8791,487,279665,0
8792,487,279668,1
8793,487,280098,0
8794,487,280130,0
8795,487,283144,0
8796,487,283145,0
8797,487,283592,0
8798,487,283650,0
8799,487,283994,0
8800,487,284052,0
8801,487,284301,0
8804,488,279908,1
8805,488,279902,0
8806,488,279911,0
8807,488,283286,0
8808,488,283308,0
8809,488,284090,0
8810,488,284112,0
8813,488,279910,1
8814,488,279896,0
8815,488,279905,0
8816,488,283364,0
8817,488,283450,0
8818,488,284168,0
8819,488,284254,0
8823,488,283267,1
8824,488,283408,0
8825,488,284071,0
8826,488,284212,0
8828,488,279909,1
8829,488,279903,0
8830,488,279904,0
8831,488,283329,0
8832,488,284133,0
8835,488,283268,1
8836,488,283309,0
8837,488,283348,0
8838,488,283409,0
8839,488,284072,0
8840,488,284113,0
8841,488,284152,0
8842,488,284213,0
8847,488,283305,1
8848,488,283318,0
8849,488,283328,0
8850,488,283363,0
8851,488,284109,0
8852,488,284122,0
8853,488,284132,0
8854,488,284167,0
8858,488,279907,1
8859,488,279901,0
8860,488,279912,0
8861,488,283285,0
8862,488,284089,0
8863,488,284375,0
8864,488,284376,0
8868,488,279906,3
8869,488,279900,0
8870,488,279919,0
8871,488,283391,0
8872,488,283449,0
8873,488,284195,0
8874,488,284253,0
8877,489,279511,0
8878,489,279517,0
8879,489,279561,1
8880,489,283688,0
8881,489,283710,0
8884,489,279608,0
8885,489,279519,0
8886,489,279559,1
8887,489,283766,0
8888,489,283852,0
8892,489,283669,1
8893,489,283810,0
8895,489,279512,0
8896,489,279518,0
8897,489,279558,1
8898,489,283731,0
8901,489,283670,0
8902,489,283711,1
8903,489,283750,0
8904,489,283811,0
8909,489,283707,0
8910,489,283720,1
8911,489,283730,0
8912,489,283765,0
8916,489,279514,0
8917,489,279534,0
8918,489,279560,1
8919,489,283687,0
8920,489,284347,0
8921,489,284348,0
8925,489,279535,2
8926,489,279563,1
8927,489,279584,0
8928,489,283793,0
8929,489,283851,0
8933,490,277275,0
8934,490,276507,0
8935,490,276908,1
8936,490,277280,0
8937,490,277285,0
8938,490,277804,0
8939,490,277277,0
8940,490,277012,1
8941,490,277108,0
8942,490,277140,0
8943,490,277282,0
8944,490,277287,0
8945,490,277840,0
8946,490,277927,0
8947,490,277273,2
8948,490,276842,1
8949,490,277048,0
8950,490,277113,0
8951,490,277177,0
8952,490,277278,0
8953,490,277283,0
8954,490,277740,0
8955,490,277882,0
8956,490,277206,0
8957,490,276887,0
8958,490,277124,1
8959,490,277188,0
8960,490,277783,0
8961,490,278017,0
8962,490,277276,0
8963,490,276998,1
8964,490,277018,0
8965,490,277156,0
8966,490,277281,0
8967,490,277286,0
8968,490,277824,0
8969,490,277848,0
8970,490,277797,0
8971,490,276506,0
8972,490,276898,0
8973,490,277209,1
8974,490,278012,0
8975,490,276857,0
8976,490,277014,1
8977,490,277166,0
8978,490,277756,0
8979,490,277839,0
8980,490,277274,0
8981,490,276890,1
8982,490,276992,0
8983,490,277149,0
8984,490,277199,0
8985,490,277279,0
8986,490,277284,0
8987,490,277784,0
8988,490,277823,0
8989,491,278273,0
8990,491,278116,1
8991,491,278278,0
8992,491,278283,0
8993,491,278428,0
8994,491,278275,0
8995,491,278152,1
8996,491,278239,0
8997,491,278280,0
8998,491,278285,0
8999,491,278464,0
9000,491,278551,0
9001,491,278271,2
9002,491,277089,1
9003,491,278052,0
9004,491,278194,0
9005,491,278276,0
9006,491,278281,0
9007,491,278364,0
9008,491,278506,0
9009,491,278329,0
9010,491,277059,0
9011,491,278095,1
9012,491,278407,0
9013,491,278641,0
9014,491,278274,0
9015,491,277077,1
9016,491,278136,0
9017,491,278160,0
9018,491,278279,0
9019,491,278284,0
9020,491,278448,0
9021,491,278472,0
9022,491,277068,1
9023,491,278109,0
9024,491,278324,0
9025,491,278421,0
9026,491,278636,0
9027,491,278380,0
9028,491,278068,1
9029,491,278151,0
9030,491,278463,0
9032,491,278272,0
9033,491,278096,1
9034,491,278135,0
9035,491,278277,0
9036,491,278282,0
9037,491,278408,0
9038,491,278447,0
9039,492,277649,0
9040,492,277492,1
9041,492,277654,0
9042,492,277659,0
9043,492,277651,0
9044,492,277528,1
9045,492,277615,0
9046,492,277656,0
9047,492,277661,0
9048,492,277647,2
9049,492,277428,1
9050,492,277570,0
9051,492,277652,0
9052,492,277657,0
9053,492,277705,0
9054,492,277471,1
9055,492,277650,0
9056,492,277512,1
9057,492,277536,0
9058,492,277655,0
9059,492,277660,0
9060,492,277485,1
9061,492,277700,0
9062,492,279138,0
9063,492,277444,1
9064,492,277527,0
9065,492,277648,0
9066,492,277472,1
9067,492,277511,0
9068,492,277653,0
9069,492,277658,0
9116,493,270939,0
9117,493,270919,0
9118,493,270944,0
9119,493,271611,1
9120,493,274235,0
9121,493,274318,0
9122,493,270937,0
9123,493,270917,0
9125,493,270941,2
9126,493,270921,0
9127,493,270946,0
9128,493,271539,1
9129,493,272390,0
9130,493,274242,0
9131,493,271632,1
9132,493,274260,0
9133,493,270938,0
9134,493,270918,0
9136,493,271619,1
9137,493,274251,0
9138,493,271565,1
9139,493,271568,0
9140,493,270940,0
9141,493,270920,0
9142,493,270945,0
9143,493,271556,1
9144,493,272391,0
9145,494,272177,0
9146,494,272182,0
9147,494,272187,0
9148,494,272227,1
9149,494,273907,0
9150,494,274308,0
9151,494,272179,0
9152,494,272159,1
9153,494,272184,0
9154,494,272189,0
9155,494,272175,2
9156,494,272052,1
9157,494,272180,0
9158,494,272185,0
9159,494,273909,0
9160,494,272143,1
9161,494,272146,0
9162,494,272250,0
9163,494,272178,0
9164,494,272122,1
9165,494,272183,0
9166,494,272188,0
9167,494,272113,1
9168,494,272234,0
9169,494,272132,1
9173,494,272176,0
9174,494,272069,1
9175,494,272181,0
9176,494,272186,0
9177,495,271819,0
9178,495,271799,0
9179,495,271824,0
9180,495,271984,1
9181,495,271817,0
9182,495,271797,0
9184,495,271821,2
9185,495,269494,0
9186,495,271801,0
9187,495,271826,0
9188,495,271935,1
9189,495,272005,1
9190,495,271818,0
9191,495,271798,0
9193,495,271992,1
9194,495,271961,1
9195,495,271964,0
9196,495,271820,0
9197,495,269495,0
9198,495,271800,0
9199,495,271825,0
9200,495,271952,1
9330,506,279674,0
9331,506,279680,1
9332,506,279688,0
9333,506,280085,0
9334,506,280139,0
9335,506,280185,0
9336,506,283073,0
9337,506,283074,0
9338,506,283508,0
9339,506,283561,0
9340,506,283910,0
9341,506,283963,0
9342,506,284332,0
9345,506,280174,0
9346,506,279676,0
9347,506,279678,0
9348,506,279683,1
9349,506,280097,0
9350,506,280187,0
9351,506,283102,0
9352,506,283112,0
9353,506,283569,0
9354,506,283648,0
9355,506,283971,0
9356,506,284050,0
9361,506,283095,1
9362,506,283647,0
9363,506,284049,0
9364,506,280086,0
9365,506,279675,0
9366,506,279677,0
9367,506,279681,1
9368,506,280138,0
9369,506,280186,0
9370,506,283154,0
9371,506,283606,0
9372,506,284008,0
9376,506,283502,0
9377,506,283904,0
9379,506,282978,1
9380,506,283098,0
9381,506,283532,0
9382,506,283590,0
9383,506,283934,0
9384,506,283992,0
9385,506,284319,0
9387,506,280084,0
9388,506,279673,0
9389,506,279679,1
9390,506,279687,0
9391,506,280088,0
9392,506,280176,0
9393,506,283034,0
9394,506,283058,0
9395,506,283490,0
9396,506,283892,0
9397,506,284358,0
9400,506,280173,2
9401,506,279672,0
9402,506,279682,1
9403,506,279686,0
9404,506,280087,0
9405,506,280175,0
9406,506,283037,0
9407,506,283134,0
9408,506,283489,0
9409,506,283570,0
9410,506,283891,0
9411,506,283972,0
9412,506,284294,0
9415,507,279916,0
9416,507,279921,0
9417,507,279925,1
9418,507,283307,0
9419,507,283360,0
9420,507,284111,0
9421,507,284164,0
9424,507,279913,0
9425,507,279918,0
9426,507,279927,1
9427,507,283368,0
9428,507,283447,0
9429,507,284172,0
9430,507,284251,0
9434,507,283446,1
9435,507,284250,0
9436,507,279922,0
9437,507,279917,0
9438,507,279926,1
9439,507,283405,0
9440,507,284209,0
9443,507,283301,1
9444,507,284105,0
9446,507,283331,1
9447,507,283389,0
9448,507,284135,0
9449,507,284193,0
9451,507,279920,0
9452,507,279915,0
9453,507,279924,1
9454,507,283289,0
9455,507,284093,0
9456,507,284372,0
9459,507,279923,2
9460,507,279914,0
9461,507,279928,1
9462,507,283288,0
9463,507,283369,0
9464,507,284092,0
9465,507,284173,0
9468,508,279597,0
9469,508,279601,0
9470,508,279605,1
9471,508,283709,0
9472,508,283762,0
9475,508,279594,0
9476,508,279583,0
9477,508,279607,1
9478,508,283770,0
9479,508,283849,0
9483,508,283848,1
9484,508,279602,0
9485,508,279582,0
9486,508,279606,1
9487,508,283807,0
9490,508,283703,1
9492,508,283733,1
9493,508,283791,0
9495,508,279600,0
9496,508,279596,0
9497,508,279604,1
9498,508,283691,0
9499,508,284344,0
9502,508,279593,2
9503,508,279595,0
9504,508,279603,1
9505,508,283690,0
9506,508,283771,0
9527,510,277264,0
9528,510,276517,0
9529,510,276900,1
9530,510,277260,0
9531,510,277270,0
9532,510,277794,0
9533,510,277267,0
9534,510,277101,0
9535,510,277104,0
9536,510,277133,1
9537,510,277262,0
9538,510,277272,0
9539,510,277923,0
9540,510,277924,0
9541,510,277266,0
9542,510,276874,1
9543,510,277117,0
9544,510,277173,0
9545,510,277258,0
9546,510,277268,0
9547,510,277767,0
9548,510,277203,0
9549,510,277128,1
9550,510,277184,0
9551,510,278014,0
9552,510,277265,0
9553,510,276861,1
9554,510,277160,0
9555,510,277261,0
9556,510,277271,0
9557,510,277753,0
9558,510,277821,0
9559,510,276516,0
9560,510,276995,1
9561,510,277028,0
9562,510,277856,0
9563,510,277738,0
9564,510,276840,1
9565,510,277170,0
9566,510,277263,0
9567,510,277001,1
9568,510,277050,0
9569,510,277143,0
9570,510,277259,0
9571,510,277269,0
9572,510,277825,0
9573,510,277880,0
9574,511,278262,0
9575,511,278106,1
9576,511,278258,0
9577,511,278268,0
9578,511,278418,0
9579,511,278265,0
9580,511,278235,1
9581,511,278236,0
9582,511,278260,0
9583,511,278270,0
9584,511,278547,0
9585,511,278548,0
9586,511,278264,0
9587,511,278079,1
9588,511,278256,0
9589,511,278266,0
9590,511,278391,0
9591,511,278326,0
9592,511,277055,1
9593,511,278638,0
9594,511,278263,0
9595,511,278065,1
9596,511,278259,0
9597,511,278269,0
9598,511,278377,0
9599,511,278445,0
9600,511,278133,0
9601,511,278168,1
9602,511,278480,0
9604,511,278362,0
9605,511,278050,1
9606,511,278261,0
9607,511,278137,1
9608,511,278192,0
9609,511,278257,0
9610,511,278267,0
9611,511,278449,0
9612,511,278504,0
9613,512,277638,0
9614,512,277482,1
9615,512,277634,0
9616,512,277644,0
9617,512,277641,0
9618,512,277611,1
9619,512,277612,0
9620,512,277636,0
9621,512,277646,0
9622,512,277640,2
9623,512,277455,1
9624,512,277632,0
9625,512,277642,0
9626,512,277702,1
9627,512,277639,0
9628,512,277441,1
9629,512,277635,0
9630,512,277645,0
9631,512,277509,1
9632,512,277544,0
9633,512,279137,0
9634,512,277426,1
9635,512,277637,0
9636,512,277513,1
9637,512,277568,0
9638,512,277633,0
9639,512,277643,0
9641,513,270984,0
9642,513,270994,0
9644,513,270982,0
9645,513,270996,0
9646,513,270990,2
9647,513,270986,0
9648,513,270992,0
9649,513,274238,1
9650,513,271628,1
9652,513,270983,0
9653,513,270995,0
9654,513,271586,1
9655,513,271562,1
9656,513,270987,0
9657,513,270985,0
9658,513,270993,0
9659,513,271301,0
9660,513,271302,0
9661,513,271540,1
9662,513,271554,0
9663,514,272166,0
9664,514,272120,1
9665,514,272162,0
9666,514,272172,0
9667,514,272169,0
9668,514,272124,1
9669,514,272164,0
9670,514,272174,0
9671,514,272168,2
9672,514,272144,1
9673,514,272160,0
9674,514,272170,0
9675,514,272111,1
9676,514,272247,0
9677,514,272167,0
9678,514,272106,1
9679,514,272158,0
9680,514,272163,0
9681,514,272173,0
9682,514,272151,1
9683,514,272077,0
9684,514,272141,1
9686,514,272165,0
9687,514,272050,1
9688,514,272062,0
9689,514,272161,0
9690,514,272171,0
9691,515,271868,0
9692,515,271864,0
9693,515,271874,0
9694,515,271871,0
9695,515,271862,0
9696,515,271876,0
9697,515,271870,2
9698,515,271866,0
9699,515,271872,0
9700,515,272001,1
9701,515,271869,0
9702,515,271863,0
9703,515,271875,0
9704,515,271971,1
9705,515,271958,1
9706,515,271867,0
9707,515,271323,0
9708,515,271865,0
9709,515,271873,0
9710,515,271936,1
9711,515,271950,0
9805,523,280108,0
9806,523,279693,1
9807,523,282971,0
9808,523,283090,0
9809,523,283463,0
9810,523,283644,0
9811,523,283865,0
9812,523,284046,0
9815,523,280191,0
9816,523,279685,1
9817,523,283016,0
9818,523,283056,0
9819,523,283500,0
9820,523,283575,0
9821,523,283902,0
9822,523,283977,0
9823,523,284323,0
9827,523,283087,1
9828,523,283540,0
9829,523,283942,0
9830,523,284307,0
9831,523,280189,0
9834,523,283014,1
9835,523,283558,0
9836,523,283960,0
9838,523,283048,1
9839,523,283050,0
9840,523,283497,0
9841,523,283602,0
9842,523,283899,0
9843,523,284004,0
9844,523,284315,0
9846,523,280107,0
9847,523,279692,1
9848,523,283053,0
9849,523,283157,0
9850,523,283617,0
9851,523,284019,0
9852,523,284353,0
9855,523,280190,2
9856,523,279684,1
9857,523,283010,0
9858,523,283011,0
9859,523,283479,0
9860,523,283603,0
9861,523,283881,0
9862,523,284005,0
9863,523,284299,0
9866,524,279930,1
9867,524,283262,0
9868,524,283443,0
9869,524,284066,0
9870,524,284247,0
9873,524,279933,1
9874,524,283299,0
9875,524,283374,0
9876,524,284103,0
9877,524,284178,0
9881,524,283339,1
9882,524,284143,0
9885,524,283357,1
9886,524,284161,0
9888,524,283296,1
9889,524,283401,0
9890,524,284100,0
9891,524,284205,0
9893,524,279929,1
9894,524,283416,0
9895,524,284220,0
9896,524,284367,0
9899,524,279932,3
9900,524,283278,0
9901,524,283402,0
9902,524,284082,0
9903,524,284206,0
9906,525,279616,1
9907,525,283664,0
9908,525,283845,0
9911,525,279611,1
9912,525,283701,0
9913,525,283776,0
9917,525,283741,1
9920,525,283759,1
9922,525,283698,1
9923,525,283803,0
9925,525,279615,1
9926,525,283818,0
9927,525,284339,0
9930,525,279610,3
9931,525,283680,0
9932,525,283804,0
9935,526,277254,0
9936,526,276521,0
9937,526,276858,1
9938,526,277749,0
9939,526,277257,0
9940,526,276996,1
9941,526,277100,0
9942,526,277132,0
9943,526,277138,0
9944,526,277818,0
9945,526,277918,0
9946,526,277200,1
9947,526,277129,0
9948,526,278006,0
9949,526,277255,0
9950,526,277049,1
9951,526,277159,0
9952,526,277876,0
9953,526,277854,0
9954,526,276520,1
9955,526,276899,0
9956,526,277029,0
9957,526,277790,0
9958,526,277775,0
9959,526,276884,1
9960,526,277172,0
9961,526,277253,0
9962,526,276845,1
9963,526,276883,0
9964,526,277142,0
9965,526,277192,0
9966,526,277732,0
9967,526,277777,0
9968,526,277256,0
9969,526,276905,1
9970,526,277120,0
9971,526,277800,0
9972,527,278252,0
9973,527,278061,1
9974,527,278373,0
9975,527,278255,0
9976,527,278130,1
9977,527,278230,0
9978,527,278442,0
9979,527,278542,0
9980,527,278318,0
9981,527,277054,1
9982,527,278630,0
9984,527,278253,0
9985,527,278188,1
9986,527,278500,0
9987,527,278478,0
9988,527,278102,0
9989,527,278166,1
9990,527,278414,0
9991,527,278399,0
9992,527,278087,1
9993,527,278251,0
9994,527,278044,1
9995,527,278089,0
9996,527,278356,0
9997,527,278401,0
9998,527,278254,0
9999,527,277093,1
10000,527,278112,0
10001,527,278424,0
10002,528,277628,0
10003,528,277437,1
10004,528,277631,0
10005,528,277506,1
10006,528,277606,0
10007,528,277694,1
10008,528,277629,0
10009,528,277564,1
10010,528,277542,1
10011,528,277478,0
10012,528,279142,0
10013,528,277463,1
10014,528,277627,0
10015,528,277420,1
10016,528,277465,0
10017,528,277630,2
10018,528,277488,1
10020,529,270972,0
10021,529,273872,1
10022,529,271626,1
10023,529,271627,0
10024,529,271637,1
10025,529,270974,0
10027,529,271546,1
10028,529,274245,0
10029,529,271560,0
10030,529,271549,1
10032,529,271605,0
10033,529,270973,0
10034,529,271623,1
10035,529,274237,0
10036,530,272101,0
10037,530,272156,1
10038,530,272104,0
10039,530,273915,1
10040,530,272149,1
10041,530,272243,0
10042,530,272245,0
10043,530,272102,0
10044,530,272241,1
10045,530,272057,1
10046,530,272056,1
10048,530,272100,0
10049,530,273902,1
10050,530,272103,2
10051,530,272119,1
10053,531,271852,0
10054,531,273946,1
10055,531,271999,1
10056,531,272000,0
10057,531,271854,2
10058,531,272010,1
10059,531,271942,1
10060,531,271956,0
10061,531,271945,1
10062,531,271856,0
10063,531,269088,1
10064,531,271853,0
10065,531,269087,1
10192,539,280192,0
10193,539,279689,0
10194,539,283117,0
10195,539,283118,0
10196,539,283553,0
10197,539,283636,0
10198,539,283955,0
10199,539,284038,0
10200,539,284335,1
10203,539,280106,0
10204,539,279691,0
10205,539,283039,0
10206,539,283040,0
10207,539,283492,0
10208,539,283637,0
10209,539,283894,0
10210,539,284039,0
10211,539,284326,1
10214,539,280109,2
10215,539,279699,0
10216,539,283149,0
10217,539,283150,0
10218,539,283597,0
10219,539,283635,0
10220,539,283999,0
10221,539,284037,0
10222,539,284298,1
10226,539,283080,1
10227,539,283081,0
10228,539,283516,0
10229,539,283596,0
10230,539,283918,0
10231,539,283998,0
10232,539,284305,0
10234,539,280105,0
10235,539,279690,0
10236,539,283041,0
10237,539,283491,0
10238,539,283893,0
10239,539,284285,1
10242,539,282953,1
10243,539,282954,0
10244,539,283534,0
10245,539,283571,0
10246,539,283936,0
10247,539,283973,0
10250,539,283082,1
10251,539,283084,0
10252,539,283517,0
10253,539,283620,0
10254,539,283919,0
10255,539,284022,0
10256,539,284318,0
10258,539,280110,0
10259,539,279700,1
10260,539,282996,0
10261,539,282997,0
10262,539,283473,0
10263,539,283875,0
10264,539,284359,0
10267,540,279934,1
10268,540,283352,0
10269,540,283435,0
10270,540,284156,0
10271,540,284239,0
10274,540,279936,1
10275,540,283291,0
10276,540,283436,0
10277,540,284095,0
10278,540,284240,0
10281,540,279937,3
10282,540,283396,0
10283,540,283434,0
10284,540,284200,0
10285,540,284238,0
10289,540,283315,1
10290,540,283395,0
10291,540,284119,0
10292,540,284199,0
10294,540,279935,1
10295,540,283290,0
10296,540,284094,0
10299,540,283333,1
10300,540,283370,0
10301,540,284137,0
10302,540,284174,0
10306,540,283316,1
10307,540,283419,0
10308,540,284120,0
10309,540,284223,0
10311,540,279938,1
10312,540,283272,0
10313,540,284076,0
10314,540,284373,0
10317,541,279612,1
10318,541,283754,0
10319,541,283837,0
10322,541,279614,1
10323,541,283693,0
10324,541,283838,0
10327,541,279617,3
10328,541,283798,0
10329,541,283836,0
10333,541,283717,1
10334,541,283797,0
10336,541,279613,1
10337,541,283692,0
10340,541,283735,1
10341,541,283772,0
10344,541,283718,1
10345,541,283821,0
10347,541,279618,1
10348,541,283674,0
10349,541,284345,0
10352,542,277250,0
10353,542,276515,0
10354,542,276868,1
10355,542,277762,0
10356,542,277252,0
10357,542,276834,1
10358,542,277131,0
10359,542,277727,0
10360,542,277248,0
10361,542,276917,1
10362,542,277118,0
10363,542,277175,0
10364,542,277810,0
10365,542,277204,1
10366,542,277125,0
10367,542,277187,0
10368,542,278015,0
10369,542,277251,0
10370,542,276837,1
10371,542,277163,0
10372,542,277726,0
10373,542,277770,0
10374,542,276514,1
10375,542,276876,0
10376,542,277769,0
10377,542,276879,1
10378,542,277002,0
10379,542,277167,0
10380,542,277826,0
10381,542,277249,0
10382,542,277005,1
10383,542,277145,0
10384,542,277195,0
10385,542,277827,0
10386,543,277624,0
10387,543,277450,1
10388,543,277626,0
10389,543,277415,1
10390,543,277622,2
10391,543,277498,1
10392,543,277703,1
10393,543,277625,0
10394,543,277414,1
10395,543,277458,1
10396,543,279135,0
10397,543,277457,1
10398,543,277514,0
10399,543,277623,0
10400,543,277515,1
10401,544,278248,0
10402,544,278074,1
10403,544,278386,0
10404,544,278250,0
10405,544,278039,1
10406,544,278351,0
10407,544,278246,0
10408,544,277087,1
10409,544,278122,0
10410,544,278434,0
10411,544,278327,0
10412,544,277058,1
10413,544,278639,0
10414,544,278249,0
10415,544,277079,1
10416,544,278038,0
10417,544,278350,0
10418,544,278394,0
10419,544,277067,0
10420,544,278082,1
10422,544,278393,0
10423,544,278081,1
10424,544,278138,0
10425,544,278450,0
10426,544,278247,0
10427,544,278139,1
10428,544,278451,0
10429,545,270894,0
10430,545,271600,1
10431,545,274232,0
10432,545,270892,0
10433,545,271580,1
10434,545,270896,2
10435,545,271304,0
10436,545,271615,1
10437,545,272557,0
10438,545,274240,0
10439,545,271631,0
10440,545,273857,1
10441,545,274259,0
10442,545,270893,0
10443,545,273849,1
10444,545,271588,1
10445,545,274250,0
10446,545,271566,1
10447,545,270895,0
10448,545,271305,0
10449,545,271553,1
10453,546,271772,0
10454,546,271969,1
10455,546,272072,0
10456,546,271776,2
10457,546,271988,1
10458,546,272229,0
10459,546,272555,0
10460,546,272556,0
10461,546,272004,1
10462,546,272248,0
10463,546,273919,0
10464,546,273950,0
10465,546,271773,0
10466,546,271909,1
10467,546,273891,0
10468,546,273922,0
10469,546,271886,1
10470,546,271973,0
10471,546,272078,0
10472,546,271877,1
10473,546,271962,0
10474,546,272090,0
10475,546,271775,0
10476,546,271296,0
10477,546,271949,1
10478,546,272063,0
10479,546,272559,0
10480,547,272097,0
10481,547,273908,1
10483,547,272095,2
10484,547,273900,1
10487,547,272098,0
10488,547,272135,1
10489,547,272115,1
10490,547,272107,1
10491,547,272096,0
10492,547,272558,1
10493,298,179144,0
10494,298,179147,0
10495,298,179143,0
10496,298,179146,0
10498,298,179145,0
10609,557,279710,0
10610,557,279696,1
10611,557,279707,0
10612,557,279714,0
10613,557,280131,0
10614,557,280150,0
10615,557,280156,0
10616,557,280170,0
10617,557,282950,0
10618,557,283452,0
10619,557,283854,0
10621,557,279705,0
10622,557,279698,1
10623,557,279701,0
10624,557,279716,0
10625,557,280115,0
10626,557,280121,0
10627,557,280153,0
10628,557,280196,0
10629,557,283111,0
10630,557,283483,0
10631,557,283885,0
10632,557,284324,0
10634,557,279704,0
10635,557,279702,1
10636,557,279709,0
10637,557,279712,0
10638,557,280114,0
10639,557,280152,2
10640,557,280154,0
10641,557,280164,0
10642,557,283135,0
10643,557,283628,0
10644,557,284030,0
10647,557,283094,0
10648,557,283115,1
10649,557,283527,0
10650,557,283633,0
10651,557,283929,0
10652,557,284035,0
10653,557,284306,0
10655,557,280151,0
10656,557,279697,1
10657,557,279703,0
10658,557,279708,0
10659,557,279715,0
10660,557,280113,0
10661,557,280132,0
10662,557,280142,0
10663,557,284289,0
10664,557,284291,0
10666,557,282980,0
10667,557,282981,0
10668,557,282994,1
10669,557,283465,0
10670,557,283514,0
10671,557,283589,0
10672,557,283867,0
10673,557,283916,0
10674,557,283991,0
10678,557,282977,0
10679,557,282979,0
10680,557,283100,1
10681,557,283466,0
10682,557,283546,0
10683,557,283595,0
10684,557,283868,0
10685,557,283948,0
10686,557,283997,0
10687,557,284313,0
10690,557,280149,0
10691,557,279695,1
10692,557,279706,0
10693,557,279713,0
10694,557,279717,0
10695,557,280155,0
10696,557,280165,0
10697,557,280169,0
10698,557,283057,0
10699,557,283059,0
10700,557,283503,0
10701,557,283605,0
10702,557,283905,0
10703,557,284007,0
10752,559,279545,1
10753,559,279527,0
10754,559,279533,0
10755,559,279575,0
10756,559,283653,0
10758,559,279548,1
10759,559,279510,0
10760,559,279530,0
10761,559,279554,0
10762,559,283684,0
10764,559,279547,3
10765,559,279529,0
10766,559,279531,0
10767,559,279573,0
10768,559,283829,0
10771,559,283728,1
10772,559,283834,0
10775,559,279513,0
10776,559,279528,0
10777,559,279576,0
10779,559,283666,1
10780,559,283715,0
10781,559,283790,0
10785,559,283667,1
10786,559,283747,0
10787,559,283796,0
10790,559,279544,1
10791,559,279526,0
10792,559,279532,0
10793,559,279574,0
10794,559,283704,0
10795,559,283806,0
10840,558,279968,1
10841,558,279860,0
10842,558,279953,0
10843,558,279965,0
10844,558,283251,0
10845,558,284055,0
10847,558,279963,1
10848,558,279854,0
10849,558,279955,0
10850,558,279960,0
10851,558,283282,0
10852,558,284086,0
10854,558,279962,3
10855,558,279858,0
10856,558,279951,0
10857,558,279959,0
10858,558,283427,0
10859,558,284231,0
10862,558,283326,1
10863,558,283432,0
10864,558,284130,0
10865,558,284236,0
10868,558,279861,0
10869,558,279954,0
10870,558,279966,0
10872,558,283264,1
10873,558,283313,0
10874,558,283388,0
10875,558,284068,0
10876,558,284117,0
10877,558,284192,0
10881,558,283265,1
10882,558,283345,0
10883,558,283394,0
10884,558,284069,0
10885,558,284149,0
10886,558,284198,0
10889,558,279967,1
10890,558,279859,0
10891,558,279952,0
10892,558,279964,0
10893,558,283302,0
10894,558,283404,0
10895,558,284106,0
10896,558,284208,0
10900,560,277230,0
10901,560,277239,0
10902,560,277245,0
10903,560,277237,0
10904,560,276859,1
10905,560,277232,0
10906,560,277242,0
10907,560,277247,0
10908,560,277754,0
10909,560,277202,0
10910,560,277039,1
10911,560,277865,0
10912,560,278013,0
10914,560,277235,0
10915,560,277008,1
10916,560,277023,0
10917,560,277231,0
10918,560,277240,0
10919,560,277246,0
10920,560,277837,0
10921,560,277846,0
10922,560,277214,1
10923,560,278010,0
10924,560,276850,1
10925,560,276889,0
10926,560,277743,0
10927,560,277780,0
10928,560,277233,0
10929,560,277019,1
10930,560,277193,0
10931,560,277229,0
10932,560,277238,0
10933,560,277244,0
10934,560,277847,0
10935,560,277236,2
10936,560,276870,1
10937,560,277228,0
10938,560,277241,0
10939,560,277243,0
10940,560,277761,0
10942,561,278207,0
10943,561,278216,0
10944,561,278222,0
10945,561,278214,0
10946,561,278066,1
10947,561,278209,0
10948,561,278219,0
10949,561,278224,0
10950,561,278378,0
10951,561,278325,0
10952,561,278177,1
10953,561,278489,0
10954,561,278637,0
10955,561,278212,0
10956,561,277082,1
10957,561,278149,0
10958,561,278158,0
10959,561,278208,0
10960,561,278217,0
10961,561,278223,0
10962,561,278461,0
10963,561,278470,0
10964,561,278322,0
10965,561,277064,1
10966,561,278634,0
10967,561,278055,1
10968,561,278092,0
10969,561,278367,0
10970,561,278404,0
10971,561,278210,0
10972,561,278159,1
10973,561,278206,0
10974,561,278215,0
10975,561,278221,0
10976,561,278471,0
10977,561,278213,2
10978,561,278073,1
10979,561,278205,0
10980,561,278218,0
10981,561,278220,0
10982,561,278385,0
10984,562,277583,0
10985,562,277592,0
10986,562,277598,0
10988,562,277590,0
10989,562,277442,1
10990,562,277585,0
10991,562,277595,0
10992,562,277600,0
10993,562,277701,0
10994,562,277553,1
10995,562,277588,0
10996,562,277525,1
10997,562,277534,0
10998,562,277584,0
10999,562,277593,0
11000,562,277599,0
11001,562,277698,1
11002,562,277431,1
11003,562,277468,0
11004,562,277586,0
11005,562,277535,1
11006,562,277582,0
11007,562,277591,0
11008,562,277597,0
11009,562,277589,2
11010,562,277449,1
11011,562,277581,0
11012,562,277594,0
11013,562,277596,0
11014,563,270955,0
11015,563,270905,0
11016,563,270909,0
11017,563,270979,0
11018,563,273850,1
11020,563,270902,0
11021,563,270907,0
11022,563,270981,0
11023,563,274256,1
11024,563,270954,0
11025,563,270904,0
11026,563,270908,0
11027,563,270980,0
11028,563,273873,1
11029,563,274316,0
11030,563,271613,1
11031,563,274247,0
11032,563,271564,1
11033,563,270956,0
11034,563,270906,0
11035,563,270910,0
11036,563,270978,0
11037,563,271723,1
11038,563,270953,2
11039,563,270903,0
11040,563,270911,0
11041,563,270977,0
11042,563,271303,0
11043,563,271557,1
11044,564,272031,0
11045,564,272027,0
11046,564,272036,0
11047,564,272042,0
11048,564,273893,1
11049,564,272034,0
11050,564,272029,0
11051,564,272039,0
11052,564,272044,0
11053,564,272130,1
11054,564,272114,1
11055,564,272032,0
11056,564,272028,0
11057,564,272037,0
11058,564,272043,0
11059,564,273916,1
11060,564,274306,1
11061,564,272225,0
11063,564,272030,0
11064,564,272026,0
11065,564,272035,0
11066,564,272041,0
11067,564,272071,1
11068,564,272033,2
11069,564,272025,0
11070,564,272038,0
11071,564,272040,0
11072,564,272068,1
11073,565,271835,0
11074,565,271785,0
11075,565,271789,0
11076,565,271859,0
11077,565,273924,1
11078,565,271832,0
11079,565,271782,0
11080,565,271787,0
11081,565,271861,0
11082,565,271834,0
11083,565,271784,0
11084,565,271788,0
11085,565,271860,0
11086,565,273947,1
11087,565,271986,1
11088,565,271960,1
11089,565,271836,0
11090,565,271786,0
11091,565,271790,0
11092,565,271858,0
11093,565,272014,1
11094,565,271833,2
11095,565,271783,0
11096,565,271791,0
11097,565,271857,0
11098,565,271953,1
11187,572,279722,0
11188,572,279726,0
11189,572,280103,0
11190,572,280137,0
11191,572,283042,0
11192,572,283086,0
11193,572,283494,0
11194,572,283598,0
11195,572,283896,0
11196,572,284000,0
11197,572,284331,1
11198,572,284333,0
11201,572,279711,0
11202,572,279719,0
11203,572,280171,0
11204,572,280184,0
11205,572,282969,0
11206,572,282999,0
11207,572,283459,0
11208,572,283475,0
11209,572,283861,0
11210,572,283877,0
11211,572,284320,1
11214,572,280140,2
11215,572,279720,1
11216,572,279724,0
11217,572,280172,0
11218,572,282958,0
11219,572,283104,0
11220,572,283455,0
11221,572,283615,0
11222,572,283857,0
11223,572,284017,0
11227,572,283002,0
11228,572,283119,0
11229,572,283474,0
11230,572,283556,0
11231,572,283876,0
11232,572,283958,0
11233,572,284303,1
11234,572,284309,0
11236,572,280104,0
11237,572,279718,0
11238,572,279723,0
11239,572,280096,0
11240,572,283141,0
11241,572,283582,0
11242,572,283984,0
11243,572,284290,1
11246,572,282966,1
11247,572,283076,0
11248,572,283457,0
11249,572,283580,0
11250,572,283859,0
11251,572,283982,0
11254,572,282961,0
11255,572,282962,0
11256,572,282963,0
11257,572,283458,0
11258,572,283493,0
11259,572,283537,0
11260,572,283860,0
11261,572,283895,0
11262,572,283939,0
11263,572,284312,1
11266,572,280141,0
11267,572,279721,1
11268,572,279725,0
11269,572,280136,0
11270,572,282955,0
11271,572,283005,0
11272,572,283027,0
11273,572,283456,0
11274,572,283630,0
11275,572,283858,0
11276,572,284032,0
11277,572,284363,0
11281,573,279855,0
11282,573,279869,1
11283,573,283293,0
11284,573,283397,0
11285,573,284097,0
11286,573,284201,0
11289,573,279857,0
11290,573,279871,1
11291,573,283258,0
11292,573,283274,0
11293,573,284062,0
11294,573,284078,0
11297,573,279867,3
11298,573,279862,0
11299,573,283254,0
11300,573,283414,0
11301,573,284058,0
11302,573,284218,0
11306,573,283273,1
11307,573,283355,0
11308,573,284077,0
11309,573,284159,0
11311,573,279870,1
11312,573,279856,0
11313,573,283381,0
11314,573,284185,0
11317,573,283256,0
11318,573,283379,1
11319,573,284060,0
11320,573,284183,0
11323,573,283257,0
11324,573,283292,1
11325,573,283336,0
11326,573,284061,0
11327,573,284096,0
11328,573,284140,0
11331,573,279868,1
11332,573,279863,0
11333,573,283255,0
11334,573,283429,0
11335,573,284059,0
11336,573,284233,0
11337,573,284377,0
11341,574,279581,0
11342,574,279589,1
11343,574,283695,0
11344,574,283799,0
11347,574,279591,1
11348,574,279572,0
11349,574,283660,0
11350,574,283676,0
11353,574,279598,3
11354,574,279592,0
11355,574,283656,0
11356,574,283816,0
11360,574,283675,1
11361,574,283757,0
11363,574,279590,1
11364,574,279571,0
11365,574,283783,0
11368,574,283658,1
11369,574,283781,0
11372,574,283659,0
11373,574,283694,1
11374,574,283738,0
11377,574,279599,1
11378,574,279580,0
11379,574,283657,0
11380,574,283831,0
11381,574,284349,0
11387,575,277225,0
11388,575,276511,0
11389,575,277020,1
11390,575,277220,0
11391,575,277849,0
11392,575,277227,0
11393,575,276877,1
11394,575,277003,0
11395,575,277107,0
11396,575,277139,0
11397,575,277222,0
11398,575,277771,0
11399,575,277830,0
11400,575,277929,0
11409,575,277788,0
11410,575,276895,0
11411,575,277123,0
11412,575,277189,0
11413,575,277207,1
11414,575,278018,0
11416,575,277226,0
11417,575,276853,1
11418,575,277006,0
11419,575,277044,0
11420,575,277155,0
11421,575,277221,0
11422,575,277746,0
11423,575,277829,0
11424,575,277873,0
11425,575,277866,0
11426,575,276510,0
11427,575,277037,0
11428,575,277211,1
11429,575,278021,0
11430,575,277772,0
11431,575,276875,1
11432,575,276919,0
11433,575,277165,0
11434,575,277811,0
11435,575,277224,0
11436,575,277000,1
11437,575,277033,0
11438,575,277146,0
11439,575,277197,0
11440,575,277219,0
11441,575,277828,0
11442,575,277858,0
11444,575,277218,0
11445,576,277578,0
11446,576,277537,1
11447,576,277573,0
11448,576,277580,0
11449,576,277459,1
11450,576,277518,0
11451,576,277575,0
11452,576,277617,0
11453,576,277476,1
11454,576,277706,0
11455,576,277579,0
11456,576,277434,1
11457,576,277517,0
11458,576,277561,0
11459,576,277574,0
11460,576,277709,0
11461,576,277554,1
11462,576,279141,0
11463,576,277460,1
11464,576,277499,0
11465,576,277577,0
11466,576,277516,1
11467,576,277546,0
11468,576,277572,0
11470,576,277571,0
11471,577,278161,1
11472,577,278197,0
11473,577,278202,0
11474,577,278473,0
11475,577,278083,1
11476,577,278142,0
11477,577,278199,0
11478,577,278204,0
11479,577,278241,0
11480,577,278395,0
11481,577,278454,0
11482,577,278553,0
11483,577,277060,1
11484,577,278100,0
11485,577,278330,0
11486,577,278412,0
11487,577,278642,0
11488,577,278203,0
11489,577,277078,1
11490,577,278058,0
11491,577,278141,0
11492,577,278185,0
11493,577,278198,0
11494,577,278370,0
11495,577,278453,0
11496,577,278497,0
11497,577,278178,1
11498,577,277069,0
11499,577,278333,0
11500,577,278490,0
11501,577,278645,0
11502,577,278396,0
11503,577,278084,1
11504,577,278123,0
11505,577,278435,0
11506,577,278201,0
11507,577,278140,1
11508,577,278170,0
11509,577,278196,0
11510,577,278452,0
11511,577,278482,0
11512,577,278200,3
11513,577,278195,0
11514,578,270914,0
11515,578,270934,0
11516,578,271552,1
11517,578,274233,0
11518,578,270912,0
11519,578,270932,0
11520,578,271587,1
11521,578,273846,1
11522,578,271634,0
11523,578,274261,0
11524,578,270913,0
11525,578,270933,0
11526,578,271579,1
11527,578,271603,1
11528,578,274253,0
11529,578,274312,0
11530,578,271602,1
11531,578,274311,0
11532,578,270915,0
11533,578,270935,0
11534,578,272393,0
11535,578,273860,1
11536,578,270916,3
11537,578,270936,0
11538,579,271794,0
11539,579,271814,0
11540,579,271948,1
11541,579,271792,0
11542,579,271812,0
11543,579,271972,1
11544,579,272007,0
11545,579,273921,1
11546,579,271793,0
11547,579,271813,0
11548,579,271968,1
11549,579,271981,1
11550,579,271980,1
11551,579,271795,0
11552,579,271815,0
11553,579,273945,1
11555,579,271816,0
11556,580,272022,0
11557,580,272017,0
11558,580,272064,1
11559,580,272024,0
11560,580,272019,0
11561,580,272079,1
11562,580,272137,0
11564,580,272252,1
11565,580,273890,0
11566,580,272023,0
11567,580,272018,0
11568,580,272046,1
11569,580,272126,1
11570,580,272221,0
11571,580,274302,0
11572,580,273903,1
11573,580,272220,0
11574,580,274301,0
11575,580,272021,0
11576,580,272016,0
11577,580,272145,1
11578,580,273914,0
11580,580,272015,0
11817,588,214481,3
11818,588,214479,1
11819,588,214483,1
11820,588,214537,1
11821,588,214480,1
11822,588,214535,1
11823,588,214533,1
11824,588,214482,1
11825,589,214613,3
11826,589,214611,1
11827,589,214615,1
11828,589,214612,1
11829,589,214655,1
11830,589,214614,1
11831,590,214487,3
11832,590,214484,1
11834,590,214485,1
11835,590,214607,1
11836,590,214486,1
11837,590,214604,1
11838,590,214602,1
11839,590,214488,1
11840,591,214619,3
11841,591,214616,1
11842,591,214617,1
11843,591,214618,1
11844,591,214704,1
11845,591,214620,1
11846,592,214504,3
11847,592,214493,0
11848,592,214499,0
11849,592,214502,1
11850,592,214491,0
11851,592,214497,0
11852,592,214506,1
11853,592,214495,0
11854,592,214501,0
11855,592,214511,1
11856,592,214496,0
11857,592,214503,1
11858,592,214492,0
11859,592,214498,0
11860,592,214510,0
11861,592,214509,1
11862,592,214507,1
11863,592,214508,0
11864,592,214505,1
11865,592,214494,0
11866,592,214500,0
11867,593,214633,3
11868,593,214623,0
11869,593,214628,0
11870,593,214631,1
11871,593,214621,0
11872,593,214626,0
11873,593,214635,1
11874,593,214625,0
11875,593,214630,0
11876,593,214632,1
11877,593,214622,0
11878,593,214627,0
11879,593,214637,0
11880,593,214636,1
11881,593,214634,1
11882,593,214624,0
11883,593,214629,0
11884,594,214514,3
11885,594,214512,1
11886,594,214516,1
11887,594,214521,1
11888,594,214522,0
11889,594,214513,1
11890,594,214519,1
11891,594,214520,0
11892,594,214517,0
11893,594,214518,1
11894,594,214515,1
11895,595,214640,3
11896,595,214638,1
11897,595,214642,1
11898,595,214639,1
11899,595,214643,1
11900,595,214644,0
11901,595,214641,1
11902,596,214552,3
11903,596,214541,0
11904,596,214550,1
11905,596,214539,0
11906,596,214554,1
11907,596,214543,0
11908,596,272815,0
11909,596,214549,0
11910,596,214548,1
11911,596,214551,1
11912,596,214540,0
11913,596,214547,0
11914,596,214546,1
11915,596,214544,1
11916,596,214545,0
11917,596,214553,1
11918,596,214542,0
11919,597,214666,3
11920,597,214659,0
11921,597,214664,1
11922,597,214657,0
11923,597,214668,1
11924,597,214661,0
11925,597,214665,1
11926,597,214658,0
11927,597,214663,0
11928,597,214662,1
11929,597,214667,1
11930,597,214660,0
11931,598,214558,1
11932,598,214555,1
11933,598,214556,3
11934,598,214608,1
11936,598,214557,1
11937,598,214605,1
11938,598,214601,1
11939,598,214559,1
11940,599,214672,1
11941,599,214669,1
11942,599,214670,3
11943,599,214671,1
11944,599,214705,1
11945,599,214673,1
11946,600,214562,1
11947,600,214560,1
11948,600,214564,3
11949,600,214569,1
11950,600,214570,0
11951,600,214561,1
11952,600,214567,1
11953,600,214568,0
11954,600,214565,1
11955,600,214566,0
11956,600,214563,1
11957,601,214676,1
11958,601,214674,1
11959,601,214678,3
11960,601,214675,1
11961,601,214679,1
11962,601,214680,0
11963,601,214677,1
11964,602,214590,1
11965,602,214574,0
11966,602,214582,0
11967,602,214587,1
11968,602,214571,0
11969,602,214579,0
11970,602,214588,3
11971,602,214572,0
11972,602,214580,0
11973,602,214578,1
11974,602,214586,0
11975,602,214589,1
11976,602,214573,0
11977,602,214581,0
11978,602,214577,1
11979,602,214585,0
11980,602,214584,0
11981,602,214576,1
11982,602,214591,1
11983,602,214575,0
11984,602,214583,0
11985,603,214696,1
11986,603,214684,0
11987,603,214690,0
11988,603,214693,1
11989,603,214681,0
11990,603,214687,0
11991,603,214694,3
11992,603,214682,0
11993,603,214688,0
11994,603,214695,1
11995,603,214683,0
11996,603,214689,0
11997,603,214686,1
11998,603,214692,0
11999,603,214697,1
12000,603,214685,0
12001,603,214691,0
12002,604,214594,1
12003,604,214592,1
12004,604,214596,3
12005,604,214538,1
12006,604,214593,1
12007,604,214536,1
12008,604,214534,1
12009,604,214595,1
12010,605,214700,1
12011,605,214698,1
12012,605,214702,3
12013,605,214699,1
12014,605,214656,1
12015,605,214701,1
12016,606,212644,1
12017,606,213954,0
12018,606,212646,1
12019,606,213956,0
12020,606,212642,3
12021,606,213952,0
12022,606,212714,1
12023,606,213898,0
12024,606,212645,1
12025,606,213955,0
12026,606,212711,1
12027,606,213900,0
12028,606,212710,1
12029,606,213902,0
12030,606,212643,1
12031,606,213953,0
12032,607,212828,1
12033,607,212826,1
12034,607,212830,3
12035,607,212827,1
12036,607,212854,1
12037,607,212829,1
12038,608,212703,1
12039,608,213948,0
12040,608,212706,1
12041,608,213951,0
12042,608,212705,3
12043,608,213950,0
12044,608,212750,1
12045,608,213828,0
12046,608,212704,1
12047,608,213949,0
12048,608,212752,1
12049,608,213831,0
12050,608,212751,1
12051,608,213833,0
12052,608,212702,1
12053,608,213947,0
12054,609,212817,1
12055,609,212774,1
12056,609,212775,3
12057,609,212776,1
12058,609,212845,1
12059,609,212818,1
12060,610,212654,1
12061,610,212659,0
12062,610,212664,0
12063,610,213931,0
12064,610,213936,0
12065,610,213942,0
12066,610,212656,1
12067,610,212661,0
12068,610,212666,0
12069,610,213933,0
12070,610,213938,0
12071,610,213944,0
12072,610,212652,3
12073,610,212657,0
12074,610,212662,0
12075,610,213929,0
12076,610,213934,0
12077,610,213940,0
12078,610,212716,1
12079,610,212719,0
12080,610,213924,0
12081,610,213939,0
12082,610,212655,1
12083,610,212660,0
12084,610,212665,0
12085,610,213932,0
12086,610,213937,0
12087,610,213943,0
12088,610,212729,1
12089,610,212717,0
12090,610,213925,0
12091,610,213926,0
12092,610,212718,1
12093,610,212730,0
12094,610,213927,0
12095,610,213928,0
12096,610,212653,1
12097,610,212658,0
12098,610,212663,0
12099,610,213930,0
12100,610,213935,0
12101,610,213941,0
12102,611,212815,1
12103,611,212771,0
12104,611,212807,0
12105,611,212813,1
12106,611,212769,0
12107,611,212805,0
12108,611,212782,3
12109,611,212773,0
12110,611,212809,0
12111,611,212814,1
12112,611,212770,0
12113,611,212806,0
12114,611,212857,1
12115,611,212858,0
12116,611,212816,1
12117,611,212772,0
12118,611,212808,0
12141,613,212793,1
12142,613,212791,1
12143,613,212795,3
12144,613,212792,1
12145,613,212856,1
12146,613,212855,0
12147,613,212794,1
12148,612,212698,1
12149,612,212693,0
12150,612,213904,0
12151,612,213909,0
12152,612,212701,1
12153,612,212696,0
12154,612,213907,0
12155,612,213912,0
12156,612,212700,3
12157,612,212695,0
12158,612,213906,0
12159,612,213911,0
12160,612,212756,1
12161,612,213829,0
12162,612,212699,1
12163,612,212694,0
12164,612,213905,0
12165,612,213910,0
12166,612,212755,1
12167,612,213832,0
12168,612,212754,1
12169,612,213835,0
12170,612,212697,1
12171,612,212692,0
12172,612,213903,0
12173,612,213908,0
12174,614,212822,1
12175,614,212801,0
12176,614,212819,1
12177,614,212824,0
12178,614,212820,3
12179,614,212799,0
12180,614,212821,1
12181,614,212800,0
12182,614,212846,1
12183,614,212823,1
12184,614,212802,0
12185,615,212684,1
12186,615,213921,0
12187,615,212686,1
12188,615,213923,0
12189,615,212682,3
12190,615,213919,0
12191,615,212737,1
12192,615,212735,0
12193,615,213913,0
12194,615,213914,0
12195,615,212685,1
12196,615,213922,0
12197,615,212739,1
12198,615,212736,0
12199,615,213915,0
12200,615,213916,0
12201,615,212738,1
12202,615,212740,0
12203,615,213917,0
12204,615,213918,0
12205,615,212683,1
12206,615,213920,0
12207,616,212639,1
12208,616,212743,0
12209,616,213883,0
12210,616,213894,0
12211,616,212641,1
12212,616,212745,0
12213,616,213885,0
12214,616,213896,0
12215,616,212637,3
12216,616,212741,0
12217,616,213881,0
12218,616,213892,0
12219,616,212707,1
12220,616,212720,0
12221,616,213886,0
12222,616,213887,0
12223,616,212640,1
12224,616,212744,0
12225,616,213884,0
12226,616,213895,0
12227,616,212712,1
12228,616,212721,0
12229,616,213888,0
12230,616,213889,0
12231,616,212722,1
12232,616,212713,0
12233,616,213890,0
12234,616,213891,0
12235,616,212638,1
12236,616,212742,0
12237,616,213882,0
12238,616,213893,0
12239,617,212836,1
12240,617,212766,0
12241,617,212831,1
12242,617,212764,0
12243,617,212838,3
12244,617,212768,0
12245,617,212832,1
12246,617,212765,0
12247,617,212851,1
12248,617,212852,0
12249,617,212837,1
12250,617,212767,0
12251,618,212688,1
12252,618,213877,0
12253,618,212691,1
12254,618,213880,0
12255,618,212690,3
12256,618,213879,0
12257,618,212748,1
12258,618,213827,0
12259,618,212689,1
12260,618,213878,0
12261,618,212749,1
12262,618,213830,0
12263,618,212753,1
12264,618,213834,0
12265,618,212687,1
12266,618,213876,0
12267,619,212811,1
12268,619,212803,1
12269,619,212804,3
12270,619,212810,1
12271,619,212844,1
12272,619,212812,1
12273,620,212649,1
12274,620,213873,0
12275,620,212651,1
12276,620,213875,0
12277,620,212647,3
12278,620,213871,0
12279,620,212727,1
12280,620,212724,0
12281,620,213865,0
12282,620,213866,0
12283,620,212650,1
12284,620,213874,0
12285,620,212725,1
12286,620,212723,0
12287,620,213867,0
12288,620,213868,0
12289,620,212728,1
12290,620,212726,0
12291,620,213869,0
12292,620,213870,0
12293,620,212648,1
12294,620,213872,0
12295,621,212789,1
12296,621,212783,1
12297,621,212825,3
12298,621,212784,1
12299,621,212850,1
12300,621,212849,0
12301,621,212790,1
12302,622,212668,1
12303,622,212673,0
12304,622,212678,0
12305,622,213845,0
12306,622,213853,0
12307,622,213861,0
12312,622,212670,3
12313,622,212675,0
12314,622,212680,0
12315,622,213847,0
12316,622,213855,0
12317,622,213863,0
12322,622,212734,1
12323,622,212731,0
12324,622,213849,0
12325,622,213857,0
12326,622,212669,1
12327,622,212674,0
12328,622,212679,0
12329,622,213846,0
12330,622,213854,0
12331,622,213862,0
12336,622,212746,1
12337,622,212732,0
12338,622,213850,0
12339,622,213858,0
12340,622,212733,1
12341,622,212747,0
12342,622,213851,0
12343,622,213859,0
12344,622,212667,1
12345,622,212672,0
12346,622,212677,0
12347,622,213844,0
12348,622,213852,0
12349,622,213860,0
12368,624,212634,1
12369,624,213841,0
12370,624,212636,1
12371,624,213843,0
12372,624,212632,3
12373,624,213839,0
12374,624,212708,1
12375,624,213897,0
12376,624,212635,1
12377,624,213842,0
12378,624,212709,1
12379,624,213899,0
12380,624,212715,1
12381,624,213901,0
12382,624,212633,1
12383,624,213840,0
12384,625,212841,1
12385,625,212839,1
12386,625,212843,3
12387,625,212840,1
12388,625,212853,1
12389,625,212842,1
12390,626,206943,1
12391,626,206941,3
12392,626,207022,1
12393,626,206944,1
12394,626,207014,1
12395,626,207013,1
12396,626,206942,1
12397,627,209881,1
12398,627,209883,3
12399,627,209880,1
12400,627,209907,1
12401,627,209882,1
12403,628,207002,1
12404,628,207005,1
12405,628,207004,3
12406,628,207106,1
12407,628,207003,1
12408,628,207110,1
12409,628,207114,1
12410,628,207001,1
12411,629,209870,1
12412,629,209827,1
12413,629,209828,3
12414,629,209829,1
12415,629,209898,1
12416,629,209871,1
12417,627,209879,1
12418,626,206945,1
12419,623,212834,1
12420,623,212777,0
12421,623,212785,0
12422,623,212779,0
12423,623,212787,1
12424,623,212796,0
12425,623,212788,3
12426,623,212780,0
12427,623,212797,0
12428,623,212833,1
12429,623,212781,0
12430,623,212798,0
12431,623,212848,1
12432,623,212847,0
12433,623,212835,1
12434,623,212778,0
12435,623,212786,0
12436,622,212671,1
12437,622,212676,0
12438,622,212681,0
12439,622,213848,0
12440,622,213856,0
12441,622,213864,0
12446,630,215593,1
12447,630,215411,0
12448,630,215598,0
12449,630,215629,0
12450,630,215413,0
12451,630,215591,1
12452,630,215600,0
12453,630,215693,0
12454,630,215595,3
12455,630,215409,0
12456,630,215596,0
12457,630,215621,0
12459,630,216728,1
12460,630,215655,0
12461,630,215688,0
12462,630,215715,0
12463,630,215592,1
12464,630,213724,0
12465,630,215412,0
12466,630,215599,0
12467,630,215703,1
12468,630,215647,0
12469,630,215724,1
12470,630,213733,0
12471,630,215708,0
12472,630,215594,1
12473,630,215410,0
12474,630,215597,0
12475,630,215638,0
12502,632,216656,1
12504,632,216657,0
12505,632,216662,0
12510,632,216694,3
12512,632,216695,0
12513,632,216696,0
12514,632,216384,1
12515,632,216307,0
12517,632,216682,1
12518,632,216675,0
12519,632,216689,0
12520,632,216333,1
12523,632,216322,1
12524,632,216637,1
12526,632,216638,0
12527,632,216643,0
12528,633,213415,1
12529,633,213420,0
12530,633,213425,0
12531,633,213417,1
12532,633,213217,0
12533,633,213422,0
12534,633,213427,0
12535,633,213413,3
12536,633,213418,0
12537,633,213423,0
12538,633,213437,0
12539,633,213379,1
12540,633,213416,1
12541,633,213253,0
12542,633,213421,0
12543,633,213426,0
12544,633,213243,1
12545,633,212455,0
12546,633,213385,0
12547,633,213231,1
12548,633,213414,1
12549,633,212446,0
12550,633,213218,0
12551,633,213419,0
12552,633,213424,0
12553,634,213620,1
12554,634,213610,0
12555,634,213615,0
12556,634,213622,1
12557,634,213508,0
12558,634,213612,0
12559,634,213617,0
12560,634,213618,3
12561,634,213532,0
12562,634,213608,0
12563,634,213613,0
12565,634,213621,1
12566,634,213484,0
12567,634,213611,0
12568,634,213616,0
12569,634,213519,1
12571,634,213637,0
12572,634,213496,1
12574,634,213619,1
12575,634,213507,0
12576,634,213609,0
12577,634,213614,0
12578,635,206887,1
12579,635,206539,0
12580,635,206880,0
12581,635,206892,0
12582,635,206889,1
12583,635,206559,0
12584,635,206883,0
12585,635,206894,0
12586,635,206885,3
12587,635,206881,0
12588,635,206890,0
12589,635,208708,0
12590,635,206422,1
12591,635,208704,0
12592,635,206888,1
12593,635,206551,0
12594,635,206812,0
12595,635,206882,0
12596,635,206893,0
12597,635,208697,0
12598,635,211033,0
12599,635,274330,0
12600,635,205866,1
12601,635,206435,0
12602,635,208169,0
12603,635,206402,1
12604,635,206886,1
12605,635,206414,0
12606,635,206884,0
12607,635,206891,0
12608,636,209657,1
12609,636,209548,0
12610,636,209647,0
12611,636,209652,0
12612,636,209659,1
12613,636,209530,0
12614,636,209649,0
12615,636,209654,0
12616,636,209655,3
12617,636,209441,0
12618,636,209645,0
12619,636,209650,0
12620,636,209754,1
12621,636,209479,0
12622,636,209515,0
12623,636,209658,1
12625,636,209538,0
12626,636,209648,0
12627,636,209653,0
12628,636,209762,0
12629,636,209466,1
12630,636,206828,0
12631,636,209498,1
12632,636,209656,1
12633,636,209486,0
12634,636,209646,0
12635,636,209651,0
12636,637,178776,1
12637,637,178736,0
12638,637,178765,0
12639,637,178770,0
12640,637,179631,0
12641,637,179636,0
12642,637,179641,0
12643,637,178778,1
12644,637,178767,0
12645,637,178772,0
12646,637,179633,0
12647,637,179638,0
12648,637,179643,0
12649,637,179670,0
12650,637,178774,3
12651,637,178763,0
12652,637,178768,0
12653,637,179440,0
12654,637,179629,0
12655,637,179634,0
12656,637,179639,0
12657,637,178724,1
12658,637,178777,1
12659,637,178766,0
12660,637,178771,0
12661,637,178945,0
12662,637,179632,0
12663,637,179637,0
12664,637,179642,0
12665,637,178935,1
12666,637,179876,0
12667,637,179917,0
12668,637,178714,1
12669,637,179934,0
12670,637,178775,1
12671,637,178764,0
12672,637,178769,0
12673,637,179465,0
12674,637,179630,0
12675,637,179640,0
12676,638,179125,1
12677,638,178353,0
12678,638,179115,0
12679,638,179120,0
12680,638,179762,0
12681,638,178273,0
12682,638,179117,0
12683,638,179122,0
12684,638,179127,1
12685,638,179680,0
12686,638,179123,3
12687,638,178337,0
12688,638,178902,0
12689,638,179113,0
12690,638,179118,0
12691,638,179708,0
12692,638,178239,1
12693,638,178922,0
12694,638,179774,0
12695,638,179888,0
12696,638,179933,0
12697,638,179126,1
12698,638,178190,0
12699,638,178478,0
12700,638,179116,0
12701,638,179121,0
12702,638,179724,0
12703,638,178223,1
12704,638,178186,0
12705,638,179734,0
12706,638,178249,1
12707,638,179784,0
12708,638,179124,1
12709,638,178277,0
12710,638,178911,0
12711,638,179114,0
12712,638,179119,0
12713,638,179695,0
12714,639,179160,1
12715,639,178600,0
12716,639,179165,0
12717,639,179170,0
12718,639,179158,1
12719,639,178654,0
12720,639,179163,0
12721,639,179168,0
12722,639,179162,3
12723,639,178675,0
12724,639,179167,0
12725,639,179172,0
12726,639,178631,1
12727,639,179159,1
12728,639,179164,0
12729,639,179169,0
12731,639,178618,1
12732,639,178644,1
12733,639,179161,1
12734,639,178658,0
12735,639,179166,0
12736,639,179171,0
12737,640,177362,1
12738,640,176871,0
12739,640,176982,0
12740,640,177087,0
12741,640,177369,0
12742,640,177374,0
12743,640,177395,0
12744,640,177400,0
12745,640,177405,0
12746,640,177425,0
12747,640,177430,0
12748,640,177435,0
12749,640,202275,0
12750,640,202280,0
12751,640,177834,0
12752,640,274176,0
12753,640,177365,1
12754,640,176851,0
12755,640,176890,0
12756,640,177058,0
12757,640,177371,0
12758,640,177372,0
12759,640,177397,0
12760,640,177402,0
12761,640,177403,0
12762,640,177427,0
12763,640,177432,0
12764,640,177433,0
12765,640,177816,0
12766,640,177827,0
12767,640,202285,0
12768,640,177363,1
12769,640,176518,0
12770,640,176523,0
12771,640,176833,0
12772,640,177367,0
12773,640,177376,0
12774,640,177392,0
12775,640,177398,0
12776,640,177407,0
12777,640,177423,0
12778,640,177428,0
12779,640,177437,0
12780,640,177817,2
12781,640,177824,0
12782,640,177833,0
12783,640,274185,0
12784,640,176854,1
12785,640,176377,0
12786,640,176378,0
12787,640,177062,0
12788,640,177364,1
12789,640,176428,0
12790,640,176432,0
12791,640,177370,0
12792,640,177373,0
12793,640,177396,0
12794,640,177401,0
12795,640,177404,0
12796,640,177426,0
12797,640,177431,0
12798,640,177434,0
12799,640,202276,0
12800,640,202281,0
12801,640,177837,0
12802,640,274194,0
12803,640,176815,1
12804,640,176408,0
12805,640,176416,0
12806,640,177366,1
12807,640,176914,0
12808,640,177083,0
12809,640,177368,0
12810,640,177375,0
12811,640,177394,0
12812,640,177399,0
12813,640,177406,0
12814,640,177424,0
12815,640,177429,0
12816,640,177436,0
12817,640,202274,0
12818,640,202279,0
12819,640,202284,0
12820,641,177379,1
12821,641,176872,0
12822,641,177032,0
12823,641,177152,0
12824,641,177384,0
12825,641,177389,0
12826,641,177410,0
12827,641,177415,0
12828,641,177420,0
12829,641,202181,0
12830,641,202182,0
12831,641,202186,0
12832,641,177819,0
12833,641,202286,0
12834,641,274120,0
12835,641,177381,1
12836,641,176889,0
12837,641,177005,0
12838,641,177119,0
12839,641,177386,0
12840,641,177391,0
12841,641,177412,0
12842,641,177413,0
12843,641,177422,0
12844,641,177442,0
12845,641,177443,0
12846,641,177452,0
12847,641,177821,0
12848,641,177832,0
12849,641,202288,0
12850,641,177377,1
12851,641,176613,0
12852,641,176747,0
12853,641,176834,0
12854,641,177382,0
12855,641,177387,0
12856,641,177408,0
12857,641,177417,0
12858,641,177418,0
12859,641,202179,0
12860,641,202184,0
12861,641,177448,0
12862,641,177822,2
12863,641,177829,0
12864,641,177838,0
12865,641,274133,0
12866,641,177123,1
12867,641,176564,0
12868,641,176698,0
12869,641,177009,0
12870,641,202168,1
12871,641,202026,0
12872,641,202033,0
12873,641,202170,0
12874,641,202172,0
12875,641,202174,0
12876,641,202175,0
12877,641,202178,0
12878,641,177441,0
12879,641,177444,0
12880,641,177451,0
12881,641,202278,0
12882,641,177831,0
12883,641,177842,0
12884,641,274142,0
12885,641,177977,1
12886,641,176589,0
12887,641,176723,0
12888,641,177978,0
12889,641,274151,0
12890,641,176816,1
12891,641,176576,0
12892,641,176710,0
12893,641,202167,1
12894,641,202107,0
12895,641,202132,0
12896,641,202169,0
12897,641,202171,0
12898,641,202173,0
12899,641,202176,0
12900,641,202177,0
12901,641,202180,0
12902,641,202183,0
12903,641,202185,0
12904,641,202277,0
12905,641,202282,0
12906,641,202287,0
12907,642,201882,1
12908,642,201883,0
12909,642,175714,0
12910,642,201958,0
12911,642,176284,0
12912,642,176285,0
12913,642,175706,1
12914,642,175712,0
12915,642,201885,0
12916,642,201960,0
12917,642,176289,0
12918,642,176290,0
12919,642,175707,3
12920,642,175713,0
12921,642,175715,0
12922,642,176278,0
12923,642,176283,0
12924,642,176291,0
12925,642,175705,1
12926,642,175711,0
12927,642,201886,0
12928,642,176195,0
12929,642,176286,0
12930,642,176287,0
12931,642,201961,0
12932,642,175703,1
12933,642,175708,0
12934,642,201884,0
12935,642,176280,0
12936,642,201959,0
12937,642,176282,0
12938,643,201944,1
12939,643,201945,0
12940,643,176197,0
12941,643,176189,1
12942,643,176188,0
12943,643,176196,0
12944,643,176183,3
12945,643,176190,0
12946,643,176191,0
12947,643,176187,1
12948,643,176193,0
12949,643,176184,1
12950,643,201943,0
12951,643,176192,0
12952,644,201634,1
12953,644,201638,0
12954,644,172601,0
12955,644,172591,1
12956,644,172597,0
12957,644,172603,0
12958,644,172589,3
12959,644,172593,0
12960,644,172598,0
12961,644,172365,1
12962,644,201635,1
12963,644,201639,0
12964,644,172602,0
12965,644,172329,1
12966,644,172404,1
12968,644,201636,1
12969,644,201637,0
12970,644,172600,0
12971,645,201674,1
12972,645,201675,0
12973,645,173121,0
12974,645,173113,1
12975,645,173118,0
12976,645,173124,0
12977,645,173108,3
12978,645,173114,0
12979,645,173123,0
12980,645,172974,1
12981,645,172922,0
12982,645,173112,1
12983,645,173117,0
12984,645,173122,0
12985,645,172687,1
12986,645,172894,0
12987,645,173258,0
12988,645,172971,1
12989,645,172874,0
12990,645,173109,1
12991,645,173115,0
12992,645,173120,0
13112,649,215551,1
13113,649,215558,0
13114,649,215632,0
13115,649,215555,1
13116,649,215560,0
13117,649,215717,0
13118,649,215552,3
13119,649,215556,0
13120,649,215616,0
13121,649,216730,1
13122,649,215658,0
13123,649,215690,0
13124,649,215554,1
13125,649,213720,0
13126,649,215559,0
13127,649,215644,1
13128,649,215697,0
13129,649,215723,1
13130,649,213729,0
13131,649,215709,0
13132,649,215553,1
13133,649,215557,0
13134,649,215641,0
13155,631,216564,1
13157,631,216565,0
13158,631,216611,1
13159,631,216290,0
13160,631,216610,0
13161,631,216533,3
13163,631,216534,0
13165,631,216368,1
13166,631,216582,1
13167,631,216581,0
13169,631,216349,1
13171,631,216312,1
13172,631,216544,1
13174,631,216545,0
13175,650,216659,1
13176,650,216501,0
13177,650,216660,0
13178,650,216706,1
13179,650,216301,0
13180,650,216705,0
13181,650,216628,3
13182,650,216475,0
13183,650,216629,0
13184,650,216522,0
13185,650,216376,1
13186,650,216677,1
13187,650,216676,0
13188,650,216482,0
13189,650,216356,1
13190,650,216526,0
13191,650,216319,1
13192,650,216639,1
13193,650,216492,0
13194,650,216640,0
13195,651,213181,1
13196,651,213168,0
13197,651,213279,0
13198,651,213178,1
13199,651,213000,0
13200,651,213281,0
13201,651,213182,3
13202,651,213166,0
13203,651,213277,0
13204,651,213238,1
13205,651,213175,0
13206,651,213179,1
13207,651,213165,0
13208,651,213280,0
13209,651,213164,1
13210,651,212451,0
13211,651,213177,0
13212,651,213227,1
13213,651,213180,1
13214,651,212442,0
13215,651,213169,0
13216,651,213278,0
13217,652,213655,1
13218,652,213527,0
13219,652,213648,0
13220,652,213657,1
13221,652,213503,0
13222,652,213652,0
13223,652,213653,3
13224,652,213477,0
13225,652,213649,0
13226,652,213513,1
13227,652,213473,0
13228,652,213656,1
13229,652,213514,0
13230,652,213651,0
13231,652,213492,1
13232,652,213640,0
13233,652,213490,1
13234,652,213654,1
13235,652,213526,0
13236,652,213650,0
13237,653,206900,1
13238,653,206430,0
13239,653,206897,0
13240,653,206903,1
13241,653,206440,0
13242,653,206534,0
13243,653,206899,0
13244,653,206901,3
13245,653,203655,0
13246,653,203657,0
13247,653,206543,0
13248,653,206895,0
13249,653,206263,1
13250,653,203656,0
13251,653,203658,0
13252,653,208685,0
13253,653,206902,1
13254,653,206553,0
13255,653,206896,0
13256,653,208693,0
13257,653,211026,0
13258,653,274337,0
13259,653,208204,0
13260,653,205653,0
13261,653,206329,1
13262,653,206533,1
13263,653,208213,0
13264,653,206904,1
13265,653,206332,0
13266,653,206555,0
13267,653,206898,0
13268,654,209672,1
13269,654,209471,0
13270,654,209667,0
13271,654,209674,1
13272,654,209461,0
13273,654,209553,0
13274,654,209669,0
13275,654,209670,3
13276,654,209544,0
13277,654,209665,0
13278,654,209512,1
13279,654,209749,0
13280,654,209673,1
13281,654,209536,0
13282,654,209668,0
13283,654,209757,0
13285,654,209503,1
13286,654,206823,0
13287,654,209554,1
13288,654,209671,1
13289,654,209500,0
13290,654,209534,0
13291,654,209666,0
13292,655,178290,1
13293,655,178719,0
13294,655,178781,0
13295,655,179651,0
13296,655,179656,0
13297,655,178292,1
13298,655,178779,0
13299,655,178941,0
13300,655,179286,0
13301,655,179649,0
13302,655,179658,0
13303,655,178288,3
13304,655,178726,0
13305,655,178740,0
13306,655,178783,0
13307,655,179653,0
13308,655,179654,0
13309,655,179660,1
13310,655,178930,0
13311,655,179449,0
13312,655,178291,1
13313,655,178746,0
13314,655,178780,0
13315,655,178950,0
13316,655,179650,0
13317,655,179657,0
13318,655,179664,0
13319,655,178728,1
13320,655,179665,0
13321,655,179869,0
13322,655,179922,0
13323,655,179448,1
13324,655,178741,0
13325,655,179870,0
13326,655,179918,0
13327,655,178289,1
13328,655,178748,0
13329,655,178782,0
13330,655,179289,0
13331,655,179445,0
13332,655,179635,0
13333,655,179652,0
13334,655,179655,0
13335,656,179135,1
13336,656,178218,0
13337,656,178284,0
13338,656,179141,0
13339,656,179133,1
13340,656,178232,0
13341,656,178242,0
13342,656,179138,0
13343,656,179137,3
13344,656,178205,0
13345,656,178245,0
13346,656,178896,0
13347,656,178899,0
13348,656,179142,0
13350,656,178343,1
13351,656,178254,0
13352,656,178917,0
13353,656,178921,0
13354,656,179134,1
13355,656,178193,0
13356,656,178194,0
13357,656,178208,0
13358,656,178347,0
13359,656,179139,0
13360,656,178216,1
13361,656,178196,0
13362,656,178197,0
13363,656,178345,0
13364,656,179878,0
13365,656,179881,0
13366,656,179926,0
13367,656,179927,0
13368,656,178231,1
13369,656,178207,0
13370,656,179136,1
13371,656,178255,0
13372,656,178287,0
13373,656,178908,0
13374,656,178909,0
13375,656,179140,0
13377,657,177470,1
13378,657,176864,0
13379,657,177475,0
13380,657,177480,0
13381,657,177518,0
13382,657,177523,0
13383,657,177528,0
13384,657,177845,0
13385,657,177854,0
13386,657,274126,0
13387,657,177018,0
13388,657,177132,0
13389,657,177472,0
13390,657,177477,0
13391,657,177482,0
13392,657,177520,1
13393,657,177525,0
13394,657,177530,0
13395,657,177847,0
13396,657,177857,0
13397,657,177468,1
13398,657,176553,0
13399,657,176687,0
13400,657,176828,0
13401,657,177473,0
13402,657,177478,0
13403,657,177516,0
13404,657,177521,0
13405,657,177526,0
13406,657,177843,2
13407,657,177853,0
13408,657,274135,0
13409,657,177118,1
13410,657,176578,0
13411,657,176712,0
13412,657,177004,0
13413,657,177471,1
13414,657,202024,0
13415,657,202031,0
13416,657,177037,0
13417,657,177157,0
13418,657,177476,0
13419,657,177481,0
13420,657,202200,0
13421,657,202202,0
13422,657,202204,0
13423,657,177846,0
13424,657,202291,0
13425,657,274144,0
13426,657,176736,1
13427,657,176602,0
13428,657,274153,0
13429,657,176552,1
13430,657,176686,0
13431,657,176808,0
13432,657,202190,1
13433,657,202030,0
13434,657,202037,0
13435,657,202191,0
13436,657,202192,0
13437,657,202199,0
13438,657,202201,0
13439,657,202203,0
13440,657,202289,0
13441,657,202290,0
13442,658,177453,1
13443,658,176860,0
13444,658,177460,0
13445,658,177465,0
13446,658,177495,0
13447,658,177496,0
13448,658,177498,0
13449,658,274179,0
13450,658,177456,1
13451,658,176882,0
13452,658,176903,0
13453,658,177072,0
13454,658,177462,0
13455,658,177463,0
13456,658,177508,0
13457,658,177514,0
13458,658,177515,0
13459,658,177852,0
13460,658,177862,0
13461,658,177454,3
13462,658,176351,0
13463,658,176356,0
13464,658,176825,0
13465,658,176980,0
13466,658,177086,0
13467,658,177458,0
13468,658,177467,0
13469,658,177500,0
13470,658,177510,0
13471,658,177511,0
13474,658,274188,0
13475,658,176386,1
13476,658,176389,0
13477,658,177455,1
13478,658,201975,0
13479,658,201978,0
13480,658,176987,0
13481,658,177092,0
13482,658,177461,0
13483,658,177464,0
13484,658,202193,0
13485,658,202194,0
13486,658,202195,0
13487,658,177851,0
13488,658,202292,0
13489,658,274197,0
13490,658,202119,1
13491,658,201972,0
13492,658,201973,0
13493,658,202072,0
13494,658,274206,0
13495,658,176846,1
13496,658,176448,0
13497,658,176450,0
13498,658,176807,0
13499,658,177051,0
13500,658,202187,1
13501,658,202059,0
13502,658,202110,0
13503,658,202188,0
13504,658,202189,0
13505,658,202196,0
13506,658,202197,0
13507,658,202198,0
13508,659,175732,1
13509,659,175726,0
13510,659,176266,0
13511,659,176267,0
13512,659,175734,1
13513,659,175729,0
13514,659,176271,0
13515,659,176272,0
13516,659,175730,3
13517,659,175725,0
13518,659,176263,0
13519,659,176264,0
13520,659,175733,1
13521,659,175728,0
13522,659,176269,0
13523,659,176270,0
13524,659,201887,1
13525,659,175727,0
13526,659,201957,0
13527,659,176268,0
13528,660,176137,1
13529,660,176152,0
13530,660,176135,1
13531,660,201933,0
13532,660,176133,3
13533,660,176148,0
13536,660,176136,1
13537,660,175929,0
13538,660,176155,0
13539,660,176134,1
13540,660,175921,0
13541,660,176150,0
13542,661,172604,1
13543,661,172609,0
13544,661,201640,1
13545,661,172612,0
13546,661,172605,3
13547,661,172610,0
13548,661,172423,1
13549,661,172401,0
13550,661,172606,1
13551,661,172611,0
13552,661,172301,1
13553,661,172352,0
13554,661,201616,1
13555,661,172524,0
13556,661,172608,1
13557,661,201642,0
13558,662,173128,1
13559,662,173141,0
13560,662,201677,1
13561,662,201679,0
13562,662,173125,3
13563,662,173139,0
13564,662,172928,1
13565,662,172704,0
13566,662,172915,0
13567,662,172966,0
13568,662,201676,1
13569,662,173142,0
13570,662,172872,1
13571,662,172662,0
13572,662,172671,0
13573,662,172947,0
13574,662,173255,0
13576,662,172682,1
13577,662,172709,0
13578,662,172956,0
13579,662,172977,0
13580,662,173127,1
13581,662,201678,0
13582,663,216561,1
13583,663,216438,0
13584,663,216562,0
13585,663,216567,0
13586,663,216352,0
13587,663,216609,0
13588,663,216615,0
13589,663,216617,1
13590,663,216599,3
13591,663,216408,0
13592,663,216600,0
13593,663,216601,0
13594,663,216379,1
13595,663,216293,0
13596,663,216453,0
13597,663,216587,1
13598,663,216580,0
13599,663,216594,0
13600,663,216327,1
13601,663,216419,0
13602,663,216463,0
13603,663,216315,1
13604,663,216542,1
13605,663,216429,0
13606,663,216543,0
13607,663,216548,0
13608,664,215312,1
13609,664,215625,0
13610,664,215309,1
13611,664,215716,0
13612,664,215310,3
13613,664,215618,0
13614,664,215651,1
13615,664,215311,1
13616,664,215685,1
13617,664,215700,1
13618,664,215313,1
13619,665,216673,1
13621,665,216720,1
13622,665,216304,0
13623,665,216701,3
13626,665,216692,1
13627,665,216373,1
13628,665,216344,1
13629,665,216652,1
13630,666,216578,1
13631,666,216442,0
13632,666,216625,1
13633,666,216289,0
13634,666,216606,3
13635,666,216446,0
13637,666,216597,1
13638,666,216365,1
13639,666,216338,1
13640,666,216557,1
13641,667,213404,1
13642,667,213233,0
13643,667,213407,1
13644,667,213406,3
13645,667,213252,0
13646,667,213405,1
13647,667,213240,1
13648,667,272127,0
13649,667,213387,1
13651,667,213403,1
13652,667,212450,0
13653,668,213644,1
13654,668,213493,0
13656,668,213647,1
13657,668,213646,3
13658,668,213479,0
13659,668,213645,1
13660,668,213516,1
13662,668,213643,1
13663,669,206838,1
13664,669,206841,3
13665,669,206840,1
13666,669,206531,0
13667,669,211022,0
13668,669,274341,0
13669,669,206434,1
13670,669,206839,1
13671,669,206424,0
13672,669,208214,1
13673,669,206817,1
13674,669,206837,1
13675,669,206550,0
13676,670,209661,1
13677,670,209664,1
13678,670,209663,3
13680,670,209467,1
13682,670,209662,1
13683,670,209477,0
13685,670,209660,1
13686,670,209539,0
13687,671,178377,1
13688,671,179647,0
13689,671,178380,1
13690,671,179644,0
13691,671,178379,3
13692,671,179645,0
13693,671,178378,1
13694,671,179646,0
13695,671,178376,1
13696,671,179648,0
13697,672,179131,1
13698,672,179128,1
13699,672,179129,3
13700,672,179130,1
13701,672,179132,1
13702,673,179154,1
13703,673,179157,1
13704,673,178611,0
13705,673,202587,3
13706,673,202571,0
13707,673,178590,1
13708,673,179155,1
13709,673,178650,0
13710,673,178655,1
13711,673,178617,1
13712,673,179153,1
13713,673,178626,0
13714,674,176953,1
13715,674,176947,0
13716,674,176958,0
13717,674,177739,0
13718,674,176956,1
13719,674,176950,0
13720,674,176961,0
13721,674,177742,0
13722,674,202087,3
13723,674,202056,0
13724,674,202082,0
13725,674,202090,0
13726,674,202257,0
13727,674,202112,1
13728,674,202062,0
13729,674,202086,1
13730,674,202007,0
13731,674,202008,0
13732,674,202083,0
13733,674,202089,0
13734,674,202256,0
13735,674,202118,1
13736,674,202010,0
13737,674,202013,0
13738,674,202070,0
13739,674,274200,0
13740,674,202064,1
13741,674,202054,0
13742,674,202113,0
13743,674,202085,1
13744,674,202084,0
13745,674,202088,0
13746,674,202255,0
13747,675,176970,1
13748,675,176877,0
13749,675,176965,0
13750,675,176973,0
13751,675,177734,0
13752,675,176967,1
13753,675,176897,0
13754,675,176962,0
13755,675,176976,0
13756,675,177737,0
13757,675,202094,3
13758,675,202091,0
13759,675,202099,0
13760,675,202254,0
13761,675,176715,1
13762,675,176581,0
13763,675,202095,1
13764,675,202028,0
13765,675,202035,0
13766,675,202092,0
13767,675,202098,0
13768,675,202253,0
13769,675,202129,1
13770,675,202106,0
13771,675,202096,1
13772,675,202093,0
13773,675,202097,0
13774,675,177025,0
13775,675,177139,0
13776,675,202252,0
13778,676,175719,1
13779,676,176228,0
13780,676,175723,1
13781,676,176231,0
13782,676,175722,3
13783,676,176230,0
13784,676,175721,1
13785,676,176229,0
13786,676,175720,1
13787,676,176227,0
13788,677,176127,1
13789,677,176124,1
13790,677,176125,3
13791,677,176126,1
13792,677,175935,0
13793,677,176123,1
13794,678,172539,1
13795,678,172542,1
13796,678,172540,3
13797,678,172541,1
13798,678,172543,1
13799,679,173036,1
13800,679,173039,1
13801,679,173038,3
13802,679,172951,1
13803,679,173037,1
13804,679,201660,1
13805,679,172972,1
13806,679,173035,1
13807,680,215583,1
13808,680,215626,0
13809,680,215585,1
13810,680,215720,0
13812,680,215581,3
13813,680,215622,0
13814,680,215711,1
13815,680,215652,0
13816,680,216725,0
13818,680,215584,1
13819,680,213721,0
13820,680,215705,1
13821,680,215646,0
13822,680,215689,0
13823,680,215727,0
13824,680,213730,0
13825,680,215691,1
13827,680,215582,1
13828,680,215636,0
13829,681,216670,1
13830,681,216503,0
13831,681,216709,1
13832,681,216298,0
13833,681,216635,3
13834,681,216472,0
13835,681,216317,1
13836,681,216516,0
13837,681,216679,1
13838,681,216330,1
13839,681,216383,0
13840,681,216485,0
13841,681,216530,0
13842,681,216370,1
13843,681,216650,1
13844,681,216495,0
13845,682,216575,1
13846,682,216440,0
13847,682,216614,1
13848,682,216291,0
13849,682,216540,3
13850,682,216410,0
13851,682,216310,1
13852,682,216456,0
13853,682,216584,1
13854,682,216324,1
13855,682,216378,0
13856,682,216422,0
13857,682,216465,0
13858,682,216362,1
13860,682,216555,1
13861,682,216431,0
13862,683,213258,1
13863,683,213226,0
13864,683,213260,1
13865,683,213442,0
13866,683,213256,3
13867,683,213430,0
13868,683,213664,1
13869,683,213319,0
13870,683,213259,1
13871,683,213247,0
13872,683,213429,1
13873,683,212456,0
13874,683,213318,0
13875,683,212998,1
13876,683,213257,1
13877,683,212447,0
13878,683,213237,0
13880,684,213605,1
13881,684,213488,0
13882,684,213607,1
13883,684,213524,0
13884,684,213603,3
13885,684,213523,0
13886,684,213665,1
13887,684,213467,0
13888,684,213606,1
13889,684,213474,0
13890,684,213535,1
13891,684,213630,0
13892,684,213499,1
13893,684,213604,1
13894,684,213510,0
13895,685,206871,1
13896,685,206545,0
13897,685,206874,1
13898,685,206266,0
13899,685,206873,3
13900,685,204671,0
13901,685,206410,0
13902,685,206552,1
13903,685,204649,0
13904,685,208687,0
13905,685,206872,1
13906,685,206429,0
13907,685,208695,0
13908,685,206532,1
13909,685,205867,0
13910,685,206418,1
13911,685,206870,1
13912,685,206331,0
13913,685,208193,0
13914,685,208205,0
13915,686,209642,1
13916,686,209542,0
13917,686,209644,1
13918,686,209509,0
13919,686,209640,3
13920,686,209490,0
13921,686,209537,1
13922,686,206825,0
13923,686,209750,0
13924,686,209643,1
13925,686,209472,0
13926,686,209758,0
13927,686,209555,1
13928,686,209482,1
13929,686,209641,1
13930,686,209501,0
13931,687,178298,1
13932,687,178940,0
13933,687,179627,0
13934,687,178311,1
13935,687,179450,0
13936,687,179628,0
13937,687,202536,3
13938,687,178720,0
13939,687,202619,0
13940,687,179872,0
13941,687,179920,0
13942,687,202580,1
13943,687,202538,1
13944,687,202582,0
13945,687,202611,0
13946,687,202620,0
13947,687,178949,1
13948,687,202622,1
13949,687,202537,1
13950,687,202581,0
13951,687,202618,0
13952,688,179110,1
13953,688,178285,0
13954,688,179729,0
13955,688,179108,1
13956,688,178219,0
13957,688,179698,0
13958,688,179112,3
13959,688,178230,0
13960,688,178903,0
13961,688,179778,0
13963,688,178279,1
13964,688,178925,0
13965,688,179780,0
13966,688,179109,1
13967,688,178189,0
13968,688,178260,0
13969,688,179709,0
13970,688,179748,0
13971,688,178204,1
13972,688,178185,0
13973,688,179720,0
13974,688,178449,1
13975,688,179689,0
13976,688,179879,0
13977,688,179928,0
13979,688,179111,1
13980,688,178243,0
13981,688,178913,0
13982,688,179760,0
13984,689,179175,1
13985,689,178667,0
13986,689,179177,1
13987,689,178613,0
13988,689,179173,3
13989,689,178622,0
13990,689,178661,1
13991,689,179176,1
13992,689,178653,0
13993,689,178586,1
13994,689,178630,1
13995,689,179174,1
13996,689,178635,0
13997,690,177302,1
13998,690,176874,0
13999,690,177309,0
14000,690,177314,0
14001,690,202269,0
14002,690,274171,0
14003,690,177305,1
14004,690,176891,0
14005,690,176988,0
14006,690,177094,0
14007,690,177311,0
14008,690,177312,0
14009,690,202270,0
14010,690,177303,3
14011,690,176387,0
14012,690,176391,0
14013,690,176835,0
14014,690,176909,0
14015,690,177078,0
14016,690,177307,0
14017,690,177316,0
14018,690,177798,0
14019,690,178720,0
14020,690,179778,0
14021,690,179872,0
14022,690,179920,0
14023,690,274180,0
14024,690,176451,1
14025,690,176447,0
14026,690,177304,1
14027,690,176362,0
14028,690,176363,0
14029,690,177310,0
14030,690,177313,0
14031,690,177801,0
14032,690,274189,0
14033,690,202058,1
14034,690,201981,0
14035,690,201984,0
14036,690,202111,0
14037,690,274198,0
14038,690,176485,1
14039,690,176481,0
14040,690,176817,0
14041,690,177306,1
14042,690,176902,0
14043,690,177073,0
14044,690,177308,0
14045,690,177315,0
14046,690,177799,0
14047,691,177329,1
14048,691,176873,0
14049,691,177319,0
14050,691,177324,0
14051,691,177795,0
14052,691,274119,0
14059,691,177331,1
14060,691,176892,0
14061,691,177039,0
14062,691,177159,0
14063,691,177321,0
14064,691,177322,0
14065,691,177797,0
14066,691,177327,3
14067,691,176569,0
14068,691,176703,0
14069,691,176836,0
14070,691,177024,0
14071,691,177138,0
14072,691,177317,0
14073,691,177326,0
14074,691,177793,0
14075,691,274128,0
14076,691,176592,1
14077,691,176726,0
14078,691,177330,1
14079,691,176558,0
14080,691,202029,0
14081,691,176692,0
14082,691,177320,0
14083,691,177323,0
14084,691,177796,0
14085,691,274137,0
14086,691,176999,1
14087,691,176579,0
14088,691,176713,0
14089,691,177113,0
14090,691,274146,0
14091,691,176603,1
14092,691,176737,0
14093,691,176818,0
14094,691,177328,1
14095,691,177019,0
14096,691,177133,0
14097,691,177318,0
14098,691,177325,0
14099,691,177794,0
14100,692,175700,1
14101,692,176275,0
14102,692,175702,1
14103,692,176277,0
14104,692,175698,3
14105,692,176273,0
14106,692,175701,1
14107,692,176276,0
14108,692,175699,1
14109,692,176274,0
14110,693,176114,1
14111,693,176116,1
14112,693,176112,3
14113,693,176115,1
14114,693,176113,1
14115,694,172580,1
14116,694,172582,1
14117,694,201632,3
14118,694,172385,1
14119,694,172581,1
14120,694,172335,1
14121,694,172362,1
14122,694,172579,1
14123,695,173099,1
14124,695,173102,1
14125,695,173095,3
14126,695,172912,1
14127,695,172871,0
14129,695,173100,1
14130,695,172657,1
14131,695,172900,0
14132,695,173259,0
14134,695,172710,1
14135,695,172856,0
14136,695,173096,1
14137,696,215485,1
14138,696,215416,0
14139,696,215563,0
14140,696,215630,0
14141,696,215487,1
14142,696,215418,0
14143,696,215565,0
14144,696,215483,3
14145,696,215414,0
14146,696,215561,0
14147,696,215619,0
14148,696,215656,1
14149,696,215695,0
14150,696,216729,0
14152,696,215486,1
14153,696,213718,0
14154,696,215417,0
14155,696,215564,0
14156,696,215714,1
14157,696,215642,0
14158,696,215721,1
14159,696,213727,0
14160,696,215704,0
14162,696,215484,1
14163,696,215415,0
14164,696,215562,0
14165,696,215639,0
14166,696,215686,0
14167,697,216664,1
14168,697,216507,0
14169,697,216663,0
14170,697,216666,0
14171,697,216713,1
14172,697,216716,0
14173,697,216717,0
14174,697,216698,3
14175,697,216469,0
14176,697,216697,0
14177,697,216703,0
14178,697,216520,0
14179,697,216360,1
14180,697,216683,1
14181,697,216686,0
14182,697,216688,0
14183,697,216308,1
14184,697,216484,0
14185,697,216524,0
14186,697,216334,1
14187,697,216646,1
14188,697,216385,0
14189,697,216498,0
14190,697,216644,0
14191,697,216648,0
14192,698,216569,1
14193,698,216439,0
14194,698,216568,0
14195,698,216571,0
14196,698,216618,1
14197,698,216621,0
14198,698,216622,0
14199,698,216603,3
14200,698,216409,0
14201,698,216602,0
14202,698,216608,0
14203,698,216454,0
14204,698,216353,1
14205,698,216588,1
14206,698,216591,0
14207,698,216593,0
14208,698,216285,1
14209,698,216420,0
14210,698,216464,0
14211,698,216328,1
14212,698,216551,1
14213,698,216380,0
14214,698,216430,0
14215,698,216549,0
14216,698,216553,0
14217,699,213274,1
14218,699,213185,0
14219,699,213292,0
14220,699,213439,0
14221,699,213276,1
14222,699,213183,0
14223,699,213254,0
14224,699,213294,0
14225,699,213272,3
14226,699,213187,0
14227,699,213220,0
14228,699,213290,0
14229,699,213378,1
14230,699,213275,1
14231,699,213184,0
14232,699,213244,0
14233,699,213293,0
14234,699,213447,1
14235,699,212453,0
14236,699,213242,1
14237,699,213273,1
14238,699,212444,0
14239,699,213186,0
14240,699,213230,0
14241,699,213291,0
14242,700,213580,1
14243,700,213533,0
14244,700,213585,0
14245,700,213590,0
14246,700,213582,1
14247,700,213485,0
14248,700,213587,0
14249,700,213592,0
14250,700,213578,3
14251,700,213509,0
14252,700,213583,0
14253,700,213588,0
14255,700,213581,1
14256,700,213521,0
14257,700,213586,0
14258,700,213591,0
14259,700,213542,1
14260,700,213638,0
14261,700,213520,1
14262,700,213579,1
14263,700,213497,0
14264,700,213584,0
14265,700,213589,0
14266,701,206913,1
14267,701,206558,0
14268,701,206923,0
14269,701,206926,0
14270,701,206915,1
14271,701,206403,0
14272,701,206925,0
14273,701,206929,0
14274,701,211029,0
14275,701,274334,0
14276,701,206911,3
14277,701,203659,0
14278,701,206426,0
14279,701,206921,0
14280,701,206927,0
14281,701,208212,0
14282,701,203660,0
14283,701,206514,1
14284,701,206528,0
14285,701,208688,0
14286,701,206914,1
14287,701,206538,0
14288,701,206924,0
14289,701,206928,0
14290,701,208696,0
14291,701,205656,1
14292,701,206325,0
14294,701,206549,1
14295,701,213382,0
14296,701,206912,1
14297,701,206437,0
14298,701,206922,0
14299,701,206930,0
14300,701,208171,0
14301,702,209617,1
14302,702,209531,0
14303,702,209622,0
14304,702,209627,0
14305,702,209619,1
14306,702,209497,0
14307,702,209624,0
14308,702,209629,0
14309,702,209615,3
14310,702,209475,0
14311,702,209620,0
14312,702,209625,0
14313,702,209752,0
14315,702,209458,1
14316,702,209618,1
14317,702,209549,0
14318,702,209623,0
14319,702,209628,0
14320,702,209761,0
14321,702,209507,1
14322,702,209540,1
14323,702,206827,0
14324,702,209616,1
14325,702,209464,0
14326,702,209621,0
14327,702,209626,0
14328,703,178793,1
14329,703,178442,0
14330,703,178798,0
14331,703,179601,0
14332,703,179606,0
14333,703,179611,0
14334,703,178791,1
14335,703,178440,0
14336,703,178796,0
14337,703,179468,0
14338,703,179603,0
14339,703,179608,0
14340,703,179613,0
14341,703,178795,3
14342,703,178444,0
14343,703,178800,0
14344,703,178944,0
14345,703,179599,0
14346,703,179604,0
14347,703,179609,0
14348,703,202612,1
14349,703,202927,0
14350,703,203373,0
14351,703,178792,1
14352,703,178441,0
14353,703,178715,0
14354,703,178797,0
14355,703,179602,0
14356,703,179607,0
14357,703,179612,0
14358,703,178712,1
14359,703,178735,1
14360,703,178794,1
14361,703,178443,0
14362,703,178799,0
14363,703,178898,0
14364,703,179600,0
14365,703,179605,0
14366,703,179610,0
14367,704,179096,1
14368,704,178274,0
14369,704,179085,0
14370,704,179090,0
14371,704,179093,1
14372,704,178213,0
14373,704,179083,0
14374,704,179089,0
14375,704,179692,0
14376,704,179097,3
14377,704,178247,0
14378,704,178900,0
14379,704,179087,0
14380,704,179088,0
14381,704,179725,0
14382,704,178479,0
14383,704,178235,1
14384,704,178919,0
14385,704,179704,0
14386,704,179094,1
14387,704,178192,0
14388,704,178351,0
14389,704,179084,0
14390,704,179091,0
14391,704,179783,0
14392,704,178462,1
14393,704,178195,0
14394,704,179786,0
14395,704,179887,0
14396,704,179932,0
14397,704,178335,1
14398,704,179763,0
14399,704,179095,1
14400,704,178225,0
14401,704,178907,0
14402,704,179086,0
14403,704,179092,0
14404,704,179745,0
14405,705,179189,1
14406,705,178656,0
14407,705,179195,0
14408,705,179200,0
14409,705,179192,1
14410,705,178593,0
14411,705,179196,0
14412,705,179202,0
14413,705,202590,3
14414,705,202572,0
14415,705,202592,0
14416,705,202593,0
14417,705,178628,1
14418,705,179191,1
14419,705,202570,0
14420,705,202591,0
14421,705,202594,0
14422,705,178605,1
14423,705,202575,1
14424,705,179190,1
14425,705,178616,0
14426,705,179193,0
14427,705,179199,0
14428,706,177662,1
14429,706,176866,0
14430,706,176900,0
14431,706,177071,0
14432,706,177600,0
14433,706,177607,0
14434,706,177612,0
14435,706,177632,0
14436,706,177637,0
14437,706,177642,0
14438,706,177667,0
14439,706,177672,0
14440,706,274177,0
14441,706,177664,1
14442,706,202068,0
14443,706,202218,0
14444,706,202220,0
14445,706,202221,0
14446,706,177634,0
14447,706,177639,0
14448,706,177640,0
14449,706,177665,0
14450,706,177674,0
14451,706,202298,0
14452,706,177902,0
14453,706,177912,0
14454,706,177660,3
14455,706,176474,0
14456,706,176478,0
14457,706,176829,0
14458,706,177601,0
14459,706,177605,0
14460,706,177614,0
14461,706,177630,0
14462,706,177635,0
14463,706,177644,0
14464,706,177669,0
14465,706,177670,0
14466,706,177883,0
14467,706,177898,0
14468,706,177908,0
14469,706,274186,0
14470,706,176850,1
14471,706,176512,0
14472,706,176521,0
14473,706,176894,0
14474,706,177056,0
14475,706,202117,0
14476,706,202235,1
14477,706,201976,0
14478,706,201980,0
14479,706,202100,0
14480,706,202121,0
14481,706,202217,0
14482,706,202219,0
14483,706,202222,0
14484,706,177633,0
14485,706,177638,0
14486,706,177641,0
14487,706,202236,0
14488,706,202237,0
14489,706,202299,0
14490,706,177901,0
14491,706,202308,0
14492,706,274192,0
14493,706,274195,0
14494,706,201969,1
14495,706,201968,0
14496,706,274204,0
14497,706,202065,1
14498,706,176436,0
14499,706,176441,0
14500,706,176811,0
14501,706,202115,0
14502,706,177661,1
14503,706,177604,0
14504,706,177606,0
14505,706,177613,0
14506,706,177631,0
14507,706,177636,0
14508,706,177643,0
14509,706,177668,0
14510,706,177671,0
14511,706,202300,0
14512,707,177682,1
14513,707,176867,0
14514,707,177617,0
14515,707,177622,0
14516,707,177627,0
14517,707,177647,0
14518,707,177652,0
14519,707,177657,0
14520,707,177677,0
14521,707,177687,0
14522,707,177890,0
14523,707,177895,0
14524,707,177904,0
14525,707,274125,0
14526,707,202066,0
14527,707,202067,0
14528,707,202223,0
14529,707,202225,0
14530,707,202227,0
14531,707,177649,0
14532,707,177650,0
14533,707,177655,0
14534,707,202238,0
14535,707,202243,1
14536,707,202246,0
14537,707,202301,0
14538,707,177897,0
14539,707,202307,0
14540,707,177680,3
14541,707,176600,0
14542,707,176734,0
14543,707,176830,0
14544,707,177031,0
14545,707,177151,0
14546,707,177619,0
14547,707,177624,0
14548,707,177629,0
14549,707,177645,0
14550,707,177654,0
14551,707,177659,0
14552,707,177679,0
14553,707,177685,0
14554,707,177888,0
14555,707,177893,0
14556,707,177903,0
14558,707,274134,0
14559,707,177003,1
14560,707,176611,0
14561,707,176745,0
14562,707,177117,0
14563,707,202242,1
14564,707,176575,0
14565,707,176709,0
14566,707,177043,0
14567,707,177163,0
14568,707,177616,0
14569,707,177621,0
14570,707,177626,0
14571,707,202230,0
14572,707,202231,0
14573,707,202233,0
14574,707,202239,0
14575,707,202245,0
14576,707,177891,0
14577,707,202304,0
14578,707,202306,0
14579,707,274143,0
14580,707,177022,1
14581,707,176562,0
14582,707,176696,0
14583,707,177136,0
14584,707,274152,0
14585,707,177112,1
14586,707,176588,0
14587,707,176591,0
14588,707,176722,0
14589,707,176725,0
14590,707,176812,0
14591,707,176998,0
14592,707,202241,1
14593,707,202224,0
14594,707,202226,0
14595,707,202228,0
14596,707,202229,0
14597,707,202232,0
14598,707,202234,0
14599,707,202240,0
14600,707,202244,0
14601,707,202302,0
14602,707,202303,0
14603,707,202305,0
14604,708,175684,1
14605,708,175674,0
14606,708,175679,0
14607,708,176200,0
14608,708,176205,0
14609,708,176206,0
14610,708,201881,1
14611,708,175675,0
14612,708,175682,0
14613,708,201950,0
14614,708,176211,0
14615,708,176212,0
14616,708,175683,3
14617,708,175676,0
14618,708,175677,0
14619,708,176198,0
14620,708,176199,0
14621,708,176213,0
14622,708,201880,1
14623,708,201878,0
14624,708,175681,0
14625,708,175930,0
14626,708,201947,0
14627,708,201948,0
14628,708,201949,0
14629,708,176209,0
14630,708,175685,1
14631,708,175672,0
14632,708,201879,0
14633,708,175922,0
14634,708,201946,0
14635,708,176202,0
14636,708,176204,0
14637,709,176160,1
14638,709,176142,0
14639,709,176165,0
14640,709,176162,1
14641,709,201930,0
14642,709,201940,0
14643,709,201934,3
14644,709,201932,0
14645,709,201937,0
14647,709,201936,1
14648,709,201931,0
14649,709,201939,0
14651,709,201935,1
14652,709,176141,0
14653,709,201938,0
14654,710,172636,1
14655,710,172624,0
14656,710,172631,0
14657,710,172627,0
14658,710,172633,0
14659,710,201647,1
14660,710,172634,3
14661,710,172625,0
14662,710,172629,0
14663,710,172373,1
14664,710,201646,1
14665,710,201644,0
14666,710,172632,0
14667,710,172434,1
14668,710,172353,1
14669,710,172635,1
14670,710,172628,0
14671,710,201645,0
14672,711,173175,1
14673,711,173165,0
14674,711,173170,0
14675,711,201683,0
14676,711,173172,0
14677,711,173177,1
14678,711,173173,3
14679,711,173163,0
14680,711,173168,0
14681,711,172898,1
14682,711,172911,0
14683,711,201685,1
14684,711,173166,0
14685,711,173171,0
14686,711,172969,1
14687,711,172857,0
14688,711,173256,0
14689,711,172979,1
14690,711,172924,0
14691,711,173174,1
14692,711,173164,0
14693,711,201684,0
14694,712,215213,1
14695,712,215216,1
14696,712,215215,3
14697,712,215706,1
14698,712,215214,1
14699,712,213716,0
14700,712,215649,1
14701,712,215729,1
14702,712,213725,0
14703,712,215212,1
14704,712,215634,0
14705,713,216672,1
14706,713,216719,1
14707,713,216700,3
14708,713,216320,1
14709,713,216691,1
14712,713,216642,1
14713,713,216494,0
14714,714,216577,1
14715,714,216624,1
14716,714,216605,3
14717,714,216313,1
14718,714,216596,1
14721,714,216547,1
14722,714,216433,0
14723,715,213409,1
14724,715,213412,1
14725,715,213440,0
14726,715,213411,3
14727,715,213381,0
14728,715,273906,1
14729,715,213410,1
14730,715,213221,0
14731,715,212459,1
14732,715,213446,1
14733,715,213408,1
14734,715,213453,0
14735,716,213574,1
14736,716,213577,1
14737,716,213529,0
14738,716,213576,3
14740,716,213575,1
14741,716,213505,0
14742,716,213539,1
14743,716,213573,1
14744,716,213661,0
14745,717,206832,1
14746,717,206328,0
14747,717,206835,1
14748,717,206415,0
14749,717,206833,3
14750,717,206518,0
14751,717,203346,1
14752,717,206834,1
14753,717,203349,0
14754,717,208699,0
14755,717,205869,1
14756,717,206333,0
14757,717,206537,1
14758,717,206836,1
14759,717,208170,0
14760,717,211021,0
14761,717,274342,0
14762,718,209611,1
14763,718,206830,0
14764,718,209504,0
14765,718,209614,1
14766,718,209485,0
14767,718,209613,3
14768,718,209455,0
14769,718,209612,1
14770,718,209759,0
14772,718,209499,1
14773,718,209550,1
14774,718,209610,1
14775,719,178402,1
14776,719,179443,0
14777,719,179597,0
14778,719,178405,1
14779,719,178946,0
14780,719,179594,0
14781,719,178404,3
14782,719,179595,0
14783,719,179668,0
14784,719,178943,1
14785,719,179875,0
14786,719,179921,0
14787,719,178403,1
14788,719,178920,0
14789,719,179596,0
14790,719,178742,1
14791,719,178936,1
14792,719,178401,1
14793,719,178722,0
14794,719,179598,0
14795,720,179081,1
14796,720,179078,1
14797,720,178221,0
14798,720,179079,3
14799,720,178464,0
14800,720,178905,0
14802,720,178926,1
14803,720,178211,0
14804,720,179080,1
14805,720,178181,0
14806,720,178270,0
14807,720,178180,1
14808,720,178275,0
14809,720,178224,1
14810,720,179886,0
14811,720,179929,0
14812,720,179082,1
14813,720,178236,0
14814,720,178914,0
14816,721,179204,1
14817,721,179207,1
14818,721,179206,3
14820,721,179205,1
14821,721,179203,1
14822,722,176917,1
14823,722,176878,0
14824,722,176923,0
14825,722,176930,0
14826,722,177724,0
14827,722,274173,0
14828,722,176920,1
14829,722,176896,0
14830,722,176926,0
14831,722,176927,0
14832,722,177727,0
14834,722,202073,3
14835,722,201990,0
14836,722,201991,0
14837,722,202076,0
14838,722,202077,0
14839,722,202102,0
14840,722,202120,0
14841,722,202249,0
14842,722,274182,0
14843,722,201985,1
14844,722,201986,0
14845,722,176919,1
14846,722,176924,0
14847,722,176929,0
14848,722,177725,0
14849,722,274191,0
14850,722,201992,1
14851,722,201993,0
14852,722,202074,1
14853,722,176541,0
14854,722,176542,0
14855,722,176915,0
14856,722,202075,0
14857,722,202078,0
14858,722,177079,0
14859,722,202248,0
14860,723,176943,1
14861,723,176933,0
14862,723,176940,0
14863,723,177729,0
14864,723,274123,0
14865,723,176946,1
14866,723,176936,0
14867,723,176937,0
14868,723,177732,0
14869,723,176945,3
14870,723,176594,0
14871,723,176728,0
14872,723,176840,0
14873,723,176935,0
14874,723,176938,0
14875,723,177041,0
14876,723,177161,0
14877,723,202251,0
14878,723,274130,0
14879,723,177114,1
14880,723,177000,0
14881,723,176944,1
14882,723,176934,0
14883,723,176939,0
14884,723,177730,0
14885,723,274139,0
14886,723,176609,1
14887,723,176743,0
14888,723,274148,0
14889,723,177006,1
14890,723,176597,0
14891,723,176731,0
14892,723,176822,0
14893,723,177120,0
14894,723,202081,1
14895,723,176614,0
14896,723,176748,0
14897,723,202079,0
14898,723,202080,0
14899,723,202250,0
14900,724,175667,1
14901,724,176235,0
14902,724,175671,1
14903,724,176237,0
14904,724,175670,3
14905,724,176238,0
14906,724,175669,1
14907,724,176236,0
14908,724,176119,1
14909,724,176234,0
14910,725,176117,1
14911,725,176122,1
14912,725,176118,3
14913,725,176121,1
14914,725,176120,1
14915,725,175927,0
14916,726,172534,1
14917,726,172537,1
14918,726,201622,3
14919,726,201617,1
14920,726,201623,1
14921,726,172380,1
14922,726,172903,0
14923,726,172366,1
14924,726,172538,1
14925,727,173031,1
14926,727,173034,1
14927,727,201669,3
14928,727,209167,0
14929,727,201652,1
14930,727,201668,1
14931,727,201693,1
14933,727,172866,1
14934,727,173030,1
14935,728,215588,1
14936,728,215628,0
14937,728,215590,1
14938,728,215586,3
14939,728,215620,0
14940,728,215692,1
14941,728,215654,0
14942,728,216727,0
14944,728,215589,1
14945,728,213723,0
14946,728,215648,1
14947,728,215702,0
14948,728,215698,1
14949,728,213732,0
14950,728,215726,0
14952,728,215587,1
14953,728,215637,0
14954,728,215718,0
14955,729,216669,1
14956,729,216505,0
14957,729,216708,1
14958,729,216632,3
14959,729,216470,0
14960,729,216371,1
14961,729,216518,0
14962,729,216680,1
14963,729,216487,0
14964,729,216342,1
14965,729,216355,1
14966,729,216529,0
14967,729,216645,1
14968,729,216299,0
14969,729,216496,0
14970,730,216574,1
14971,730,216437,0
14972,730,216613,1
14973,730,216537,3
14974,730,216407,0
14975,730,216363,1
14976,730,216452,0
14977,730,216585,1
14978,730,216418,0
14979,730,216336,1
14980,730,216348,1
14981,730,216462,0
14982,730,216550,1
14983,730,216286,0
14984,730,216428,0
14985,731,213262,1
14986,731,213236,0
14987,731,213264,1
14988,731,213246,0
14989,731,213265,3
14990,731,213228,0
14991,731,213380,1
14992,731,213263,1
14993,731,212999,0
14994,731,213431,1
14995,731,212454,0
14996,731,213386,1
14997,731,213458,0
14998,731,213261,1
14999,731,212445,0
15000,731,213443,0
15001,732,213570,1
15002,732,213512,0
15003,732,213572,1
15004,732,213475,0
15005,732,213568,3
15006,732,213489,0
15008,732,213571,1
15009,732,213500,0
15010,732,213525,1
15011,732,213627,1
15012,732,213631,0
15014,732,213569,1
15015,732,213536,0
15016,733,206875,1
15017,733,206554,0
15018,733,206878,1
15019,733,206330,0
15020,733,206876,3
15021,733,206265,0
15022,733,206431,0
15023,733,206542,1
15024,733,208686,0
15025,733,206877,1
15026,733,206420,0
15027,733,208694,0
15028,733,211035,0
15029,733,274328,0
15030,733,206407,1
15031,733,205657,0
15032,733,208182,0
15033,733,206439,1
15034,733,206879,1
15035,733,206535,0
15036,734,209607,1
15037,734,209535,0
15038,734,209609,1
15039,734,209502,0
15040,734,209605,3
15041,734,209470,0
15042,734,209510,0
15043,734,209545,1
15044,734,209747,0
15045,734,209608,1
15046,734,206824,0
15047,734,209481,0
15048,734,209755,0
15049,734,209493,1
15050,734,209462,1
15051,734,209606,1
15052,734,209552,0
15053,735,178321,1
15054,735,178931,0
15055,735,179592,0
15056,735,178323,1
15057,735,178731,0
15058,735,178942,0
15059,735,179590,0
15060,735,179871,0
15061,735,179924,0
15062,735,178324,3
15063,735,178739,0
15064,735,179589,0
15065,735,179241,1
15066,735,178704,0
15067,735,178322,1
15068,735,179451,0
15069,735,179591,0
15070,735,178749,1
15071,735,179663,0
15072,735,178729,1
15073,735,178320,1
15074,735,178717,0
15075,735,179593,0
15076,736,202585,1
15077,736,202534,0
15078,736,179738,0
15079,736,179074,1
15080,736,178244,0
15081,736,179727,0
15082,736,179767,0
15083,736,179073,3
15084,736,178256,0
15085,736,178901,0
15086,736,179759,0
15088,736,178923,1
15089,736,178460,0
15090,736,179718,0
15091,736,179789,0
15092,736,179075,1
15093,736,178191,0
15094,736,178220,0
15095,736,179697,0
15096,736,178283,1
15097,736,178187,0
15098,736,179687,0
15099,736,179749,0
15100,736,179880,0
15101,736,179925,0
15102,736,178229,1
15103,736,179769,0
15104,736,202586,1
15105,736,202565,0
15106,736,202583,0
15107,736,202625,0
15109,737,179209,1
15110,737,178584,0
15111,737,179211,1
15112,737,178633,0
15113,737,179212,3
15114,737,178646,0
15115,737,178645,1
15117,737,179210,1
15118,737,178612,0
15119,737,178665,1
15120,737,178621,1
15121,737,179208,1
15122,737,178594,0
15123,738,177359,1
15124,738,176869,0
15125,738,177016,0
15126,738,177130,0
15127,738,177349,0
15128,738,177354,0
15129,738,177804,0
15130,738,202283,0
15131,738,274124,0
15132,738,202166,1
15133,738,202069,0
15134,738,202108,0
15135,738,202133,0
15136,738,202162,0
15137,738,202163,0
15138,738,202272,0
15139,738,177357,3
15140,738,176551,0
15141,738,176685,0
15142,738,176832,0
15143,738,177347,0
15144,738,177356,0
15145,738,177807,0
15146,738,274129,0
15147,738,176735,1
15148,738,176601,0
15149,738,177360,1
15150,738,176607,0
15151,738,176741,0
15152,738,177350,0
15153,738,177353,0
15154,738,177805,0
15155,738,274138,0
15156,738,177124,1
15157,738,176590,0
15158,738,176724,0
15159,738,177010,0
15160,738,274147,0
15161,738,202103,1
15162,738,202025,0
15163,738,202032,0
15164,738,202053,0
15165,738,202126,0
15166,738,202165,1
15167,738,202161,0
15168,738,202164,0
15169,738,202271,0
15170,739,177332,1
15171,739,176870,0
15172,739,176901,0
15173,739,177070,0
15174,739,177339,0
15175,739,177344,0
15176,739,177809,0
15177,739,274172,0
15178,739,177335,1
15179,739,176887,0
15180,739,176986,0
15181,739,177091,0
15182,739,177341,0
15183,739,177342,0
15184,739,177811,0
15185,739,177333,3
15186,739,176349,0
15187,739,176354,0
15188,739,176831,0
15189,739,177337,0
15190,739,177346,0
15191,739,177812,0
15192,739,274181,0
15193,739,176482,1
15194,739,176483,0
15195,739,177334,1
15196,739,176502,0
15197,739,176508,0
15198,739,177340,0
15199,739,177343,0
15200,739,177810,0
15201,739,274190,0
15202,739,176868,1
15203,739,176434,0
15204,739,176442,0
15205,739,176446,0
15206,739,176449,0
15207,739,177063,0
15208,739,177976,0
15209,739,177979,0
15210,739,274199,0
15211,739,274203,0
15212,739,202109,1
15213,739,201982,0
15214,739,201983,0
15215,739,202052,0
15216,739,202060,0
15217,739,177336,1
15218,739,177338,0
15219,739,177345,0
15220,739,202273,0
15221,740,175663,1
15222,740,176259,0
15223,740,175665,1
15224,740,176261,0
15225,740,175666,3
15226,740,176262,0
15227,740,175664,1
15228,740,176260,0
15229,740,175662,1
15230,740,176258,0
15231,741,176130,1
15232,741,176132,1
15233,741,176128,3
15234,741,176131,1
15235,741,175931,0
15236,741,176129,1
15237,741,175923,0
15238,742,172583,1
15240,742,201633,3
15241,742,172444,1
15242,742,172585,1
15243,742,172354,1
15244,742,172384,1
15245,742,172587,1
15246,743,173105,1
15247,743,173107,1
15248,743,173103,3
15249,743,172925,1
15250,743,172707,0
15251,743,173106,1
15252,743,173003,1
15253,743,172854,0
15254,743,173257,0
15256,743,172658,1
15257,743,172932,0
15258,743,173104,1
15259,742,172586,1
15287,747,206953,1
15288,747,206958,0
15289,747,206963,0
15290,747,206955,1
15291,747,206960,0
15292,747,206965,0
15293,747,206951,3
15294,747,206956,0
15295,747,206961,0
15296,747,207031,1
15297,747,207034,0
15298,747,206954,1
15299,747,206959,0
15300,747,206964,0
15301,747,207056,1
15302,747,207032,0
15303,747,207033,1
15304,747,207058,0
15305,747,206952,1
15306,747,206957,0
15307,747,206962,0
15308,748,209868,1
15309,748,209824,0
15310,748,209860,0
15311,748,209866,1
15312,748,209822,0
15313,748,209858,0
15314,748,209835,3
15315,748,209826,0
15316,748,209862,0
15317,748,209867,1
15318,748,209823,0
15319,748,209859,0
15320,748,209910,1
15321,748,209911,0
15322,748,209869,1
15323,748,209825,0
15324,748,209861,0
15325,749,206983,1
15326,749,206985,1
15327,749,206981,3
15328,749,207070,1
15329,749,207067,0
15330,749,206984,1
15331,749,207074,1
15332,749,207068,0
15333,749,207072,1
15334,749,207075,0
15335,749,206982,1
15336,750,209846,1
15337,750,209844,1
15338,750,209848,3
15339,750,209845,1
15340,750,209909,1
15341,750,209908,0
15342,750,209847,1
15343,751,206938,1
15344,751,207084,0
15345,751,206940,1
15346,751,207086,0
15347,751,206936,3
15348,751,207082,0
15349,751,207007,1
15350,751,207037,0
15351,751,206939,1
15352,751,207085,0
15353,751,207017,1
15354,751,207038,0
15355,751,207039,1
15356,751,207021,0
15357,751,206937,1
15358,751,207083,0
15359,752,209889,1
15360,752,209819,0
15361,752,209884,1
15362,752,209817,0
15363,752,209891,3
15364,752,209821,0
15365,752,209885,1
15366,752,209818,0
15367,752,209904,1
15368,752,209905,0
15369,752,209890,1
15370,752,209820,0
15371,753,206987,1
15372,753,206990,1
15373,753,206989,3
15374,753,207093,1
15375,753,206988,1
15376,753,207094,1
15377,753,207108,1
15378,753,206986,1
15379,754,209864,1
15380,754,209856,1
15381,754,209857,3
15382,754,209863,1
15383,754,209897,1
15384,754,209865,1
15385,755,206948,1
15386,755,206950,1
15387,755,206946,3
15388,755,207053,1
15389,755,207044,0
15390,755,206949,1
15391,755,207046,1
15392,755,207043,0
15393,755,207054,1
15394,755,207048,0
15395,755,206947,1
15396,756,209842,1
15397,756,209836,1
15398,756,209878,3
15399,756,209837,1
15400,756,209903,1
15401,756,209902,0
15402,756,209843,1
15403,757,206967,1
15404,757,206972,0
15405,757,206977,0
15406,757,206970,1
15407,757,206975,0
15408,757,206980,0
15409,757,206969,3
15410,757,206974,0
15411,757,206979,0
15412,757,207064,1
15413,757,207061,0
15414,757,206968,1
15415,757,206973,0
15416,757,206978,0
15417,757,207088,1
15418,757,207062,0
15419,757,207063,1
15420,757,207092,0
15421,757,206966,1
15422,757,206971,0
15423,757,206976,0
15424,758,209887,1
15425,758,209830,0
15426,758,209838,0
15427,758,209840,1
15428,758,209832,0
15429,758,209849,0
15430,758,209841,3
15431,758,209833,0
15432,758,209850,0
15433,758,209886,1
15434,758,209834,0
15435,758,209851,0
15436,758,209901,1
15437,758,209900,0
15438,758,209888,1
15439,758,209831,0
15440,758,209839,0
15441,759,206933,1
15442,759,206935,1
15443,759,206931,3
15444,759,207010,1
15445,759,206934,1
15446,759,207011,1
15447,759,207024,1
15448,759,206932,1
15449,760,209894,1
15450,760,209892,1
15451,760,209896,3
15452,760,209893,1
15453,760,209906,1
15454,760,209895,1
15455,761,179436,1
15456,761,179438,1
15457,761,179434,3
15458,761,179437,1
15459,761,179269,1
15463,761,179435,1
15464,762,179431,1
15465,762,179433,1
15466,762,179429,3
15467,762,179432,1
15468,762,179250,1
15469,762,179430,1
15470,763,179395,1
15471,763,179400,0
15472,763,179405,0
15473,763,179397,1
15474,763,179402,0
15475,763,179407,0
15476,763,179393,3
15477,763,179398,0
15478,763,179403,0
15479,763,179277,1
15480,763,179280,0
15483,763,179396,1
15484,763,179401,0
15485,763,179406,0
15486,763,179278,1
15487,763,179281,0
15490,763,179279,1
15491,763,179282,0
15494,763,179394,1
15495,763,179399,0
15496,763,179404,0
15497,764,179390,1
15498,764,179392,1
15499,764,179388,3
15500,764,179274,1
15504,764,179391,1
15505,764,179275,1
15509,764,179276,1
15513,764,179389,1
15514,765,179373,1
15515,765,179368,0
15516,765,179375,1
15517,765,179370,0
15518,765,179371,3
15519,765,179366,0
15520,765,179265,1
15523,765,179374,1
15524,765,179369,0
15525,765,179266,1
15528,765,202599,1
15531,765,179372,1
15532,765,179367,0
15533,766,179361,3
15534,766,179243,1
15537,766,179364,1
15538,766,179244,1
15541,766,179251,1
15542,766,179245,0
15545,766,179362,1
15546,767,179358,1
15547,767,179360,1
15548,767,202606,3
15549,767,179260,1
15553,767,179359,1
15554,767,202598,1
15559,767,179262,1
15563,767,179357,1
15564,768,179327,1
15565,768,179322,0
15566,768,179334,0
15567,768,179329,1
15568,768,179324,0
15569,768,179336,0
15570,768,202603,3
15571,768,202602,0
15572,768,202604,0
15573,768,179255,1
15574,768,179252,0
15577,768,179328,1
15578,768,179323,0
15579,768,179335,0
15580,768,179256,1
15581,768,179253,0
15584,768,179257,1
15585,768,179254,0
15588,768,179326,1
15589,768,179321,0
15590,768,179333,0
15591,769,179317,1
15592,769,179319,1
15593,769,179315,3
15594,769,179268,1
15598,769,179318,1
15599,769,179270,1
15603,769,179316,1
15604,769,179269,1
15605,770,173324,1
15606,770,173360,1
15607,770,179462,0
15608,770,173288,3
15609,770,173342,1
15610,770,173373,1
15611,770,173306,1
15612,771,174060,1
15613,771,174078,1
15614,771,201779,3
15615,771,201780,1
15616,771,177964,1
15617,771,201781,1
15618,772,173471,1
15619,772,173477,0
15620,772,173572,0
15621,772,173496,1
15622,772,173502,0
15623,772,173613,0
15624,772,179460,0
15625,772,179461,0
15626,772,173451,3
15627,772,173452,0
15628,772,173538,0
15629,772,173509,1
15630,772,173527,0
15631,772,173485,1
15632,772,173491,0
15633,772,173601,0
15634,772,177932,0
15635,772,177936,0
15636,772,173513,1
15637,772,173532,0
15638,772,173517,1
15639,772,173522,0
15640,772,173459,1
15641,772,173465,0
15642,772,173560,0
15668,774,173326,1
15669,774,173399,0
15670,774,173362,1
15671,774,173424,0
15672,774,179463,0
15673,774,173290,3
15674,774,173387,0
15675,774,173435,1
15676,774,173344,1
15677,774,173405,0
15678,774,177934,0
15679,774,173436,1
15680,774,173441,1
15681,774,201700,1
15682,774,201711,0
15683,775,201773,3
15684,775,173968,1
15686,775,173973,1
15687,775,177963,1
15688,775,173979,0
15689,775,201776,1
15690,776,173578,1
15691,776,173619,1
15692,776,179459,0
15693,776,201721,3
15694,776,173637,1
15695,776,201729,1
15696,776,202309,0
15697,776,173632,1
15698,776,173627,1
15699,776,201726,1
15700,777,173850,1
15701,777,173714,0
15702,777,173720,0
15703,777,173863,1
15704,777,173670,0
15705,777,173676,0
15706,777,179456,0
15707,777,179457,0
15708,777,173833,3
15709,777,173703,0
15710,777,173709,0
15711,777,173802,1
15712,777,173789,0
15713,777,173839,1
15714,777,173692,0
15715,777,173698,0
15716,777,177929,0
15717,777,177940,0
15718,777,173807,1
15719,777,173793,0
15720,777,173812,1
15721,777,173797,0
15722,777,173888,1
15723,777,173681,0
15724,777,173687,0
15725,778,173325,1
15726,778,173361,1
15727,778,201696,3
15728,778,173372,1
15729,778,173343,1
15730,778,173379,1
15731,778,201699,1
15732,779,173321,1
15733,779,173357,1
15734,779,173287,3
15735,779,173339,1
15736,779,177935,0
15737,779,173303,1
15738,780,174059,1
15739,780,174077,1
15740,780,174064,3
15741,780,173967,1
15742,780,174071,1
15743,780,173972,1
15744,780,173978,1
15745,780,174083,1
15746,781,201718,1
15747,781,201719,0
15748,781,201727,0
15749,781,173495,1
15750,781,173501,0
15751,781,173612,0
15752,781,173449,3
15753,781,173450,0
15754,781,173537,0
15755,781,173508,1
15756,781,173526,0
15757,781,173484,1
15758,781,173490,0
15759,781,173600,0
15760,781,173512,1
15761,781,173531,0
15762,781,173516,1
15763,781,173521,0
15764,781,201716,1
15765,781,201717,0
15766,781,201725,0
15767,782,173854,1
15768,782,173821,3
15769,782,173903,1
15770,782,173826,1
15771,782,177930,0
15772,782,173907,1
15773,782,173911,1
15774,782,201749,1
15775,783,201704,1
15776,783,201712,0
15777,783,173359,1
15778,783,173423,0
15779,783,201695,3
15780,783,201709,0
15781,783,173433,1
15782,783,173341,1
15783,783,173404,0
15784,783,173434,1
15785,783,173440,1
15786,783,173304,1
15787,783,173392,0
15790,784,201772,3
15791,784,174028,1
15792,784,174040,1
15793,785,173577,1
15794,785,173618,1
15795,785,201720,3
15796,785,173636,1
15797,785,173606,1
15798,785,173631,1
15799,785,173626,1
15800,785,173565,1
15801,786,173849,1
15802,786,173713,0
15803,786,173719,0
15804,786,173862,1
15805,786,173669,0
15806,786,173675,0
15807,786,173832,3
15808,786,173702,0
15809,786,173708,0
15810,786,173801,1
15811,786,173788,0
15812,786,173838,1
15813,786,173691,0
15814,786,173697,0
15815,786,173806,1
15816,786,173792,0
15817,786,173811,1
15818,786,173796,0
15819,786,173887,1
15820,786,173680,0
15821,786,173686,0
15822,787,173322,1
15823,787,173358,1
15824,787,173285,3
15825,787,173370,1
15826,787,173340,1
15827,787,173371,1
15828,787,173378,1
15829,787,173305,1
15830,788,173318,1
15831,788,173354,1
15832,788,173284,3
15833,788,173368,1
15834,788,201706,1
15835,788,173369,1
15836,788,173377,1
15837,788,173300,1
15838,789,174058,1
15839,789,174076,1
15840,789,174063,3
15841,789,174070,1
15842,789,174082,1
15843,790,173469,1
15844,790,173475,0
15845,790,173570,0
15846,790,173494,1
15847,790,173500,0
15848,790,173611,0
15849,790,173447,3
15850,790,173448,0
15851,790,173536,0
15852,790,173505,1
15853,790,173525,0
15854,790,173483,1
15855,790,173489,0
15856,790,173599,0
15857,790,173511,1
15858,790,173530,0
15859,790,173515,1
15860,790,173520,0
15861,790,173457,1
15862,790,173463,0
15863,790,173558,0
15864,791,173842,1
15865,791,173853,1
15866,791,173820,3
15867,791,173902,1
15868,791,173825,1
15869,791,173906,1
15870,791,173910,1
15871,791,173880,1
15872,792,173320,1
15873,792,173397,0
15874,792,173356,1
15875,792,173422,0
15876,792,201694,3
15877,792,201708,0
15878,792,173431,1
15879,792,201707,1
15880,792,201713,0
15881,792,173432,1
15882,792,173439,1
15883,792,201698,1
15884,792,201710,0
15885,793,201771,3
15886,793,173966,1
15887,793,174027,1
15888,793,173971,1
15889,793,173977,1
15890,793,201775,1
15891,794,173576,1
15892,794,173617,1
15893,794,173542,3
15894,794,173635,1
15895,794,173605,1
15896,794,173630,1
15897,794,173625,1
15898,794,173564,1
15899,795,173848,1
15900,795,173712,0
15901,795,173718,0
15902,795,173861,1
15903,795,173668,0
15904,795,173674,0
15905,795,173831,3
15906,795,173701,0
15907,795,173707,0
15908,795,173800,1
15909,795,173787,0
15910,795,201748,1
15911,795,201732,0
15912,795,201734,0
15913,795,173805,1
15914,795,173791,0
15915,795,173810,1
15916,795,173795,0
15917,795,173886,1
15918,795,173679,0
15919,795,173685,0
15920,796,201703,1
15921,796,173355,1
15922,796,173282,3
15923,796,173337,1
15924,796,173302,1
15925,797,173315,1
15926,797,173351,1
15927,797,173281,3
15928,797,173366,1
15929,797,173333,1
15930,797,173367,1
15931,797,175442,0
15932,797,173376,1
15933,797,173297,1
15934,798,174057,1
15935,798,174075,1
15936,798,174067,3
15937,798,174069,1
15938,798,174081,1
15939,799,173468,1
15940,799,173474,0
15941,799,173569,0
15942,799,173493,1
15943,799,173499,0
15944,799,173610,0
15945,799,173445,3
15946,799,173446,0
15947,799,173535,0
15948,799,173507,1
15949,799,173524,0
15950,799,173482,1
15951,799,173488,0
15952,799,173581,0
15953,799,173506,1
15954,799,173529,0
15955,799,175443,0
15956,799,175444,0
15957,799,173504,1
15958,799,173519,0
15959,799,173456,1
15960,799,173462,0
15961,799,173557,0
15962,800,173841,1
15963,800,173852,1
15964,800,173819,3
15965,800,173898,1
15966,800,201744,1
15967,800,173899,1
15968,800,175440,0
15969,800,173901,1
15970,800,173879,1
15971,773,173844,1
15972,773,173855,1
15973,773,179458,0
15974,773,173822,3
15975,773,173904,1
15976,773,173827,1
15977,773,173908,1
15978,773,173912,1
15979,773,173882,1
15980,801,173317,1
15981,801,173396,0
15982,801,173353,1
15983,801,173421,0
15984,801,173280,3
15985,801,173384,0
15986,801,173426,1
15987,801,173335,1
15988,801,173402,0
15989,801,173430,1
15990,801,175441,0
15991,801,173429,1
15992,801,173298,1
15993,801,173390,0
15994,802,174013,1
15995,802,174032,1
15996,802,201770,3
15997,802,173965,1
15998,802,174026,1
15999,802,174029,0
16000,802,173970,1
16001,802,175446,0
16002,802,173976,1
16003,802,174038,1
16004,803,173575,1
16005,803,173616,1
16006,803,173541,3
16007,803,173634,1
16008,803,173604,1
16009,803,173629,1
16010,803,175445,0
16011,803,173624,1
16012,803,173563,1
16013,804,173847,1
16014,804,173711,0
16015,804,173717,0
16016,804,173860,1
16017,804,173667,0
16018,804,173673,0
16019,804,201746,3
16020,804,201735,0
16021,804,201737,0
16022,804,173799,1
16023,804,173722,0
16024,804,173836,1
16025,804,173689,0
16026,804,173695,0
16027,804,173804,1
16028,804,173723,0
16029,804,175438,0
16030,804,175439,0
16031,804,173809,1
16032,804,173724,0
16033,804,173885,1
16034,804,173678,0
16035,804,173684,0
16036,805,201702,1
16037,805,173352,1
16038,805,173279,3
16039,805,173334,1
16040,805,173299,1
16041,806,173312,1
16042,806,173348,1
16043,806,173276,3
16044,806,173330,1
16045,806,173294,1
16046,807,174056,1
16047,807,174074,1
16048,807,174062,3
16049,807,174068,1
16050,807,174080,1
16051,808,173467,1
16052,808,173473,0
16053,808,173568,0
16054,808,173481,1
16055,808,173498,0
16056,808,173609,0
16057,808,173443,3
16058,808,173444,0
16059,808,173534,0
16060,808,173480,1
16061,808,173487,0
16062,808,173580,0
16063,808,173455,1
16064,808,173461,0
16065,808,173556,0
16066,809,173815,1
16068,809,173817,1
16069,809,173818,3
16070,809,173816,1
16071,809,173814,1
16072,810,173314,1
16073,810,173395,0
16074,810,173350,1
16075,810,173420,0
16076,810,173278,3
16077,810,173383,0
16078,810,173332,1
16079,810,173401,0
16080,810,173295,1
16081,810,173389,0
16082,811,174012,1
16083,811,174031,1
16084,811,201769,3
16085,811,201774,1
16086,811,174037,1
16087,812,173574,1
16088,812,173615,1
16089,812,173540,3
16090,812,173603,1
16091,812,173562,1
16092,813,173846,1
16093,813,173663,0
16094,813,173716,0
16095,813,173859,1
16096,813,173665,0
16097,813,173672,0
16098,813,201745,3
16099,813,201731,0
16100,813,201736,0
16101,813,201747,1
16102,813,201730,0
16103,813,201733,0
16104,813,173884,1
16105,813,173662,0
16106,813,173683,0
16107,814,201701,1
16108,814,173349,1
16109,814,173277,3
16110,814,201705,1
16111,814,201697,1
16112,815,215405,1
16113,815,215573,0
16114,815,215577,0
16115,815,215627,0
16116,815,215408,1
16117,815,215575,0
16118,815,215580,0
16119,815,215407,3
16120,815,215571,0
16121,815,215579,0
16122,815,215623,0
16124,815,215653,1
16125,815,215699,0
16126,815,216726,0
16127,815,215406,1
16128,815,213722,0
16129,815,215574,0
16130,815,215578,0
16131,815,215645,1
16132,815,215694,0
16133,815,215725,1
16134,815,213731,0
16135,815,215712,0
16136,815,215404,1
16137,815,215572,0
16138,815,215576,0
16139,815,215635,0
16140,816,216661,1
16141,816,216504,0
16142,816,216665,0
16143,816,216667,0
16144,816,216711,1
16145,816,216714,0
16146,816,216715,0
16147,816,216631,3
16148,816,216473,0
16149,816,216633,0
16150,816,216636,0
16151,816,216517,0
16152,816,216346,1
16153,816,216681,1
16154,816,216684,0
16155,816,216685,0
16156,816,216483,0
16157,816,216358,1
16159,816,216528,0
16160,816,216306,1
16161,816,216651,1
16162,816,216490,0
16163,816,216647,0
16164,816,216655,0
16165,817,216566,1
16166,817,216441,0
16167,817,216570,0
16168,817,216572,0
16169,817,274229,0
16170,817,216616,1
16171,817,216619,0
16172,817,216620,0
16173,817,216536,3
16174,817,216411,0
16175,817,216538,0
16176,817,216541,0
16177,817,216457,0
16178,817,216340,1
16179,817,216586,1
16180,817,216589,0
16181,817,216590,0
16182,817,216423,0
16183,817,216351,1
16184,817,216466,0
16185,817,216295,1
16186,817,216556,1
16187,817,216432,0
16188,817,216552,0
16189,817,216560,0
16190,818,213301,1
16191,818,213251,0
16192,818,213296,0
16193,818,213306,0
16194,818,213304,1
16195,818,213241,0
16196,818,213299,0
16197,818,213309,0
16198,818,213303,3
16199,818,213232,0
16200,818,213298,0
16201,818,213308,0
16202,818,213376,1
16203,818,213302,1
16204,818,213297,0
16205,818,213307,0
16206,818,213445,0
16207,818,213219,1
16208,818,212457,0
16210,818,213438,1
16211,818,213384,0
16212,818,213300,1
16213,818,212448,0
16214,818,213255,0
16215,818,213295,0
16216,818,213305,0
16217,819,213559,1
16218,819,213483,0
16219,819,213555,0
16220,819,213564,0
16221,819,213562,1
16222,819,213518,0
16223,819,213557,0
16224,819,213567,0
16225,819,213561,3
16226,819,213495,0
16227,819,213553,0
16228,819,213566,0
16230,819,213560,1
16231,819,213541,0
16232,819,213556,0
16233,819,213565,0
16234,819,213506,1
16235,819,213531,1
16236,819,213636,0
16237,819,213558,1
16238,819,213482,0
16239,819,213554,0
16240,819,213563,0
16241,820,206853,1
16242,820,206404,0
16243,820,206813,0
16244,820,206858,0
16245,820,206862,0
16246,820,206855,1
16247,820,206327,0
16248,820,206530,0
16249,820,206860,0
16250,820,206865,0
16251,820,206852,3
16252,820,206423,0
16253,820,206857,0
16254,820,206863,0
16255,820,211024,0
16256,820,271297,0
16257,820,274339,0
16258,820,208203,0
16259,820,206412,1
16260,820,208195,0
16261,820,208690,0
16262,820,206854,1
16263,820,206438,0
16264,820,206859,0
16265,820,206864,0
16266,820,208698,0
16267,820,205868,1
16268,820,206548,0
16269,820,206515,1
16270,820,206856,1
16271,820,206560,0
16272,820,206861,0
16273,820,206866,0
16274,821,209596,1
16275,821,209496,0
16276,821,209591,0
16277,821,209601,0
16278,821,209599,1
16280,821,209505,0
16281,821,209594,0
16282,821,209604,0
16283,821,209598,3
16284,821,204670,0
16285,821,209478,0
16286,821,209593,0
16287,821,209603,0
16288,821,209751,1
16289,821,204648,0
16290,821,209488,0
16291,821,209597,1
16292,821,209463,0
16293,821,209592,0
16294,821,209602,0
16295,821,209760,0
16296,821,209541,1
16297,821,206829,0
16298,821,209457,1
16299,821,209595,1
16300,821,209529,0
16301,821,209590,0
16302,821,209600,0
16303,822,178760,1
16304,822,178314,0
16305,822,178755,0
16306,822,179467,0
16307,822,179576,0
16308,822,179581,0
16309,822,179586,0
16310,822,178758,1
16311,822,178319,0
16312,822,178753,0
16313,822,179441,0
16314,822,179574,0
16315,822,179583,0
16316,822,179588,0
16317,822,178762,3
16318,822,178312,0
16319,822,178757,0
16320,822,178937,0
16321,822,179578,0
16322,822,179579,0
16323,822,179584,0
16324,822,178734,1
16325,822,178759,1
16326,822,178315,0
16327,822,178744,0
16328,822,178754,0
16329,822,179575,0
16330,822,179582,0
16331,822,179587,0
16332,822,178723,1
16333,822,178916,1
16335,822,178761,1
16336,822,178313,0
16337,822,178756,0
16338,822,179577,0
16339,822,179580,0
16340,822,179585,0
16341,822,179667,0
16342,822,179874,0
16343,822,179919,0
16344,823,179066,1
16345,823,178246,0
16346,823,179060,0
16347,823,179072,0
16348,823,179063,1
16349,823,178332,0
16350,823,179058,0
16351,823,179070,0
16352,823,179064,3
16353,823,178226,0
16354,823,178904,0
16355,823,179062,0
16356,823,179068,0
16357,823,178924,1
16358,823,178281,0
16359,823,179065,1
16360,823,178188,0
16361,823,178259,0
16362,823,179059,0
16363,823,179069,0
16364,823,178627,1
16365,823,178184,0
16366,823,178234,0
16368,823,178463,1
16369,823,179067,1
16370,823,178212,0
16371,823,178912,0
16372,823,179061,0
16373,823,179071,0
16375,824,179219,1
16376,824,178638,0
16377,824,179213,0
16378,824,179225,0
16379,824,179222,1
16380,824,178668,0
16381,824,179215,0
16382,824,179227,0
16383,824,179221,3
16384,824,178615,0
16385,824,202595,0
16386,824,202596,0
16387,824,178660,1
16388,824,212549,0
16389,824,179220,1
16390,824,178652,0
16391,824,179216,0
16392,824,179226,0
16393,824,178603,1
16394,824,179882,0
16395,824,179931,0
16396,824,179218,1
16397,824,178591,0
16398,824,179214,0
16399,824,179224,0
16400,825,177298,1
16401,825,176875,0
16402,825,176916,0
16403,825,177081,0
16404,825,177212,0
16405,825,177218,0
16406,825,177225,0
16407,825,177242,0
16408,825,177248,0
16409,825,177255,0
16410,825,177288,0
16411,825,177295,0
16412,825,202263,0
16413,825,202264,0
16414,825,202267,0
16415,825,274175,0
16416,825,177301,1
16417,825,176848,0
16418,825,176895,0
16419,825,177055,0
16420,825,177215,0
16421,825,177221,0
16422,825,177222,0
16423,825,177245,0
16424,825,177251,0
16425,825,177252,0
16426,825,177291,0
16427,825,177292,0
16428,825,177772,0
16429,825,177780,0
16430,825,177792,0
16431,825,177300,3
16432,825,176437,0
16433,825,176439,0
16434,825,176838,0
16435,825,177213,0
16436,825,177220,0
16437,825,177223,0
16438,825,177243,0
16439,825,177250,0
16440,825,177253,0
16441,825,177290,0
16442,825,177293,0
16443,825,177771,0
16444,825,177782,0
16445,825,177791,0
16448,825,274184,0
16449,825,177060,1
16450,825,176472,0
16451,825,176476,0
16452,825,176859,0
16453,825,202160,1
16454,825,202006,0
16455,825,202009,0
16456,825,202140,0
16457,825,202141,0
16458,825,202142,0
16459,825,202146,0
16460,825,202147,0
16461,825,202148,0
16462,825,202158,0
16463,825,202159,0
16464,825,177770,0
16465,825,177781,0
16466,825,202268,0
16467,825,274193,0
16468,825,176375,1
16469,825,176376,0
16470,825,274202,0
16472,825,176414,1
16473,825,176407,0
16474,825,176819,0
16475,825,177297,1
16476,825,177216,0
16477,825,177217,0
16478,825,177226,0
16479,825,177246,0
16480,825,177247,0
16481,825,177256,0
16482,825,177287,0
16483,825,177296,0
16484,825,202262,0
16485,825,202265,0
16486,825,177788,0
16487,826,202152,1
16488,826,176876,0
16489,826,177026,0
16490,826,177144,0
16491,826,177228,0
16492,826,177235,0
16493,826,177238,0
16494,826,177258,0
16495,826,177265,0
16496,826,177268,0
16497,826,202154,0
16498,826,202157,0
16499,826,177764,0
16500,826,177773,0
16501,826,202266,0
16502,826,274121,0
16503,826,177275,1
16504,826,176893,0
16505,826,177002,0
16506,826,177116,0
16507,826,177231,0
16508,826,177232,0
16509,826,177241,0
16510,826,177261,0
16511,826,177262,0
16512,826,177271,0
16513,826,177281,0
16514,826,177282,0
16515,826,177767,0
16516,826,177775,0
16517,826,177787,0
16518,826,177273,3
16519,826,176586,0
16520,826,176720,0
16521,826,176837,0
16522,826,177230,0
16523,826,177233,0
16524,826,177240,0
16525,826,177260,0
16526,826,177263,0
16527,826,177270,0
16528,826,177280,0
16529,826,177283,0
16530,826,177766,0
16531,826,177777,0
16532,826,177786,0
16533,826,274132,0
16534,826,202128,1
16535,826,202027,0
16536,826,202034,0
16537,826,202105,0
16538,826,202153,1
16539,826,202036,0
16540,826,202143,0
16541,826,202144,0
16542,826,202145,0
16543,826,202149,0
16544,826,202150,0
16545,826,202151,0
16546,826,202155,0
16547,826,202156,0
16548,826,177765,0
16549,826,177776,0
16550,826,177785,0
16551,826,274141,0
16552,826,176561,1
16553,826,176695,0
16554,826,274149,0
16555,826,274150,0
16556,826,176574,1
16557,826,176708,0
16558,826,176820,0
16559,826,177276,1
16560,826,177227,0
16561,826,177236,0
16562,826,177237,0
16563,826,177257,0
16564,826,177266,0
16565,826,177267,0
16566,826,177277,0
16567,826,177286,0
16568,826,177763,0
16569,826,177774,0
16570,826,177783,0
16571,827,201877,1
16572,827,175648,0
16573,827,175652,0
16574,827,201954,0
16575,827,176248,0
16576,827,176294,0
16577,827,175661,1
16578,827,175651,0
16579,827,175654,0
16580,827,176251,0
16581,827,176254,0
16582,827,176255,0
16583,827,175660,3
16584,827,175650,0
16585,827,175656,0
16586,827,176252,0
16587,827,176253,0
16588,827,176257,0
16589,827,175659,1
16590,827,201875,0
16591,827,201876,0
16592,827,201920,0
16593,827,201955,0
16594,827,176250,0
16595,827,201956,0
16596,827,175657,1
16597,827,175647,0
16598,827,175653,0
16599,827,175926,0
16600,827,176245,0
16601,827,176246,0
16602,827,176293,0
16603,828,176147,1
16604,828,201941,0
16605,828,201942,0
16606,828,176143,1
16607,828,176172,0
16608,828,176181,0
16609,828,176145,3
16610,828,176171,0
16611,828,176179,0
16612,828,176146,1
16613,828,176170,0
16614,828,176177,0
16615,828,176144,1
16616,828,176168,0
16617,828,176174,0
16618,829,201630,1
16619,829,172559,0
16620,829,172569,0
16621,829,172576,1
16622,829,172566,0
16623,829,172572,0
16624,829,172574,3
16625,829,172564,0
16626,829,172571,0
16627,829,172405,1
16628,829,201631,1
16629,829,201628,0
16630,829,201629,0
16631,829,172342,1
16632,829,172388,1
16633,829,172577,1
16634,829,172567,0
16635,829,172568,0
16636,830,201672,1
16637,830,173069,0
16638,830,173075,0
16639,830,173094,1
16640,830,173073,0
16641,830,173078,0
16642,830,173079,3
16643,830,173071,0
16644,830,173077,0
16645,830,172867,1
16646,830,172987,0
16647,830,201673,1
16648,830,173070,0
16649,830,173076,0
16650,830,172920,1
16651,830,173027,0
16652,830,173260,0
16653,830,172970,1
16654,830,172676,0
16655,830,173080,1
16656,830,201670,0
16657,830,201671,0
16658,831,215568,1
16659,831,215548,0
16660,831,215631,0
16662,831,215570,1
16663,831,215550,0
16664,831,215687,0
16665,831,215566,3
16666,831,215546,0
16667,831,215615,0
16669,831,216731,1
16670,831,215657,0
16671,831,215701,0
16673,831,215569,1
16674,831,213719,0
16675,831,215549,0
16676,831,215643,1
16677,831,215710,0
16678,831,215722,1
16679,831,213728,0
16680,831,215719,0
16681,831,215567,1
16682,831,215547,0
16683,831,215640,0
16684,832,216668,1
16685,832,216500,0
16686,832,216658,0
16687,832,216722,1
16688,832,216386,0
16689,832,216707,0
16690,832,216634,3
16691,832,216474,0
16692,832,216630,0
16693,832,216521,0
16694,832,216343,1
16695,832,216687,1
16696,832,216678,0
16697,832,216481,0
16698,832,216318,1
16699,832,216525,0
16700,832,216300,1
16701,832,216649,1
16702,832,216491,0
16703,832,216641,0
16704,833,216573,1
16705,833,216435,0
16706,833,216563,0
16707,833,216627,1
16708,833,216381,0
16709,833,216612,0
16710,833,216539,3
16711,833,216405,0
16712,833,216535,0
16713,833,216455,0
16714,833,216337,1
16715,833,216592,1
16716,833,216583,0
16717,833,216421,0
16718,833,216311,1
16719,833,216460,0
16720,833,216296,1
16721,833,216554,1
16722,833,216426,0
16723,833,216546,0
16724,834,213191,1
16725,834,212997,0
16726,834,213269,0
16727,834,213188,1
16728,834,213271,0
16729,834,213192,3
16730,834,213267,0
16731,834,213441,0
16732,834,213377,1
16733,834,213189,1
16734,834,213001,0
16735,834,213270,0
16736,834,213245,1
16737,834,212452,0
16738,834,213170,1
16739,834,213383,0
16741,834,213190,1
16742,834,212443,0
16743,834,213225,0
16744,834,213268,0
16745,835,213550,1
16746,835,213501,0
16747,835,213545,0
16748,835,213552,1
16749,835,213547,0
16750,835,213548,3
16751,835,213537,0
16752,835,213543,0
16755,835,213551,1
16756,835,213502,0
16757,835,213546,0
16758,835,213476,1
16759,835,213538,1
16760,835,213639,0
16761,835,213549,1
16762,835,213491,0
16763,835,213544,0
16764,836,206918,1
16765,836,206544,0
16766,836,206908,0
16767,836,208700,0
16768,836,206920,1
16769,836,206811,0
16770,836,206910,0
16771,836,206916,3
16772,836,206408,0
16773,836,206906,0
16774,836,211028,0
16775,836,274335,0
16776,836,206428,1
16777,836,208181,0
16778,836,208684,0
16779,836,206919,1
16780,836,206409,0
16781,836,206909,0
16782,836,208692,0
16783,836,208194,0
16784,836,205655,0
16785,836,206417,1
16786,836,206527,0
16787,836,206264,1
16788,836,206917,1
16789,836,206907,0
16790,837,209587,1
16791,837,209519,0
16792,837,209543,0
16793,837,209582,0
16794,837,209589,1
16796,837,209584,0
16797,837,209585,3
16798,837,209492,0
16799,837,209580,0
16800,837,209473,1
16801,837,209748,0
16802,837,209588,1
16803,837,209491,0
16804,837,209583,0
16805,837,209756,0
16806,837,209483,1
16808,837,209511,1
16809,837,206822,0
16810,837,209586,1
16811,837,209581,0
16812,838,178786,1
16813,838,178302,0
16814,838,179566,0
16815,838,179571,0
16816,838,179779,0
16817,838,178784,1
16818,838,178304,0
16819,838,179564,0
16820,838,179573,0
16821,838,179713,0
16822,838,179728,0
16823,838,178788,3
16824,838,178300,0
16825,838,179568,0
16826,838,179569,0
16827,838,179758,0
16828,838,179772,0
16829,838,179699,1
16830,838,179690,0
16831,838,179739,0
16832,838,178785,1
16833,838,178303,0
16834,838,179565,0
16835,838,179572,0
16836,838,179686,0
16837,838,179719,0
16838,838,179752,0
16839,838,179685,1
16840,838,179770,0
16841,838,179757,1
16842,838,179700,0
16843,838,178787,1
16844,838,178301,0
16845,838,179567,0
16846,838,179570,0
16847,838,179703,0
16848,838,179710,0
16849,838,179750,0
16850,839,179056,1
16851,839,179050,0
16852,839,179053,1
16853,839,179048,0
16854,839,179057,3
16855,839,179052,0
16856,839,179054,1
16857,839,179049,0
16858,839,179055,1
16859,839,179051,0
16860,840,179229,1
16861,840,178609,0
16862,840,178666,0
16863,840,179235,0
16864,840,179232,1
16865,840,178624,0
16866,840,178634,0
16867,840,179237,0
16868,840,179228,3
16869,840,178585,0
16870,840,178640,0
16871,840,179233,0
16872,840,178648,1
16873,840,178595,0
16874,840,179231,1
16875,840,178589,0
16876,840,178598,0
16877,840,179236,0
16878,840,178599,1
16879,840,178608,0
16880,840,178588,1
16881,840,178623,0
16882,840,179230,1
16883,840,178647,0
16884,840,178669,0
16885,840,179234,0
16886,841,177558,1
16887,841,176861,0
16888,841,177017,0
16889,841,177131,0
16890,841,177548,0
16891,841,177553,0
16892,841,177587,0
16893,841,177592,0
16894,841,177597,0
16895,841,177865,0
16896,841,177874,0
16897,841,274127,0
16898,841,176881,0
16899,841,177550,0
16900,841,177551,0
16901,841,177560,1
16902,841,202212,0
16903,841,202213,0
16904,841,202216,0
16905,841,177867,0
16906,841,202295,0
16907,841,177556,3
16908,841,176583,0
16909,841,176717,0
16910,841,176826,0
16911,841,177546,0
16912,841,177555,0
16913,841,177585,0
16914,841,177594,0
16915,841,177595,0
16916,841,177848,0
16917,841,177863,0
16918,841,177868,0
16919,841,177873,0
16920,841,274136,0
16921,841,177012,1
16922,841,176567,0
16923,841,176701,0
16924,841,177126,0
16925,841,177559,1
16926,841,176596,0
16927,841,176730,0
16928,841,177549,0
16929,841,177552,0
16930,841,202211,0
16931,841,202214,0
16932,841,202215,0
16933,841,177866,0
16934,841,202294,0
16935,841,274145,0
16936,841,176568,1
16937,841,176702,0
16938,841,274154,0
16939,841,177011,1
16940,841,176810,0
16941,841,177125,0
16942,841,202207,1
16943,841,202104,0
16944,841,202127,0
16945,841,202205,0
16946,841,202206,0
16947,841,177586,0
16948,841,177593,0
16949,841,177596,0
16950,841,177860,0
16951,841,202293,0
16952,841,177875,0
16953,841,177910,0
16954,842,177531,1
16955,842,176863,0
16956,842,177538,0
16957,842,177543,0
16958,842,177570,0
16959,842,177577,0
16960,842,177582,0
16961,842,274178,0
16962,842,177534,1
16963,842,176883,0
16964,842,177540,0
16965,842,177541,0
16966,842,177573,0
16967,842,177579,0
16968,842,177580,0
16969,842,177872,0
16970,842,177882,0
16971,842,177532,3
16972,842,176427,0
16973,842,176431,0
16974,842,176827,0
16975,842,177536,0
16976,842,177545,0
16977,842,177571,0
16978,842,177575,0
16979,842,177584,0
16980,842,274187,0
16981,842,177057,1
16982,842,176419,0
16983,842,176422,0
16984,842,202061,0
16985,842,177533,1
16986,842,176458,0
16987,842,176467,0
16988,842,177539,0
16989,842,177542,0
16990,842,202208,0
16991,842,202209,0
16992,842,202210,0
16993,842,177871,0
16994,842,202297,0
16995,842,274196,0
16996,842,201994,1
16997,842,201995,0
16998,842,274205,0
16999,842,176355,1
17000,842,176350,0
17001,842,176809,0
17002,842,177535,1
17003,842,176540,0
17004,842,176545,0
17005,842,177537,0
17006,842,177544,0
17007,842,177574,0
17008,842,177576,0
17009,842,177583,0
17010,842,177869,0
17011,842,202296,0
17044,843,175638,1
17045,843,175644,0
17046,843,176219,0
17047,843,176222,0
17048,843,175641,1
17049,843,201874,0
17050,843,176225,0
17051,843,201953,0
17052,843,175637,3
17053,843,175642,0
17054,843,176217,0
17055,843,176218,0
17056,843,201872,1
17057,843,175645,0
17058,843,201952,0
17059,843,176224,0
17060,843,175639,1
17061,843,201873,0
17062,843,201951,0
17063,843,176221,0
17064,844,176109,1
17065,844,176104,0
17066,844,176111,1
17067,844,176106,0
17068,844,176107,3
17069,844,176101,0
17070,844,201929,1
17071,844,175928,0
17072,844,176105,0
17073,844,201928,1
17074,844,175920,0
17075,844,176103,0
17076,844,177849,0
17077,844,177899,0
17078,845,172621,1
17079,845,172615,0
17080,845,172623,1
17081,845,201641,0
17082,845,172619,1
17083,845,172613,0
17084,845,172622,3
17085,845,172616,0
17086,845,201643,1
17087,845,172614,0
17088,846,173159,1
17089,846,173148,0
17090,846,173162,1
17091,846,173151,0
17092,846,173153,1
17093,846,173145,0
17094,846,173161,3
17095,846,201680,0
17096,846,201692,1
17097,846,201682,1
17098,846,173146,0
17099,847,141320,1
17100,847,141318,0
17101,847,141326,1
17102,847,141325,0
17103,847,141322,3
17104,847,141321,0
17105,847,142679,1
17106,847,141261,0
17107,847,201398,1
17108,847,201397,0
17109,847,142691,1
17110,847,142614,0
17111,847,142578,1
17112,847,201396,1
17113,847,201395,0
17114,848,140461,1
17115,848,140466,0
17116,848,140463,1
17117,848,140468,0
17118,848,140459,3
17119,848,140464,0
17120,848,144739,0
17121,848,140378,0
17122,848,140442,1
17123,848,143579,0
17124,848,140462,1
17125,848,140467,0
17126,848,142613,1
17127,848,140377,0
17128,848,140427,0
17129,848,140837,0
17130,848,140403,1
17131,848,142861,0
17132,848,140460,1
17133,848,140465,0
17134,849,139357,1
17135,849,139367,0
17136,849,139362,1
17137,849,139369,0
17138,849,139358,3
17139,849,139365,0
17140,849,138912,1
17141,849,143681,0
17142,849,139361,1
17143,849,139368,0
17144,849,139093,1
17145,849,140987,0
17146,849,141029,0
17147,849,138848,1
17148,849,139363,1
17149,849,139366,0
17150,850,201214,1
17151,850,132818,1
17152,850,132815,3
17153,850,132821,1
17154,850,132816,1
17155,850,132819,1
17156,850,132822,1
17157,850,132820,1
17158,851,131768,1
17159,851,131769,1
17160,851,131770,3
17161,851,132222,0
17162,851,132035,1
17163,851,131771,1
17164,851,131772,1
17165,851,132055,1
17166,851,132018,1
17167,852,128638,1
17168,852,128636,1
17169,852,128641,3
17170,852,128635,1
17171,852,128637,1
17172,852,128640,1
17173,852,128634,1
17174,852,128639,1
17175,853,128549,1
17176,853,209914,0
17177,853,209921,0
17178,853,209935,0
17179,853,209938,0
17180,853,212434,0
17182,853,128551,1
17183,853,212437,0
17184,853,276294,0
17186,853,128548,3
17187,853,212436,0
17188,853,276293,0
17190,853,128547,1
17191,853,128550,1
17192,853,212435,0
17194,853,128545,1
17195,853,128544,1
17196,853,128546,1
17197,854,216174,0
17198,854,132473,1
17199,854,278877,0
17200,854,216178,0
17201,854,132472,1
17202,854,278897,0
17203,854,216181,0
17204,854,132474,3
17205,854,278893,0
17206,854,216177,0
17207,854,132469,1
17208,854,278905,0
17209,854,216175,0
17210,854,132471,1
17211,854,278886,0
17212,854,216179,0
17213,854,132475,1
17214,854,278862,0
17215,854,216176,0
17216,854,132470,1
17217,854,216180,0
17218,854,132476,1
17219,854,278870,0
17220,855,216144,0
17221,855,132464,1
17222,855,278882,0
17223,855,216147,0
17224,855,132467,1
17225,855,145458,0
17226,855,278901,0
17227,855,216146,2
17228,855,132468,1
17229,855,278895,0
17230,855,216148,0
17231,855,132461,1
17232,855,278910,0
17233,855,216145,0
17234,855,132466,1
17235,855,278890,0
17236,855,216142,0
17237,855,132463,1
17238,855,201596,0
17239,855,278866,0
17240,855,216149,0
17241,855,132462,1
17242,855,216143,0
17243,855,132465,1
17244,855,201595,0
17245,855,278873,0
17246,856,216228,0
17247,856,132413,1
17248,856,139482,0
17249,856,278883,0
17250,856,216225,0
17251,856,132416,1
17252,856,175158,0
17253,856,276287,0
17254,856,278902,0
17256,856,216226,2
17257,856,132459,1
17258,856,144628,0
17259,856,278860,0
17261,856,216229,0
17262,856,132410,1
17263,856,278909,0
17264,856,216224,0
17265,856,132417,1
17266,856,278891,0
17267,856,216223,0
17268,856,132460,1
17269,856,278867,0
17270,856,216227,0
17271,856,132411,1
17272,856,216222,0
17273,856,132415,1
17274,856,278875,0
17275,857,132405,1
17276,857,216207,0
17277,857,278879,0
17278,857,216211,0
17279,857,132408,1
17280,857,142143,0
17281,857,278899,0
17282,857,216213,2
17283,857,132409,1
17284,857,141279,0
17285,857,141641,0
17286,857,143514,0
17287,857,278857,0
17288,857,216209,0
17289,857,132402,1
17290,857,141282,0
17291,857,278906,0
17292,857,216212,0
17293,857,132407,1
17294,857,278887,0
17295,857,216206,0
17296,857,132403,1
17297,857,141799,0
17298,857,178413,0
17299,857,278863,0
17300,857,216208,0
17301,857,132404,1
17302,857,141286,0
17304,857,216210,0
17305,857,132406,1
17306,857,278871,0
17307,858,216193,0
17308,858,132508,1
17309,858,278884,0
17310,858,278963,0
17311,858,216191,0
17312,858,132511,1
17313,858,175162,0
17314,858,276267,0
17315,858,278903,0
17316,858,278960,0
17318,858,216196,2
17319,858,132512,1
17320,858,278859,0
17321,858,278964,0
17322,858,216190,0
17323,858,132505,1
17324,858,278911,0
17325,858,278958,0
17326,858,216194,0
17327,858,132510,1
17328,858,278892,0
17329,858,278959,0
17330,858,216195,0
17331,858,132506,1
17332,858,278868,0
17333,858,278961,0
17334,858,216197,0
17335,858,132507,1
17336,858,216192,0
17337,858,132509,1
17338,858,278876,0
17339,858,278962,0
17340,859,132490,1
17341,859,216256,0
17342,859,278880,0
17343,859,278994,0
17344,859,279003,0
17345,859,132492,1
17346,859,216260,0
17347,859,278900,0
17348,859,278999,0
17349,859,279005,0
17350,859,216257,2
17351,859,132488,1
17352,859,278858,0
17353,859,278995,0
17354,859,279000,0
17355,859,216255,0
17356,859,132485,1
17357,859,278908,0
17358,859,278997,0
17359,859,279006,0
17360,859,216259,0
17361,859,132491,1
17362,859,278889,0
17363,859,278998,0
17364,859,279004,0
17365,859,216254,0
17366,859,132486,1
17367,859,278864,0
17368,859,278996,0
17369,859,279001,0
17370,859,216261,0
17371,859,132487,1
17372,859,216258,0
17373,859,132489,1
17374,859,278874,0
17375,859,278993,0
17376,859,279002,0
17377,860,216238,0
17378,860,132496,1
17379,860,209168,0
17380,860,278849,0
17381,860,278992,0
17383,860,216243,0
17384,860,132500,1
17385,860,175159,0
17386,860,276290,0
17387,860,278854,0
17388,860,278987,0
17390,860,216244,2
17391,860,132501,1
17392,860,278852,0
17393,860,278989,0
17394,860,216241,0
17395,860,132497,1
17396,860,278853,0
17397,860,278988,0
17398,860,216245,0
17399,860,132499,1
17400,860,278855,0
17401,860,278986,0
17402,860,216242,0
17403,860,132495,1
17404,860,278851,0
17405,860,278990,0
17406,860,216240,0
17407,860,132494,1
17408,860,216239,0
17409,860,132498,1
17410,860,278850,0
17411,860,278991,0
17412,861,216274,0
17413,861,132399,1
17414,861,278878,0
17415,861,278982,0
17416,861,216276,0
17417,861,132401,1
17418,861,278896,0
17419,861,278979,0
17420,861,216272,2
17421,861,132397,1
17422,861,278856,0
17423,861,278984,0
17424,861,216277,0
17425,861,132394,1
17426,861,278904,0
17427,861,278980,0
17428,861,216275,0
17429,861,132400,1
17430,861,278885,0
17431,861,278983,0
17432,861,216270,0
17433,861,132395,1
17434,861,278861,0
17435,861,278985,0
17436,861,216271,0
17437,861,132396,1
17438,861,216273,0
17439,861,132398,1
17440,861,278869,0
17441,861,278981,0
17442,862,141397,1
17443,862,141400,1
17444,862,201424,3
17445,862,141234,1
17447,862,201425,1
17450,862,201423,1
17451,863,140558,1
17452,863,140561,1
17453,863,140560,3
17454,863,140410,1
17455,863,140559,1
17456,863,140396,1
17457,863,140557,1
17458,864,139309,1
17459,864,139313,1
17460,864,139310,3
17461,864,138750,1
17462,864,139000,0
17463,864,139326,0
17464,864,141019,0
17465,864,141021,0
17466,864,143312,0
17467,864,143314,0
17468,864,139312,1
17469,864,139016,1
17470,864,138748,0
17471,864,139328,0
17472,864,143313,0
17473,864,143316,0
17474,864,143619,0
17475,864,138861,1
17476,864,139314,1
17477,864,144736,0
17478,865,132905,1
17479,865,132906,1
17480,865,132903,3
17481,865,132909,1
17482,865,132904,1
17483,865,132907,1
17484,865,132910,1
17485,865,132908,1
17486,866,131776,1
17487,866,131774,3
17488,866,131773,1
17489,866,131777,1
17490,866,132022,1
17491,867,128604,1
17492,867,128607,1
17493,867,128606,3
17494,867,128608,1
17496,867,128602,1
17497,867,128609,1
17498,867,128603,1
17499,867,137840,0
17500,868,128491,1
17501,868,201322,0
17502,868,209917,0
17503,868,209923,0
17504,868,128490,1
17505,868,128492,3
17506,868,128489,1
17507,868,128493,1
17508,868,128486,1
17509,868,128487,1
17510,868,128488,1
17511,869,144289,1
17512,869,144358,0
17513,869,144179,1
17514,869,144192,1
17515,869,144332,0
17516,869,144352,0
17517,869,144497,1
17518,869,144498,0
17519,869,144500,0
17520,869,144730,0
17521,869,144733,0
17523,869,144158,0
17524,869,144340,1
17525,869,144518,0
17526,869,144519,1
17527,869,144520,0
17528,869,144393,1
17529,869,144394,0
17530,869,144395,0
17531,869,144307,0
17532,869,144333,0
17533,869,144365,1
17534,870,141360,1
17535,870,141358,0
17536,870,141361,0
17537,870,141369,1
17538,870,141368,0
17539,870,141370,0
17540,870,201408,3
17541,870,201407,0
17542,870,201409,0
17543,870,142604,1
17544,870,201411,1
17545,870,201410,0
17546,870,201412,0
17547,870,171267,0
17549,870,141215,1
17550,870,141354,1
17551,870,141353,0
17552,870,141357,0
17553,870,142621,0
17554,871,201372,1
17555,871,201370,0
17556,871,201374,0
17557,871,140519,1
17558,871,140514,0
17559,871,140540,0
17560,871,201371,3
17561,871,201369,0
17562,871,201373,0
17563,871,140376,1
17564,871,143691,0
17565,871,140518,1
17566,871,140513,0
17567,871,140538,0
17568,871,140389,1
17569,871,140412,0
17570,871,140516,1
17571,871,140511,0
17572,871,140535,0
17573,872,139381,1
17574,872,139374,0
17575,872,139386,0
17576,872,139383,1
17577,872,139377,0
17578,872,139389,0
17579,872,139379,3
17580,872,139375,0
17581,872,139384,0
17582,872,138913,1
17583,872,140989,0
17584,872,139382,1
17585,872,139376,0
17586,872,139388,0
17587,872,139156,1
17588,872,138956,0
17589,872,141028,0
17590,872,138849,1
17591,872,139380,1
17592,872,139378,0
17593,872,139385,0
17594,873,132865,1
17595,873,132866,1
17596,873,132863,3
17597,873,132869,1
17598,873,132864,1
17599,873,132867,1
17600,873,132870,1
17601,873,132868,1
17602,874,131811,1
17604,874,131813,3
17605,874,132044,1
17606,874,134052,0
17607,874,201191,1
17608,874,131812,1
17610,874,132061,1
17611,874,133927,0
17612,875,128622,1
17613,875,142432,0
17615,875,128620,1
17616,875,128625,3
17617,875,128619,1
17618,875,128621,1
17619,875,128624,1
17620,875,128618,1
17621,875,128623,1
17622,876,128525,1
17623,876,209918,0
17624,876,209926,0
17625,876,209936,0
17626,876,209939,0
17627,876,128527,1
17628,876,128524,3
17629,876,128521,1
17630,876,128526,1
17631,876,128520,1
17632,876,128523,1
17633,876,128522,1
17636,766,179363,1
17637,766,179365,1
17639,782,173843,1
17640,793,174014,1
17641,793,174033,1
18160,208,280942,1
18161,208,281063,0
18164,208,282220,0
18165,208,280992,1
18166,208,281034,0
18169,208,282270,0
18170,208,280940,1
18171,208,281036,0
18174,208,282218,0
18175,208,281037,1
18176,208,281050,0
18179,208,282315,0
18180,208,281053,1
18181,208,281064,0
18184,208,282331,0
18185,208,280944,1
18186,208,280945,0
18189,208,282223,0
18190,208,280990,1
18191,208,281051,0
18194,208,282329,0
18195,208,280938,1
18196,208,281014,0
18199,208,282292,0
18204,252,282776,0
18209,252,282778,0
18214,252,282774,0
18219,252,282768,0
18224,252,282777,0
18229,252,282770,0
18234,252,282772,0
18239,252,282775,0
18240,887,144202,1
18241,887,144166,1
18242,887,144353,1
18243,887,144326,0
18244,887,144511,3
18245,887,144159,1
18246,887,144528,1
18247,887,144404,1
18248,887,144327,0
18249,887,144197,1
18250,888,141373,1
18251,888,141376,1
18252,888,201413,3
18253,888,141375,1
18254,888,201390,1
18255,888,141372,1
18256,889,140492,1
18257,889,140495,1
18258,889,201366,3
18259,889,140452,1
18260,889,201368,1
18261,889,201365,1
18262,889,201364,0
18263,889,201363,1
18264,889,201469,0
18265,889,276412,0
18266,889,201367,1
18267,890,139390,1
18268,890,139393,1
18269,890,139391,3
18270,890,139096,1
18271,890,201342,1
18272,890,201338,1
18273,890,201334,1
18274,890,201343,1
18293,893,128583,1
18295,893,128580,3
18297,893,128585,1
18298,893,128584,1
18300,893,128581,1
18301,893,128586,1
18302,893,128582,1
18304,894,128504,1
18305,894,209920,0
18306,894,209925,0
18307,894,128506,1
18308,894,128503,3
18309,894,128510,1
18310,894,128505,1
18311,894,128507,1
18312,894,201157,0
18313,894,201158,0
18314,894,201159,0
18315,894,201160,0
18316,894,201161,0
18317,894,201162,0
18318,894,201163,0
18319,894,201164,0
18320,894,201165,0
18321,894,201166,0
18322,894,201167,0
18323,894,201168,0
18324,894,201169,0
18325,894,201170,0
18326,894,201171,0
18327,894,201172,0
18328,894,128508,1
18329,894,128509,1
18331,895,144201,1
18332,895,144357,0
18333,895,144164,1
18334,895,144345,0
18335,895,144351,1
18336,895,144187,0
18337,895,144336,0
18338,895,144442,3
18339,895,144440,0
18340,895,144443,0
18341,895,201478,1
18342,895,144339,0
18343,895,144512,1
18344,895,144513,0
18345,895,144514,0
18346,895,144388,1
18347,895,144387,0
18348,895,144389,0
18349,895,201479,1
18350,895,201481,0
18351,896,141333,1
18352,896,141334,0
18353,896,141335,0
18357,896,141337,3
18358,896,141336,0
18359,896,141338,0
18360,896,144721,1
18361,896,141243,0
18362,896,201404,1
18363,896,201402,0
18364,896,201403,0
18365,896,142591,1
18366,896,142589,0
18367,896,142625,1
18369,896,201401,1
18370,896,201399,0
18371,896,201400,0
18372,897,140471,1
18373,897,140477,0
18374,897,140482,0
18375,897,140473,1
18376,897,140479,0
18377,897,140484,0
18378,897,140469,3
18379,897,140475,0
18380,897,140480,0
18381,897,140380,1
18382,897,140311,0
18383,897,140472,1
18384,897,140478,0
18385,897,140483,0
18386,897,140373,1
18387,897,140379,0
18388,897,140470,1
18389,897,140476,0
18390,897,140481,0
18412,899,132827,1
18413,899,132828,1
18414,899,132824,3
18415,899,141024,0
18416,899,132830,1
18417,899,132826,1
18418,899,132829,1
18419,899,132823,1
18420,899,132825,1
18421,900,131826,1
18422,900,131830,1
18423,900,131828,3
18424,900,132043,1
18425,900,131829,1
18426,900,131827,1
18428,900,132060,1
18429,901,128630,1
18430,901,128628,1
18431,901,128633,3
18432,901,128627,1
18433,901,128629,1
18434,901,128632,1
18435,901,128626,1
18436,901,128631,1
18437,902,128537,1
18438,902,209919,0
18439,902,209927,0
18440,902,209928,0
18441,902,209937,0
18442,902,209940,0
18443,902,209941,0
18444,902,209942,0
18445,902,209943,0
18446,902,209944,0
18450,902,128539,1
18451,902,128536,3
18452,902,128541,1
18453,902,128538,1
18454,902,128542,1
18455,902,128540,1
18456,902,128543,1
18457,903,144361,1
18458,903,144349,1
18459,903,144355,1
18460,903,144321,0
18461,903,144510,3
18462,903,144343,1
18463,903,144527,1
18464,903,144403,1
18465,903,144362,1
18466,903,201480,0
18467,904,141402,1
18468,904,141405,1
18469,904,141403,3
18470,904,141404,1
18471,904,142585,1
18472,904,142616,1
18473,904,141401,1
18474,905,140552,1
18475,905,140556,1
18476,905,140542,3
18477,905,140553,1
18478,905,140413,1
18479,905,140264,1
18480,905,140551,1
18481,898,139422,1
18482,898,139425,1
18483,898,139423,1
18484,898,138911,1
18485,898,139424,3
18486,898,144718,1
18487,898,138863,0
18488,898,139349,0
18489,898,141026,0
18490,898,138823,1
18491,898,139426,1
18492,906,139414,1
18493,906,139407,0
18494,906,139419,0
18495,906,139416,1
18496,906,139410,0
18497,906,139421,0
18498,906,139412,3
18501,906,139408,0
18502,906,139417,0
18504,906,139079,1
18505,906,139415,1
18506,906,139409,0
18507,906,139420,0
18508,906,138915,1
18509,906,138858,1
18510,906,139413,1
18511,906,139411,0
18512,906,139418,0
18513,907,132897,1
18514,907,132898,1
18515,907,132895,1
18516,907,132901,1
18517,907,132896,1
18518,907,132899,1
18519,907,132902,3
18520,907,132900,1
18524,908,131785,3
18538,909,128589,1
18539,909,128592,1
18540,909,128591,3
18541,909,128501,1
18542,909,128590,1
18543,909,138940,0
18544,909,128587,1
18545,909,128593,1
18546,909,128588,1
18547,910,128478,1
18548,910,209916,0
18549,910,209922,0
18550,910,128480,1
18551,910,128481,3
18552,910,128485,1
18553,910,128479,1
18554,910,128483,1
18555,910,128482,1
18556,910,128484,1
18557,911,144290,1
18558,911,144165,1
18559,911,144191,1
18560,911,144504,3
18561,911,144140,1
18562,911,144523,1
18563,911,144399,1
18564,911,144300,1
18565,912,141349,1
18566,912,141352,1
18567,912,141350,3
18568,912,201406,1
18569,912,201405,1
18581,914,132838,1
18588,915,201189,1
18589,915,131806,1
18590,915,131809,3
18591,915,201190,1
18592,915,131804,1
18593,915,141116,0
18595,915,132036,1
18596,916,128614,1
18597,916,178041,0
18598,916,128612,1
18599,916,128617,3
18600,916,128611,1
18601,916,128613,1
18602,916,128616,1
18603,916,128610,1
18604,916,128615,1
18605,917,128529,1
18606,917,209915,0
18607,917,209924,0
18608,917,128531,1
18609,917,128528,3
18610,917,128534,1
18611,917,128530,1
18612,917,128532,1
18613,917,128533,1
18614,917,128535,1
18615,918,140487,1
18616,918,140489,1
18617,918,140485,3
18618,918,140392,1
18619,918,140488,1
18621,918,140297,0
18622,918,140450,1
18623,918,140372,1
18624,918,140486,1
18625,913,139427,1
18626,913,139430,1
18627,913,139428,3
18628,913,139002,1
18629,913,143580,0
18630,913,139429,1
18631,913,139092,1
18632,913,138800,1
18633,913,141032,0
18634,913,139431,1
18635,919,144359,1
18636,919,144203,0
18637,919,144360,0
18638,919,144347,1
18639,919,144180,0
18640,919,201482,0
18641,919,144354,1
18642,919,144182,0
18643,919,144183,0
18644,919,144328,0
18645,919,144508,3
18646,919,144507,0
18647,919,144509,0
18648,919,144141,1
18649,919,144341,0
18650,919,144342,0
18651,919,144525,1
18652,919,144524,0
18653,919,144526,0
18654,919,144402,1
18655,919,144400,0
18656,919,144401,0
18657,919,144363,1
18658,919,144308,0
18659,919,144329,0
18660,919,144364,0
18661,920,141383,1
18662,920,141385,0
18663,920,141386,0
18664,920,141393,1
18665,920,141394,0
18666,920,141395,0
18667,920,201417,3
18668,920,201418,0
18669,920,201419,0
18670,920,142685,1
18671,920,141260,0
18672,920,201421,1
18673,920,201420,0
18674,920,201422,0
18675,920,141232,0
18676,920,142698,1
18677,920,142939,0
18678,920,142697,1
18679,920,201414,1
18680,920,201415,0
18681,920,201416,0
18682,921,201375,1
18683,921,201376,0
18684,921,201377,0
18685,921,140567,1
18686,921,140576,0
18687,921,140581,0
18688,921,140562,3
18689,921,140568,0
18690,921,140577,0
18691,921,140330,1
18692,921,143700,0
18693,921,140566,1
18694,921,140575,0
18695,921,140580,0
18696,921,140387,1
18697,921,140438,0
18698,921,140563,1
18699,921,140569,0
18700,921,140578,0
18701,922,139432,1
18702,922,139439,0
18703,922,139444,0
18704,922,139435,1
18705,922,139441,0
18706,922,139446,0
18707,922,139433,3
18708,922,139437,0
18709,922,139442,0
18710,922,139001,1
18711,922,139434,1
18712,922,139440,0
18713,922,139445,0
18714,922,139098,1
18715,922,138799,1
18716,922,139436,1
18717,922,139438,0
18718,922,139443,0
18757,924,132889,1
18758,924,132890,1
18759,924,132887,3
18760,924,132893,1
18761,924,132888,1
18762,924,132891,1
18763,924,132894,1
18764,924,132892,1
18792,926,131792,1
18793,926,131793,1
18794,926,131796,3
18795,926,131795,1
18796,926,131794,1
18799,926,132054,1
18800,927,128575,3
18801,927,128577,1
18802,927,128572,1
18803,927,128578,1
18804,927,128576,1
18805,927,128573,1
18806,927,128579,1
18807,927,128574,1
18808,928,128517,1
18809,928,209913,0
18810,928,209934,0
18811,928,128519,1
18812,928,128516,3
18813,928,128511,1
18814,928,128518,1
18815,928,128512,1
18816,928,128513,1
18817,928,128514,1
18883,931,144302,1
18884,931,144356,0
18885,931,144344,1
18886,931,144163,0
18887,931,144334,0
18888,931,144186,1
18889,931,144350,0
18890,931,144501,3
18891,931,144502,0
18892,931,144152,1
18893,931,144338,0
18894,931,144521,1
18895,931,144522,0
18896,931,144397,1
18897,931,144398,0
18898,931,144298,1
18899,931,144309,0
18900,931,144335,0
18901,932,144297,1
18902,932,144181,1
18903,932,144195,1
18904,932,144496,3
18905,932,144153,1
18906,932,144517,1
18907,932,144392,1
18908,932,144301,1
19164,946,144835,1
19166,946,144837,1
19168,946,144833,3
19170,946,144917,1
19171,946,144836,1
19173,946,144902,1
19174,946,144932,1
19175,946,177920,0
19176,946,144834,1
19178,947,144771,1
19179,947,144777,0
19180,947,144773,1
19181,947,144776,0
19182,947,201494,1
19183,947,201495,2
19184,947,144909,1
19185,947,201493,1
19186,947,201496,0
19187,947,144894,1
19188,947,144924,1
19189,947,144770,1
19190,947,144778,0
19191,948,144811,0
19192,948,144817,0
19193,948,144846,1
19194,948,144813,0
19195,948,144819,0
19196,948,144848,1
19197,948,201504,3
19199,948,201500,0
19200,948,201501,0
19201,948,144913,1
19202,948,144914,0
19203,948,144918,0
19204,948,144847,1
19205,948,144812,0
19206,948,144818,0
19207,948,144898,1
19208,948,144899,0
19209,948,144903,0
19210,948,144928,1
19211,948,144929,0
19212,948,144933,0
19213,948,177922,0
19214,948,177923,0
19215,948,177924,0
19216,948,144845,1
19217,948,144331,0
19218,948,144810,0
19219,948,144816,0
19220,949,144800,1
19221,949,144802,1
19222,949,144803,3
19223,949,144912,1
19224,949,144801,1
19225,949,144897,1
19226,949,144927,1
19227,949,177918,0
19228,949,144799,1
19229,950,144796,1
19230,950,144828,0
19231,950,144857,0
19232,950,144798,1
19233,950,144830,0
19234,950,144859,0
19235,950,144794,1
19236,950,144826,0
19237,950,144855,2
19238,950,144911,1
19239,950,144916,0
19240,950,144919,0
19241,950,144797,1
19242,950,144829,0
19243,950,144858,0
19244,950,144896,1
19245,950,144901,0
19246,950,144904,0
19247,950,144926,1
19248,950,144931,0
19249,950,144934,0
19250,950,177919,0
19251,950,144795,1
19252,950,144827,0
19253,950,144856,0
19254,951,144864,1
19255,951,144863,1
19256,951,201507,3
19257,951,144920,1
19258,951,144905,1
19259,951,144935,1
19260,952,144759,1
19261,952,144761,1
19262,952,144346,0
19263,952,144757,3
19264,952,144907,1
19265,952,144760,1
19266,952,144892,1
19267,952,144922,1
19268,952,144758,1
19269,953,144766,1
19270,953,144790,0
19271,953,144879,0
19272,953,144768,1
19273,953,144792,0
19274,953,144881,0
19275,953,201492,3
19276,953,201499,0
19277,953,201511,0
19278,953,144908,1
19279,953,144910,0
19280,953,144921,0
19281,953,201491,1
19282,953,201498,0
19283,953,201510,0
19284,953,144893,1
19285,953,144895,0
19286,953,144906,0
19289,953,144923,1
19290,953,144925,0
19291,953,144936,0
19292,953,177916,0
19293,953,177917,0
19294,953,201497,1
19295,953,201490,0
19296,953,201509,0
19297,954,143804,1
19298,954,142719,0
19299,954,143806,1
19300,954,143802,3
19301,954,143875,1
19302,954,143805,1
19303,954,142687,0
19304,954,143876,1
19305,954,143877,1
19306,954,143803,1
19307,954,201451,0
19308,954,201457,0
19309,955,143751,1
19310,955,143757,0
19311,955,143753,1
19312,955,142684,0
19313,955,143756,0
19314,955,143754,1
19315,955,143759,2
19316,955,143945,1
19317,955,142602,0
19318,955,143752,1
19319,955,143760,0
19320,955,143947,1
19321,955,143946,1
19322,955,143750,1
19323,955,143758,0
19324,956,143814,1
19325,956,143782,0
19326,956,143787,0
19327,956,143816,1
19328,956,143784,0
19329,956,143789,0
19330,956,143812,3
19331,956,143780,0
19332,956,143785,0
19333,956,201465,0
19334,956,143958,0
19335,956,143961,1
19336,956,143970,0
19337,956,143815,1
19338,956,143783,0
19339,956,143788,0
19340,956,143959,1
19341,956,143962,0
19342,956,143971,0
19343,956,143957,1
19344,956,143960,0
19345,956,143969,0
19346,956,143813,1
19347,956,143781,0
19348,956,143786,0
19349,957,143775,1
19350,957,143777,1
19352,957,143778,3
19354,957,143954,1
19355,957,143776,1
19356,957,142712,0
19358,957,201452,0
19359,957,143774,1
19360,957,201453,0
19361,958,143771,1
19362,958,142700,0
19363,958,143798,0
19364,958,143825,0
19365,958,143769,1
19366,958,143796,0
19367,958,143823,2
19368,958,143951,1
19369,958,142688,0
19370,958,142858,0
19371,958,142952,0
19372,958,143966,0
19373,958,143972,0
19374,958,143772,1
19375,958,143799,0
19376,958,143826,0
19377,958,143953,1
19378,958,143968,0
19379,958,143974,0
19380,958,143952,1
19381,958,143967,0
19382,958,143973,0
19383,958,143770,1
19384,958,143797,0
19385,958,143824,0
19386,959,143832,1
19387,959,143831,1
19388,959,143834,3
19389,959,143975,1
19390,959,143835,1
19391,959,143977,1
19392,959,143976,1
19393,959,143833,1
19402,960,143740,1
19403,960,143742,1
19404,960,143738,3
19405,960,143940,1
19406,960,143741,1
19407,960,143941,1
19408,960,143939,1
19409,960,143739,1
19410,961,143746,1
19411,961,143765,0
19412,961,143842,0
19413,961,143748,1
19414,961,143767,0
19415,961,143844,0
19416,961,201471,3
19417,961,201472,0
19418,961,201473,0
19419,961,143942,1
19420,961,143948,0
19421,961,143978,0
19422,961,143747,1
19423,961,143766,0
19424,961,143843,0
19425,961,143943,1
19426,961,143949,0
19427,961,143979,0
19428,961,143944,1
19429,961,143950,0
19430,961,143980,0
19431,961,143764,1
19432,961,143745,0
19433,961,143841,0
19434,962,140834,1
19435,962,140836,1
19436,962,140832,3
19437,962,143149,1
19438,962,140835,1
19439,962,143137,1
19440,962,143162,1
19441,962,140833,1
19442,963,142320,1
19443,963,142326,0
19444,963,142322,1
19445,963,142325,0
19446,963,142323,1
19447,963,142328,2
19448,963,143143,1
19449,963,142321,1
19450,963,142329,0
19451,963,143131,1
19452,963,143155,1
19453,963,142319,1
19454,963,142327,0
19455,964,142377,1
19456,964,142352,0
19457,964,142357,0
19458,964,142379,1
19459,964,142354,0
19460,964,142359,0
19461,964,142375,3
19462,964,142350,0
19463,964,142355,0
19464,964,143147,1
19465,964,143148,0
19466,964,143336,0
19468,964,142378,1
19469,964,142353,0
19470,964,142358,0
19471,964,143135,1
19472,964,143136,0
19473,964,143337,0
19474,964,143870,0
19475,964,143160,1
19476,964,143161,0
19477,964,143335,0
19478,964,142376,1
19479,964,142351,0
19480,964,142356,0
19481,965,142345,1
19482,965,142347,1
19483,965,140401,0
19484,965,142348,3
19485,965,140386,0
19486,965,142346,1
19487,965,140341,0
19488,965,142344,1
19502,966,142343,1
19503,966,142368,0
19504,966,142387,0
19505,966,142342,1
19506,966,142370,0
19507,966,142389,0
19508,966,142338,1
19509,966,142366,0
19510,966,142385,2
19511,966,143145,1
19512,966,143150,0
19513,966,143326,0
19514,966,142341,1
19515,966,142369,0
19516,966,142388,0
19517,966,143133,1
19518,966,143138,0
19519,966,143328,0
19520,966,143157,1
19521,966,143163,0
19522,966,143327,0
19523,966,142339,1
19524,966,142367,0
19525,966,142386,0
19526,967,142394,1
19527,967,142393,1
19528,967,142396,3
19529,967,143151,1
19530,967,142397,1
19531,967,143139,1
19532,967,143164,1
19533,967,142395,1
19534,968,142308,1
19535,968,142310,1
19536,968,142306,3
19537,968,143141,1
19538,968,142309,1
19539,968,143129,1
19540,968,143153,1
19541,968,142307,1
19542,969,142314,1
19543,969,142334,0
19544,969,142403,0
19545,969,142317,1
19546,969,142336,0
19547,969,142405,0
19548,969,142318,3
19549,969,142337,0
19550,969,142406,0
19551,969,143142,1
19552,969,143144,0
19553,969,143152,0
19554,969,143645,0
19555,969,142315,1
19556,969,142335,0
19557,969,142404,0
19558,969,143130,1
19559,969,143132,0
19560,969,143140,0
19561,969,143154,1
19562,969,143156,0
19563,969,143165,0
19564,969,142313,1
19565,969,142333,0
19566,969,142402,0
19567,381,201272,1
19568,381,134907,1
19569,381,134905,3
19570,381,138731,1
19571,381,139341,0
19572,381,134908,1
19573,381,138729,1
19574,381,139343,0
19575,381,134910,1
19580,970,134913,0
19581,970,140546,3
19582,970,134916,0
19583,970,140547,1
19584,970,134917,0
19585,970,140534,1
19586,971,141746,1
19587,971,136345,0
19588,971,137818,0
19589,971,141753,1
19590,971,136346,0
19591,971,137820,0
19592,971,141742,3
19593,971,136344,0
19594,971,137816,0
19595,971,138975,1
19596,971,138985,0
19597,971,139336,0
19598,971,139339,0
19599,971,143330,0
19600,971,143333,0
19601,971,141752,1
19602,971,136348,0
19603,971,137819,0
19604,971,138976,1
19605,971,138986,0
19606,971,139337,0
19607,971,139340,0
19608,971,143331,0
19609,971,143334,0
19610,971,141743,1
19611,971,136347,0
19612,971,137817,0
19613,972,136177,1
19614,972,136179,1
19615,972,136178,3
19616,972,138769,1
19617,972,139332,0
19618,972,136180,1
19619,972,138768,1
19620,972,139333,0
19621,972,136181,1
19622,973,141756,0
19623,973,138055,1
19624,973,141758,0
19625,973,138057,1
19626,973,141759,0
19627,973,138058,3
19628,973,141757,0
19629,973,138056,1
19630,973,141755,0
19631,973,138054,1
19632,974,138051,1
19633,974,138228,0
19634,974,141962,0
19635,974,138053,1
19636,974,138230,2
19637,974,141965,0
19638,974,138049,1
19639,974,138226,0
19640,974,141959,0
19641,974,138987,1
19642,974,138990,0
19643,974,139329,0
19644,974,139344,0
19645,974,143320,0
19646,974,143323,0
19647,974,138052,1
19648,974,138229,0
19649,974,141964,0
19650,974,138988,1
19651,974,138991,0
19652,974,139331,0
19653,974,139346,0
19654,974,143322,0
19655,974,143325,0
19656,974,138050,1
19657,974,138227,0
19658,974,141960,0
19659,975,136202,1
19660,975,136201,1
19661,975,136203,3
19662,975,138755,1
19663,975,139347,0
19664,975,136205,1
19665,975,138756,1
19666,975,139349,0
19667,975,141026,0
19668,975,136204,1
19669,976,138677,1
19670,976,138679,1
19671,976,138680,3
19672,976,138796,1
19673,976,139320,0
19674,976,138678,1
19675,976,138795,1
19676,976,139321,0
19677,976,138681,1
19678,977,138473,1
19679,977,138483,0
19680,977,141722,0
19681,977,138475,1
19682,977,138485,0
19683,977,141724,0
19684,977,138476,3
19685,977,138486,0
19686,977,141725,0
19687,977,138789,1
19688,977,138792,0
19689,977,139322,0
19690,977,139350,0
19691,977,141940,0
19692,977,141942,0
19693,977,138474,1
19694,977,138484,0
19695,977,141723,0
19696,977,138790,1
19697,977,138793,0
19698,977,139323,0
19699,977,139351,0
19700,977,141941,0
19701,977,141943,0
19702,977,138472,1
19703,977,138482,0
19704,977,141721,0
20572,189,275947,0
20573,189,275949,0
20574,189,275945,0
20575,189,276032,0
20576,189,275948,0
20577,189,276034,0
20578,189,276036,0
20579,189,275946,0
20580,188,270214,0
20581,188,270222,0
20582,188,275951,0
20583,188,275959,0
20584,188,275968,0
20585,188,270217,0
20586,188,270225,0
20587,188,275954,0
20588,188,275962,0
20589,188,275971,0
20590,188,270216,0
20591,188,270224,0
20592,188,275953,0
20593,188,275961,0
20594,188,275970,0
20595,188,270210,0
20596,188,275955,0
20597,188,275964,0
20598,188,270215,0
20599,188,270223,0
20600,188,275952,0
20601,188,275960,0
20602,188,275969,0
20603,188,270211,0
20604,188,275956,0
20605,188,275965,0
20606,188,270212,0
20607,188,275957,0
20608,188,275966,0
20609,188,270213,0
20610,188,270221,0
20611,188,275950,0
20612,188,275958,0
20613,188,275967,0
20614,187,275985,0
20615,187,275987,0
20616,187,275983,0
20617,187,270226,0
20618,187,275977,0
20619,187,275978,0
20620,187,275986,0
20621,187,270228,0
20622,187,275979,0
20623,187,275980,0
20624,187,270230,0
20625,187,275981,0
20626,187,275982,0
20627,187,275984,0
20628,197,275989,0
20629,197,275992,0
20630,197,275991,0
20631,197,275926,0
20632,197,275990,0
20633,197,275929,0
20634,197,275933,0
20635,197,275988,0
20636,191,270361,0
20637,191,276002,0
20638,191,276012,0
20639,191,270360,0
20640,191,276004,0
20641,191,276014,0
20642,191,275993,0
20643,191,270359,0
20644,191,276000,0
20645,191,276010,0
20646,191,275994,0
20647,191,275995,0
20648,191,270357,0
20649,191,275996,0
20650,191,276006,0
20651,196,270255,0
20652,196,276018,0
20653,196,276029,0
20654,196,270257,0
20655,196,276020,0
20656,196,276031,0
20657,196,270253,0
20658,196,276016,0
20659,196,276027,0
20660,196,270248,0
20661,196,276021,0
20662,196,276022,0
20663,196,270256,0
20664,196,276019,0
20665,196,276030,0
20666,196,270250,0
20667,196,276023,0
20668,196,276024,0
20669,196,270252,0
20670,196,276025,0
20671,196,276026,0
20672,196,270254,0
20673,196,276017,0
20674,196,276028,0
20675,192,276054,0
20676,192,276056,0
20677,192,276052,0
20678,192,276049,0
20679,192,276055,0
20680,192,276050,0
20681,192,276051,0
20682,192,276053,0
20683,194,270297,0
20684,194,270303,0
20685,194,276064,0
20686,194,276069,0
20687,194,276075,0
20688,194,270299,0
20689,194,270305,0
20690,194,276066,0
20691,194,276071,0
20692,194,276077,0
20693,194,270295,0
20694,194,270301,0
20695,194,276062,0
20696,194,276067,0
20697,194,276073,0
20698,194,270285,0
20699,194,276057,0
20700,194,276072,0
20701,194,270298,0
20702,194,270304,0
20703,194,276065,0
20704,194,276070,0
20705,194,276076,0
20706,194,270287,0
20707,194,276058,0
20708,194,276059,0
20709,194,270289,0
20710,194,276060,0
20711,194,276061,0
20712,194,270296,0
20713,194,270302,0
20714,194,276063,0
20715,194,276068,0
20716,194,276074,0
20717,190,276091,0
20718,190,276094,0
20719,190,276093,0
20720,190,275927,0
20721,190,276092,0
20722,190,275930,0
20723,190,275932,0
20724,190,276090,0
20725,193,276097,0
20726,193,276099,0
20727,193,276095,0
20728,193,276033,0
20729,193,276098,0
20730,193,276035,0
20731,193,276037,0
20732,193,276096,0
20733,285,270558,1
20734,285,279381,0
20735,285,270616,1
20736,285,279383,0
20737,285,270507,1
20738,285,279379,0
20739,285,270632,1
20740,285,279451,0
20741,285,270577,1
20742,285,279382,0
20743,285,270522,1
20744,285,279453,0
20745,285,270668,1
20746,285,279455,0
20747,285,270540,1
20748,285,279380,0
20749,281,270555,1
20750,281,270557,0
20751,281,270566,0
20752,281,275014,0
20753,281,275023,0
20754,281,279385,0
20755,281,279393,0
20756,281,279401,0
20757,281,270614,1
20758,281,270623,0
20759,281,270625,0
20760,281,275017,0
20761,281,275026,0
20762,281,279388,0
20763,281,279396,0
20764,281,279404,0
20765,281,270599,1
20766,281,270604,0
20767,281,270605,0
20768,281,275016,0
20769,281,275025,0
20770,281,279387,0
20771,281,279395,0
20772,281,279403,0
20773,281,270636,1
20774,281,270643,0
20775,281,275019,0
20776,281,279389,0
20777,281,279397,0
20778,281,270576,1
20779,281,270585,0
20780,281,270587,0
20781,281,275015,0
20782,281,275024,0
20783,281,279386,0
20784,281,279394,0
20785,281,279402,0
20786,281,270525,1
20787,281,270531,0
20788,281,275020,0
20789,281,279390,0
20790,281,279398,0
20791,281,270659,1
20792,281,270665,0
20793,281,275021,0
20794,281,279391,0
20795,281,279399,0
20796,281,270537,1
20797,281,270538,0
20798,281,270548,0
20799,281,275013,0
20800,281,275022,0
20801,281,279384,0
20802,281,279392,0
20803,281,279400,0
20804,286,270563,1
20805,286,279414,0
20806,286,270619,1
20807,286,279416,0
20808,286,270508,1
20809,286,279412,0
20810,286,270640,1
20811,286,270641,0
20812,286,275032,0
20813,286,279406,0
20814,286,279407,0
20815,286,270579,1
20816,286,279415,0
20817,286,270529,1
20818,286,270530,0
20819,286,275034,0
20820,286,279408,0
20821,286,279409,0
20822,286,270663,1
20823,286,270664,0
20824,286,275036,0
20825,286,279410,0
20826,286,279411,0
20827,286,270546,1
20828,286,279413,0
20829,276,270560,1
20830,276,279418,0
20831,276,270615,1
20832,276,279421,0
20833,276,270602,1
20834,276,279420,0
20835,276,270637,1
20836,276,279364,0
20837,276,270580,1
20838,276,279419,0
20839,276,270526,1
20840,276,279367,0
20841,276,270661,1
20842,276,279371,0
20843,276,270542,1
20844,276,279417,0
20871,277,270554,1
20872,277,270556,0
20873,277,275074,0
20874,277,279437,0
20875,277,279448,0
20876,277,270612,1
20877,277,270613,0
20878,277,275076,0
20879,277,279439,0
20880,277,279450,0
20881,277,270505,1
20882,277,270506,0
20883,277,275072,0
20884,277,279435,0
20885,277,279446,0
20886,277,270634,1
20887,277,270635,0
20888,277,275066,0
20889,277,279440,0
20890,277,279441,0
20891,277,270574,1
20892,277,270575,0
20893,277,275075,0
20894,277,279438,0
20895,277,279449,0
20896,277,270523,1
20897,277,270524,0
20898,277,275068,0
20899,277,279442,0
20900,277,279443,0
20901,277,270657,1
20902,277,270658,0
20903,277,275070,0
20904,277,279444,0
20905,277,279445,0
20906,277,270536,1
20907,277,270539,0
20908,277,275073,0
20909,277,279436,0
20910,277,279447,0
20911,280,270553,1
20912,280,279472,0
20913,280,270611,1
20914,280,279474,0
20915,280,270504,1
20916,280,279470,0
20917,280,270631,1
20918,280,279467,0
20919,280,270573,1
20920,280,279473,0
20921,280,270520,1
20922,280,279468,0
20923,280,270655,1
20924,280,279469,0
20925,280,270535,1
20926,280,279471,0
20927,284,270622,1
20928,284,270624,0
20929,284,270628,0
20930,284,275116,0
20931,284,275122,0
20932,284,279484,0
20933,284,279489,0
20934,284,279495,0
20935,284,270510,1
20936,284,270511,0
20937,284,270512,0
20938,284,275112,0
20939,284,275118,0
20940,284,279480,0
20941,284,279485,0
20942,284,279491,0
20943,284,270629,1
20944,284,270642,0
20945,284,275117,0
20946,284,279475,0
20947,284,279490,0
20948,284,270584,1
20949,284,270586,0
20950,284,270590,0
20951,284,275115,0
20952,284,275121,0
20953,284,279483,0
20954,284,279488,0
20955,284,279494,0
20956,284,270532,1
20957,284,270533,0
20958,284,275103,0
20959,284,279476,0
20960,284,279477,0
20961,284,270666,1
20962,284,270667,0
20963,284,275105,0
20964,284,279478,0
20965,284,279479,0
20966,284,270549,1
20967,284,270550,0
20968,284,270552,0
20969,284,275113,0
20970,284,275119,0
20971,284,279481,0
20972,284,279486,0
20973,284,279492,0
20974,283,270564,1
20975,283,279500,0
20976,283,270621,1
20977,283,279503,0
20978,283,270603,1
20979,283,279502,0
20980,283,270638,1
20981,283,279365,0
20982,283,270583,1
20983,283,279501,0
20984,283,270527,1
20985,283,279368,0
20986,283,270660,1
20987,283,279370,0
20988,283,270547,1
20989,283,279499,0
20990,278,270561,1
20991,278,279506,0
20992,278,270620,1
20993,278,279508,0
20994,278,270509,1
20995,278,279504,0
20996,278,270633,1
20997,278,279452,0
20998,278,270581,1
20999,278,279507,0
21000,278,279454,0
21001,278,270534,1
21002,278,275080,0
21003,278,279456,0
21004,278,270669,1
21005,278,275082,0
21006,278,270545,1
21007,278,279505,0
21008,267,274700,1
21009,267,274704,1
21010,267,274696,1
21011,267,274843,1
21012,267,274702,1
21013,267,274849,1
21014,267,274852,1
21015,267,274698,1
21016,256,276639,1
21017,256,276588,1
21018,256,276609,1
21019,256,276580,1
21020,256,276587,1
21021,256,276669,1
21022,256,276690,1
21023,256,276586,1
21024,266,274708,1
21025,266,274723,0
21026,266,274740,0
21027,266,280250,0
21028,266,280259,0
21029,266,274714,1
21030,266,274729,0
21031,266,274746,0
21032,266,280253,0
21033,266,280262,0
21034,266,274712,1
21035,266,274727,0
21036,266,274744,0
21037,266,280252,0
21038,266,280261,0
21039,266,274716,1
21040,266,274733,0
21041,266,280255,0
21042,266,274710,1
21043,266,274725,0
21044,266,274742,0
21045,266,280251,0
21046,266,280260,0
21047,266,274718,1
21048,266,274735,0
21049,266,280256,0
21050,266,274720,1
21051,266,274737,0
21052,266,280257,0
21053,266,274706,1
21054,266,274721,0
21055,266,274738,0
21056,266,280249,0
21057,266,280258,0
21058,255,276575,1
21059,255,276589,0
21060,255,276694,0
21061,255,280433,0
21062,255,280552,0
21063,255,276594,1
21064,255,276628,0
21065,255,276665,0
21066,255,280452,0
21067,255,280486,0
21068,255,276558,1
21069,255,276647,0
21070,255,276664,0
21071,255,280407,0
21072,255,280505,0
21073,255,276623,1
21074,255,276693,0
21075,255,280481,0
21076,255,276590,1
21077,255,276681,0
21078,255,276686,0
21079,255,280539,0
21080,255,280544,0
21081,255,276573,1
21082,255,276680,0
21083,255,280431,0
21084,255,276620,1
21085,255,276649,0
21086,255,280507,0
21087,255,276593,1
21088,255,276625,0
21089,255,276663,0
21090,255,280451,0
21091,255,280483,0
21092,265,274772,1
21093,265,274776,1
21094,265,274768,1
21095,265,274758,1
21096,265,274760,0
21097,265,280268,0
21098,265,274774,1
21099,265,274762,1
21100,265,274764,0
21101,265,280270,0
21102,265,274766,1
21103,265,274767,0
21104,265,280272,0
21105,265,274770,1
21106,254,276619,1
21107,254,276660,1
21108,254,276618,1
21109,254,276560,1
21110,254,276582,0
21111,254,280409,0
21112,254,276605,1
21113,254,276583,1
21114,254,276655,0
21115,254,280513,0
21116,254,276617,1
21117,254,276675,0
21118,254,280475,0
21119,254,276662,1
21120,275,274780,1
21121,275,274784,1
21122,275,274664,1
21123,275,274782,1
21124,275,274670,1
21125,275,274677,1
21126,275,274778,1
21127,264,276602,1
21128,264,276641,1
21129,264,276613,1
21130,264,276585,1
21131,264,276615,1
21132,264,276659,1
21133,264,276661,1
21134,269,274795,1
21135,269,274805,0
21136,269,280293,0
21137,269,274799,1
21138,269,274809,0
21139,269,280295,0
21140,269,274801,1
21141,269,274811,0
21142,269,280296,0
21143,269,274788,1
21144,269,274797,1
21145,269,274807,0
21146,269,280294,0
21147,269,274790,1
21148,269,274792,1
21149,269,274793,1
21150,269,274803,0
21151,269,280292,0
21152,259,276570,1
21153,259,276638,0
21154,259,280428,0
21155,259,276568,1
21156,259,276695,0
21157,259,280553,0
21158,259,276646,1
21159,259,276683,0
21160,259,280541,0
21161,259,276584,1
21162,259,276592,1
21163,259,276682,0
21164,259,280540,0
21165,259,276642,1
21166,259,276637,1
21167,259,276569,1
21168,259,276608,0
21169,259,280427,0
21170,274,274813,1
21171,274,274833,0
21172,274,280308,0
21173,274,274823,1
21174,274,274825,0
21175,274,280302,0
21176,274,274819,1
21177,274,274839,0
21178,274,280311,0
21179,274,274827,1
21180,274,274829,0
21181,274,280304,0
21182,274,274831,1
21183,274,274832,0
21184,274,280306,0
21185,274,274815,1
21186,274,274835,0
21187,274,280309,0
21188,263,276574,0
21189,263,276670,1
21190,263,280432,0
21191,263,276671,1
21192,263,276684,0
21193,263,280542,0
21194,263,276687,0
21195,263,276698,1
21196,263,280545,0
21197,263,276578,1
21198,263,276579,0
21199,263,280436,0
21200,263,276624,1
21201,263,276685,0
21202,263,280482,0
21203,263,276572,1
21204,263,276648,0
21205,263,280506,0
21206,270,274884,1
21207,270,274888,1
21208,270,274880,1
21209,270,274875,1
21210,270,274886,1
21211,270,274877,1
21212,270,274879,1
21213,270,274882,1
21214,260,276636,1
21215,260,276657,1
21216,260,276653,1
21217,260,276634,1
21218,260,276656,1
21219,260,276595,1
21220,260,276676,1
21221,260,276598,1
21222,272,274902,1
21223,272,274912,0
21224,272,274924,0
21225,272,280350,0
21226,272,280356,0
21227,272,274906,1
21228,272,274916,0
21229,272,274928,0
21230,272,280352,0
21231,272,280358,0
21232,272,274898,1
21233,272,274908,0
21234,272,274920,0
21235,272,280348,0
21236,272,280354,0
21237,272,274890,1
21238,272,274918,0
21239,272,280353,0
21240,272,274904,1
21241,272,274914,0
21242,272,274926,0
21243,272,280351,0
21244,272,280357,0
21245,272,274892,1
21246,272,274894,0
21247,272,280339,0
21248,272,274896,1
21249,272,274897,0
21250,272,280341,0
21251,272,274900,1
21252,272,274910,0
21253,272,274922,0
21254,272,280349,0
21255,272,280355,0
21256,262,276622,1
21257,262,276640,0
21258,262,276644,0
21259,262,280480,0
21260,262,280498,0
21261,262,276571,1
21262,262,276577,0
21263,262,276591,0
21264,262,280429,0
21265,262,280435,0
21266,262,276643,1
21267,262,276667,0
21268,262,276679,0
21269,262,280525,0
21270,262,280537,0
21271,262,276603,1
21272,262,276610,0
21273,262,280468,0
21274,262,276645,1
21275,262,276696,0
21276,262,276699,0
21277,262,280554,0
21278,262,280557,0
21279,262,276566,1
21280,262,276599,0
21281,262,280457,0
21282,262,276567,1
21283,262,276600,0
21284,262,280458,0
21285,262,276621,1
21286,262,276666,0
21287,262,276692,0
21288,262,280479,0
21289,262,280524,0
21290,268,274954,0
21291,268,274960,0
21292,268,274958,0
21293,268,274666,0
21294,268,274956,0
21295,268,274672,0
21296,268,274676,0
21297,268,274952,0
21298,257,276652,0
21299,257,276612,0
21300,257,276596,0
21301,257,276597,0
21302,257,276677,0
21303,257,276563,0
21304,257,276616,0
21305,257,276651,0
21306,271,274966,0
21307,271,274970,0
21308,271,274962,0
21309,271,274845,0
21310,271,274968,0
21311,271,274847,0
21312,271,274851,0
21313,271,274964,0
21314,261,276562,0
21315,261,276614,0
21316,261,276654,0
21317,261,276650,0
21318,261,276658,0
21319,261,276627,0
21320,261,276629,0
21321,261,276561,0
21322,1010,274701,1
21323,1010,274705,1
21324,1010,274697,3
21325,1010,274703,1
21326,1010,274699,1
21327,1011,274701,1
21328,1011,274705,1
21329,1011,274697,3
21330,1011,274703,1
21331,1011,274699,1
21332,1010,274844,1
21333,1010,274850,1
21334,1011,274844,1
21335,1011,274850,1
21336,1012,274709,1
21337,1012,274724,0
21338,1012,274741,0
21339,1012,274715,1
21340,1012,274730,0
21341,1012,274747,0
21342,1012,274713,3
21343,1012,274728,0
21344,1012,274745,0
21345,1012,274734,1
21346,1012,274717,0
21347,1012,274711,1
21348,1012,274726,0
21349,1012,274743,0
21350,1012,274736,1
21351,1012,274719,0
21352,1012,274707,1
21353,1012,274722,0
21354,1012,274739,0
21355,1013,274709,1
21356,1013,274724,0
21357,1013,274741,0
21358,1013,274715,1
21359,1013,274730,0
21360,1013,274747,0
21361,1013,274713,3
21362,1013,274728,0
21363,1013,274745,0
21364,1013,274734,1
21365,1013,274717,0
21366,1013,274711,1
21367,1013,274726,0
21368,1013,274743,0
21369,1013,274736,1
21370,1013,274719,0
21371,1013,274707,1
21372,1013,274722,0
21373,1013,274739,0
21374,1014,274773,1
21375,1014,274777,1
21376,1014,274769,3
21377,1014,274761,1
21378,1014,274759,0
21379,1014,274775,1
21380,1014,274765,1
21381,1014,274763,0
21382,1014,274771,1
21383,1015,274773,1
21384,1015,274777,1
21385,1015,274769,3
21386,1015,274761,1
21387,1015,274759,0
21388,1015,274775,1
21389,1015,274765,1
21390,1015,274763,0
21391,1015,274771,1
21392,1016,274781,1
21393,1016,274787,1
21394,1016,274785,3
21395,1016,274665,1
21396,1016,274783,1
21397,1016,274671,1
21398,1016,274779,1
21399,1017,274781,1
21400,1017,274787,1
21401,1017,274785,3
21402,1017,274665,1
21403,1017,274783,1
21404,1017,274671,1
21405,1017,274779,1
21406,1018,274796,1
21407,1018,274806,0
21408,1018,274800,1
21409,1018,274810,0
21410,1018,274802,3
21411,1018,274812,0
21412,1018,274789,1
21413,1018,274798,1
21414,1018,274808,0
21415,1018,274791,1
21416,1018,274794,1
21417,1018,274804,0
21418,1019,274796,1
21419,1019,274806,0
21420,1019,274800,1
21421,1019,274810,0
21422,1019,274802,3
21423,1019,274812,0
21424,1019,274789,1
21425,1019,274798,1
21426,1019,274808,0
21427,1019,274791,1
21428,1019,274794,1
21429,1019,274804,0
21430,1020,274818,1
21431,1020,274838,0
21432,1020,274822,1
21433,1020,274842,0
21434,1020,274814,3
21435,1020,274834,0
21436,1020,274824,1
21437,1020,274826,0
21438,1020,274820,1
21439,1020,274840,0
21440,1020,274828,1
21441,1020,274830,0
21442,1020,274816,1
21443,1020,274836,0
21444,1021,274818,1
21445,1021,274838,0
21446,1021,274822,1
21447,1021,274842,0
21448,1021,274814,3
21449,1021,274834,0
21450,1021,274824,1
21451,1021,274826,0
21452,1021,274820,1
21453,1021,274840,0
21454,1021,274828,1
21455,1021,274830,0
21456,1021,274816,1
21457,1021,274836,0
21458,1022,274885,1
21459,1022,274889,1
21460,1022,274881,3
21461,1022,274876,1
21462,1022,274887,1
21463,1022,274878,1
21464,1022,274883,1
21465,1023,274885,1
21466,1023,274889,1
21467,1023,274881,3
21468,1023,274876,1
21469,1023,274887,1
21470,1023,274878,1
21471,1023,274883,1
21472,1024,274903,1
21473,1024,274913,0
21474,1024,274925,0
21475,1024,274907,1
21476,1024,274917,0
21477,1024,274929,0
21478,1024,274899,3
21479,1024,274909,0
21480,1024,274921,0
21481,1024,274891,1
21482,1024,274919,0
21483,1024,274905,1
21484,1024,274915,0
21485,1024,274927,0
21486,1024,274893,1
21487,1024,274895,0
21488,1024,274901,1
21489,1024,274911,0
21490,1024,274923,0
21491,1025,274903,1
21492,1025,274913,0
21493,1025,274925,0
21494,1025,274907,1
21495,1025,274917,0
21496,1025,274929,0
21497,1025,274899,3
21498,1025,274909,0
21499,1025,274921,0
21500,1025,274891,1
21501,1025,274919,0
21502,1025,274905,1
21503,1025,274915,0
21504,1025,274927,0
21505,1025,274893,1
21506,1025,274895,0
21507,1025,274901,1
21508,1025,274911,0
21509,1025,274923,0
21510,1026,274955,1
21511,1026,274961,1
21512,1026,274959,3
21513,1026,274667,1
21514,1026,274957,1
21515,1026,274673,1
21516,1026,274953,1
21517,1027,274955,1
21518,1027,274961,1
21519,1027,274959,3
21520,1027,274667,1
21521,1027,274957,1
21522,1027,274673,1
21523,1027,274953,1
21524,1028,274967,1
21525,1028,274971,1
21526,1028,274963,3
21527,1028,274846,1
21528,1028,274969,1
21529,1028,274848,1
21530,1028,274965,1
21531,1029,274967,1
21532,1029,274971,1
21533,1029,274963,3
21534,1029,274846,1
21535,1029,274969,1
21536,1029,274848,1
21537,1029,274965,1
21538,199,280697,1
21540,199,280701,1
21542,199,280693,1
21544,199,280683,1
21545,199,280685,0
21546,199,282563,0
21549,199,280699,1
21551,199,280687,1
21552,199,280689,0
21553,199,282565,0
21556,199,280691,1
21557,199,280692,0
21558,199,282567,0
21561,199,280695,1
21563,198,280985,1
21565,198,281026,1
21567,198,280984,1
21569,198,280926,1
21570,198,280948,0
21573,198,282204,0
21574,198,280971,1
21576,198,280949,1
21577,198,281021,0
21580,198,282299,0
21581,198,280983,1
21582,198,281041,0
21585,198,282261,0
21586,198,281028,1
21588,210,280633,1
21589,210,280648,0
21590,210,280665,0
21591,210,282546,0
21592,210,282555,0
21596,210,280639,1
21597,210,280654,0
21598,210,280671,0
21599,210,282549,0
21600,210,282558,0
21604,210,280637,1
21605,210,280652,0
21606,210,280669,0
21607,210,282548,0
21608,210,282557,0
21612,210,280641,1
21613,210,280658,0
21614,210,282542,0
21617,210,280635,1
21618,210,280650,0
21619,210,280667,0
21620,210,282547,0
21621,210,282556,0
21625,210,280643,1
21626,210,280660,0
21627,210,282543,0
21630,210,280645,1
21631,210,280662,0
21632,210,282544,0
21635,210,280631,1
21636,210,280646,0
21637,210,280663,0
21638,210,282545,0
21639,210,282554,0
21643,200,280941,1
21644,200,280955,0
21645,200,281060,0
21649,200,282219,0
21650,200,282338,0
21651,200,280960,1
21652,200,280994,0
21653,200,281031,0
21657,200,282238,0
21658,200,282272,0
21659,200,280924,1
21660,200,281013,0
21661,200,281030,0
21665,200,282202,0
21666,200,282291,0
21667,200,280989,1
21668,200,281059,0
21671,200,282337,0
21672,200,280956,1
21673,200,281047,0
21674,200,281052,0
21678,200,282325,0
21679,200,282330,0
21680,200,280939,1
21681,200,281046,0
21684,200,282324,0
21685,200,280986,1
21686,200,281015,0
21689,200,282264,0
21690,200,280959,1
21691,200,280991,0
21692,200,281029,0
21696,200,282237,0
21697,200,282269,0
21702,211,280625,1
21704,211,280629,1
21706,211,280621,1
21708,211,280768,1
21710,211,280627,1
21712,211,280774,1
21714,211,280777,1
21716,211,280623,1
21718,201,281005,1
21720,201,280954,1
21722,201,280975,1
21724,201,280946,1
21726,201,280953,1
21728,201,281035,1
21730,201,281056,1
21732,201,280952,1
21734,219,280705,1
21736,219,280711,1
21738,219,280709,1
21740,219,280589,1
21742,219,280707,1
21744,219,280595,1
21746,219,280602,1
21748,219,280703,1
21750,209,280968,1
21752,209,280973,1
21754,209,281007,1
21756,209,280979,1
21758,209,280951,1
21760,209,280981,1
21762,209,281025,1
21764,209,281027,1
21766,213,280720,1
21767,213,280730,0
21768,213,282588,0
21771,213,280724,1
21772,213,280734,0
21773,213,282590,0
21776,213,280726,1
21777,213,280736,0
21778,213,282591,0
21781,213,280713,1
21783,213,280722,1
21784,213,280732,0
21785,213,282589,0
21788,213,280715,1
21790,213,280717,1
21792,213,280718,1
21793,213,280728,0
21794,213,282587,0
21797,203,280936,1
21798,203,281004,0
21801,203,282214,0
21802,203,280934,1
21803,203,281061,0
21806,203,282339,0
21807,203,281012,1
21808,203,281049,0
21811,203,282327,0
21812,203,280950,1
21814,203,280958,1
21815,203,281048,0
21818,203,282326,0
21819,203,281008,1
21821,203,281003,1
21823,203,280935,1
21824,203,280974,0
21827,203,282213,0
21828,218,280742,1
21829,218,280762,0
21830,218,282605,0
21833,218,280746,1
21834,218,280766,0
21835,218,282607,0
21838,218,280738,1
21839,218,280758,0
21840,218,282603,0
21843,218,280748,1
21844,218,280750,0
21845,218,282598,0
21848,218,280744,1
21849,218,280764,0
21850,218,282606,0
21853,218,280752,1
21854,218,280754,0
21855,218,282600,0
21858,218,280756,1
21859,218,280757,0
21860,218,282602,0
21863,218,280740,1
21864,218,280760,0
21865,218,282604,0
21868,214,280809,1
21870,214,280813,1
21872,214,280805,1
21874,214,280800,1
21876,214,280811,1
21878,214,280802,1
21880,214,280804,1
21882,214,280807,1
21884,204,281002,1
21886,204,281023,1
21888,204,281019,1
21890,204,281000,1
21892,204,281022,1
21894,204,280961,1
21896,204,281042,1
21898,204,280964,1
21900,216,280827,1
21901,216,280837,0
21902,216,280849,0
21903,216,282645,0
21904,216,282651,0
21908,216,284337,0
21909,216,280831,1
21910,216,280841,0
21911,216,280853,0
21912,216,282647,0
21913,216,282653,0
21917,216,280823,1
21918,216,280833,0
21919,216,280845,0
21920,216,282643,0
21921,216,282649,0
21925,216,280815,1
21926,216,280843,0
21927,216,282633,0
21930,216,280829,1
21931,216,280839,0
21932,216,280851,0
21933,216,282646,0
21934,216,282652,0
21938,216,280817,1
21939,216,280819,0
21940,216,282635,0
21943,216,280821,1
21944,216,280822,0
21945,216,282637,0
21948,216,280825,1
21949,216,280835,0
21950,216,280847,0
21951,216,282644,0
21952,216,282650,0
21956,206,280988,1
21957,206,281006,0
21958,206,281010,0
21962,206,282266,0
21963,206,282284,0
21964,206,280937,1
21965,206,280943,0
21966,206,280957,0
21970,206,282215,0
21971,206,282221,0
21972,206,281009,1
21973,206,281033,0
21974,206,281045,0
21978,206,282311,0
21979,206,282323,0
21980,206,280969,1
21981,206,280976,0
21984,206,282247,0
21985,206,281011,1
21986,206,281062,0
21987,206,281065,0
21991,206,282340,0
21992,206,282343,0
21993,206,280932,1
21994,206,280965,0
21997,206,282210,0
21998,206,280933,1
21999,206,280966,0
22002,206,282211,0
22003,206,280987,1
22004,206,281032,0
22005,206,281058,0
22009,206,282265,0
22010,206,282310,0
22011,212,280879,1
22013,212,280885,1
22015,212,280883,1
22017,212,280591,1
22019,212,280881,1
22021,212,280597,1
22023,212,280601,1
22025,212,280877,1
22027,202,281018,1
22029,202,280978,1
22031,202,280962,1
22033,202,280963,1
22035,202,281043,1
22037,202,280929,1
22039,202,280982,1
22041,202,281017,1
22043,215,280887,1
22045,215,280770,1
22047,215,280893,1
22049,215,280772,1
22051,215,280776,1
22053,215,280889,1
22055,205,280928,1
22057,205,280980,1
22059,205,281020,1
22061,205,281016,0
22063,205,281024,1
22065,205,280993,1
22067,205,280995,1
22069,205,280927,1
22071,1030,280626,1
22073,1030,280630,1
22075,1030,280622,3
22077,1030,280769,1
22079,1030,280628,1
22081,1030,280775,1
22083,1030,280624,1
22085,1031,280626,1
22087,1031,280630,1
22089,1031,280622,3
22091,1031,280769,1
22093,1031,280628,1
22095,1031,280775,1
22097,1031,280624,1
22099,1032,280634,1
22100,1032,280649,0
22101,1032,280666,0
22105,1032,280640,1
22106,1032,280655,0
22107,1032,280672,0
22111,1032,280638,3
22112,1032,280653,0
22113,1032,280670,0
22117,1032,281834,1
22118,1032,280642,0
22119,1032,280659,0
22123,1032,280636,1
22124,1032,280651,0
22125,1032,280668,0
22129,1032,281833,1
22130,1032,280644,0
22131,1032,280661,0
22135,1032,280632,1
22136,1032,280647,0
22137,1032,280664,0
22141,1033,280634,1
22142,1033,280649,0
22143,1033,280666,0
22147,1033,280640,1
22148,1033,280655,0
22149,1033,280672,0
22153,1033,280638,3
22154,1033,280653,0
22155,1033,280670,0
22159,1033,281834,1
22160,1033,280642,0
22161,1033,280659,0
22165,1033,280636,1
22166,1033,280651,0
22167,1033,280668,0
22171,1033,281833,1
22172,1033,280644,0
22173,1033,280661,0
22177,1033,280632,1
22178,1033,280647,0
22179,1033,280664,0
22183,1034,280698,1
22185,1034,280702,1
22187,1034,280694,3
22189,1034,280684,1
22191,1034,280700,1
22193,1034,280688,1
22195,1034,280696,1
22197,1035,280698,1
22199,1035,280702,1
22201,1035,280694,3
22203,1035,280684,1
22205,1035,280700,1
22207,1035,280688,1
22209,1035,280696,1
22211,1036,280706,1
22213,1036,280712,1
22215,1036,280710,3
22217,1036,280590,1
22219,1036,280708,1
22221,1036,280596,1
22223,1036,280704,1
22225,1037,280706,1
22227,1037,280712,1
22229,1037,280710,3
22231,1037,280590,1
22233,1037,280708,1
22235,1037,280596,1
22237,1037,280704,1
22239,1038,280721,1
22240,1038,280731,0
22243,1038,280725,1
22244,1038,280735,0
22247,1038,280727,3
22248,1038,280737,0
22251,1038,281830,1
22252,1038,280714,0
22255,1038,280723,1
22256,1038,280733,0
22259,1038,281829,1
22260,1038,280716,0
22263,1038,280719,1
22264,1038,280729,0
22267,1039,280721,1
22268,1039,280731,0
22271,1039,280725,1
22272,1039,280735,0
22275,1039,280727,3
22276,1039,280737,0
22279,1039,281830,1
22280,1039,280714,0
22283,1039,280723,1
22284,1039,280733,0
22287,1039,281829,1
22288,1039,280716,0
22291,1039,280719,1
22292,1039,280729,0
22295,1040,280743,1
22296,1040,280763,0
22299,1040,280747,1
22300,1040,280767,0
22303,1040,280739,3
22304,1040,280759,0
22307,1040,280749,1
22308,1040,280751,0
22311,1040,280745,1
22312,1040,280765,0
22315,1040,280755,1
22316,1040,280753,0
22319,1040,280741,1
22320,1040,280761,0
22323,1041,280743,1
22324,1041,280763,0
22327,1041,280747,1
22328,1041,280767,0
22331,1041,280739,3
22332,1041,280759,0
22335,1041,280749,1
22336,1041,280751,0
22339,1041,280745,1
22340,1041,280765,0
22343,1041,280755,1
22344,1041,280753,0
22347,1041,280741,1
22348,1041,280761,0
22351,1042,280810,1
22353,1042,280814,1
22355,1042,280806,3
22357,1042,280801,1
22359,1042,280812,1
22361,1042,280803,1
22363,1042,280808,1
22365,1043,280810,1
22367,1043,280814,1
22369,1043,280806,3
22371,1043,280801,1
22373,1043,280812,1
22375,1043,280803,1
22377,1043,280808,1
22379,1044,280828,1
22380,1044,280838,0
22381,1044,280850,0
22385,1044,280832,1
22386,1044,280842,0
22387,1044,280854,0
22391,1044,280824,3
22392,1044,280834,0
22393,1044,280846,0
22397,1044,280816,1
22398,1044,280686,0
22399,1044,280844,0
22403,1044,280830,1
22404,1044,280840,0
22405,1044,280852,0
22409,1044,280818,1
22410,1044,280690,0
22411,1044,280820,0
22415,1044,280826,1
22416,1044,280836,0
22417,1044,280848,0
22421,1045,280828,1
22422,1045,280838,0
22423,1045,280850,0
22427,1045,280832,1
22428,1045,280842,0
22429,1045,280854,0
22433,1045,280824,3
22434,1045,280834,0
22435,1045,280846,0
22439,1045,280816,1
22440,1045,280686,0
22441,1045,280844,0
22445,1045,280830,1
22446,1045,280840,0
22447,1045,280852,0
22451,1045,280818,1
22452,1045,280690,0
22453,1045,280820,0
22457,1045,280826,1
22458,1045,280836,0
22459,1045,280848,0
22463,1046,280880,1
22465,1046,280886,1
22467,1046,280884,3
22469,1046,280592,1
22471,1046,280882,1
22473,1046,280598,1
22475,1046,280878,1
22477,1047,280880,1
22479,1047,280886,1
22481,1047,280884,3
22483,1047,280592,1
22485,1047,280882,1
22487,1047,280598,1
22489,1047,280878,1
22491,1048,280892,1
22493,1048,280896,1
22495,1048,280888,3
22497,1048,280771,1
22499,1048,280894,1
22501,1048,280773,1
22503,1048,280890,1
22505,1049,280892,1
22507,1049,280896,1
22509,1049,280888,3
22511,1049,280771,1
22513,1049,280894,1
22515,1049,280773,1
22517,1049,280890,1
22633,1054,270729,1
22634,1054,270769,1
22635,1054,270676,3
22636,1054,270785,1
22637,1054,270742,1
22638,1054,270683,1
22639,1054,270711,1
22640,1055,270728,1
22641,1055,270720,0
22642,1055,270726,0
22643,1055,270767,1
22644,1055,270763,0
22645,1055,270765,0
22646,1055,270748,3
22647,1055,270753,0
22648,1055,270754,0
22649,1055,270781,1
22650,1055,270789,0
22651,1055,270741,1
22652,1055,270732,0
22653,1055,270734,0
22654,1055,270679,1
22655,1055,270686,0
22656,1055,270708,1
22657,1055,270705,0
22658,1055,270709,0
22659,1056,270717,1
22660,1056,270759,1
22661,1056,270677,3
22662,1056,270778,1
22663,1056,270779,0
22664,1056,270744,1
22665,1056,270691,1
22666,1056,270690,0
22667,1056,270703,1
22668,1057,270714,1
22669,1057,270768,1
22670,1057,270751,3
22671,1057,270775,1
22672,1057,270745,1
22673,1057,270687,1
22674,1057,270699,1
22703,279,270713,0
22704,279,270716,1
22705,279,270770,1
22706,279,270771,0
22707,279,270749,3
22708,279,270750,0
22709,279,270783,1
22710,279,270747,1
22711,279,270743,0
22712,279,270693,1
22713,279,270701,1
22714,279,270698,0
22715,1059,270617,1
22716,1059,270618,0
22717,1059,275054,0
22718,1059,275059,0
22719,1059,279428,0
22720,1059,279433,0
22721,1059,270600,3
22722,1059,270601,0
22723,1059,275055,0
22724,1059,275060,0
22725,1059,279429,0
22726,1059,279434,0
22727,1059,270630,1
22728,1059,275048,0
22729,1059,279422,0
22730,1059,270582,1
22731,1059,270578,0
22732,1059,275053,0
22733,1059,275058,0
22734,1059,279427,0
22735,1059,279432,0
22736,1059,270521,1
22737,1059,275049,0
22738,1059,279423,0
22739,1059,270656,1
22740,1059,275050,0
22741,1059,279424,0
22742,1059,270544,1
22743,1059,270541,0
22744,1059,275051,0
22745,1059,275056,0
22746,1059,279425,0
22747,1059,279430,0
22748,1060,270727,1
22749,1060,270725,0
22750,1060,270774,1
22751,1060,270773,0
22752,1060,270675,3
22753,1060,270674,0
22754,1060,270787,1
22755,1060,270788,0
22756,1060,270740,1
22757,1060,270739,0
22758,1060,270684,1
22759,1060,270685,0
22760,1060,270710,1
22761,1060,270707,0
22762,1061,270724,1
22763,1061,270772,1
22764,1061,270678,3
22765,1061,270784,1
22766,1061,270738,1
22767,1061,270692,1
22768,1061,270706,1
22769,1062,270712,1
22770,1062,270719,0
22771,1062,270721,0
22772,1062,270758,1
22773,1062,270762,0
22774,1062,270764,0
22775,1062,270673,3
22776,1062,270671,0
22777,1062,270672,0
22778,1062,270782,1
22779,1062,270780,0
22780,1062,270737,1
22781,1062,270731,0
22782,1062,270733,0
22783,1062,270680,1
22784,1062,270681,0
22785,1062,270697,1
22786,1062,270694,0
22787,1062,270695,0
22788,1063,270718,1
22789,1063,270761,1
22790,1063,270752,3
22791,1063,270776,1
22792,1063,270730,1
22793,1063,270688,1
22794,1063,270704,1
22802,1064,270715,1
22803,1064,270760,1
22804,1064,270670,3
22805,1064,270786,1
22806,1064,270746,1
22807,1064,270682,1
22808,1064,270702,1
22902,233,282048,0
22903,233,282167,0
22910,233,282067,0
22911,233,282101,0
22918,233,282031,0
22919,233,282120,0
22925,233,282096,0
22931,233,282154,0
22932,233,282159,0
22938,233,282046,0
22943,233,282122,0
22949,233,282066,0
22950,233,282098,0
22960,244,282717,0
22961,244,282726,0
22968,244,282720,0
22969,244,282729,0
22976,244,282719,0
22977,244,282728,0
22982,244,282722,0
22989,244,282718,0
22990,244,282727,0
22995,244,282723,0
23000,244,282724,0
23007,244,282716,0
23008,244,282725,0
23017,232,282055,0
23024,232,282128,0
23029,232,282148,0
23044,243,282734,0
23051,243,282736,0
23056,243,282739,0
23286,236,282043,0
23291,236,282168,0
23296,236,282156,0
23303,236,282155,0
23312,236,282042,0
23319,247,282759,0
23324,247,282761,0
23329,247,282762,0
23336,247,282760,0
23345,247,282758,0
23396,241,282049,0
23401,241,282099,0
23406,241,282047,0
23411,241,282157,0
23416,241,282160,0
23421,241,282051,0
23426,241,282097,0
23431,241,282121,0
23469,239,282095,0
23470,239,282113,0
23477,239,282044,0
23478,239,282050,0
23485,239,282140,0
23486,239,282152,0
23492,239,282083,0
23498,239,282169,0
23499,239,282172,0
23505,239,282072,0
23510,239,282073,0
23516,239,282094,0
23517,239,282139,0
23583,250,282816,0
23584,250,282822,0
23585,250,284337,0
23592,250,282818,0
23593,250,282824,0
23600,250,282814,0
23601,250,282820,0
23606,250,282819,0
23613,250,282817,0
23614,250,282823,0
23619,250,282805,0
23624,250,282807,0
23631,250,282815,0
23632,250,282821,0
23741,1073,282371,1
23743,1073,282373,1
23745,1073,282369,3
23747,1073,282438,1
23749,1073,282372,1
23751,1073,282441,1
23753,1073,282370,1
23755,1074,282371,1
23757,1074,282373,1
23759,1074,282369,3
23761,1074,282438,1
23763,1074,282372,1
23765,1074,282441,1
23767,1074,282370,1
23769,1075,282375,1
23773,1075,282382,0
23774,1075,282390,0
23775,1075,282378,1
23779,1075,282385,0
23780,1075,282393,0
23781,1075,282377,3
23785,1075,282384,0
23786,1075,282392,0
23787,1075,282503,1
23791,1075,282379,0
23792,1075,282387,0
23793,1075,282376,1
23797,1075,282383,0
23798,1075,282391,0
23799,1075,282502,1
23803,1075,282380,0
23804,1075,282388,0
23805,1075,282374,1
23809,1075,282381,0
23810,1075,282389,0
23811,1076,282375,1
23815,1076,282382,0
23816,1076,282390,0
23817,1076,282378,1
23821,1076,282385,0
23822,1076,282393,0
23823,1076,282377,3
23827,1076,282384,0
23828,1076,282392,0
23829,1076,282503,1
23833,1076,282379,0
23834,1076,282387,0
23835,1076,282376,1
23839,1076,282383,0
23840,1076,282391,0
23841,1076,282502,1
23845,1076,282380,0
23846,1076,282388,0
23847,1076,282374,1
23851,1076,282381,0
23852,1076,282389,0
23853,1077,282404,1
23855,1077,282406,1
23857,1077,282402,3
23859,1077,282398,1
23861,1077,282405,1
23863,1077,282400,1
23865,1077,282403,1
23867,1078,282404,1
23869,1078,282406,1
23871,1078,282402,3
23873,1078,282398,1
23875,1078,282405,1
23877,1078,282400,1
23879,1078,282403,1
23881,1079,282408,1
23883,1079,282411,1
23885,1079,282410,3
23887,1079,282356,1
23889,1079,282409,1
23891,1079,282359,1
23893,1079,282407,1
23895,1080,282408,1
23897,1080,282411,1
23899,1080,282410,3
23901,1080,282356,1
23903,1080,282409,1
23905,1080,282359,1
23907,1080,282407,1
23915,1081,282415,1
23918,1081,282420,0
23919,1081,282417,1
23922,1081,282422,0
23923,1081,282418,3
23926,1081,282423,0
23927,1081,282499,1
23930,1081,282412,0
23931,1081,282416,1
23934,1081,282421,0
23935,1081,282498,1
23938,1081,282413,0
23939,1081,282414,1
23942,1081,282419,0
23949,1082,282415,1
23952,1082,282420,0
23953,1082,282417,1
23956,1082,282422,0
23957,1082,282418,3
23960,1082,282423,0
23961,1082,282499,1
23964,1082,282412,0
23965,1082,282416,1
23968,1082,282421,0
23969,1082,282498,1
23972,1082,282413,0
23973,1082,282414,1
23976,1082,282419,0
23981,1083,282426,1
23984,1083,282435,0
23985,1083,282428,1
23988,1083,282437,0
23989,1083,282424,3
23992,1083,282433,0
23993,1083,282429,1
23996,1083,282430,0
23997,1083,282427,1
24000,1083,282436,0
24001,1083,282432,1
24004,1083,282431,0
24005,1083,282425,1
24008,1083,282434,0
24009,1084,282426,1
24012,1084,282435,0
24013,1084,282428,1
24016,1084,282437,0
24017,1084,282424,3
24020,1084,282433,0
24021,1084,282429,1
24024,1084,282430,0
24025,1084,282427,1
24028,1084,282436,0
24029,1084,282432,1
24032,1084,282431,0
24033,1084,282425,1
24036,1084,282434,0
24041,1085,282457,1
24043,1085,282459,1
24045,1085,282455,3
24047,1085,282453,1
24049,1085,282458,1
24051,1085,282454,1
24053,1085,282456,1
24055,1086,282457,1
24057,1086,282459,1
24059,1086,282455,3
24061,1086,282453,1
24063,1086,282458,1
24065,1086,282454,1
24067,1086,282456,1
24075,1087,282465,1
24079,1087,282470,0
24080,1087,282476,0
24081,1087,282467,1
24085,1087,282472,0
24086,1087,282478,0
24087,1087,282463,3
24091,1087,282468,0
24092,1087,282474,0
24093,1087,282460,1
24097,1087,282399,0
24098,1087,282473,0
24099,1087,282466,1
24103,1087,282471,0
24104,1087,282477,0
24105,1087,282461,1
24109,1087,282401,0
24110,1087,282462,0
24111,1087,282464,1
24115,1087,282469,0
24116,1087,282475,0
24123,1088,282465,1
24127,1088,282470,0
24128,1088,282476,0
24129,1088,282467,1
24133,1088,282472,0
24134,1088,282478,0
24135,1088,282463,3
24139,1088,282468,0
24140,1088,282474,0
24141,1088,282460,1
24145,1088,282399,0
24146,1088,282473,0
24147,1088,282466,1
24151,1088,282471,0
24152,1088,282477,0
24153,1088,282461,1
24157,1088,282401,0
24158,1088,282462,0
24159,1088,282464,1
24163,1088,282469,0
24164,1088,282475,0
24165,1089,282489,1
24167,1089,282492,1
24169,1089,282491,3
24171,1089,282357,1
24173,1089,282490,1
24175,1089,282360,1
24177,1089,282488,1
24179,1090,282489,1
24181,1090,282492,1
24183,1090,282491,3
24185,1090,282357,1
24187,1090,282490,1
24189,1090,282360,1
24191,1090,282488,1
24193,1091,282495,1
24195,1091,282497,1
24197,1091,282493,3
24199,1091,282439,1
24201,1091,282496,1
24203,1091,282440,1
24205,1091,282494,1
24207,1092,282495,1
24209,1092,282497,1
24211,1092,282493,3
24213,1092,282439,1
24215,1092,282496,1
24217,1092,282440,1
24219,1092,282494,1
29268,1193,209274,1
29269,1193,212948,0
29270,1193,209272,3
29271,1193,212946,0
29272,1193,209229,1
29273,1193,175812,0
29274,1193,212911,0
29275,1193,209275,1
29276,1193,212949,0
29277,1193,209319,1
29278,1193,212982,0
29279,1193,209171,1
29280,1193,212861,0
29281,1193,209273,1
29282,1193,212947,0
29283,1194,209221,1
29284,1194,212904,0
29285,1194,209220,1
29286,1194,212903,0
29287,1194,209223,3
29288,1194,212906,0
29289,1194,209199,1
29290,1194,212884,0
29291,1194,209224,1
29292,1194,212907,0
29293,1194,209312,1
29294,1194,212975,0
29295,1194,209204,1
29296,1194,212889,0
29297,1194,209222,1
29298,1194,212905,0
29299,1195,209284,1
29300,1195,209250,0
29301,1195,209258,0
29302,1195,212926,0
29303,1195,212933,0
29304,1195,212953,0
29305,1195,209286,1
29306,1195,209252,0
29307,1195,209260,0
29308,1195,212928,0
29309,1195,212935,0
29310,1195,212955,0
29311,1195,209282,3
29312,1195,209248,0
29313,1195,209256,0
29314,1195,212924,0
29315,1195,212931,0
29316,1195,212951,0
29317,1195,209318,1
29318,1195,209317,0
29319,1195,212980,0
29320,1195,212981,0
29321,1195,209285,1
29322,1195,209251,0
29323,1195,209259,0
29324,1195,212927,0
29325,1195,212934,0
29326,1195,212954,0
29327,1195,209288,1
29328,1195,209290,0
29329,1195,212957,0
29330,1195,212959,0
29331,1195,209169,1
29332,1195,209170,0
29333,1195,212859,0
29334,1195,212860,0
29335,1195,209283,1
29336,1195,209249,0
29337,1195,209257,0
29338,1195,212925,0
29339,1195,212932,0
29340,1195,212952,0
29341,1196,209242,1
29342,1196,212920,0
29343,1196,209244,1
29344,1196,212922,0
29345,1196,209245,3
29346,1196,212923,0
29347,1196,209315,1
29348,1196,209316,0
29349,1196,212978,0
29350,1196,212979,0
29351,1196,209243,1
29352,1196,212921,0
29353,1196,209183,1
29354,1196,209184,0
29355,1196,212869,0
29356,1196,212870,0
29357,1196,209173,1
29358,1196,209174,0
29359,1196,212863,0
29360,1196,212864,0
29361,1196,209241,1
29362,1196,212919,0
29363,371,209292,1
29364,371,209262,0
29365,371,212937,0
29366,371,212961,0
29367,371,209294,1
29368,371,209264,0
29369,371,212939,0
29370,371,212963,0
29371,371,209295,3
29372,371,209265,0
29373,371,212940,0
29374,371,212964,0
29375,371,209201,1
29376,371,212886,0
29377,371,209293,1
29378,371,209263,0
29379,371,212938,0
29380,371,212962,0
29381,371,209314,1
29382,371,212977,0
29383,371,209203,1
29384,371,212888,0
29385,371,209291,1
29386,371,209261,0
29387,371,212936,0
29388,371,212960,0
29389,1197,209298,1
29390,1197,209268,0
29391,1197,212943,0
29392,1197,212967,0
29393,1197,209300,1
29394,1197,209270,0
29395,1197,212945,0
29396,1197,212969,0
29397,1197,209296,3
29398,1197,209266,0
29399,1197,212941,0
29400,1197,212965,0
29401,1197,209194,1
29402,1197,209195,0
29403,1197,212880,0
29404,1197,212881,0
29405,1197,209299,1
29406,1197,209269,0
29407,1197,212944,0
29408,1197,212968,0
29409,1197,209231,1
29410,1197,209232,0
29411,1197,212912,0
29412,1197,212913,0
29413,1197,209185,1
29414,1197,209186,0
29415,1197,212871,0
29416,1197,212872,0
29417,1197,209297,1
29418,1197,209267,0
29419,1197,212942,0
29420,1197,212966,0
29421,1198,209304,1
29423,1198,212971,0
29425,1198,209303,1
29427,1198,212970,0
29429,1198,209306,3
29431,1198,212973,0
29433,1198,209200,1
29434,1198,212885,0
29435,1198,209307,1
29437,1198,212974,0
29439,1198,209313,1
29440,1198,212976,0
29441,1198,209202,1
29442,1198,212887,0
29443,1198,209305,1
29445,1198,212972,0
29447,1199,209191,1
29448,1199,212877,0
29449,1199,209193,1
29450,1199,212879,0
29451,1199,209189,3
29452,1199,212875,0
29453,1199,209253,1
29454,1199,209254,0
29455,1199,212929,0
29456,1199,212930,0
29457,1199,209192,1
29458,1199,212878,0
29459,1199,209287,1
29460,1199,209289,0
29461,1199,212956,0
29462,1199,212958,0
29463,1199,209322,1
29464,1199,209323,0
29465,1199,212984,0
29466,1199,212985,0
29467,1199,209190,1
29468,1199,212876,0
29469,1200,209207,1
29470,1200,209237,0
29471,1200,209325,0
29472,1200,212891,0
29473,1200,212915,0
29474,1200,212987,0
29475,1200,209210,1
29476,1200,209240,0
29477,1200,209328,0
29478,1200,212894,0
29479,1200,212918,0
29480,1200,212990,0
29481,1200,209209,3
29482,1200,209239,0
29483,1200,209327,0
29484,1200,212893,0
29485,1200,212917,0
29486,1200,212989,0
29487,1200,209177,1
29488,1200,209178,0
29489,1200,212865,0
29490,1200,212866,0
29491,1200,209208,1
29492,1200,209238,0
29493,1200,209326,0
29494,1200,212892,0
29495,1200,212916,0
29496,1200,212988,0
29497,1200,209225,1
29498,1200,209226,0
29499,1200,212908,0
29500,1200,212909,0
29501,1200,209179,1
29502,1200,209180,0
29503,1200,212867,0
29504,1200,212868,0
29505,1200,209206,1
29506,1200,209236,0
29507,1200,209324,0
29508,1200,212890,0
29509,1200,212914,0
29510,1200,212986,0
29511,1201,209216,1
29512,1201,212900,0
29514,1201,209218,1
29515,1201,212902,0
29516,1201,209214,3
29517,1201,212898,0
29518,1201,209228,1
29519,1201,212910,0
29520,1201,209217,1
29521,1201,212901,0
29522,1201,209320,1
29523,1201,212983,0
29524,1201,209172,1
29525,1201,212862,0
29526,1201,209215,1
29527,1201,212899,0
29545,1202,173050,1
29547,1202,173052,1
29549,1202,173048,3
29551,1202,144917,1
29552,1202,173051,1
29554,1202,144902,1
29555,1202,144932,1
29556,1202,177920,0
29557,1202,173049,1
31471,874,131815,1
31472,914,132837,1
31473,914,132835,1
31474,914,132841,1
31475,914,132836,1
31476,914,132839,1
31477,914,132842,1
31478,914,132840,1
31479,891,132877,1
31480,891,132878,1
31481,891,132875,1
31482,891,132881,1
31483,891,132876,1
31484,891,132879,1
31485,891,141020,0
31486,891,132882,1
31487,891,132880,1
31488,908,131786,1
31489,908,131784,1
31490,908,131782,1
31491,908,132019,1
31492,908,131783,1
31493,892,131799,1
31494,892,131800,1
31495,892,139672,0
31496,892,131803,3
31497,892,131801,1
31498,892,131798,1
31499,957,142723,0
31500,957,142611,0
31501,957,143955,1
31506,951,201508,1
31507,951,144865,1
31520,263,276576,0
31521,263,276697,1
31522,263,280434,0
31523,263,280555,0
31524,263,276626,0
31525,263,276668,1
31526,263,280484,0
31527,263,280526,0
31528,274,274817,1
31529,274,274837,0
31530,274,280299,0
31531,274,280310,0
31532,274,274821,1
31533,274,274841,0
31534,274,280301,0
31535,274,280312,0
31538,273,274678,1
31539,273,280225,0
31540,264,276607,1
31541,264,280465,0
31542,275,274786,1
31543,275,280283,0
31544,275,280282,0
31551,249,282843,1
31552,249,282845,1
31557,1059,270559,0
31558,1059,270562,1
31559,1059,275052,0
31560,1059,275057,0
31561,1059,279426,0
31562,1059,279431,0
32007,775,174029,1
32393,660,175911,1
32394,660,175912,0
32395,677,175918,1
32397,709,212554,1
32398,709,212555,1
32399,741,175914,1
32400,827,201900,1
32401,827,175917,0
32402,844,175782,1
32403,865,141014,0
32435,784,174015,1
32436,784,174034,1
33282,970,140533,1
33283,970,140532,1
33954,215,280891,1
33955,215,282672,0
33956,215,280895,1
33957,215,282674,0
33972,284,270565,0
33973,284,270567,0
33974,284,270570,1
33975,284,275109,0
33976,284,275114,0
33977,284,275120,0
33978,284,279482,0
33979,284,279487,0
33980,284,279493,0
33981,1424,128407,0
33982,1424,207961,0
33983,1424,267384,0
33984,1424,216171,1
33986,1424,216170,1
33987,1424,128410,0
33988,1424,174627,0
33990,1424,267383,0
33991,1424,276260,0
33993,1424,216169,1
33994,1424,128409,2
33995,1424,177706,0
33996,1424,267382,0
33997,1424,276261,0
33999,1424,216166,1
34000,1424,128411,0
34001,1424,267380,0
34002,1424,216172,1
34003,1424,128408,0
34004,1424,207973,0
34005,1424,267385,0
34007,1424,216168,1
34008,1424,128413,0
34009,1424,267381,0
34010,1424,216173,1
34011,1424,128412,0
34012,1424,267386,0
34013,1424,216167,1
34014,1424,128414,0
34015,1424,267379,0
34016,1425,216136,1
34017,1425,128395,0
34018,1425,267365,0
34019,1425,216139,1
34020,1425,128398,0
34021,1425,267368,0
34022,1425,216138,1
34023,1425,128397,2
34024,1425,267367,0
34025,1425,216140,1
34026,1425,128394,0
34027,1425,267369,0
34028,1425,126323,0
34029,1425,128396,0
34030,1425,128605,0
34031,1425,130349,0
34032,1425,267366,0
34033,1425,216137,1
34034,1425,216134,1
34035,1425,128391,0
34036,1425,267363,0
34037,1425,216141,1
34038,1425,201121,0
34039,1425,267370,0
34040,1425,216135,1
34041,1425,128393,0
34042,1425,267364,0
34043,1426,216182,1
34044,1426,128429,0
34045,1426,267388,0
34046,1426,216183,1
34047,1426,128427,0
34048,1426,267391,0
34049,1426,216186,1
34050,1426,128415,2
34051,1426,267390,0
34052,1426,216188,1
34053,1426,128425,0
34054,1426,267393,0
34055,1426,216189,1
34056,1426,128428,0
34057,1426,267394,0
34058,1426,127274,0
34059,1426,128424,0
34060,1426,267392,0
34061,1426,216187,1
34062,1426,216184,1
34063,1426,128423,0
34064,1426,267387,0
34065,1426,216185,1
34066,1426,128426,0
34067,1426,267389,0
34068,1427,216204,1
34076,1427,128416,0
34078,1427,207959,0
34079,1427,267401,0
34084,1427,216205,1
34085,1427,128417,0
34086,1427,139493,0
34088,1427,141494,0
34089,1427,174625,0
34090,1427,267402,0
34091,1427,276263,0
34093,1427,216198,1
34094,1427,127730,0
34095,1427,128430,2
34097,1427,177705,0
34098,1427,267396,0
34099,1427,276264,0
34101,1427,121385,0
34102,1427,123135,0
34103,1427,128422,0
34104,1427,267400,0
34105,1427,216203,1
34106,1427,216202,1
34107,1427,128418,0
34108,1427,207971,0
34109,1427,267399,0
34111,1427,216200,1
34112,1427,128420,0
34113,1427,267397,0
34114,1427,216199,1
34115,1427,125786,0
34116,1427,126555,0
34117,1427,128419,0
34118,1427,267395,0
34119,1427,216201,1
34120,1427,128421,0
34121,1427,267398,0
34122,1428,216219,1
34123,1428,128386,0
34124,1428,267406,0
34125,1428,273970,0
34126,1428,216217,1
34127,1428,128388,0
34128,1428,267408,0
34129,1428,216214,1
34130,1428,128383,2
34131,1428,267405,0
34132,1428,216218,1
34133,1428,128389,0
34134,1428,267409,0
34135,1428,216220,1
34136,1428,128387,0
34137,1428,267407,0
34138,1428,216216,1
34140,1428,128384,0
34142,1428,267403,0
34145,1428,216221,1
34146,1428,128390,0
34147,1428,267410,0
34148,1428,216215,1
34149,1428,128385,0
34150,1428,267404,0
34151,1429,128376,0
34152,1429,138929,0
34153,1429,207958,0
34154,1429,267411,0
34155,1429,216230,1
34157,1429,216232,1
34158,1429,128378,0
34159,1429,174624,0
34160,1429,267413,0
34161,1429,276277,0
34163,1429,216234,1
34164,1429,128375,2
34165,1429,177702,0
34166,1429,267416,0
34167,1429,276286,0
34169,1429,216237,1
34170,1429,128382,0
34171,1429,267418,0
34172,1429,216231,1
34173,1429,128377,0
34174,1429,207970,0
34175,1429,267412,0
34177,1429,216236,1
34178,1429,128379,0
34179,1429,267417,0
34180,1429,216233,1
34181,1429,128380,0
34182,1429,267414,0
34183,1429,216235,1
34184,1429,128381,0
34185,1429,267415,0
34186,1430,128436,0
34187,1430,267424,0
34188,1430,216251,1
34190,1430,128438,0
34191,1430,175157,0
34192,1430,267425,0
34193,1430,216252,1
34194,1430,276295,0
34196,1430,216250,1
34197,1430,128435,2
34198,1430,267423,0
34200,1430,216246,1
34201,1430,128432,0
34202,1430,267419,0
34203,1430,216249,1
34204,1430,128437,0
34205,1430,267422,0
34207,1430,216253,1
34208,1430,128434,0
34209,1430,267426,0
34210,1430,216248,1
34211,1430,128431,0
34212,1430,267421,0
34213,1430,216247,1
34214,1430,128433,0
34215,1430,267420,0
34216,1431,216266,1
34217,1431,128440,0
34218,1431,207955,0
34219,1431,267432,0
34221,1431,128442,0
34222,1431,174622,0
34223,1431,267433,0
34224,1431,216269,1
34225,1431,276291,0
34227,1431,216267,1
34228,1431,128439,2
34229,1431,177703,0
34230,1431,267431,0
34231,1431,276292,0
34233,1431,216263,1
34234,1431,128445,0
34235,1431,267430,0
34236,1431,216268,1
34237,1431,128441,0
34238,1431,207968,0
34239,1431,267434,0
34241,1431,216262,1
34242,1431,128443,0
34243,1431,267429,0
34244,1431,216265,1
34245,1431,128444,0
34246,1431,267428,0
34247,1431,216264,1
34248,1431,128446,0
34249,1431,267427,0
34278,1436,274086,1
34279,1436,274088,1
34280,1436,274084,1
34281,1436,274082,1
34282,1436,274087,1
34283,1436,274083,1
34284,1436,274089,1
34285,1436,274085,1
34286,1437,274078,1
34287,1437,274074,1
34288,1437,274076,1
34289,1437,274072,1
34290,1437,274079,1
34291,1437,274073,1
34292,1437,274075,1
34293,1437,274077,1
34294,1438,274069,1
34295,1438,274071,1
34296,1438,274067,1
34297,1438,274065,1
34298,1438,274070,1
34299,1438,274066,1
34300,1438,274064,1
34301,1438,274068,1
34302,1439,274057,1
34303,1439,274062,1
34304,1439,274059,1
34305,1439,274056,1
34306,1439,274061,1
34307,1439,274058,1
34308,1439,274063,1
34309,1439,274060,1
34310,1440,274053,1
34311,1440,274050,1
34312,1440,274051,1
34313,1440,274047,1
34314,1440,274054,1
34315,1440,274048,1
34316,1440,274049,1
34317,1440,274052,1
34318,1441,274037,1
34319,1441,274039,1
34320,1441,274035,1
34321,1441,274033,1
34322,1441,274038,1
34323,1441,274034,1
34324,1441,274040,1
34325,1441,274036,1
34326,1442,274029,1
34327,1442,274031,1
34328,1442,274027,1
34329,1442,274025,1
34330,1442,274030,1
34331,1442,274026,1
34332,1442,274032,1
34333,1442,274028,1
34334,1443,274019,1
34335,1443,274022,1
34336,1443,274021,1
34337,1443,274016,1
34338,1443,274020,1
34339,1443,274017,1
34340,1443,274023,1
34341,1443,274018,1
34342,1444,274010,1
34343,1444,274012,1
34344,1444,274008,1
34345,1444,274006,1
34346,1444,274011,1
34347,1444,274007,1
34348,1444,274013,1
34349,1444,274009,1
34350,1445,274001,1
34351,1445,274004,1
34352,1445,274003,1
34353,1445,273998,1
34354,1445,274002,1
34355,1445,273999,1
34356,1445,274005,1
34357,1445,274000,1
34358,1446,273994,1
34359,1446,273996,1
34360,1446,273992,1
34361,1446,273990,1
34362,1446,273995,1
34363,1446,273991,1
34364,1446,273997,1
34365,1446,273993,1
34366,1193,209276,1
34367,1193,212950,0
37765,825,178937,0
37766,825,179732,0
38614,356,177997,0
38615,356,177998,0
38616,356,178043,0
38617,356,178044,0
38618,852,178001,0
38619,852,178002,0
38620,852,178039,0
38621,852,178040,0
38622,867,177996,0
38623,867,178045,0
39208,442,277435,1
39209,442,277559,0
39210,442,277715,0
39211,442,277722,0
39213,442,277616,1
39214,442,277719,0
39215,442,277724,0
39232,632,216359,0
39233,632,216704,0
39234,632,216710,0
39235,632,216712,1
39251,546,271774,0
39252,546,271978,1
39253,546,272084,0
39276,896,141342,1
39277,896,141343,0
39278,896,141344,0
39527,875,178010,0
39528,875,178011,0
39529,875,178012,0
39530,875,178029,0
39531,875,178030,0
39532,875,178031,0
39533,893,178003,0
39534,893,178038,0
39535,901,178004,0
39536,901,178005,0
39537,901,178006,0
39538,901,178035,0
39539,901,178036,0
39540,901,178037,0
39541,909,177999,0
39542,909,178042,0
39543,916,178000,0
39544,927,178007,0
39545,927,178008,0
39546,927,178009,0
39547,927,178032,0
39548,927,178033,0
39549,927,178034,0
39875,958,143773,1
39876,958,143800,0
39878,958,143827,0
40752,867,128605,1
40769,893,128515,1
44920,775,174016,1
44921,775,174035,1
44922,775,177939,0
47572,357,128497,1
67630,332,279893,0
67631,580,272020,1
67632,579,271796,1
67634,575,277223,1
67635,576,277576,1
67636,563,270952,1
67637,561,278211,1
67638,562,277587,1
67639,560,277234,1
67640,559,279546,1
67641,558,279961,1
67642,547,272099,1
67643,531,271855,1
67644,529,270975,1
67645,529,270976,1
67646,525,279609,1
67647,524,279931,1
67648,523,279694,1
67649,513,270988,1
67650,513,270991,1
67651,513,270989,1
67652,495,271822,1
67653,495,271823,1
67654,493,270942,1
67655,493,270943,1
67657,337,271840,1
67658,337,271839,1
67660,332,279899,1
67661,331,279650,0
67662,336,272192,1
67663,429,270960,1
67664,333,279557,0
67665,477,272204,1
67666,479,271779,1
67667,428,271828,1
67668,427,270948,1
67669,425,278301,1
67670,426,277677,1
67671,424,277303,1
67672,461,270971,1
74047,579,273925,0
74054,512,277469,0
74055,510,276882,0
74056,510,277781,0
74057,511,277085,0
74058,511,278093,0
74059,511,278405,0
74060,426,277432,0
74061,426,277484,0
74062,426,277545,0
74064,424,276848,0
74065,424,276897,0
74066,424,277030,0
74067,424,277176,0
74068,424,277744,0
74069,424,277796,0
74070,424,277857,0
74072,425,277088,0
74073,425,278056,0
74074,425,278108,0
74075,425,278169,0
74076,425,278368,0
74077,425,278420,0
74078,425,278481,0
74080,576,277417,0
74081,576,277477,0
74082,575,276832,0
74083,575,276892,0
74084,575,277729,0
74085,575,277789,0
74086,577,278041,0
74087,577,278101,0
74088,577,278353,0
74089,577,278413,0
74101,557,284296,0
74129,282,274678,0
74130,282,280225,0
75023,4370,285231,3
75024,4370,285233,1
75025,4370,285234,1
75026,4370,285235,1
75039,4372,287328,1
75040,4372,287331,1
75041,4372,287294,3
75042,4372,287330,1
75043,4372,287329,1
75044,4372,287295,1
75045,4372,287332,1
75975,355,140224,0
75976,355,140225,0
75977,357,123431,0
75978,357,124540,0
75979,357,131200,0
75980,357,131201,0
75981,357,131202,0
75982,357,141558,0
75983,361,174885,0
75984,361,174886,0
75985,361,174935,0
75986,361,174936,0
75987,361,174937,0
75988,361,174938,0
75989,361,174939,0
75990,361,201822,0
75991,361,201827,0
75992,361,174963,0
75993,362,174885,0
75994,362,174886,0
75998,374,202045,0
75999,374,202046,0
76000,374,202047,0
76028,381,174400,0
76029,381,174401,0
76030,381,174403,0
76031,381,174404,0
76032,381,174415,0
76033,381,174416,0
76034,381,174418,0
76035,381,174419,0
76036,637,179944,0
76086,655,178735,0
76121,661,174895,0
76122,661,174897,0
76123,662,175812,0
76124,678,174940,0
76125,678,174942,0
76126,678,174944,0
76150,694,201810,0
76151,694,174881,0
76152,694,174882,0
76153,694,174883,0
76154,694,174884,0
76155,703,178741,0
76157,704,178445,0
76158,704,178446,0
76159,704,178447,0
76160,704,178448,0
76188,704,179757,0
76217,725,173273,0
76223,727,201819,0
76224,727,201820,0
76247,742,174887,0
76248,742,174888,0
76249,742,174889,0
76250,742,174890,0
76251,742,201811,0
76255,775,174026,0
76256,775,179454,0
76264,829,174902,0
76265,829,174903,0
76266,829,174904,0
76267,829,174905,0
76268,829,201813,0
76269,829,174907,0
76270,829,201814,0
76271,829,201815,0
76272,829,174910,0
76273,829,174911,0
76274,829,174912,0
76275,829,201816,0
76276,829,174914,0
76277,829,174973,0
76278,829,174974,0
76279,838,179763,0
76284,844,172957,0
76285,844,172958,0
76286,844,172960,0
76287,844,173199,0
76288,844,173200,0
76295,849,140175,0
76296,849,140176,0
76297,849,142760,0
76298,849,142761,0
76299,849,142762,0
76300,849,142763,0
76301,849,142764,0
76302,849,142765,0
76305,857,141280,0
76306,857,172136,0
76307,857,172651,0
76308,857,172661,0
76309,864,140221,0
76310,864,140222,0
76311,867,126323,0
76312,867,128396,0
76313,867,130349,0
76314,869,144346,0
76315,869,174920,0
76316,869,174921,0
76317,869,174922,0
76318,869,174928,0
76319,870,174917,0
76320,870,174919,0
76321,872,140242,0
76322,872,140243,0
76323,873,140244,0
76324,873,140245,0
76325,890,140169,0
76326,890,140170,0
76330,898,140201,0
76331,898,140211,0
76336,911,174916,0
76337,911,174925,0
76338,913,140228,0
76339,913,140229,0
76340,918,143644,0
76341,924,140236,0
76342,924,140237,0
76343,924,140238,0
76344,924,140239,0
76345,924,140874,0
76346,931,174968,0
76347,946,173048,0
76348,946,173049,0
76349,946,173050,0
76350,946,173051,0
76351,946,173052,0
76422,951,144820,0
76423,951,144850,0
76428,952,144179,0
76449,966,143846,0
76459,970,134914,0
76460,970,134915,0
76461,970,174475,0
76462,970,174476,0
76463,970,174477,0
76464,970,174478,0
76465,970,174479,0
76466,971,174420,0
76467,971,174421,0
76468,971,174422,0
76469,971,174423,0
76470,971,174424,0
76471,971,174425,0
76472,971,174426,0
76473,971,174427,0
76474,971,174428,0
76475,971,174429,0
76476,971,174430,0
76477,971,174431,0
76478,971,174432,0
76479,971,174433,0
76480,971,174434,0
76481,972,174455,0
76482,972,174456,0
76483,972,174457,0
76484,972,174458,0
76485,972,174459,0
76486,973,174460,0
76487,973,174461,0
76488,973,174462,0
76489,973,174463,0
76490,973,174464,0
76491,973,174465,0
76492,973,174466,0
76493,973,174467,0
76494,973,174468,0
76495,973,174469,0
76496,974,140240,0
76497,974,140241,0
76498,974,174405,0
76499,974,174406,0
76500,974,174407,0
76501,974,174408,0
76502,974,174409,0
76503,974,174410,0
76504,974,174411,0
76505,974,174412,0
76506,974,174413,0
76507,974,174414,0
76508,975,143446,0
76509,975,174470,0
76510,975,174471,0
76511,975,174472,0
76512,975,174473,0
76513,975,174474,0
76514,976,174435,0
76515,976,174436,0
76516,976,174437,0
76517,976,174438,0
76518,976,174439,0
76520,977,174440,0
76521,977,174441,0
76522,977,174442,0
76523,977,174443,0
76524,977,174444,0
76525,977,174445,0
76526,977,174446,0
76527,977,174447,0
76528,977,174448,0
76529,977,174449,0
76530,977,174450,0
76531,977,174451,0
76532,977,174452,0
76533,977,174453,0
76534,977,174454,0
76535,1202,144833,0
76536,1202,144834,0
76537,1202,144835,0
76538,1202,144836,0
76539,1202,144837,0
76567,1425,130857,0
76568,1425,130859,0
76569,1425,130860,0
76570,1425,131533,0
76571,1425,131534,0
76572,1425,131537,0
76573,1425,131538,0
76574,1427,117560,0
76577,1429,131264,0
76578,1429,131265,0
76579,1429,131266,0
76580,1429,131267,0
76581,1429,131268,0
76582,1429,131269,0
76583,1429,131270,0
76584,1429,131271,0
76585,1429,131277,0
76586,1429,131278,0
76587,1429,131279,0
76588,1429,131280,0
76589,1429,131281,0
76590,1429,131282,0
76591,1429,131284,0
76592,1429,131286,0
79552,4493,134092,0
86699,381,174402,0
86700,381,174417,0
86701,638,207911,0
86702,638,207924,0
86703,662,209171,0
86704,662,209272,0
86705,662,209394,0
86706,662,211948,0
86707,662,211953,0
86708,662,212861,0
86709,662,212946,0
86710,662,272876,0
86716,694,202000,0
86724,761,207023,0
86725,761,207026,0
86726,761,207029,0
86727,761,207861,0
86728,761,207862,0
86729,761,207863,0
86730,761,207864,0
86731,761,207865,0
86732,763,207035,0
86733,763,207036,0
86734,763,207055,0
86735,763,207057,0
86736,763,207059,0
86737,763,207060,0
86738,763,207902,0
86739,763,207903,0
86740,763,207904,0
86741,763,207905,0
86742,763,207906,0
86743,763,207907,0
86744,763,207908,0
86745,763,207909,0
86746,763,207910,0
86747,763,207921,0
86748,763,207922,0
86749,763,207923,0
86750,764,207069,0
86751,764,207071,0
86752,764,207073,0
86753,764,207076,0
86754,764,207077,0
86755,764,207078,0
86756,764,207079,0
86757,764,207080,0
86758,764,207081,0
86759,764,207882,0
86760,764,207883,0
86761,764,207884,0
86762,764,207885,0
86763,764,207886,0
86764,764,207887,0
86765,764,207888,0
86766,764,207889,0
86767,764,207890,0
86768,764,207891,0
86769,764,207892,0
86770,764,207893,0
86771,764,207894,0
86772,764,207895,0
86773,764,207896,0
86774,765,207008,0
86775,765,207009,0
86776,765,207016,0
86777,765,207018,0
86778,765,207019,0
86779,765,207020,0
86780,765,207839,0
86781,765,207840,0
86782,765,207841,0
86783,765,207842,0
86784,765,207843,0
86785,765,207844,0
86786,765,207845,0
86787,765,207846,0
86788,765,207847,0
86789,765,207848,0
86790,765,207849,0
86791,765,207850,0
86792,766,207095,0
86793,766,207107,0
86794,766,207109,0
86795,766,207111,0
86796,766,207112,0
86797,766,207113,0
86798,766,207746,0
86799,766,207747,0
86800,766,207748,0
86801,766,207749,0
86802,766,207750,0
86803,766,207751,0
86804,766,207752,0
86805,766,207753,0
86806,766,207754,0
86807,766,207755,0
86808,766,207756,0
86809,766,207757,0
86810,766,207758,0
86811,766,207759,0
86812,766,207760,0
86813,767,207040,0
86814,767,207041,0
86815,767,207042,0
86816,767,207045,0
86817,767,207047,0
86818,767,207049,0
86819,767,207050,0
86820,767,207051,0
86821,767,207052,0
86822,767,207809,0
86823,767,207810,0
86824,767,207811,0
86825,767,207812,0
86826,767,207813,0
86827,767,207814,0
86828,767,207815,0
86829,767,207816,0
86830,767,207817,0
86831,767,207818,0
86832,767,207819,0
86833,767,207820,0
86834,767,207821,0
86835,767,207822,0
86836,767,207823,0
86837,768,207065,0
86838,768,207066,0
86839,768,207087,0
86840,768,207089,0
86841,768,207090,0
86842,768,207091,0
86843,768,207782,0
86844,768,207783,0
86845,768,207784,0
86846,768,207791,0
86847,768,207792,0
86848,768,207793,0
86849,768,207794,0
86850,768,207795,0
86851,768,207796,0
86852,768,207797,0
86853,768,207798,0
86854,768,207799,0
86855,769,207012,0
86856,769,207015,0
86857,769,207023,0
86858,769,207025,0
86859,769,207026,0
86860,769,207027,0
86861,769,207028,0
86862,769,207029,0
86863,769,207030,0
86864,769,207856,0
86865,769,207857,0
86866,769,207858,0
86867,769,207859,0
86868,769,207860,0
86869,769,207861,0
86870,769,207862,0
86871,769,207863,0
86872,769,207864,0
86873,769,207865,0
86874,769,207866,0
86875,769,207867,0
86876,769,207868,0
86877,769,207869,0
86878,769,207870,0
86884,841,202312,0
87053,867,216137,0
87054,867,267366,0
95932,4518,220352,1
95933,4518,220354,0
95934,4518,220350,1
95935,4518,220347,3
95936,4518,220353,1
95937,4518,220348,1
95938,4518,220349,1
95939,4518,220351,1
95940,4518,220355,1
96000,4542,290291,1
96051,4370,285232,1
96113,4558,292050,3
96114,4558,292049,1
96115,4558,292048,1
96135,4558,292133,1
96270,438,281881,0
96271,438,281883,0
96272,438,281879,0
96273,438,281877,0
96274,438,281882,0
96275,438,282968,0
96276,438,281878,0
96277,438,281884,0
96278,438,281880,0
99028,5248,277360,2
99029,5249,278684,0
103531,5605,303818,1
103532,5605,303820,1
103533,5605,303814,3
103534,5605,303815,1
103535,5605,303819,1
103536,5605,303816,1
103537,5605,303821,1
103538,5605,303817,1
105952,191,270353,1
105953,191,270358,0
105954,191,275998,0
105955,191,276008,0
105959,506,282982,1
