Description_lang,SourceText_lang,ID,CreatureID,SummonSpellID,IconFileDataID,PetTypeEnum,Flags,SourceTypeEnum,CardUIModelSceneID,LoadoutUIModelSceneID,CovenantID
,,2,61892,0,132332,4,49,-1,6,7,0
"A mechanical squirrel's logic center tells it to collect and store both nuts and bolts for the winter.","|cFFFFD200Profession: |rEngineering",39,2671,4055,656559,9,2,3,6,7,0
"Donni Anthania plans to have a bombay buried with her when she dies. A wise adventurer can put its talents to much better use.","|cFFFFD200Vendor: |rDonni Anthania|n|cFFFFD200Zone: |rElwynn Forest|n|cFFFFD200Cost: |r40|TINTERFACE\MONEYFRAME\UI-SILVERICON.BLP:0|t",40,7385,10673,656575,7,2,2,6,7,0
"Donni Anthania invites these cats to her tea parties. But she doesn't serve their favorite drink: the tears of their enemies.","|cFFFFD200Vendor: |rDonni Anthania|n|cFFFFD200Zone: |rElwynn Forest|n|cFFFFD200Cost: |r40|TINTERFACE\MONEYFRAME\UI-SILVERICON.BLP:0|t",41,7384,10674,656577,7,2,2,6,7,0
"Old Alterac saying: 'A cat has nine lives, but needs only one.'","|cFFFFD200Drop: |rWorld Drop|n|cFFFFD200Zone: |rHillsbrad Foothills",42,7383,10675,656574,7,2,0,6,7,0
"The last person who tried to housebreak this cat quickly learned that a soiled rug is better than a shredded everything-else.","|cFFFFD200Vendor: |rDonni Anthania, Steven Lisbane|n|cFFFFD200Zone: |rElwynn Forest|n|cFFFFD200Cost: |r40|TINTERFACE\MONEYFRAME\UI-SILVERICON.BLP:0|t",43,7382,10676,656578,7,2,2,6,7,0
"Known for its blue eyes. Also considered a delicacy by giant murlocs.","|cFFFFD200Vendor: |rDealer Rashaad|n|cFFFFD200Zone: |rNetherstorm|n|cFFFFD200Cost: |r60|TINTERFACE\MONEYFRAME\UI-SILVERICON.BLP:0|t",44,7380,10677,656579,7,2,2,6,7,0
"Sleeping is this cat's second favorite activity. The first is yawning.","|cFFFFD200Vendor: |rDonni Anthania|n|cFFFFD200Zone: |rElwynn Forest|n|cFFFFD200Cost: |r40|TINTERFACE\MONEYFRAME\UI-SILVERICON.BLP:0|t",45,7381,10678,656580,7,2,2,6,7,0
"'The queen had three kittens. The first gave her a juicy rat. The second, a tasty hare. And the white, her favorite, presented the head of her rival.'","|cFFFFD200Vendor: |rLil Timmy|n|cFFFFD200Zone: |rStormwind City|n|cFFFFD200Cost: |r60|TINTERFACE\MONEYFRAME\UI-SILVERICON.BLP:0|t",46,7386,10679,656581,7,2,2,6,7,0
"Some say this clever bird can be taught to speak--but it's smart enough to keep its beak shut.","|cFFFFD200Vendor: |rHarry No-Hooks, Narkk|n|cFFFFD200Zone: |rThe Cape of Stranglethorn|n|cFFFFD200Cost: |r40|TINTERFACE\MONEYFRAME\UI-SILVERICON.BLP:0|t",47,7390,10680,132921,2,2,2,6,7,0
"The jungle trolls train these birds to mimic calls for help in order to lure unsuspecting travelers into traps.","|cFFFFD200Drop: |rWorld Drop|n|cFFFFD200Zone: |rNorthern Stranglethorn, The Cape of Stranglethorn",49,7391,10682,132921,2,2,0,6,7,0
"Favored pet of the Defias pirates, this colorful bird is handy for remembering passwords, grocery lists, and cracker recipes.","|cFFFFD200Drop: |rDefias Pirate|n|cFFFFD200Zone: |rThe Deadmines",50,7387,10683,132925,2,2,0,6,7,0
"Favored pet of the goblins of Booty Bay, this colorful bird is renowned for its ability to count coins, tally budgets, and lie about contracts.","|cFFFFD200Vendor: |rNarkk, Harry No-Hooks|n|cFFFFD200Zone: |rThe Cape of Stranglethorn|n|cFFFFD200Cost: |r40|TINTERFACE\MONEYFRAME\UI-SILVERICON.BLP:0|t|n|n|cFFFFD200Vendor: |rDealer Rashaad|n|cFFFFD200Zone: |rNetherstorm|n|cFFFFD200Cost: |r40|TINTERFACE\MONEYFRAME\UI-SILVERICON.BLP:0|t",51,7389,10684,132924,2,2,2,6,7,0
"It thinks you taste like chicken too.","|cFFFFD200Vendor: |r""Plucky"" Johnson|n|cFFFFD200Zone: |rThousand Needles|n|cFFFFD200Cost: |r1|TINTERFACE\MONEYFRAME\UI-GOLDICON.BLP:0|t",52,7394,10685,135996,2,2,2,6,7,0
"The cockroach is usually an impulse buy. Its owners have a hard time parting with it even after numerous attempts.","|cFFFFD200Vendor: |rDealer Rashaad|n|cFFFFD200Zone: |rNetherstorm|n|cFFFFD200Cost: |r50|TINTERFACE\MONEYFRAME\UI-SILVERICON.BLP:0|t|n|n|cFFFFD200Vendor: |rJeremiah Payson|n|cFFFFD200Zone: |rTirisfal Glades|n|cFFFFD200Cost: |r50|TINTERFACE\MONEYFRAME\UI-SILVERICON.BLP:0|t",55,7395,10688,294474,4,2,2,6,7,0
"Hopes that someday it can grow up to destroy villages, just like mommy.","|cFFFFD200Drop: |rWhelplings|n|cFFFFD200Zone: |rWetlands, Dustwallow Marsh, Badlands, Burning Steppes",56,7543,10695,134154,1,2,0,6,7,0
"Like other members of the blue dragonflight, these whimsical little critters display an affinity to arcane magic.","|cFFFFD200Drop: |rWorld Drop|n|cFFFFD200Zone: |rWinterspring",57,7547,10696,134155,1,2,0,6,7,0
"Hailing from the Wetlands, this young dragon is just learning how to hunt, breathe fire, and go on cute destructive rampages.","|cFFFFD200Drop: |rWorld Drop|n|cFFFFD200Zone: |rWetlands",58,7544,10697,134158,1,2,0,6,7,0
"Once bred and raised by the green dragon Itharius, this unique breed of dragon has settled in the jungles of Feralas.","|cFFFFD200Drop: |rNoxious Whelp|n|cFFFFD200Zone: |rFeralas",59,7545,10698,134157,1,2,0,6,7,0
"Vendors at the Darkmoon Faire offer strange and exotic wonders. They also sell wood frogs.","|cFFFFD200Vendor: |rFlik|n|cFFFFD200Zone: |rDarkmoon Island|n|cFFFFD200Cost: |r1|TINTERFACE\MONEYFRAME\UI-GOLDICON.BLP:0|t",64,7550,10703,237579,8,2,2,6,7,0
"Known for their powerful legs and keen eyesight.","|cFFFFD200Vendor: |rFlik|n|cFFFFD200Zone: |rDarkmoon Island|n|cFFFFD200Cost: |r1|TINTERFACE\MONEYFRAME\UI-GOLDICON.BLP:0|t",65,7549,10704,237579,8,2,2,6,7,0
"This dark-feathered bird of prey is often seen as a harbinger of doom amongst the druids of Teldrassil.","|cFFFFD200Vendor: |rShylenai|n|cFFFFD200Zone: |rTeldrassil|n|cFFFFD200Cost: |r50|TINTERFACE\MONEYFRAME\UI-SILVERICON.BLP:0|t",67,7555,10706,132150,2,2,2,6,7,0
"Night elf children are given an owl feather on their first birthday as a token of good luck.","|cFFFFD200Vendor: |rShylenai|n|cFFFFD200Zone: |rTeldrassil|n|cFFFFD200Cost: |r50|TINTERFACE\MONEYFRAME\UI-SILVERICON.BLP:0|t",68,7553,10707,132150,2,2,2,6,7,0
"Winterspring's furbolg prize the brilliant white feathers of these majestic creatures for ritual purposes.","|cFFFFD200Pet Battle: |rWinterspring|n|cFFFFD200Season: |rWinter",69,7554,0,132150,2,26,4,6,7,0
"Gurky is a born performer, though she remains elusive, making public appearances only on the rarest of occasions.","|cFFFFD200Promotion:|r EU Fansite Promotion|n",121,16069,27241,656557,0,16466,7,6,7,0
"A complex system of burrows protects the prairie dog from its neighbors' massive hooves.","|cFFFFD200Vendor: |rHalpa, Naleen|n|cFFFFD200Zone: |rMulgore|n|cFFFFD200Cost: |r50|TINTERFACE\MONEYFRAME\UI-SILVERICON.BLP:0|t",70,14421,10709,2126349,4,2,2,6,7,0
"If you go chasing snowshoe rabbits, you know you're going to fall.","|cFFFFD200Vendor: |rYarlyn Amberstill|n|cFFFFD200Zone: |rDun Morogh|n|cFFFFD200Cost: |r20|TINTERFACE\MONEYFRAME\UI-SILVERICON.BLP:0|t",72,7560,10711,132762,4,2,2,6,7,0
"A favored companion of Kirin Tor magi, this reptile makes one wonder whether it's truly a snake or something else altogether.","|cFFFFD200Vendor: |rBreanni|n|cFFFFD200Zone: |rDalaran|n|cFFFFD200Cost: |r50|TINTERFACE\MONEYFRAME\UI-GOLDICON.BLP:0|t",74,7561,10713,136040,7,2,2,6,7,0
"Xan'tish fearlessly tracks, captures, and trains these noble snakes so they will aid their comrades in battle.","|cFFFFD200Vendor: |rXan'tish|n|cFFFFD200Zone: |rOrgrimmar|n|cFFFFD200Cost: |r50|TINTERFACE\MONEYFRAME\UI-SILVERICON.BLP:0|t",75,7565,10714,136040,7,2,2,6,7,0
"The brown snake is native to Horde-controlled territories. It seems unremarkable until its victims are within range.","|cFFFFD200Vendor: |rXan'tish|n|cFFFFD200Zone: |rOrgrimmar|n|cFFFFD200Cost: |r50|TINTERFACE\MONEYFRAME\UI-SILVERICON.BLP:0|t",77,7562,10716,136040,7,2,2,6,7,0
"The crimson snake is favored among the Darkspear trolls for not only its vicious nature, but also its steadfast loyalty.","|cFFFFD200Vendor: |rDealer Rashaad|n|cFFFFD200Zone: |rNetherstorm|n|cFFFFD200Cost: |r50|TINTERFACE\MONEYFRAME\UI-SILVERICON.BLP:0|t|n|n|cFFFFD200Vendor: |rXan'tish|n|cFFFFD200Zone: |rOrgrimmar|n|cFFFFD200Cost: |r50|TINTERFACE\MONEYFRAME\UI-SILVERICON.BLP:0|t",78,7567,10717,136040,7,2,2,6,7,0
"Not to worry; the combat mechanisms and homing logic have been disabled on this unit, I think. --Oglethorpe Obnoticus","|cFFFFD200Quest:|r An OOX of Your Own|n|cFFFFD200Zone:|r Booty Bay|n",83,8376,12243,656513,9,18,1,6,7,0
"Don't call this bird chicken unless you want egg on your face.","|cFFFFD200Quest: |rCLUCK!|n|cFFFFD200Zone: |rWestfall",84,30379,13548,135996,2,18,1,6,7,0
"Possibly explosive, definitely adorable. Keep away from open flame.","|cFFFFD200Profession: |rEngineering",85,9656,15048,133712,9,2,3,6,7,0
"This tiny peacekeeper security bot is often outfitted with the latest arcane nullifiers and crowd pummelers. Not for the environmentally minded.","|cFFFFD200Profession: |rEngineering",86,9657,15049,294476,9,2,3,35,7,0
"These adorable critters love snuggling with their owners after a long day of brutal, bloody battle.","|cFFFFD200Drop: |rWorld Drop|n|cFFFFD200Zone: |rFeralas",87,9662,15067,657499,1,2,0,6,7,0
"Worgs are the favored companions of orcs and are fiercely loyal on the battlefield.","|cFFFFD200Drop: |rQuartermaster Zigris|n|cFFFFD200Zone: |rLower Blackrock Spire",89,10259,15999,132599,7,2050,0,6,7,0
"Although born in the warm heights of Blackrock Spire, the smolderweb hatchling can survive most environments.","|cFFFFD200Drop: |rMother Smolderweb|n|cFFFFD200Zone: |rLower Blackrock Spire",90,10598,16450,132598,7,2,0,6,7,0
"This pint-sized panda cub is highly sought after by adventurers around Azeroth - despite its narcoleptic nature.","|cFFFFD200Promotion:|r World of Warcraft Collector's Edition",92,11325,17707,132494,7,82,7,6,7,0
"AND THE HEAVENS SHALL TREMBLE, AND MAN SHALL WEEP, AND THE END OF DAYS SHALL--wait, why are you so tall?","|cFFFFD200Promotion:|r World of Warcraft Collectors Edition",93,11326,17708,132787,5,82,7,6,7,0
"A small, fierce member of the Zerg swarm, the zergling is not to be trifled with. Very dangerous in high numbers.","|cFFFFD200Promotion:|r World of Warcraft Collectors Edition",94,11327,17709,136217,4,131154,7,6,7,0
"Talented engineers have crafted an exact replica of a wood frog, at only ten times the cost of buying the real thing.","|cFFFFD200Profession: |rEngineering",95,12419,19772,237579,9,2,3,6,7,0
"The legendary ale frog was believed to be extinct until the strange brews at the Darkmoon Faire brought them out of hiding.","|cFFFFD200World Event:|r Darkmoon Faire",106,14878,23811,237579,8,18,6,6,7,0
"Appearances of this beloved and ultra-reclusive murloc are sure to draw a crowd.","|cFFFFD200Promotion:|r BlizzCon 2005",107,15186,24696,656556,0,16466,7,6,7,0
"Lurky's charming disposition and lively antics are guaranteed to soothe frustration and lighten even the darkest moods.","|cFFFFD200Promotion:|r Burning Crusade Collector's Edition (EU only)|n",111,15358,24988,656558,0,16466,7,6,7,0
"Warning: Wear gloves and goggles while handling disgusting oozeling. DO NOT WASH. Will stain most armor.","|cFFFFD200Drop:|r World Drop|n|cFFFFD200Creature:|r Oozes, Slimes and Worms",114,15429,25162,132107,5,131074,0,6,7,0
"After birth, newborn sharks quickly flee their hungry mothers. Their early independence makes them dangerous, even while young.","|cFFFFD200Profession:|r Fishing|n|cFFFFD200Vendor:|r Nat Pagle|n|cFFFFD200Zone:|r Garrison, Fishing Shack|n|cFFFFD200Cost:|r 50|Tinterface\icons\inv_misc_coin_19.blp:0|t",115,86445,172695,294472,8,2,3,6,7,0
"This clever toy is equipped with a secret switch to disable its 'tranquil' mode. Luckily, even the engineers who built it don't know how to find it.","|cFFFFD200Profession: |rEngineering",116,15699,26010,132189,9,2,3,36,7,0
"He loves to dance and wave and play with you! He melts after Winter Veil, but don't worry; he'll be back again someday!","|cFFFFD200World Event:|r Feast of Winter Veil|n",117,15710,26045,655957,6,2,6,6,7,0
"Would rather not spend any more time inside a wrapped holiday gift box.","|cFFFFD200World Event:|r Feast of Winter Veil",118,15706,26529,133706,4,2,6,6,7,0
"These off-season allies work tirelessly to prepare for the Feast of Winter Veil, and would appreciate not being disturbed the rest of the year.","|cFFFFD200World Event:|r Feast of Winter Veil",119,15698,26533,133204,0,131074,6,39,7,0
"During the majestic Winter Veil celebration, these faithful companions spread joy throughout the land. The rest of the year, they are busy.","|cFFFFD200World Event:|r Feast of Winter Veil",120,15705,26541,133202,0,131074,6,39,7,0
"The power of love can be a dangerous thing, especially when wielded by an airborne, ill-tempered goblin.","|cFFFFD200World Event:|r Love is in the Air|n|cFFFFD200Vendor: |rLovely Merchant|n|cFFFFD200Cost: |r40|TINTERFACE\ICONS\INV_ValentinesCard01:0|t|n",122,16085,27570,132382,0,2,6,6,7,0
"This cub shares many traits with its relatives, but it's in a league of its own with its singing ability.","|cFFFFD200Promotion:|r iCoke",124,16456,28505,132498,7,16466,7,6,7,0
"Slow and steady wins the race.","|cFFFFD200World Event:|r Children's Week",125,16547,28738,656341,8,2,6,6,7,0
"Many assume 'Wiggles' refers to the motion of this pig's posterior. They discover the true meaning when they see their own entrails.","|cFFFFD200World Event:|r Children's Week",126,16548,28739,132514,4,2,6,6,7,0
"A clever tactician, Whiskers will feign death to fool predators and bill collectors.","|cFFFFD200World Event:|r Children's Week",127,16549,28740,294480,4,2,6,6,7,0
"This little piece of summer smells of warm evenings and lightning storms. If you look closely, you might be able to make out a face.","|cFFFFD200World Event:|r Midsummer Fire Festival|n|cFFFFD200Vendor: |rMidsummer Merchant|n|cFFFFD200Cost: |r350|TINTERFACE\ICONS\INV_SummerFest_FireFlower:0|t",128,16701,28871,134813,6,2,6,6,7,0
"After a harpy incursion in Feralas, several hippogryph nesting grounds were attacked. Hundreds of hatchlings were orphaned, and they have been entrusted to the care of the druids on Sardor Isle.","|cFFFFD200Trading Card Game:|r Heroes of Azeroth",130,17255,30156,132833,2,2,8,6,7,0
"Offspring of the nether drakes of Outland, this young dragon is still growing into its role as hunter, protector, and adorable terror of the skies.","|cFFFFD200Promotion:|r Burning Crusade Collector's Edition",131,18381,32298,134539,1,82,7,6,7,0
"Only magical wishes make magical crawdads. If you wish for a fish, fish for a wish.","|cFFFFD200Fishing:|r Fishing (430)|n|cFFFFD200Zone:|r Terokkar Forest (Fishing Nodes)",132,18839,33050,133900,8,2,3,6,7,0
"The ethereal Rashaad began breeding these enigmatic creatures after learning of their ability to feed on arcane energies.","|cFFFFD200Vendor: |rDealer Rashaad|n|cFFFFD200Zone: |rNetherstorm|n|cFFFFD200Cost: |r40|TINTERFACE\MONEYFRAME\UI-GOLDICON.BLP:0|t",136,20408,35156,136006,5,2,2,6,7,0
"This bunny is the cutest thing its opponent will ever see. It'll also be the last.","|cFFFFD200Vendor: |rDealer Rashaad|n|cFFFFD200Zone: |rNetherstorm|n|cFFFFD200Cost: |r10|TINTERFACE\MONEYFRAME\UI-GOLDICON.BLP:0|t",137,20472,35239,132762,4,2,2,6,7,0
"Delicate denizen of Azuremyst Isle, this magical insect has been rumored to possess healing abilities.","|cFFFFD200Vendor: |rSixx|n|cFFFFD200Zone: |rThe Exodar|n|cFFFFD200Cost: |r50|TINTERFACE\MONEYFRAME\UI-SILVERICON.BLP:0|t",138,21010,35907,236193,2,2,2,6,7,0
"A product of exposure to wild magical energies, this insect is the unexpectedly colorful result of Azerothian moth species being released into the eco-domes of the Netherstorm.","|cFFFFD200Vendor: |rDealer Rashaad|n|cFFFFD200Zone: |rNetherstorm|n|cFFFFD200Cost: |r10|TINTERFACE\MONEYFRAME\UI-GOLDICON.BLP:0|t",139,21009,35909,236193,2,2,2,6,7,0
"Prefers flying during thunderstorms, which are common in Azuremyst Isle.","|cFFFFD200Vendor: |rSixx|n|cFFFFD200Zone: |rThe Exodar|n|cFFFFD200Cost: |r50|TINTERFACE\MONEYFRAME\UI-SILVERICON.BLP:0|t",140,21008,35910,236193,2,2,2,6,7,0
"Prefers flying during foggy nights, which are common in Azuremyst Isle.","|cFFFFD200Vendor: |rSixx|n|cFFFFD200Zone: |rThe Exodar|n|cFFFFD200Cost: |r50|TINTERFACE\MONEYFRAME\UI-SILVERICON.BLP:0|t",141,21018,35911,236193,2,2,2,6,7,0
"Once prized by dragonhawk breeders in Silvermoon. Stands out at night to predators, making it necessary to gain awareness at an early age.","|cFFFFD200Vendor: |rJilanne|n|cFFFFD200Zone: |rEversong Woods (Burning Crusade)|n|cFFFFD200Cost: |r50|TINTERFACE\MONEYFRAME\UI-SILVERICON.BLP:0|t",142,21055,36027,132188,1,2,2,6,7,0
"Mortal enemies with silver dragonhawks; on pretty good terms with golden dragonhawks.","|cFFFFD200Vendor: |rJilanne|n|cFFFFD200Zone: |rEversong Woods (Burning Crusade)|n|cFFFFD200Cost: |r50|TINTERFACE\MONEYFRAME\UI-SILVERICON.BLP:0|t",143,21064,36028,132188,1,2,2,6,7,0
"Ferocious species of dragonhawk, often seen diving down on prey from high in the sky.","|cFFFFD200Vendor: |rJilanne|n|cFFFFD200Zone: |rEversong Woods (Burning Crusade)|n|cFFFFD200Cost: |r50|TINTERFACE\MONEYFRAME\UI-SILVERICON.BLP:0|t",144,21063,36029,132188,1,2,2,6,7,0
"Raised by the few dealers still willing to trade in Netherstorm.","|cFFFFD200Vendor: |rDealer Rashaad|n|cFFFFD200Zone: |rNetherstorm|n|cFFFFD200Cost: |r10|TINTERFACE\MONEYFRAME\UI-GOLDICON.BLP:0|t",145,21056,36031,132188,1,2,2,6,7,0
"Commonly used by sporelings as a light source as they navigate the waterways of Zangarmarsh, this luminescent insect helps them avoid the dangerous bogflare needlers.","|cFFFFD200Drop: |rBogflare Needler|n|cFFFFD200Zone: |rZangarmarsh",146,21076,36034,236196,2,2,0,6,7,0
"The magical energies released during Skywing's transformation back into his true arakkoa form liberated this poor creature, a fledgling bird imprisoned by Luanga in order to power his fowl curse.","|cFFFFD200Quest:|r Skywing|n|cFFFFD200Zone:|r Terokkar Forest|n|n",149,22445,39181,132598,2,18,1,6,7,0
"Many a drunken Brewfest goer has told the tale of this mysterious creature, but few remember that tale in the morning.","|cFFFFD200World Event:|r Brewfest",153,22943,39709,132800,4,2,6,6,7,0
"Lucky squeals when he's angry or when he's eating. Either way, you don't want to bother him.","|cFFFFD200Promotion:|r World Wide Invitational 2007|n",155,23198,40405,133858,4,16466,7,6,7,0
"Although loath to part with Bananas, Landro realized it would be safer if the pet was far from Booty Bay when his father, King Mukla, discovered he was missing.","|cFFFFD200Trading Card Game:|r Through the Dark Portal",156,23234,40549,133980,7,2,8,6,7,0
"He's slightly evil but extremely narcoleptic. Keep him away from critters!","|cFFFFD200World Event:|r Children's Week",157,23231,40613,294482,5,131074,6,6,7,0
,,890,66145,0,463491,7,48,-1,6,7,0
"The sin'dorei use hawkstriders as mounts, but this little one was deemed unfit after being diagnosed with numerous anxiety disorders.","|cFFFFD200World Event:|r Children's Week",158,23258,40614,294475,4,2,6,6,7,0
"Domesticated elekks are trained as mounts by the draenei people. In the wild they are hunted for their ivory tusks.","|cFFFFD200World Event:|r Children's Week",159,23266,40634,656598,4,2,6,6,7,0
"Stinker uses his aroma to repel predators and attract cats. He's much more successful with the former than the latter.","|cFFFFD200Achievement: |rShop Smart, Shop Pet...Smart|n|cFFFFD200Category: |rPet Battles",160,23274,40990,132599,4,82,5,6,7,0
"This mischievous gourd likes to pop out of the ground and scare you right out of your pants. Hail to the pumpkin song!","|cFFFFD200World Event:|r Hallow's End",162,23909,42609,134015,6,2,6,6,7,0
"The crocolisk's hide and meat are prized by hunters, but the beast is ferocious and seldom taken by surprise.","|cFFFFD200Profession: |rFishing|n|cFFFFD200Zone: |rShattrath",163,24388,43697,656555,8,2,3,6,7,0
"Muckbreath is just like other crocolisks, except he has an excellent sense of humor.","|cFFFFD200Profession:|r Fishing|n|cFFFFD200Zone:|r Shattrath",164,24389,43698,656553,8,2,3,6,7,0
"Amani witch doctors have turned many victims into frogs. Some never recover.","|cFFFFD200Drop:|r Forest Frog|n|cFFFFD200Zone:|r Zul'Aman (Dungeon)",165,24480,43918,237579,8,131074,0,6,7,0
"A shy creature, the pink elekk will only make its presence known to those that have befriended it, or to anyone too intoxicated to harm it.","|cFFFFD200World Event:|r Brewfest|n|cFFFFD200Vendor: |rBelbi Quikswitch|n|cFFFFD200Zone: |rDun Morogh|n|cFFFFD200Cost: |r100|TINTERFACE\ICONS\INV_Misc_Coin_01:0|t|n|n|cFFFFD200Vendor: |rBliz Fixwidget|n|cFFFFD200Zone: |rDurotar|n|cFFFFD200Cost: |r100|TINTERFACE\ICONS\INV_Misc_Coin_01:0|t",166,24753,44369,656600,4,2,6,6,7,0
"Wild sporebats are vicious creatures, but if tamed at a young age, they can be loyal companions.","|cFFFFD200Vendor: |rMycah|n|cFFFFD200Zone: |rZangarmarsh|n|cFFFFD200Faction: |rSporeggar - Exalted|n|cFFFFD200Cost: |r30|TINTERFACE\ICONS\INV_Mushroom_02:0|t",167,25062,45082,132197,2,2,2,6,7,0
"When the Burning Legion invaded Outland, Landro Longshot contributed this design to the war effort. Both the Alliance and Horde passed on production.","|cFFFFD200Trading Card Game:|r March of the Legion",168,25109,45125,133883,9,2,8,6,7,0
"Much quieter than a real dragon.","|cFFFFD200Trading Card Game:|r March of the Legion",169,25110,45127,133838,2,2050,8,33,7,0
"This golden pig honors its ancestors by giving its allies good fortune.","|cFFFFD200Promotion:|r Recruit-A-Friend|n",170,25146,45174,133784,4,82,7,6,7,0
"Druids think silver pigs have a special bond with golden pigs, as both breeds appeared on Azeroth at the same time.","|cFFFFD200Promotion:|r Recruit-A-Friend",171,25147,45175,133786,4,82,7,6,7,0
"Elder shaman have warned that wisps of Ragnaros, loyal servants of the Firelord, have taken to the Molten Front. Vigilance is advised.","|cFFFFD200Vendor:|r Zen'Vorka|n|cFFFFD200Zone:|r Molten Front|n|cFFFFD200Cost: |r30|TINTERFACE\ICONS\INV_MISC_MARKOFTHEWORLDTREE.BLP:0|t",172,25706,45890,294481,6,131074,2,6,7,0
"Crocolisks are six-legged amphibian predators found in coastal waters. Archaeologists believe they may be descended from the diemetradons of Un'Goro Crater.","|cFFFFD200Profession: |rFishing|n|cFFFFD200Zone: |rShattrath",173,26050,46425,656554,8,2,3,6,7,0
"After studying the crocolisk species for several years, the famed angler Nat Pagle determined that baby crocolisks are mostly harmless.","|cFFFFD200Profession: |rFishing|n|cFFFFD200Zone: |rShattrath",174,26056,46426,656552,8,2,3,6,7,0
"A child of phoenix god Al'ar, the hatchling takes flight immediately after birth.","|cFFFFD200Drop: |rKael'thas Sunstrider|n|cFFFFD200Zone: |rMagisters' Terrace",175,26119,46599,134373,6,2,0,6,7,0
"These stunning creatures, awarded to heroes for victory in battle, represent bravery and strength.","|cFFFFD200Promotion:|r Battleground Event|n|cFFFFD200Trading Post|r",179,27217,48406,133278,1,16402,11,6,7,0
"Only heroes who have proven their valor through great acts are gifted one of these mystical serpentine creatures.","|cFFFFD200Promotion:|r China PVP Event",180,27346,48408,133443,1,16402,7,6,7,0
"Ethereal soul-traders will travel with those who can free the essences they need from unruly hosts.","|cFFFFD200Trading Card Game:|r The Hunt for Illidan",183,27914,49964,136039,5,131074,8,38,7,0
"Native to the Terokkar Forest, nether rays spawn during the rainy season. Out of the hundreds of offspring resulting from one hatching, very few survive to adulthood.","|cFFFFD200Vendor: |rGrella|n|cFFFFD200Zone: |rTerokkar Forest|n|cFFFFD200Faction: |rSha'tari Skyguard - Exalted|n|cFFFFD200Cost: |r40|TINTERFACE\MONEYFRAME\UI-GOLDICON.BLP:0|t",186,28470,51716,132191,2,2,2,6,7,0
"Vampire bats have been trained as scouts and mounts by the Forsaken of the Undercity and the Amani trolls of Zul'Aman.","|cFFFFD200Drop: |rPrince Tenris Mirkblood|n|cFFFFD200Zone: |rKarazhan",187,28513,51851,132182,3,16402,0,6,7,0
"Accidentally created when the Lich King's deathly powers raised Rimefang from undeath.","|cFFFFD200Promotion:|r Wrath of the Lich King Collector's Edition",188,28883,52615,237441,3,82,7,6,7,0
"'I am Justice itself!'","|cFFFFD200Promotion:|r World Wide Invitational 2008",189,29089,53082,135277,0,16466,7,6,7,0
"When it senses the impending death of a nearby creature, the skull will emit an ear-piercing cackle.","|cFFFFD200Vendor: |rDarahir|n|cFFFFD200Zone: |rCrystalsong Forest|n|cFFFFD200Cost: |r40|TINTERFACE\MONEYFRAME\UI-GOLDICON.BLP:0|t",190,29147,53316,133730,3,2,2,37,7,0
"This mechanical warrior is a favorite gift during Winter Veil. Batteries not included, but rockets definitely are!","|cFFFFD200World Event:|r Feast of Winter Veil",191,24968,54187,133000,9,131074,6,6,7,0
"Mr. Chilly's appearance evokes a more civilized era, when duelists battled in tuxedos.","|cFFFFD200Promotion:|r WoW/Blizzard Account Merger",192,29726,55068,327502,8,16466,7,34,7,0
"You wouldn't want to meet this rat in a dark alley. Or anywhere else, for that matter.","|cFFFFD200Profession:|r Fishing|n|cFFFFD200Zone:|r Dalaran",193,31575,59250,134324,4,2,3,6,7,0
"Unlike most of Geen the gorloc's 'mysterious eggs,' this one actually contained a living thing.","|cFFFFD200Drop: |rMysterious Egg",194,32589,61348,132192,2,2,0,6,7,0
"The rare albino tickbird is revered amongst the Oracles. It is seen as a sign of heavy rainstorms, good grub harvests, and hibernating wolvar.","|cFFFFD200Drop: |rMysterious Egg",195,32590,61349,132192,2,2,0,6,7,0
"These voracious whelps grow at an incredible rate and can devour nearly twice their weight in raw meat per day.","|cFFFFD200Drop: |rMysterious Egg",196,32592,61350,236233,1,2,0,34,7,0
"The cobras of Azeroth are renowned for their fast-acting venom and swift strikes.","|cFFFFD200Drop: |rMysterious Egg",197,32591,61351,236177,7,2,0,6,7,0
"Notable for its wide eyes and sassy slide.","|cFFFFD200Vendor: |rSairuk|n|cFFFFD200Zone: |rDragonblight|n|cFFFFD200Faction: |rThe Kalu'ak - Exalted|n|cFFFFD200Cost: |r12|TINTERFACE\MONEYFRAME\UI-GOLDICON.BLP:0|t|n|n|cFFFFD200Vendor: |rTanaika|n|cFFFFD200Zone: |rHowling Fjord|n|cFFFFD200Faction: |rThe Kalu'ak - Exalted|n|cFFFFD200Cost: |r12|TINTERFACE\MONEYFRAME\UI-GOLDICON.BLP:0|t",198,32595,61357,655866,8,2,2,34,7,0
"To prevent apprentices from secretly using the familiar to complete their chores, the archmagi placed the ritual required to summon the creature across the pages of several spellbooks hidden throughout Dalaran.","|cFFFFD200Achievement:|r Higher Learning|n|cFFFFD200Category: |rGeneral",199,32643,61472,132102,6,82,5,6,7,0
"Spring rabbits symbolize fertility, and they love to demonstrate why.","|cFFFFD200World Event:|r Noblegarden|n|cFFFFD200Vendor: |rNoblegarden Merchant|n|cFFFFD200Cost: |r100|TINTERFACE\ICONS\Achievement_Noblegarden_Chocolate_Egg:0|t",200,32791,61725,134010,4,131074,6,6,7,0
"He's humble, clairvoyant, and delicious with cranberry sauce.","|cFFFFD200World Event:|r Pilgrim's Bounty",201,32818,61773,250626,2,131154,6,6,7,0
"This rare bear is bred for its small size and perpetually youthful appearance.","|cFFFFD200Achievement: |rWoW's 4th Anniversary|n|cFFFFD200Category: |rFeats of Strength",202,32841,61855,294471,7,16466,5,6,7,0
"She likes the company of friends. Seventy-five of them, to be precise.","|cFFFFD200Achievement: |rLil' Game Hunter|n|cFFFFD200Category: |rPet Battles",203,32939,61991,656350,4,82,5,36,7,0
"It always wakes up dancing. What a happy little tree!","|cFFFFD200Vendor: |rRook Hawkfist|n|cFFFFD200Zone: |rIcecrown|n|cFFFFD200Cost: |r40|TINTERFACE\ICONS\Ability_Paladin_ArtofWar.blp:0|t",204,33188,62491,134183,6,2,2,6,7,0
"The bears of Dun Morogh are prized for their hardiness, loyalty, and combat prowess. Their time among the dwarves does little to curb their ferocity.","|cFFFFD200Vendor: |rDerrick Brindlebeard|n|cFFFFD200Zone: |rIcecrown|n|cFFFFD200Cost: |r40|TINTERFACE\ICONS\Ability_Paladin_ArtofWar.blp:0|t ",205,33194,62508,236243,7,2,2,6,7,0
"Can sense an opponent's heartbeat through echolocation.","|cFFFFD200Vendor: |rEliza Killian|n|cFFFFD200Zone: |rIcecrown|n|cFFFFD200Cost: |r40|TINTERFACE\ICONS\Ability_Paladin_ArtofWar.blp:0|t",206,33197,62510,132182,2,2,2,6,7,0
"The volatile Durotar scorpion is a fierce desert predator. It's known for only occasionally stinging its owner.","|cFFFFD200Vendor: |rFreka Bloodaxe|n|cFFFFD200Zone: |rIcecrown|n|cFFFFD200Cost: |r40|TINTERFACE\ICONS\Ability_Paladin_ArtofWar.blp:0|t ",207,33198,62513,132195,7,2,2,6,7,0
"Unlike the polymorphed variety, trueborn sheep can be quite scary.","|cFFFFD200Vendor: |rCorporal Arthur Flew|n|cFFFFD200Zone: |rIcecrown|n|cFFFFD200Cost: |r40|TINTERFACE\ICONS\Ability_Paladin_ArtofWar.blp:0|t ",209,33200,62516,136071,4,2,2,6,7,0
"A tallstrider's speed on open ground is unrivaled, so predators rely on stealth and pack tactics when hunting them.","|cFFFFD200Vendor: |rDoru Thunderhorn|n|cFFFFD200Zone: |rIcecrown|n|cFFFFD200Cost: |r40|TINTERFACE\ICONS\Ability_Paladin_ArtofWar.blp:0|t ",210,33219,62542,132198,4,2,2,35,7,0
"The strand crawler has adapted to the northern cold by hibernating under the island beaches.","|cFFFFD200Profession: |rFishing|n|cFFFFD200Zone: |rNorthrend, Stormwind, Orgrimmar",211,33226,62561,2027886,8,2,3,6,7,0
"The long-term effects of the contamination caused by the Exodar are still under observation.","|cFFFFD200Vendor: |rIrisee|n|cFFFFD200Zone: |rIcecrown|n|cFFFFD200Cost: |r40|TINTERFACE\ICONS\Ability_Paladin_ArtofWar.blp:0|t |n",212,33205,62562,133941,6,2,2,6,7,0
"Created by a blood elf apprentice, this broom would be extremely useful if anyone could figure out how to make it stop.","|cFFFFD200Vendor: |rTrellis Morningsun|n|cFFFFD200Zone: |rIcecrown|n|cFFFFD200Cost: |r40|TINTERFACE\ICONS\Ability_Paladin_ArtofWar.blp:0|t ",213,33227,62564,655994,5,2,2,38,7,0
"Many of Stormwind's youth joined the Argent Crusade as squires, hoping to one day serve the Holy Light in battle.","|cFFFFD200Quest:|r A Champion Rises|n|cFFFFD200Zone:|r Icecrown",214,33238,62609,236689,0,131731,1,41,7,0
"Used as a training mount for young gnomes, the Mechanopeep has none of the speed but all of the charm of its bigger brothers.","|cFFFFD200Vendor: |rRillie Spindlenut|n|cFFFFD200Zone: |rIcecrown",215,33274,62674,132247,9,2,2,6,7,0
"These young orcs strive to embody the Argent Crusade's virtues: valor, strength, and integrity.","|cFFFFD200Quest:|r A Champion Rises|n|cFFFFD200Zone:|r Icecrown",216,33239,62746,236689,0,131475,1,41,7,0
"Murkimus is the most fearsome of all murloc arena warriors. And for a time, the only one.","|cFFFFD200Promotion:|r Arena Tournament",217,33578,63318,135128,0,16466,7,6,7,0
"This is actually three pets in one. You won't know what you'll get until you summon it!","|cFFFFD200Vendor: |rSamamba|n|cFFFFD200Zone: |rIcecrown|n|cFFFFD200Cost: |r40|TINTERFACE\ICONS\Ability_Paladin_ArtofWar.blp:0|t|n",218,33810,63712,133798,3,2050,2,39,7,0
"A solemn reminder of what was lost when the Worldbreaker changed the face of Azeroth.","|cFFFFD200Quest: |rRemembrance of Auberdine|n|cFFFFD200Zone: |rDarkshore",220,34278,65046,132129,6,18,1,6,7,0
"Many have mocked this cat before battle. Their last words are usually, 'Here, kitty, kitty.'","|cFFFFD200Vendor: |rBreanni|n|cFFFFD200Zone: |rCrystalsong Forest|n|cFFFFD200Cost: |r50|TINTERFACE\MONEYFRAME\UI-GOLDICON.BLP:0|t",224,34364,65358,656576,7,2,2,6,7,0
"The bouncy gurloc is a distant cousin of the murloc.","|cFFFFD200World Event:|r Children's Week",225,33530,65381,252780,0,18,6,6,7,0
"Despite their smaller stature, the wolvar are some of the most aggressive creatures in Northrend. This often makes their curious nature intimidating.","|cFFFFD200World Event:|r Children's Week",226,33529,65382,236698,0,18,6,6,7,0
"A fighting robot fueled by delicious red or blue electrolytes.","|cFFFFD200Promotion:|r Mountain Dew Promotion",227,34587,65682,134239,9,147538,7,6,7,0
"Only the rarest of murlocs is able to successfully cross dimensional barriers. Fewer still return with the kind of advanced armor and weaponry possessed by Grunty.","|cFFFFD200Promotion:|r BlizzCon 2009",228,34694,66030,656340,0,82,7,6,7,0
"This extremely rare species of mana wyrm is prized for its unique coloration and even temperament.","|cFFFFD200Vendor: |rHiren Loresong|n|cFFFFD200Zone: |rIcecrown|n|cFFFFD200Faction: |rThe Silver Covenant - Exalted|n|cFFFFD200Cost: |r40|TINTERFACE\ICONS\Ability_Paladin_ArtofWar.blp:0|t|n",229,34724,66096,132849,5,2,2,6,7,0
"Considered to be lucky, tigers carved of jade are prized, but taming a jade tiger itself is an even greater prize.","|cFFFFD200Promotion:|r Recruit-A-Friend",231,34930,66520,134134,5,82,7,6,7,0
"Rarely leaves nest until maturity. Enjoys conducting pranks on the nearby Razormaw nest.","|cFFFFD200Drop: |rDart's Nest|n|cFFFFD200Zone: |rDustwallow Marsh",232,35396,67413,132193,7,2,0,6,7,0
"The demand for this purple-skinned breed has drastically reduced the raptor population near the Wailing Caverns.","|cFFFFD200Drop: |rDeviate Guardian, Deviate Ravager|n|cFFFFD200Zone: |rWailing Caverns",233,35395,67414,132193,7,2,0,6,7,0
"This crafty raptor was born in the icy wastes of Northrend. Its harsh upbringing gives it strength when many others would perish.","|cFFFFD200Drop: |rGundrak Raptor|n|cFFFFD200Zone: |rZul'Drak",234,35400,67415,132253,7,2,0,6,7,0
"This offspring of Takk the Leaper is incredibly agile and can maneuver through difficult environments with ease.","|cFFFFD200Drop: |rTakk's Nest|n|cFFFFD200Zone: |rThe Barrens",235,35387,67416,132253,7,2,0,6,7,0
"This hatchling is coveted for its unique coloration. Despite Breanni's loving care, the raptor's feral nature cannot be restrained.","|cFFFFD200Vendor: |rBreanni|n|cFFFFD200Zone: |rCrystalsong Forest|n|cFFFFD200Cost: |r50|TINTERFACE\MONEYFRAME\UI-GOLDICON.BLP:0|t",236,35399,67417,132253,7,2,2,6,7,0
"Larger than other raptor infants, these hatchlings grow into towering reptilian beasts capable of massive devastation.","|cFFFFD200Drop: |rRavasaur Matriarch's Nest|n|cFFFFD200Zone: |rUn'goro Crater",237,35397,67418,132253,7,2,0,6,7,0
"Razormaw eggs are protected fiercely by their mothers. Their cuteness belies their inherited ferocity.","|cFFFFD200Drop: |rRazormaw Matriarch's Nest|n|cFFFFD200Zone: |rWetlands",238,35398,67419,132193,7,2,0,6,7,0
"Razzashi raptors are among the cleverest predators in the jungle, making them favored by the Gurubashi trolls.","|cFFFFD200Drop: |rWorld Drop|n|cFFFFD200Zone: |rNorthern Stranglethorn, The Cape of Stranglethorn",239,35394,67420,132193,7,2,0,6,7,0
"The onyx panther is invisible at night, like a stalking shadow, and disappears with the dawn.","|cFFFFD200Promotion:|r Korea World Event",240,35468,67527,134399,5,16466,7,6,7,0
"Seeing these kites soaring above Northrend's shores is a clear sign that tuskarr are nearby.","|cFFFFD200Trading Card Game:|r Scourgewar",241,36482,68767,318523,2,2,8,33,7,0
"Affectionate and curious, these kittens seem to find the most peculiar hiding places.","|cFFFFD200Trading Card Game:|r Scourgewar",242,36511,68810,298591,5,2,8,6,7,0
"Spawn of Onyxia, this young dragon has decided that it doesn't want to follow in its grandfathers' cataclysmic footsteps.","|cFFFFD200Achievement: |rWoW's 5th Anniversary|n|cFFFFD200Category: |rFeats of Strength",243,36607,69002,134154,1,16466,5,6,7,0
"Found in the Firelands and the Molten Core, core hounds can trace their lineage back to the alpha male, Magmadar.","|cFFFFD200Promotion:|r Authenticator Account Link|n",244,36871,69452,236191,6,82,7,6,7,0
"A gift from the Wildhammer dwarves to the heroes of the Alliance, these hatchlings are descendants of the same gryphons ridden by Falstad and his entourage into Grim Batol.","|cFFFFD200In-Game Shop|r",245,36908,69535,327735,2,82,9,6,7,0
"Thorg No-Legs never paid heed to the old orc saying, 'Don't pull a wyvern's tail.'","|cFFFFD200In-Game Shop|r",246,36909,69536,328270,7,82,9,6,7,0
"A rarely seen family of tigers, many believe (perhaps incorrectly) that some residual magic or other event is responsible for the unique color.","|cFFFFD200Promotion:|r Recruit-A-Friend",247,36910,69539,237194,5,82,7,6,7,0
"The pandaren monk is a fearless traveling companion, constantly training in his art... unless you offer him a drink. He considers it rude to refuse.","|cFFFFD200In-Game Shop|r",248,36911,69541,328269,0,82,9,6,7,0
"In life, Kel'Thuzad betrayed the Kirin Tor and created the Cult of the Damned. In death, he serves the Scourge as the Archlich Lord of Naxxramas.","|cFFFFD200In-Game Shop|r",249,36979,69677,254094,3,131154,9,36,7,0
"Although small, pugs are very dangerous when provoked.","|cFFFFD200Achievement: |rLooking For Multitudes|n|cFFFFD200Category: |rDungeons & Raids",250,37865,70613,133718,4,82,5,6,7,0
"This, um, 'adorable' little guy likes to play with critters. Just don't let them get too close.","|cFFFFD200World Event:|r Love is in the Air",251,38374,71840,134437,5,131074,6,6,7,0
"While not nearly as destructive as its original master, the Ice Lord Ahune, the frostling has been known to lob chilly snowballs at unsuspecting adventurers.","|cFFFFD200World Event:|r Midsummer Fire Festival",253,40198,74932,135851,6,2,6,6,7,0
"Jepetto's top-selling toy this season, the bot's new blue chassis has children across Azeroth scrambling for this feisty battle bot.","|cFFFFD200Vendor: |rWorld Vendors|n|cFFFFD200Cost: |r50|TINTERFACE\MONEYFRAME\UI-GOLDICON.BLP:0|t",254,40295,75134,133000,9,131074,2,6,7,0
"Breanni in Dalaran, one of the world's foremost collectors of exotic pets, will only award the mystical Celestial Dragon to fellow collectors whose obsession rivals her own.","|cFFFFD200Achievement: |rLittlest Pet Shop|n|cFFFFD200Category: |rPet Battles",255,40624,75613,368365,1,82,5,6,7,0
"Modeled after the huge titan prototype in Ulduar, this volatile little construct plays hard with its toys.","|cFFFFD200In-Game Shop|r",256,40703,75906,254104,9,131154,9,36,7,0
"Murkimus is the most fearsome of all murloc arena warriors. And the only one.",,257,40721,75936,135128,0,34,-1,6,7,0
"Powerful artillery of the Terran army. The Thor is always the first one in and the last one out!","|cFFFFD200Promotion:|r StarCraft II: Wings of Liberty Collector's Edition",258,42078,78381,387415,9,82,7,6,7,0
"Unlike its gold counterpart, the blue mini jouster takes a leisurely pace when jabbing its opponent's eyeballs.","|cFFFFD200Quest:|r Egg Wave|n|cFFFFD200Zone:|r Mount Hyjal|n|n",259,42177,78683,132188,2,18,1,6,7,0
"This critter is infamous for its ability to unleash a fast and furious eyeball jabbing.","|cFFFFD200Quest:|r Egg Wave|n|cFFFFD200Zone:|r Mount Hyjal|n|n",260,42183,78685,132200,2,18,1,6,7,0
"Goblin engineering at its finest. Blueprints based on the massive fel reaver in Hellfire Peninsula.","|cFFFFD200Profession: |rEngineering",261,43800,81937,133861,9,2,3,6,7,0
"The gold standard for sturdy gnomish design, this mechanical critter is the perfect companion for the lonely engineer on the go.","|cFFFFD200Profession: |rEngineering",262,43916,82173,466036,9,2,3,6,7,0
"This appears to be nothing more than the paw of a small primate. A closer inspection shows that the hand has been dried by centuries of exposure to the sands of Uldum.","|cFFFFD200Profession: |rArchaeology",264,45128,84263,134555,3,131074,3,6,7,0
"An adventurous little elemental, Pebble escaped hungry gyreworms in the Crumbling Depths, braved the emptiness of the Twisting Nether, and ultimately found himself rescued from a mailbox.","|cFFFFD200Achievement: |rRock Lover|n|cFFFFD200Category: |rQuests",265,45247,84492,136024,6,131154,5,6,7,0
"You stare at her, and she just stares right back. So clever; sometimes it seems as if she's figuring out how to open doors.","|cFFFFD200Profession: |rArchaeology",266,45340,84752,458255,3,2,3,6,7,0
"Reduces the likelihood of being eaten by monsters when you enter pitch-black places.","|cFFFFD200Profession:|r Cataclysm Enchanting (75)|n|cFFFFD200Formula:|r Enchanted Lantern",267,46898,93836,134249,5,2,3,6,7,0
"Nations tremble under his shadow - the Destroyer, the one-time Aspect of Earth, and the monster responsible for breaking Azeroth asunder.  Now in a convenient travel-size!","|cFFFFD200Promotion:|r Cataclysm Collector's Edition",268,46896,87344,441880,1,82,7,6,7,0
"Fire hatchlings are born from the ashes of a phoenix. Dark hatchlings emerge from their shadows.","|cFFFFD200Vendor:|r Guild Vendor|n|cFFFFD200Zone:|r Stormwind, Orgrimmar|n|cFFFFD200Cost: |r300|TINTERFACE\MONEYFRAME\UI-GOLDICON.BLP:0|t|n",270,47944,89039,464139,6,82,2,6,7,0
"This bird is a salty veteran of the endless naval battles surrounding Tol Barad--a veteran whose grown plump from picking through the leftovers, that is.","|cFFFFD200Vendor: |rQuartermaster Brazie|n|cFFFFD200Zone: |rTol Barad Peninsula|n|cFFFFD200Faction: |rBaradin's Wardens - Honored|n|cFFFFD200Cost: |r50|TINTERFACE\ICONS\Achievement_Zone_TolBarad.blp:0|t",271,48107,89472,464160,2,2,2,6,7,0
"Rolls into a protective ball when it feels threatened. Or when its mother calls.","|cFFFFD200Vendor:|r Guild Vendor|n|cFFFFD200Zone:|r Stormwind, Orgrimmar|n|cFFFFD200Cost: |r300|TINTERFACE\MONEYFRAME\UI-GOLDICON.BLP:0|t|n",272,48242,89670,464159,4,82,2,6,7,0
"Thought to be an original construct of the titans, the clockwork gnome has some gears smaller than the eye can see.","|cFFFFD200Profession: |rArchaeology",277,48609,90523,134152,9,2,3,39,7,0
"The fighting in Tol Barad has made it difficult to find these kits, and numerous would-be owners have decimated the fox population there as a result.","|cFFFFD200Drop: |rBaradin Fox|n|cFFFFD200Zone: |rTol Barad Peninsula",278,48641,90637,462532,7,2,0,33,7,0
"The elemental shale spider is no true arachnid, but it has durability and ferocity that make it feared even in Deepholm.","|cFFFFD200Drop: |rJadefang|n|cFFFFD200Zone: |rDeepholm",279,48982,91343,134397,6,2,0,6,7,0
"Guild pages must be fearless since they are called upon to announce their guild's victories over the Horde in battle.","|cFFFFD200Vendor: |rGuild Vendor|n|cFFFFD200Zone:|r Stormwind, Orgrimmar|n|cFFFFD200Cost: |r300|TINTERFACE\MONEYFRAME\UI-GOLDICON.BLP:0|t|n|cFFFFD200Cooldown: |r8 hrs",280,49586,92395,413584,0,148119,2,42,7,0
"When a guild earns enough glory by defeating Alliance champions, some orcs will come to share the glory by serving the guild.","|cFFFFD200Vendor: |rGuild Vendor|n|cFFFFD200Zone:|r Stormwind, Orgrimmar|n|cFFFFD200Cost: |r300|TINTERFACE\MONEYFRAME\UI-GOLDICON.BLP:0|t|n|cFFFFD200Cooldown: |r8 hrs",281,49588,92396,413584,0,147863,2,42,7,0
"When guilds have accumulated enough wealth, brave soldiers are often called to bear their standards.","|cFFFFD200Vendor: |rGuild Vendor|n|cFFFFD200Zone:|r Stormwind, Orgrimmar|n|cFFFFD200Cost: |r500|TINTERFACE\MONEYFRAME\UI-GOLDICON.BLP:0|t|n|cFFFFD200Cooldown: |r4 hrs",282,49587,92397,413585,0,147607,2,42,7,0
"Wealthy guilds draw the attention of soldiers willing to carry their standards into battle.","|cFFFFD200Vendor: |rGuild Vendor|n|cFFFFD200Zone:|r Stormwind, Orgrimmar|n|cFFFFD200Cost: |r500|TINTERFACE\MONEYFRAME\UI-GOLDICON.BLP:0|t|n|cFFFFD200Cooldown: |r4 hrs",283,49590,92398,413585,0,147607,2,42,7,0
"Always 'ready to play,' Landro's Lil' XT is almost indistinguishable from the original. Prone to tantrums and narcolepsy.","|cFFFFD200Trading Card Game: |rWorldbreaker|n",285,50468,93624,254104,9,131074,8,36,7,0
,,891,66154,0,132242,7,48,-1,6,7,0
"The grubs of the Plaguelands are a side effect of necromantic corruption and the massive number of corpses there. Mr. Grubbs is from a particularly acrobatic breed.","|cFFFFD200World Drop:|r Eastern Plaguelands (requires Fiona's Lucky Charm)",286,50586,93739,648918,7,2,0,6,7,0
"After swarming around open lava pits during the day, these strange insects emit a fiery glow at night.","|cFFFFD200Quest:|r SEVEN! YUP!, Not Fireflies, Flameflies|n|cFFFFD200Zone:|r Burning Steppes|n",287,51632,93813,237146,2,18,1,6,7,0
"You'll find him in his shell, exactly where a snail has to be!","|cFFFFD200World Event:|r Children's Week",289,51635,93817,134434,4,2,6,6,7,0
"This sweet flower will brighten your day with its warm smile and cheerful song! Also strong against undead.","|cFFFFD200Quest:|r Lawn of the Dead|n|cFFFFD200Zone:|r Hillsbrad Foothills|n",291,51090,93823,133939,6,18,1,6,7,0
"Higitus figi- hockity pocki- abracadab- prestidig--oh, pinfeathers!","|cFFFFD200Profession: |rEnchanting",292,50545,93837,134971,5,2,3,6,7,0
"Often confused by miners as a rare gem, the geode initially makes its presence known by emitting melodic reverberations.","|cFFFFD200Drop:|r Elementium Vein, Rich Elementium Vein|n|cFFFFD200Zone:|r Deepholm, Twilight Highlands, Uldum",293,50722,93838,399040,6,2,0,39,7,0
"Deathwing's emergence transformed the whole of Azeroth; not even the ocean-dwelling murlocs were immune to his corrupt influence.","|cFFFFD200Promotion:|r BlizzCon 2010",294,51122,94070,441880,0,82,7,6,7,0
"Moonkin are blessed by Elune and spread nature's grace wherever they travel. The festive fowls are always in the mood for a dance.","|cFFFFD200In-Game Shop:|r Alliance",296,51601,95786,467893,0,594,9,6,7,0
"It's never too soon to summon this tiny aspect of the dread Firelord.","|cFFFFD200In-Game Shop|r",297,51600,95787,254652,6,131154,9,35,7,0
"The distinct roar of the moonkin is one of the most terrifying sounds in nature.","|cFFFFD200In-Game Shop:|r Horde",298,51649,95909,467894,0,338,9,6,7,0
"It looked up at you with those huge black eyes and seemed to ask, 'Are you my mommy?'","|cFFFFD200Quest:|r Some Good Will Come|n|cFFFFD200Zone:|r Northern Stranglethorn|n|n",301,52226,96571,132225,7,18,1,6,7,0
"How the goblin Landro Longshot initially came into possession of the lichling remains a mystery, but he was all too eager to wager it in a game of cards.","|cFFFFD200Trading Card Game:|r Worldbreaker",302,52343,96817,254094,3,131074,8,36,7,0
"Elune made nightsabers silver and black so they could meld into the shadows on a moonlit night.","|cFFFFD200Trading Card Game:|r Twilight of the Dragons",303,52344,96819,132242,7,2,8,6,7,0
"Winterspring cubs are happiest when frolicking in freshly fallen snow.","|cFFFFD200Vendor: |rMichelle De Rum|n|cFFFFD200Zone: |rWinterspring|n|cFFFFD200Cost: |r50|TINTERFACE\MONEYFRAME\UI-GOLDICON.BLP:0|t",306,52831,97638,132252,7,2,2,6,7,0
"Born in the jungles of Stranglethorn, unlucky raptor hatchlings are often captured by the Gurubashi and taken to the troll city of Zul'Gurub.","|cFFFFD200Quest: |rAn Old Friend|n|cFFFFD200Zone: |rZul'Gurub",307,52894,97779,132193,7,18,1,6,7,0
"Wild marsh walkers are dangerously aggressive, but they're loyal and affectionate if you manage to tame them.","|cFFFFD200World Event:|r Children's Week",308,53048,98079,254502,5,2,6,36,7,0
"Pterrordax eggs are incubated underneath the fossils of their forebears, allowing the hatchlings to absorb their ancestors' ferocity and intelligence.","|cFFFFD200Profession: |rArchaeology",309,53225,98571,516665,2,2,3,6,7,0
"Voodoo figurines were often empowered by flasks of mojo, troll sweat, and the flesh of tribal enemies.","|cFFFFD200Profession: |rArchaeology",310,53232,98587,516666,3,2,3,36,7,0
"Still a little clumsy, this tiny winged lion is learning how to be the best mount it can be!","|cFFFFD200In-Game Shop|r",311,53283,98736,519402,2,2,9,6,7,0
"Not yet the fearsome creatures they grow to in adulthood, the Cenarion hatchlings have an almost harmless appearance that has caught novice trainers of the Cenarion Circle off guard.","|cFFFFD200In-Game Shop|r",316,53623,99578,132833,2,4178,9,6,7,0
"The cubs of Hyjal suffered much during the Cataclysm. On the bright side, the devastation also led to their newfound love of heights and daredevil stunts.","|cFFFFD200Vendor: |rVarlan Highbough|n|cFFFFD200Zone: |rMolten Front|n|cFFFFD200Cost: |r1500|TINTERFACE\MONEYFRAME\UI-GOLDICON.BLP:0|t",317,53658,99663,446127,7,2,2,6,7,0
"Native to the ashen soils of the Firelands, the lasher was transplanted to Azeroth with the help of the Guardians of Hyjal.","|cFFFFD200Vendor: |rAyla Shadowstorm|n|cFFFFD200Zone: |rMolten Front|n|cFFFFD200Cost: |r1500|TINTERFACE\MONEYFRAME\UI-GOLDICON.BLP:0|t",318,53661,99668,133941,6,2,2,6,7,0
"Ride with the moon (and this furry, whiskered witch) in the dead of night!","|cFFFFD200World Event:|r Hallow's End|n|cFFFFD200Vendor: |rWoim|n|cFFFFD200Zone: |rTirisfal Glades|n|cFFFFD200Cost: |r150|TINTERFACE\ICONS\achievement_halloween_candy_01:0|t|n|n|cFFFFD200Vendor: |rPippi|n|cFFFFD200Zone: |rStormwind City|n|cFFFFD200Cost: |r150|TINTERFACE\ICONS\achievement_halloween_candy_01:0|t",319,53884,100330,236547,7,2,6,6,7,0
"A legendary member of the blue dragonflight.","|cFFFFD200Vendor: |rGuild Vendor|n|cFFFFD200Zone:|r Stormwind, Orgrimmar|n|cFFFFD200Cost: |r1500|TINTERFACE\MONEYFRAME\UI-GOLDICON.BLP:0|t|n",320,54027,100576,524050,1,82,2,6,7,0
"Previous owners of the crate have reported the disappearance of other pets from their collection.","|cFFFFD200World Event:|r Hallow's End",321,54128,100684,132762,3,131090,6,33,7,0
"Most squirrels hoard acorns for sustenance. Nuts, on the other hand, hoards acorns to stock its supply of ammunition.","|cFFFFD200Achievement: |rPetting Zoo|n|cFFFFD200Category: |rPet Battles",323,54227,100970,133944,4,82,5,6,7,0
"One of the rarest creatures, this kaliri is set apart from others by its brilliant plumage and the lengths hunters will go to capture them.","|cFFFFD200Achievement: |rMenagerie|n|cFFFFD200Category: |rPet Battles",325,54374,101424,132926,2,82,5,6,7,0
,,892,66155,0,132368,4,48,-1,6,7,0
"You might think this fish out of water would be a weak opponent... until you see the intensity that lies within its protective bubble.","|cFFFFD200Trading Card Game:|r Throne of the Tides",328,54383,101493,133920,8,2,8,6,7,0
"When you're confronting Murkablo or any of the Prime Murlocs, possession of a soulstone is strongly advised.","|cFFFFD200Promotion:|r BlizzCon 2011",329,54438,101606,528288,0,82,7,6,7,0
"The monkeys of Azeroth are infamous tricksters, and these beloved companions of the Darkmoon Faire have taken that innate cunning to a whole new level.","|cFFFFD200Vendor: |rLhara|n|cFFFFD200Zone: |rDarkmoon Island|n|cFFFFD200Cost: |r90|TINTERFACE\ICONS\inv_misc_ticket_darkmoon_01:0|t |n",330,54491,101733,132159,7,2,2,6,7,0
"Created to entertain children at the Darkmoon Faire, these magical balloons never lose their floatiness.","|cFFFFD200Quest:|r Blown Away|n|cFFFFD200Zone:|r Stormwind",331,54539,101986,647628,2,131730,1,6,7,0
"A magical wonder, these balloons will never deflate and are traditionally created in batches of ninety-nine.","|cFFFFD200Quest:|r Blown Away|n|cFFFFD200Zone:|r Orgrimmar|n",332,54541,101989,647626,2,131474,1,6,7,0
"The grell are embodiments of the wild side of nature. Tame ones are very rare.","|cFFFFD200Trading Card Game:|r Crown of the Heavens",333,54730,102317,136218,0,2,8,6,7,0
"This shelled reptile bravely protects the home on its back with an unwaveringly happy disposition.","|cFFFFD200Vendor: |rLhara|n|cFFFFD200Zone: |rDarkmoon Island|n|cFFFFD200Cost: |r90|TINTERFACE\ICONS\inv_misc_ticket_darkmoon_01:0|t ",335,54487,103074,1738682,8,2,2,6,7,0
"It just floats along...","|cFFFFD200Vendor: |rLhara|n|cFFFFD200Zone: |rDarkmoon Island|n|cFFFFD200Cost: |r90|TINTERFACE\ICONS\inv_misc_ticket_darkmoon_01:0|t |n",336,55187,103076,647625,2,144,2,6,7,0
"A stowaway from Greatfather Winter's workshop, this tiny elemental found himself trapped in a present that was stolen by the Abominable Greench.","|cFFFFD200World Event:|r Feast of Winter Veil",337,55215,103125,134579,6,2,6,6,7,0
"A favorite of children across Azeroth, this tough little toy can withstand even the most aggressive imagination.","|cFFFFD200Vendor: |rLhara|n|cFFFFD200Zone: |rDarkmoon Island|n|cFFFFD200Cost: |r90|TINTERFACE\ICONS\inv_misc_ticket_darkmoon_01:0|t ",338,55356,103544,133015,9,131074,2,6,7,0
"Lacking the mines and rockets of its predecessor, this kid-friendly faire prize is a new favorite among Azeroth's children.","|cFFFFD200Vendor: |rLhara|n|cFFFFD200Zone: |rDarkmoon Island|n|cFFFFD200Cost: |r90|TINTERFACE\ICONS\inv_misc_ticket_darkmoon_01:0|t ",339,55367,103549,134509,9,131074,2,35,7,0
"Despite its diminutive size, it is impossible to miss a sea pony cutting through the water.","|cFFFFD200Profession: |rFishing|n|cFFFFD200Zone: |rDarkmoon Island",340,55386,103588,433440,8,2,3,6,7,0
"These magical lanterns are acquired at the Lunar Festival, which celebrates the defeat of the Burning Legion by the free races of Azeroth.","|cFFFFD200World Event:|r Lunar Festival|n|cFFFFD200Vendor: |rValadar Starsong|n|cFFFFD200Zone: |rMoonglade|n|cFFFFD200Cost: |r50|TINTERFACE\ICONS\INV_Misc_ElvenCoins:0|t",341,55571,104047,134971,5,2,6,6,7,0
"The light from each lantern honors the soul of an ancestor spirit. During the Lunar Festival, these ghostly elders pass along their wisdom to the current generation.","|cFFFFD200World Event:|r Lunar Festival|n|cFFFFD200Vendor: |rValadar Starsong|n|cFFFFD200Zone: |rMoonglade|n|cFFFFD200Cost: |r50|TINTERFACE\ICONS\INV_Misc_ElvenCoins:0|t",342,55574,104049,134971,5,2,6,6,7,0
"This snuggly kitten loves to frolic, but sometimes it seems to be chasing things that aren't really there.","|cFFFFD200Vendor: |rLhara|n|cFFFFD200Zone: |rDarkmoon Island|n|cFFFFD200Cost: |r90|TINTERFACE\ICONS\inv_misc_ticket_darkmoon_01:0|t |n",343,56031,105122,132242,7,2,2,6,7,0
,"|cFFFFD200Vendor: |rCarl Goodup|n|cFFFFD200Zone: |rDarkmoon Island|n|cFFFFD200Cost: |r10|TINTERFACE\MONEYFRAME\UI-SILVERICON.BLP:0|t",344,56082,105228,133642,2,160,2,6,7,0
,"|cFFFFD200Vendor: |rCarl Goodup|n|cFFFFD200Zone: |rDarkmoon Island|n|cFFFFD200Cost: |r10|TINTERFACE\MONEYFRAME\UI-SILVERICON.BLP:0|t",345,56083,105229,133639,2,160,2,6,7,0
"Fetish shaman are empowered by the spirits of their fallen ancestors. These malevolent spirits are bound to the shaman's tribal spear. Control this spear, and you control the shaman.","|cFFFFD200Promotion:|r Diablo 3 Collector's Edition",346,56266,105633,135128,3,82,7,36,7,0
"The Soul of the Aspects is said to be possessed of mercurial moods ranging from stoic and deliberate to unpredictable and erratic, to loving and deeply pensive.","|cFFFFD200In-Game Shop|r",347,58163,110029,574806,1,82,9,6,7,0
"Always watching. Always judging.","|cFFFFD200Trading Card Game: |rTimewalkers: War of the Ancients|n",348,59020,112994,136155,3,2,8,6,7,0
,,354,59216,0,577318,5,32,-1,6,7,0
"Offspring of the black sheep, the black lamb is only found in the forests of Elwynn.","|cFFFFD200Pet Battle:|r Elwynn Forest",374,60649,0,136071,4,26,4,6,7,0
,,375,62626,0,252780,3,56,-1,6,7,0
"When you have two rabbits, you'll often soon have three.","|cFFFFD200Pet Battle: |rAzshara, Blade's Edge Mountains, Crystalsong Forest, Darkshore, Dun Morogh, Duskwood, Elwynn Forest, Eversong Woods (Burning Crusade), Feralas, Highmountain, Hillsbrad Foothills, Howling Fjord, Moonglade, Mount Hyjal, Mulgore, Nagrand, Redridge Mountains, Silvermoon City (Burning Crusade), Silverpine Forest, Stonetalon Mountains, Stormwind City, Tirisfal Glades, Western Plaguelands, Westfall, Wetlands",378,61080,0,254857,4,26,4,6,7,0
"Most people do not know the difference between a squirrel and a chipmunk. Most don't care.","|cFFFFD200Pet Battle: |rAmmen Vale, Ashenvale, Azshara, Blade's Edge Mountains, Crystalsong Forest, Darkshore, Dun Morogh, Duskwood, Dustwallow Marsh, Elwynn Forest, Feralas, Gilneas, Highmountain, Hillsbrad Foothills, Howling Fjord, Loch Modan, Magisters' Terrace (Burning Crusade), Moonglade, Mount Hyjal, Nagrand, Ruins of Gilneas, Sholazar Basin, Silverpine Forest, Spires of Arak, Stormwind City, Teldrassil, Terokkar Forest, Tol Barad Peninsula, Twilight Highlands, Val'sharah, Well of Eternity, Western Plaguelands, Westfall, Wetlands, Zul'Aman (Dungeon)",379,61081,0,134322,4,26,4,6,7,0
"It's hard to know what's more dangerous: the teeth or the tail.","|cFFFFD200Pet Battle: |rThe Jade Forest",380,62992,0,645526,7,26,4,6,7,0
"Despite the name you should absolutely never, ever pet it.","|cFFFFD200Drop:|r Sack of Pet Supplies|n",381,61086,118414,644001,4,2,0,6,7,0
"This unique species of faerie dragon is not usually found on Azeroth.","|cFFFFD200Drop:|r Oddly-Colored Egg|n",382,61087,231215,1675028,1,2,0,6,7,0
"It seems like a trick to the eyes, but the eternal strider can walk across water, its small feet never breaking the surface.","|cFFFFD200Pet Battle: |rVale of Eternal Blossoms",383,61088,0,643423,8,26,4,6,7,0
"The thick pelt of the otter makes it adaptable to any climate, but it particularly prefers frigid waters where abalone is plentiful.",,384,61089,118419,645906,8,32,-1,6,7,0
"It seems that mice are completely incapable of resisting cheese even in the face of imprisonment, injury, or death.","|cFFFFD200Pet Battle: |rDuskwood, Dustwallow Marsh, Grizzly Hills, Mulgore, Netherstorm, Westfall, Wetlands",385,61143,0,647701,4,26,4,6,7,0
"Distinct from their tree dwelling cousins, these ground squirrels make their homes on the plains of Azeroth and beyond.","|cFFFFD200Pet Battle: |rArathi Highlands, Mulgore, Nagrand, Northern Barrens, Southern Barrens, Thunder Bluff, Westfall",386,61141,0,656176,4,24,4,6,7,0
"Due to recent accidents, the goblin cartels have prohibited anyone from bringing snakes on a zeppelin.","|cFFFFD200Pet Battle: |rDustwallow Marsh, Eversong Woods (Burning Crusade), Feralas, Ghostlands, Howling Fjord, Loch Modan, Nagrand, Northern Stranglethorn, Sholazar Basin, Silverpine Forest, Terokkar Forest, Westfall, Zangarmarsh, Zul'Drak",387,61142,0,132211,7,26,4,6,7,0
"These arthropods line many Azerothian shores and seek to fulfill their one true desire: to pinch.","|cFFFFD200Pet Battle: |rAzshara, Borean Tundra, Howling Fjord, Krasarang Wilds, Nagrand (Draenor), Twilight Highlands, Westfall, The Waking Shores, The Azure Span",388,61158,0,2027878,8,26,4,6,7,0
"The tiny harvester collects weeds and small grains that the larger reapers may have missed.","|cFFFFD200Pet Battle: |rWestfall",389,61160,0,134065,9,26,4,6,7,0
"When they look into those big brown eyes, some hunters have a hard time pulling the trigger. So they shoot from a distance.",,390,61750,0,132368,4,160,-1,6,7,0
"Mountain cottontails can leap up a steep incline with speed you would not believe.","|cFFFFD200Pet Battle: |rHighmountain, Redridge Mountains",391,61167,0,254857,4,26,4,6,7,0
"The rats in Redridge grow fat from feasting on the bounty of the village larders.","|cFFFFD200Pet Battle: |rRedridge Mountains",392,61168,0,134324,4,26,4,6,7,0
"They were here long before us and will be here long after we are gone.","|cFFFFD200Pet Battle: |rBurning Steppes, Eastern Plaguelands, Gorgrond, Icecrown, Iron Docks, The Hinterlands, Twilight Highlands, Un'Goro Crater, Wetlands",393,61384,0,294474,4,26,4,6,7,0
"""Little Bo Peep has lost her sheep, and doesn't know where to find them. Leave them alone, and they'll come OH MY GOD THEY'RE INSIDE THE HOUSE!""",,394,61170,0,136071,4,58,-1,6,7,0
"Always wear a helm in the Redridge Mountains. Buzzards view humanoid hair as excellent nesting material.","|cFFFFD200Pet Battle: |rRedridge Mountains",395,61171,0,132200,2,26,4,6,7,0
"Native to Duskwood, these eight-legged critters are often used as ingredients in alchemy potions.","|cFFFFD200Pet Battle: |rDuskwood",396,61253,0,132196,7,26,4,6,7,0
"Skunks are known as solitary creatures for reasons which are hopefully obvious.","|cFFFFD200Pet Battle: |rAmmen Vale, Azshara, Bloodmyst Isle, Duskwood, Gilneas, Howling Fjord, Nagrand (Draenor), Terokkar Forest|n",397,61255,0,463569,4,26,4,6,7,0
"While many people believe black cats to be bad luck, black rats are held in higher esteem.","|cFFFFD200Pet Battle: |rBadlands, Duskwood, Dustwallow Marsh, Eastern Plaguelands, Thousand Needles, Twilight Highlands, Western Plaguelands, Wetlands|n",398,61257,0,134324,4,26,4,6,7,0
"Years ago, humans introduced these reptiles into Duskwood to cull the local rat population.","|cFFFFD200Pet Battle: |rDuskwood",399,61258,0,132211,7,26,4,6,7,0
"Widow spiderlings have plenty of time to explore Duskwood once they take care of their pesky family commitments.","|cFFFFD200Pet Battle: |rDuskwood|n|cFFFFD200Time: |rNight",400,61259,0,132196,7,26,4,6,7,0
"The low tide reveals the colonies of strand crabs and the sound of their clicking dance as they feed upon small creatures hidden in the sand.","|cFFFFD200Pet Battle: |rDarkshore, Dragonblight, Dun Morogh, Gilneas, Kezan, Northern Stranglethorn, Spires of Arak, Swamp of Sorrows, The Cape of Stranglethorn, The Lost Isles",401,61312,0,2027868,8,26,4,6,7,0
"Prefers to dwell in wet, muddy areas and feed on Sorrowmoss nectar.","|cFFFFD200Pet Battle: |rSwamp of Sorrows",402,61370,0,236193,2,26,4,6,7,0
"Parrots can mimic speech, but have difficulty with meaningful conversation.","|cFFFFD200Pet Battle: |rNorthern Stranglethorn, Swamp of Sorrows, The Cape of Stranglethorn, Un'Goro Crater",403,61313,0,136036,2,26,4,6,7,0
"Thought by many to be nothing more than the subject of children's nursery rhymes, the long-tailed mole is very much real.","|cFFFFD200Pet Battle: |rDun Morogh, Northern Stranglethorn, The Cape of Stranglethorn, Un'Goro Crater",404,61317,0,134324,4,26,4,6,7,0
"Stranglethorn's Gurubashi trolls often capture these powerful beasts to keep as pets... or to cook as meals.","|cFFFFD200Pet Battle: |rNorthern Stranglethorn, Tanaan Jungle, The Cape of Stranglethorn, Un'Goro Crater",405,61318,0,132211,7,26,4,6,7,0
"A hardy insect that can dwell in just about any climate, the beetle is known to thrive on battlefields after the fighting has ended.","|cFFFFD200Pet Battle: |rBadlands, Eastern Plaguelands, Felwood, Northern Stranglethorn, Silithus, The Cape of Stranglethorn, Un'Goro Crater, The Waking Shores, The Azure Span, Thaldraszus",406,61319,0,237144,4,26,4,6,7,0
,,893,66156,0,132368,7,48,-1,6,7,0
"This vicious species weaves elaborate webs throughout the dense jungles of Stranglethorn Vale.","|cFFFFD200Pet Battle: |rHighmountain, Northern Stranglethorn, Shadowmoon Valley, The Cape of Stranglethorn",407,61320,0,132196,7,26,4,6,7,0
"If a female lizard does not lay her clutch in a well camouflaged area, her eggs will likely be devoured by Lashtail Raptors.","|cFFFFD200Pet Battle: |rNorthern Stranglethorn, The Cape of Stranglethorn",408,61321,0,463491,7,26,4,33,7,0
"Parrots can't get enough of the fresh fish the Bloodscalp trolls eat. They're less interested in dry flatbreads.","|cFFFFD200Pet Battle: |rNorthern Stranglethorn",409,61322,0,136036,2,26,4,6,7,0
"Just like the rough and tumble sailors who live dockside, the wharf rats are feral, violent creatures.","|cFFFFD200Pet Battle: |rIron Docks, The Cape of Stranglethorn, Tol Barad Peninsula",410,61323,0,134324,4,26,4,6,7,0
"Young apes quickly learn to hang from branches with their feet, leaving both hands free to fling objects at interlopers.","|cFFFFD200Pet Battle: |rThe Cape of Stranglethorn|n|cFFFFD200Weather: |rRain",411,61324,0,651242,7,26,4,6,7,0
"The most common of the arachnid family, these critters spin their webs in nearly every corner of Azeroth.","|cFFFFD200Pet Battle: |rAhn'kahet: The Old Kingdom, Azjol-Nerub, Azshara, Black Temple, Blasted Lands, Drak'Tharon Keep, Dun Morogh, Dustwallow Marsh, Eastern Plaguelands, Elwynn Forest, Ghostlands, Gilneas, Gilneas City, Halls of Reflection, Hillsbrad Foothills, Howling Fjord, Icecrown Citadel, Karazhan, Naxxramas, Orgrimmar, Pit of Saron, Ruins of Gilneas, Shadowmoon Valley (Draenor), Stonetalon Mountains, Swamp of Sorrows, Teldrassil, The Culling of Stratholme, The Forge of Souls, The Hinterlands, The Storm Peaks, The Violet Hold, Tirisfal Glades, Utgarde Keep, Utgarde Pinnacle, Winterspring, Zul'Aman (Dungeon), Zul'Drak",412,61327,0,132196,7,26,4,6,7,0
"Venom capable of killing creatures up to 100 times its own body weight.","|cFFFFD200Pet Battle: |rBlade's Edge Mountains, Blasted Lands, Burning Steppes, Eastern Plaguelands, Hellfire Peninsula, Orgrimmar, Shadowmoon Valley, Silithus, Thousand Needles, Twilight Highlands",414,61326,0,132195,7,24,4,6,7,0
"Drawn to heat and the smell of smoke, the fire beetle's diet consists of ash.","|cFFFFD200Pet Battle: |rBlasted Lands, Burning Steppes, Mount Hyjal, Searing Gorge, Un'Goro Crater, The Waking Shores",415,61328,0,237144,4,26,4,6,7,0
"Despite its snapping claws and venom-dripping tail, it is the bite of the diminutive scorpling that is the greatest threat.","|cFFFFD200Pet Battle: |rBlasted Lands",416,61329,0,132195,7,26,4,6,7,0
"The intrepid archaeologist Harrison Jones has a well documented fear of rats.","|cFFFFD200Pet Battle: |rAmmen Vale, Arathi Basin, Arathi Highlands, Ashenvale, Azshara, Bloodmyst Isle, Crystalsong Forest, Darkshore, Desolace, Drak'Tharon Keep, Dun Morogh, Frostfire Ridge, Ghostlands, Gilneas, Gilneas City, Highmountain, Hillsbrad Foothills, Howling Fjord, Karazhan, Loch Modan, Nagrand, Naxxramas, Ruins of Gilneas, Scarlet Monastery, Shattrath City, Silverpine Forest, Spires of Arak, Stonetalon Mountains, Stormwind City, Sunken Temple, Swamp of Sorrows, Terokkar Forest, The Cape of Stranglethorn, The Culling of Stratholme, The Deadmines, The Hinterlands, The Lost Isles, The Shattered Halls, The Violet Hold, Timeless Isle, Tirisfal Glades, Tanaan Jungle, The Waking Shores, The Azure Span, Siren Isle",417,61366,0,134324,4,26,4,6,7,0
"Brought to Orgrimmar aboard merchant ships, these short-lived reptiles are considered pests by the city's residents.","|cFFFFD200Pet Battle: |rDurotar, Northern Stranglethorn, Orgrimmar, Swamp of Sorrows, Twilight Highlands, Wetlands",418,61367,0,132211,7,26,4,6,7,0
"This is a small frog.","|cFFFFD200Pet Battle: |rArathi Highlands, Darnassus, Desolace, Elwynn Forest, Eversong Woods (Burning Crusade), Ghostlands, Loch Modan, Northern Barrens, Southern Barrens, Swamp of Sorrows, Teldrassil, Zangarmarsh",419,61071,0,237579,8,26,4,6,7,0
"The song of late summer nights is the song of toads.","|cFFFFD200Pet Battle: |rAshenvale,  Durotar, Dustwallow Marsh, Eversong Woods (Burning Crusade), Felwood, Ghostlands, Hillsbrad Foothills, Howling Fjord, Nagrand, Orgrimmar, Silverpine Forest, Swamp of Sorrows, Teldrassil, Twilight Highlands, Wetlands",420,61369,0,237579,8,26,4,6,7,0
"Prefers to dwell in humid, tropical areas and feed on Kingsblood nectar.","|cFFFFD200Pet Battle: |rNorthern Stranglethorn, The Cape of Stranglethorn",421,61314,0,236193,2,26,4,6,7,0
"When hunting or evading predators, this snake can travel on the surface of water for short distances.","|cFFFFD200Pet Battle: |rSwamp of Sorrows",422,61372,0,132211,7,26,4,6,7,0
"The thick exoskeleton of this adaptable arthropod allows it to thrive in harsh environments.","|cFFFFD200Pet Battle: |rBurning Steppes, Searing Gorge",423,61383,0,2027886,6,26,4,6,7,0
"A nuisance to most, roaches' incredible survivability sets them apart from other species.","|cFFFFD200Pet Battle: |rAshenvale, Azshara, Desolace, Dun Morogh, Duskwood, Gilneas, Gilneas City, Howling Fjord, Icecrown Citadel, Kezan, Loch Modan, Northern Stranglethorn, Razorfen Downs, Redridge Mountains, Stonetalon Mountains, The Cape of Stranglethorn, The Culling of Stratholme, Thousand Needles, Tirisfal Glades|n",424,61169,0,294474,4,26,4,6,7,0
"This ill-tempered snake species makes its home around the fiery molten pits of the Burning Steppes.","|cFFFFD200Pet Battle: |rBurning Steppes, Shadowmoon Valley",425,61385,0,132211,7,26,4,6,7,0
"The rock-hard carapaces of these spiders allow them to survive in the Searing Gorge's blistering heat.","|cFFFFD200Pet Battle: |rSearing Gorge, Talador",427,61420,0,132196,7,26,4,6,7,0
"These blisteringly hot spiders camouflage themselves by blending in with oozing magma.","|cFFFFD200Pet Battle: |rSearing Gorge",428,61425,0,132196,7,26,4,6,7,0
"Beetles in the Burning Steppes roll magma into tiny balls and eat them once they cool off.","|cFFFFD200Pet Battle: |rBurning Steppes",429,61386,0,237144,4,26,4,6,7,0
"Tiny, autonomous machines created by the Titans to clean and maintain their mighty edifices.","|cFFFFD200Pet Battle: |rBadlands, Gorgrond, Tanaris",430,61438,0,237144,4,26,4,6,7,0
,,894,66329,0,236193,2,48,-1,6,7,0
,,895,66330,0,442735,4,48,-1,6,7,0
"Wildhammer dwarves train young gryphons by sending them out to hunt rattlesnakes in the Twilight Highlands.","|cFFFFD200Pet Battle: |rBadlands, Tanaris, Twilight Highlands",431,61439,0,132211,7,26,4,6,7,0
"Less venomous but more aggressive than other breeds of scorpion.","|cFFFFD200Pet Battle: |rBadlands, Tanaris, Terokkar Forest",432,61440,0,132195,7,24,4,6,7,0
"The coloration of the spiky lizard allows it to blend in seamlessly with the desert sands of Silithus.","|cFFFFD200Pet Battle: |rBadlands, Silithus",433,61441,0,463491,7,26,4,33,7,0
"When a ram lowers his head, it means he's preparing to charge. Or he could just be tired.","|cFFFFD200Pet Battle: |rArathi Highlands, Hillsbrad Foothills, Loch Modan, Ruins of Gilneas, Wetlands",434,61456,0,132248,7,160,4,6,7,0
"These rams hone their fighting skills by head-butting twigs and saplings near Loch Modan.","|cFFFFD200Pet Battle: |rLoch Modan",437,61459,0,132248,7,26,4,6,7,0
"This snake is often seen sunning on the exposed rocks high in the Badlands.","|cFFFFD200Pet Battle: |rBadlands",438,61443,0,136040,7,26,4,6,7,0
"These creatures are silent, save for the occasional sigh of otherworldly despair.","|cFFFFD200Pet Battle: |rDeadwind Pass|n|cFFFFD200Time: |rEarly Morning",439,61375,0,132123,3,26,4,36,7,0
"The thick snow near Dun Morogh acts as camouflage for snow cubs learning to hunt.","|cFFFFD200Pet Battle: |rDun Morogh",440,61689,0,132252,7,26,4,6,7,0
"The alpine hare can burrow into the permafrost and hibernate for weeks or even months.","|cFFFFD200Pet Battle: |rDun Morogh, Winterspring",441,61690,0,254857,4,26,4,6,7,0
"Most creatures cannot withstand a fraction of the harsh conditions that roaches can thrive in.","|cFFFFD200Pet Battle: |rDun Morogh",442,61691,0,294474,4,26,4,6,7,0
"Despite their idyllic surroundings, grasslands cottontails hop at surprising speed when evading their pursuers.","|cFFFFD200Pet Battle: |rArathi Highlands",443,61704,0,254857,4,26,4,6,7,0
,,444,61708,0,577318,4,56,-1,6,7,0
"Twisters delight in sneaking up on unsuspecting creatures and surprising them with gusts up their nostrils.","|cFFFFD200Pet Battle: |rArathi Highlands",445,61703,0,236154,6,26,4,6,7,0
"Jade Oozelings glow in the dark, making them a welcome sight to workers in pitch-black mineshafts.","|cFFFFD200Pet Battle: |rThe Hinterlands",446,61718,0,134437,5,26,4,33,7,0
"Pay attention to deer crossings. Even a fawn will total a goblin trike.","|cFFFFD200Pet Battle: |rElwynn Forest, Teldrassil",447,61165,0,656350,4,26,4,36,7,0
"A carrot, a box, a stick, and some string. Wait a few hours and you'll have a hare.","|cFFFFD200Pet Battle: |rArathi Highlands, Durotar, The Hinterlands",448,61751,0,254857,4,26,4,6,7,0
"Distinct from their Azerothian relatives, these critters of Outland make their home in Blade's Edge Mountains.","|cFFFFD200Pet Battle: |rBlade's Edge Mountains, Gorgrond, The Hinterlands",449,61752,0,2126349,4,26,4,6,7,0
"The preferred habitat of this creature is woodland areas where it can safely complete its metamorphosis.","|cFFFFD200Pet Battle: |rAshenvale, Ghostlands, Hillsbrad Foothills, Howling Fjord, The Hinterlands, Tirisfal Glades, Tanaan Jungle",450,61753,0,651538,7,26,4,6,7,0
"According to the tales of the night elves, the first red-tailed chipmunk was colored so after the theft and consumption of a sacred apple.","|cFFFFD200Pet Battle: |rDarnassus, Desolace, Hillsbrad Foothills, Talador, Teldrassil",452,61757,0,134322,4,26,4,6,7,0
"Infested cubs still listen for the telltale buzzing of bees even though they can no longer taste honey.","|cFFFFD200Pet Battle: |rHillsbrad Foothills",453,61758,0,648803,3,26,4,6,7,0
"Even the rats of Lordaeron fell to the apothecaries' plague, chewing upon the tainted flesh of the dead.","|cFFFFD200Pet Battle: |rTirisfal Glades",454,61889,0,134324,4,26,4,6,7,0
"Undead squirrels have acquired a taste for the strange berries and mushrooms that now grow in Silverpine Forest.","|cFFFFD200Pet Battle: |rSilverpine Forest",455,61890,0,646782,3,26,4,6,7,0
"Curiously, this hawk uses its razor-sharp talons to peel the bark off trees as it searches for bugs, even though it has no need for sustenance.","|cFFFFD200Pet Battle: |rWestern Plaguelands",456,61826,0,648726,3,26,4,34,7,0
"It can swallow three times its own body weight in blood.","|cFFFFD200Pet Battle: |rEastern Plaguelands",457,61830,0,236197,7,26,4,6,7,0
"These small spirits find their undead neighbors to be poor company, so they typically wander Tirisfal Glades alone.","|cFFFFD200Pet Battle: |rTirisfal Glades",458,61905,0,135974,3,26,4,6,7,0
"After centuries of domestication, these furry critters inhabit nearly every human nation in the Eastern Kingdoms.","|cFFFFD200Pet Battle: |rArathi Highlands, Elwynn Forest, Eversong Woods (Burning Crusade), Netherstorm, Silvermoon City (Burning Crusade)",459,62019,0,132167,7,26,4,6,7,0
"Small elemental saplings grow into treants, fierce defenders of forests and groves.","|cFFFFD200Pet Battle: |rEversong Woods (Burning Crusade)",460,62020,0,132129,6,26,4,6,7,0
"This new arrival to Azeroth was spawned a short time ago. It seeks to thrive while awaiting its next phase of evolution.","|cFFFFD200Pet Battle: |rGhostlands",461,62022,0,651538,7,26,4,6,7,0
"[DEBUG] This pet comes from the magical Test Land where it frolics all day in fields of structs.","|cFFFFD200Vendor: |rQuartermaster Brazie|n|cFFFFD200Zone: |rTol Barad Peninsula|n|cFFFFD200Faction: |rBaradin's Wardens - Honored",462,62035,89472,464160,2,32,2,6,7,0
"The souls of slain crabs seek vengeance against the murlocs who ate them.","|cFFFFD200Pet Battle: |rGhostlands",463,62034,0,133275,3,26,4,6,7,0
,,896,66331,0,132186,8,48,-1,6,7,0
,,897,66333,0,132196,7,48,-1,6,7,0
"You can easily locate moths if you wear expensive garments near Ammen Vale. They can't resist the delicious taste of high fashion.","|cFFFFD200Pet Battle: |rAzuremyst Isle",464,62050,0,236193,2,26,4,6,7,0
"These voracious carnivores first arrived on Azeroth aboard the draenei's dimensional fortress, the Exodar.","|cFFFFD200Pet Battle: |rBloodmyst Isle",465,62051,0,132194,7,26,4,6,7,0
"The children of Orgrimmar frequently capture these lizards as pets.  The adults of Orgrimmar frequently step on them.","|cFFFFD200Pet Battle: |rDurotar, Orgrimmar",466,62114,0,463491,7,26,4,33,7,0
"A desert dwelling forager attracted to areas rich with dung.","|cFFFFD200Pet Battle: |rDurotar, Orgrimmar, Uldum",467,62115,0,133570,4,26,4,6,7,0
"These beetles often make their homes in quarries abandoned by the Horde war machine in Durotar.","|cFFFFD200Pet Battle: |rDurotar",468,62116,0,133570,4,26,4,6,7,0
"An enigmatic species, said to feed off the chaotic energies of the Old Gods.","|cFFFFD200Pet Battle: |rAzshara, Deepholm, Mount Hyjal",469,62118,0,133570,4,26,4,6,7,0
"Twisted by the Twilight Hammer's dark magic, these sinister critters are known to feed on their own young.","|cFFFFD200Pet Battle: |rAzshara, Deepholm, Twilight Highlands",470,62117,0,132196,7,26,4,6,7,0
"Originally built by an irate goblin to annoy neighbors with an early morning wake-up call.","|cFFFFD200Pet Battle: |rAzshara, Orgrimmar, Winterspring|n",471,62119,0,656513,9,26,4,6,7,0
"Considered by most to be a significant improvement to the 4000 series, there were nonetheless serious concerns about the amount of heat they produced.","|cFFFFD200Pet Battle: |rAzshara, Stonetalon Mountains, Winterspring|n",472,62120,0,134322,9,26,4,6,7,0
"Turtles are feared by the naga, who consider them bad luck and give them a wide berth on the shores of Azshara.","|cFFFFD200Pet Battle: |rAzshara",473,62121,0,1738680,8,26,4,6,7,0
"These playful feline cubs practice their hunting skills by stalking each other through the Barrens.","|cFFFFD200Pet Battle: |rNorthern Barrens",474,62129,0,132242,7,26,4,6,7,0
"The barbaric centaur over-hunted giraffes for decades, but it was the tauren who saved this species from extinction.","|cFFFFD200Pet Battle: |rSouthern Barrens",475,62130,0,132368,7,26,4,36,7,0
"Most people only see gazelles from the rear.","|cFFFFD200Pet Battle: |rDesolace, Mulgore, Northern Barrens, Southern Barrens",476,62163,0,132368,4,160,4,6,7,0
"Young gazelles quickly learn to flee when they hear the war cries of tauren hunters in Mulgore.  They don't hear the good hunters, unfortunately.","|cFFFFD200Pet Battle: |rMulgore",477,62176,0,132368,4,26,4,36,7,0
"Prefers to dwell in cool, forested areas and feed on Mageroyal nectar.","|cFFFFD200Pet Battle: |rAshenvale, Darnassus, Desolace, Moonglade, Mount Hyjal, Teldrassil",478,62177,0,236193,2,26,4,6,7,0
"Their proximity to the magic of the elves has caused some of them unnatural long life. And in some elfin rabbits...stranger things.","|cFFFFD200Pet Battle: |rDarnassus, Desolace, Mount Hyjal, Teldrassil",479,62178,0,254857,4,26,4,6,7,0
"Prized by gem crafters, the undamaged carapace of a topaz hatchling can be used to create stunning inlays for rings and bracelets.","|cFFFFD200Pet Battle: |rDeepholm, Desolace|n",480,62181,0,134395,6,26,4,6,7,0
"Long ago, Mount Hyjal's druids tempered this species to live in peace alongside the region's other creatures.","|cFFFFD200Pet Battle: |rBlade's Edge Mountains, Desolace, Mount Hyjal, Silithus",482,62184,0,132211,7,26,4,6,7,0
"There are many scholars who question whether it is a toad or not.","|cFFFFD200Pet Battle: |rDesolace, Tanaan Jungle",483,62185,0,237579,8,26,4,33,7,0
"This cunning species tunnels beneath Uldum and erupts from the ground to ensnare its prey.","|cFFFFD200Pet Battle: |rDesolace, Silithus, Tanaris, Uldum",484,62186,0,132196,7,26,4,6,7,0
"When these sleepy critters aren't snoozing, they use their massive claws to dig for tasty insect snacks.","|cFFFFD200Pet Battle: |rDesolace|n|cFFFFD200Time: |rNight|n",485,62187,0,464159,4,26,4,6,7,0
"It's called a mule because of its big ears. Also been known to transport black market bloodthistle over the border to Quel'Thalas.","|cFFFFD200Pet Battle: |rStonetalon Mountains",486,62188,0,132368,4,160,4,6,7,0
"Many an explorer has been entranced by the adorable nature of the alpine chipmunk, failing to notice its small teeth on frostbitten digits.","|cFFFFD200Pet Battle: |rHighmountain, Mount Hyjal, Stonetalon Mountains, Winterspring, The Azure Span|n",487,62189,0,134322,4,26,4,6,7,0
"Brave assassins sometimes capture these critters to use their highly toxic venom to poison weapons.","|cFFFFD200Pet Battle: |rStonetalon Mountains",488,62190,0,132211,7,26,4,6,7,0
"These vicious fire-breathing whelps escaped Onyxia's lair and fled into the surrounding region. Handle with extreme caution.","|cFFFFD200Pet Battle: |rDustwallow Marsh",489,62201,0,134154,1,26,4,6,7,0
"Originally bred by the Sandfury trolls as pets, these feral and savage felines prowl the deserts of Tanaris.","|cFFFFD200Pet Battle: |rTanaris",491,62257,0,132167,7,26,4,6,7,0
"A desert-dwelling insect which defends its eggs by spraying a foul, ogrelike scent.","|cFFFFD200Pet Battle: |rTanaris",492,62256,0,237144,4,26,4,6,7,0
"Hunts for food just below the water's surface on the coast of Darkshore.","|cFFFFD200Pet Battle: |rDarkshore",493,62246,0,442735,4,26,4,6,7,0
"These hatchlings entertain themselves by clacking their mandibles together in increasingly complex rhythms.","|cFFFFD200Pet Battle: |rTanaris|n|cFFFFD200Weather: |rSandstorm",494,62258,0,236195,7,26,4,6,7,0
"For every frog, a prince and princess in waiting.","|cFFFFD200Pet Battle: |rAshenvale",495,62312,0,237579,8,26,4,6,7,0
,,898,66334,0,463569,4,48,-1,6,7,0
"Don't let their lack of a face fool you--these slimy critters are angry and just itching for a fight.","|cFFFFD200Pet Battle: |rAshenvale",496,62313,0,442735,4,26,4,6,7,0
"Even cockroaches were not strong enough to withstand the foul seepage of demonic corruption.","|cFFFFD200Pet Battle: |rFelwood, Shadowmoon Valley",497,62314,0,294474,4,26,4,6,7,0
"Prefers to dwell in corrupted woodlands and feed on Purple Lotus nectar.","|cFFFFD200Pet Battle: |rFelwood",498,62315,0,236193,2,26,4,6,7,0
"There are some things too dirty even for rats.","|cFFFFD200Pet Battle: |rFelwood",499,62316,0,134324,4,26,4,6,7,0
"These ill-tempered constructs of flame and rage sometimes rise from the remains of larger infernals who fall in battle.","|cFFFFD200Pet Battle: |rFelwood",500,62317,0,136219,5,26,4,6,7,0
"The dwarven explorer who first discovered the spotted bell frog could not decide between naming it after the unique spot pattern or the sound of the frog's mating ritual. She chose both.","|cFFFFD200Pet Battle: |rUn'Goro Crater",502,62370,0,237579,8,26,4,6,7,0
"Prefers to dwell in the shadow of Nordrassil and feed on Stormvine nectar.","|cFFFFD200Pet Battle: |rMoonglade, Mount Hyjal, Un'Goro Crater",503,62373,0,236193,2,26,4,6,7,0
"Diemetradons abandon their hatchlings in Un'Goro Crater to fend for themselves. Only the strongest survive.","|cFFFFD200Pet Battle: |rUn'Goro Crater",504,62375,0,134318,7,26,4,6,7,0
"Although most reptiles enjoy basking in sunlight, these scaly beasts love bathing in the glow of Azeroth's twin moons.","|cFFFFD200Pet Battle: |rThousand Needles",505,62255,0,463491,7,26,4,33,7,0
"These eight-legged critters have lurked in the shadowy cliffs of the Stonetalon Mountains for millennia.","|cFFFFD200Pet Battle: |rStonetalon Mountains",506,62191,0,132196,7,26,4,6,7,0
"Many owls nest high in the stone structures of Darnassus, hunting any pests that enter the night elves' city.","|cFFFFD200Pet Battle: |rTeldrassil",507,62242,0,132192,2,26,4,6,7,0
"The fur of the darkshore bears owes to the almost perpetual gloom they live in, and their vision in the darkness is uncanny.","|cFFFFD200Pet Battle: |rDarkshore",508,62250,0,446127,7,26,4,6,7,0
"These small elementals cling to the backs of larger mire beasts, picking off tasty bugs and mites.","|cFFFFD200Pet Battle: |rWetlands",509,61686,0,135049,6,26,4,6,7,0
"Many a young gnomish inventor has made up for the death of a beloved pet by creating a mechanical friend in its image.","|cFFFFD200Pet Battle: |rKezan, Winterspring",510,62434,0,466036,9,34,4,6,7,0
"Native to Azeroth's desert regions, these resilient reptiles can survive for weeks without water.","|cFFFFD200Pet Battle: |rSilithus, Uldum",511,62523,0,132211,7,26,4,6,7,0
"Spawn of the nefarious Shrieker Scarabs of Ahn'Qiraj, the hatchlings are much more docile (and quiet) than their parents.","|cFFFFD200Pet Battle: |rSilithus",512,62524,0,133570,4,26,4,6,7,0
"The squeaks used by these tiny insectoids may sound cute, but they're actually screaming for your death.","|cFFFFD200Pet Battle: |rSilithus|n|cFFFFD200Season: |rSummer",513,62526,0,236829,0,26,4,6,7,0
"A brash fel orc once tried to enslave these critters as his personal soldiers. Pieces of him are still scattered across Outland.","|cFFFFD200Pet Battle: |rHellfire Peninsula",514,62555,0,366938,0,26,4,6,7,0
"These pudgy little beings often get themselves into trouble while hunting down their favorite snack: glow caps.","|cFFFFD200Pet Battle: |rZangarmarsh",515,62564,0,134532,0,26,4,36,7,0
"After hatching, these twisted reptiles devour the weaker members of their clutches as an act of dominance.","|cFFFFD200Pet Battle: |rTerokkar Forest",517,62583,0,132201,7,26,4,6,7,0
"For ogres, comparing a female's hair to a clefthoof's shaggy coat is a term of great endearment.","|cFFFFD200Pet Battle: |rNagrand",518,62620,0,134060,7,26,4,6,7,0
"Born from demonic magic, these petulant little entities corrupt everything they touch with foul energies.","|cFFFFD200Pet Battle: |rShadowmoon Valley, Tanaan Jungle",519,62621,0,135794,6,26,4,6,7,0
"Adult nether rays are relatively docile, but their younglings are short-tempered and highly energetic beasts.","|cFFFFD200Pet Battle: |rNetherstorm",521,62627,0,132191,2,26,4,6,7,0
"Howling Fjord teems with the ever shifting cycle of life. When a creature dies, its body is quickly consumed by maggots, which in turn pass those nutrients on to a number of other creatures.","|cFFFFD200Pet Battle: |rHowling Fjord",523,62640,0,134895,7,26,4,6,7,0
"A key food source during the Feast of Winter Veil.","|cFFFFD200Pet Battle: |rHowling Fjord",525,62648,0,250626,2,26,4,6,7,0
"This grumpy species of basilisk roams the Blade's Edge Mountains, avoiding contact with other critters whenever possible.","|cFFFFD200Pet Battle: |rBlade's Edge Mountains",528,62628,0,463491,7,26,4,6,7,0
"There's an old vrykul saying that goes, 'Let sleeping worgs lie, unless you don't want your face anymore.'","|cFFFFD200Pet Battle: |rHowling Fjord",529,62669,0,132203,7,26,4,6,7,0
"These living blobs of ooze lack even the most rudimentary form of intelligence, but that doesn't mean they can't be your friend.","|cFFFFD200Pet Battle: |rBorean Tundra",530,62697,0,134438,5,26,4,33,7,0
"The fierce wolvar hunt these ill-tempered brutes for their horns, which are then carved into talismans and other trinkets.","|cFFFFD200Pet Battle: |rSholazar Basin",532,62816,0,236194,7,26,4,6,7,0
"The taunka collect the feathers of these noble birds of prey to use in crude fortunetelling ceremonies.","|cFFFFD200Pet Battle: |rGrizzly Hills",534,62819,0,132172,2,26,4,6,7,0
"The trolls of Zul'Drak inadvertently created these little beings while summoning water elementals to fight the Scourge.","|cFFFFD200Pet Battle: |rZul'Drak",535,62820,0,135862,6,26,4,6,7,0
"Tundra penguins often gather in large groups on the ice for protection against aquatic threats. Unfortunately this makes them easy prey for humanoid hunters seeking meat, skins and other achievements.","|cFFFFD200Pet Battle: |rBorean Tundra, Dragonblight",536,62835,0,655866,8,26,4,6,7,0
"These skulking little creatures hatch in nests built around the ancient dragon bones of central Northrend.","|cFFFFD200Pet Battle: |rDragonblight",537,62852,0,132200,2,26,4,6,7,0
"Kel'Thuzad once nursed a plague-infected whelp to adulthood, feeding it only the finest liquefied remains.","|cFFFFD200Pet Battle: |rIcecrown",538,62854,0,134154,3,26,4,6,7,0
"Grotto voles are often confused with mice. Never twice.","|cFFFFD200Pet Battle: |rMount Hyjal",539,62884,0,134324,4,26,4,6,7,0
"Where there is carrion, there will always be rats.","|cFFFFD200Pet Battle: |rMount Hyjal",540,62885,0,134324,4,26,4,6,7,0
"The outer member of the roaches' eggs protect the larva from incineration. It is here in incubation that they gain the ability to resist the fire and heat of the volcanic climate.","|cFFFFD200Pet Battle: |rFrostfire Ridge, Mount Hyjal",541,62886,0,294474,4,26,4,6,7,0
"Flamboyantly colored and more exuberant than most frogs.","|cFFFFD200Pet Battle: |rUldum",542,62892,0,237579,8,26,4,6,7,0
"When the locusts swarm, you can hear nothing but the sound of their wings.","|cFFFFD200Pet Battle: |rUldum",543,62893,0,294474,4,26,4,6,7,0
"Prefers to dwell along desert streams, wells or watering holes and feed on Whiptail nectar.","|cFFFFD200Pet Battle: |rUldum",544,62895,0,236193,2,26,4,6,7,0
"Loves to rest inside footwear of unsuspecting travelers during the night.","|cFFFFD200Pet Battle: |rUldum",545,62896,0,132195,7,24,4,6,7,0
"Carrion feeders often found in large numbers within ancient unearthed tombs; they can survive long periods of time without feeding.","|cFFFFD200Pet Battle: |rUldum",546,62899,0,134936,4,26,4,6,7,0
"During the Third War, thousands of these mystical beings annihilated the demon lord Archimonde.","|cFFFFD200Pet Battle: |rMount Hyjal",547,62888,0,136116,5,26,4,6,7,0
"Too afraid to attempt flying until thrown from a great height.","|cFFFFD200Pet Battle: |rTwilight Highlands",548,62900,0,327735,2,26,4,6,7,0
"Distinct from their plain dwelling relatives, these critters make their homes amidst the war-torn Twilight Highlands.","|cFFFFD200Pet Battle: |rTwilight Highlands",549,62904,0,2126349,4,26,4,6,7,0
"The mice of the highlands, perhaps twisted by the Twilight's Hammer, are aggressive and fight for dominance between each other.","|cFFFFD200Pet Battle: |rStormheim, The Azure Span, The Cape of Stranglethorn, Twilight Highlands",550,62905,0,647701,4,26,4,6,7,0
"Demonstrating that a little evil goes a long way, this fiendling uses its razor-sharp teeth and gaping maw to devour anything in its path.","|cFFFFD200Pet Battle: |rTwilight Highlands",552,62914,0,136199,5,26,4,6,7,0
"In the lean times when adrift at sea, the sight of a rat was a welcome one.","|cFFFFD200Pet Battle: |rDeepholm",553,62921,0,134324,4,26,4,6,7,0
"Through experimentation, the mages of Dalaran have discovered that the powered remains of a crimson shale spider will greatly increase the conflagration of their fire spells.","|cFFFFD200Pet Battle: |rDeepholm",554,62922,0,134396,6,26,4,6,7,0
"The cockroaches of Deepholm can burrow into stone itself to make their nests.","|cFFFFD200Pet Battle: |rDeepholm",555,62924,0,294474,4,26,4,6,7,0
"A cousin to the Twilight Beetle, this insect has learned to feed on crystals which resonate with ancient energies.","|cFFFFD200Pet Battle: |rDeepholm",556,62925,0,237144,4,26,4,6,7,0
"Much like other faerie dragons, these playful and mystical flyers are born with a natural defense against magic.","|cFFFFD200Pet Battle: |rFeralas",557,62395,0,236997,1,26,4,34,7,0
"During frigid nights in the Storm Peaks, these critters use their fluffy tails as a blanket to stay warm.","|cFFFFD200Pet Battle: |rThe Storm Peaks|n|cFFFFD200Weather: |rSnow",558,62864,0,797544,7,26,4,33,7,0
"Therazane wore these spunky crimson elementals as jewelry before the azure craze swept through Deepholm.","|cFFFFD200Pet Battle: |rDeepholm",559,62927,0,134396,6,26,4,39,7,0
"The seagull is a coastal scavenger often found near the docks.","|cFFFFD200Pet Battle: |rFrostwall, Krasarang Wilds, Talador, Tanaris",560,62953,0,464160,2,26,4,6,7,0
"The coral adder's venom is so deadly that one bite has been known to kill a full grown kodo beast.","|cFFFFD200Pet Battle:|r The Jade Forest|n",562,62991,0,132211,7,26,4,6,7,0
"It is difficult to believe that Shen-zin Su, on whose shell rests all of the Wandering Isle, began life as a tiny emerald turtle.","|cFFFFD200Pet Battle: |rThe Jade Forest",564,62994,0,1738681,8,26,4,6,7,0
"In the jungle, every leaf could conceal a frog. Stop to check and it could be long gone.","|cFFFFD200Pet Battle: |rThe Jade Forest",565,62997,0,237579,8,26,4,6,7,0
"When preparing to travel to distant locations, Pandaren will traditionally capture a mirror strider and safely relocate it to another body of water.","|cFFFFD200Pet Battle: |rThe Jade Forest",566,62998,0,643423,8,26,4,6,7,0
"The Jade Forest's pandaren consider these reptiles distant relatives of the revered Jade Serpent, Yu'lon.","|cFFFFD200Pet Battle: |rThe Jade Forest",567,62999,0,132211,7,26,4,6,7,0
"Hides in shell to escape claws of nearby crabs.","|cFFFFD200Pet Battle: |rGorgrond, Spires of Arak, Talador, The Jade Forest",568,63001,0,442735,4,26,4,6,7,0
"One of the stranger nuisances to horticulturalists, garden frogs can cause untold damage to gardens.","|cFFFFD200Pet Battle: |rAzsuna, Highmountain, The Jade Forest",569,63002,0,237579,8,26,4,6,7,0
"There's a raging debate over whether tanukis are raccoons or dogs, but the distinction seems trivial when they're gnawing on your femur.","|cFFFFD200Pet Battle: |rThe Jade Forest",570,63003,0,646059,4,26,4,6,7,0
"The Jade Forest's mountain hozen fear these venomous reptiles and often hunt them out of pure spite.","|cFFFFD200Pet Battle: |rThe Jade Forest",571,63004,0,132211,7,26,4,6,7,0
"These tiny arthropods are Pandaria natives that call the area of the Windless Isle their home.","|cFFFFD200Pet Battle: |rThe Jade Forest",572,63005,0,2027886,8,26,4,6,7,0
"The sandy petrel flies high above the Windless Isle, safe from landbound predators.","|cFFFFD200Pet Battle: |rThe Jade Forest",573,63006,0,464160,2,26,4,6,7,0
"This foreboding creature stalks the night skies of the Eastern Plaguelands, feeding on carrion.","|cFFFFD200Pet Battle: |rEastern Plaguelands, Mount Hyjal, Tirisfal Glades",626,61829,0,132182,2,26,4,6,7,0
"More horrifying than its appearance is that the infected squirrels of the Plaguelands no longer hoard nuts, instead collecting rotten, decaying flesh.","|cFFFFD200Pet Battle: |rBloodmyst Isle, Eastern Plaguelands, Silverpine Forest",627,61828,0,646782,3,26,4,6,7,0
"Only the dimwitted or insane would mount an infected deer head on their wall. The good news is they'll fit right in with their new undead friends.","|cFFFFD200Pet Battle: |rBloodmyst Isle, Eastern Plaguelands, Silverpine Forest",628,61827,0,132104,3,26,4,36,7,0
"Only found on the shores of Kezan, this lovely sea creature can be a bit snarky.","|cFFFFD200Vendor: |rMatty|n|cFFFFD200Zone: |rOrgrimmar",629,63097,123212,2027878,8,2,2,6,7,0
"Quoth the raven: the last word you said. It gets old.","|cFFFFD200Vendor:|r Will Larsons|n|cFFFFD200Zone:|r Darkshore",630,63098,123214,132915,2,2,2,6,7,0
"Hunted for its beautifully patterned skin, this majestic species thrives alongside Azeroth's lush rivers.","|cFFFFD200Pet Battle: |rNorthern Barrens, Southern Barrens, Uldum, Un'Goro Crater",631,62127,0,132211,7,26,4,6,7,0
"The ash lizard gets its name from the way its shed skin looks, with an appearance like burnt cinders.","|cFFFFD200Pet Battle: |rMount Hyjal, Un'Goro Crater",632,62364,0,463491,7,26,4,33,7,0
"The mountain skunk is most famous for its adventurous nature. No really, that is what it is famous for.","|cFFFFD200Pet Battle: |rGrizzly Hills, Stonetalon Mountains, The Storm Peaks, Wetlands, Winterspring",633,61677,0,463569,4,26,4,6,7,0
"These strange critters glimmer like ice, allowing them to hide among Winterspring's snowy expanses.","|cFFFFD200Pet Battle: |rWinterspring",634,62435,0,132196,7,26,4,6,7,0
"Unlike other snakes that actively hunt, these crafty reptiles hide in thick foliage and ambush their prey.","|cFFFFD200Pet Battle: |rBlasted Lands, Durotar, Hellfire Peninsula, Nagrand, Northern Barrens, Northern Stranglethorn, Southern Barrens, The Waking Shores, The Azure Span|n",635,61325,0,132211,7,26,4,6,7,0
"These arachnids use their razor-sharp legs to carve tunnels in the solid rock of the Blade's Edge Mountains.","|cFFFFD200Pet Battle: |rBlade's Edge Mountains",637,62638,0,132196,7,26,4,6,7,0
"The nether roach has adapted to the cold vacuum of space and requires no air to survive. Inside it bears almost no resemblance to a common roach.","|cFFFFD200Pet Battle: |rNetherstorm",638,62625,0,294474,4,26,4,6,7,0
"Distinct from their cousins found in warmer climes, these hardy critters make their homes in the icy wastes of Northrend.","|cFFFFD200Pet Battle: |rBorean Tundra",639,62695,0,2126349,4,24,4,6,7,0
"With the extra large surface area of their legs, snowshoe hares are able to effortlessly hop along the snow while their pursuers get bogged down in the drifts.","|cFFFFD200Pet Battle: |rHillsbrad Foothills",640,61755,0,254857,4,26,4,6,7,0
"The heart of an arctic hare beats twice as fast as a common hare.","|cFFFFD200Pet Battle:|r Borean Tundra, Dragonblight, The Storm Peaks, Zul'Drak, The Azure Span|n",641,62693,0,254857,4,26,4,6,7,0
"If not for being extremely accident prone, the fjord rat might take over the world.","|cFFFFD200Pet Battle: |rHowling Fjord",644,62641,0,134324,4,26,4,6,7,0
"Capable of flying, unlike domesticated types.","|cFFFFD200Pet Battle: |rTwilight Highlands",645,62906,0,250626,2,26,4,6,7,0
"Tends to avoid crossing roads, regardless of motivations.","|cFFFFD200Pet Battle: |rDuskwood, Dustwallow Marsh, Elwynn Forest, Hillsbrad Foothills, Howling Fjord, Redridge Mountains, Terokkar Forest, Tirisfal Glades, Westfall, Wetlands|n",646,62664,0,250626,2,26,4,6,7,0
"In the deep forest, even the small creatures must have the ferocity to fend for themselves.","|cFFFFD200Pet Battle: |rGrizzly Hills, Twilight Highlands",647,62818,0,134322,4,26,4,6,7,0
"This is a huge toad.","|cFFFFD200Pet Battle: |rHillsbrad Foothills, Swamp of Sorrows, Twilight Highlands, Zul'Drak",648,61368,0,237579,8,26,4,6,7,0
"The rumors of the medicinal uses of the biletoad were believed to have been started by a particularly mischievous apothecary.","|cFFFFD200Pet Battle: |rSholazar Basin|n",649,62815,0,237579,8,26,4,6,7,0
"And you thought turnips at the dinner table were bad.","|cFFFFD200Drop: |rWorld Drop|n|cFFFFD200Zone: |rValley of the Four Winds",650,63365,123778,646148,6,2,0,36,7,0
"This bubble is way worse than a tank.","|cFFFFD200Vendor: |rNat Pagle|n|cFFFFD200Zone: |rKrasarang Wilds|n|cFFFFD200Faction: |rThe Anglers - Honored|n|cFFFFD200Cost: |r250|TINTERFACE\MONEYFRAME\UI-GOLDICON.BLP:0|t",652,63559,124000,133922,8,2,2,6,7,0
"Easily mistaken for a common beetle, the sting of a sand scarab will quickly clear up the misconception should you be unlucky enough to be stung by one.","|cFFFFD200Trading Card Game: |rTomb of the Forgotten|n",665,54745,102353,134931,4,2,8,6,7,0
"Known to feast on the tasty plants in Krasarang Wilds.","|cFFFFD200Achievement: |rPro Pet Mob|n|cFFFFD200Category: |rPet Battle",820,64232,127815,646325,4,82,4,6,7,0
"Whenever his forces would experience setbacks in Azeroth, Kil'jaeden would pull out Micronax and terrorize the local cat-like creatures of Argus to vent his frustrations.","|cFFFFD200Achievement:|r Glory of the Tomb Raider|n",666,63724,249870,1450455,9,131154,5,33,60,0
"Offspring of the Imperial Quilen.","|cFFFFD200Promotion:|r Mists of Pandaria Collector's Edition Pet",671,63832,124660,656128,4,82,7,6,7,0
"Unnoticed but to cats and ratcatchers, when Deathwing descended upon Stormwind all the rats beat a hasty retreat from the city. Only of late have they returned.","|cFFFFD200Pet Battle: |rElwynn Forest, Stormwind City|n",675,62954,0,134324,4,26,4,6,7,0
"A goblin alchemist once claimed that the bite of this raccoon gave him the gift of prophecy. Turns out, it was just rabies.","|cFFFFD200Pet Battle: |rValley of the Four Winds",677,64246,0,646059,4,26,4,6,7,0
"These little green grubs are native to wilds of Pandaria. Its verdant coloration camouflages it from would-be predators.","|cFFFFD200Pet Battle: |rKrasarang Wilds",678,63304,0,648918,7,26,4,6,7,0
"You'll often find them perched high atop impossibly high and remote stone outcroppings. There are few creatures as sure of foot.","|cFFFFD200Pet Battle:|r Kun-Lai Summit|n",679,64248,0,237397,7,26,4,35,7,0
"The mongoose is prized for its ability to drive off poisonous snakes.  Rikk-tikk-tikki-tikki-tchk!","|cFFFFD200Pet Battle:|r Townlong Steppes|n",680,63953,0,237409,8,26,4,6,7,0
"This terrifying and highly venomous species leaps onto its prey from the Jade Forest's dense canopy.","|cFFFFD200Pet Battle:|r The Jade Forest|n",699,63715,0,132196,7,26,4,6,7,0
"The leopard tree frog was named for the way it pounces from branch to branch.","|cFFFFD200Pet Battle: |rGorgrond, The Jade Forest",702,63919,0,237579,8,26,4,6,7,0
"Many young raccoons rail against their strict curfews, complaining that dawn is way too early to go to bed.","|cFFFFD200Pet Battle: |rThe Jade Forest",703,63716,0,646059,4,26,4,6,7,0
"There are few things more annoying for a farmer to find underfoot than a rooster looking for love.","|cFFFFD200Pet Battle:|r Valley of Four Winds",705,65029,0,250626,2,58,4,6,7,0
"The taciturn bandicoon's diet consists mostly of apples.","|cFFFFD200Pet Battle:|r Valley of the Four Winds",706,63062,0,646059,4,26,4,6,7,0
"Some druids say pandaren and raccoons are distant cousins, but never when a pandaren can hear them.","|cFFFFD200Pet Battle:|r Valley of the Four Winds",707,63064,0,646059,4,26,4,6,7,0
"Many believe that the quillrat is able to shoot its spines at aggressors.","|cFFFFD200Pet Battle:|r Valley of the Four Winds, Krasarang Wilds",708,63094,0,134322,4,26,4,6,7,0
"Although the wounds caused by the young quillrat are seldom fatal, most predators seek easier prey.","|cFFFFD200Pet Battle:|r Valley of the Four Winds",709,63095,0,134322,4,26,4,6,7,0
"Known to feast on the tasty plants in Valley of the Four Winds.","|cFFFFD200Pet Battle: |rValley of the Four Winds",710,63096,0,646325,4,26,4,6,7,0
"The sifang otter lives near rivers and is normally friendly and playful.","|cFFFFD200Pet Battle:|r Valley of the Four Winds",711,63057,0,645906,8,26,4,6,7,0
"Otters swim by propelling themselves with their powerful tails and flexing their long bodies. Very fast in the water.","|cFFFFD200Pet Battle:|r Valley of the Four Winds",712,63358,0,645906,8,26,4,6,7,0
"Softshell turtle meat is considered a delicacy and is the key ingredient in soothing turtle bisque.","|cFFFFD200Pet Battle:|r Valley of the Four Winds",713,63060,0,1738657,8,26,4,6,7,0
"The common folk remedy to a feverbite hatchling's bite is to dance wildly and try to sweat out the toxins before they can take hold.","|cFFFFD200Pet Battle:|r Krasarang Wilds|n|n",714,65054,0,132196,7,26,4,6,7,0
"Prized for their ability to spin cocoons of silk, in the wild, to the untrained eye, they can be difficult to discern.","|cFFFFD200Pet Battle:|r Valley of the Four Winds|n",715,65099,0,648918,4,58,4,6,7,0
"A rarity among arachnids, these non-venomous critters feed solely on plants and fruit.","|cFFFFD200Pet Battle:|r Krasarang Wilds|n",716,63288,0,132196,7,26,4,6,7,0
"The most delicious of the beetle family.","|cFFFFD200Pet Battle:|r Krasarang Wilds|n|n",717,63291,0,237144,4,26,4,6,7,0
"A daring, narcissist insect willing to brave any threat in its pursuit of the spotlight.","|cFFFFD200Pet Battle:|r Krasarang Wilds|n",718,65124,0,236193,2,26,4,6,7,0
"Feeds on small leaves and grass when full grown.","|cFFFFD200Pet Battle:|r Krasarang Wilds|n",722,65185,0,236196,2,26,4,6,7,0
"Angering a spiny terrapin will cause it to withdraw into its shell and begin to spin wildly towards an attacker.","|cFFFFD200Pet Battle:|r  Krasarang Wilds",723,63293,0,656345,8,26,4,33,7,0
"Burrows deep into snowbanks to hide from predators.","|cFFFFD200Pet Battle:|r Kun-Lai Summit|n",724,63550,0,797544,7,26,4,33,7,0
"Occasionally sneaks bites of food from kills made by much larger animals.","|cFFFFD200Pet Battle:|r Kun-Lai Summit|n",725,63551,0,797544,7,26,4,33,7,0
"While stationary, the plains monitor will continuously flick its tail back and forth. From a distance this mimics the appearance of swaying tallgrass, camouflaging the lizard from aerial predators.","|cFFFFD200Pet Battle:|r Kun-Lai Summit|n",726,63547,0,463491,7,26,4,33,7,0
"On the prairie there are numerous rodents and other small creatures, but none more common than the mouse.","|cFFFFD200Pet Battle:|r Kun-Lai Summit|n",727,59702,0,647701,4,26,4,6,7,0
"Will only lay eggs in bright light.","|cFFFFD200Pet Battle:|r Kun-Lai Summit",728,63585,0,250626,2,26,4,6,7,0
,,889,66144,0,133570,4,48,-1,6,7,0
"In the ancient fables, the first Tolai hare strode across the gulf between the stars before it upset them and they tumbled from the heavens to the world below.","|cFFFFD200Pet Battle:|r Kun-Lai Summit|n",729,63557,0,254857,4,26,4,6,7,0
"Tolai hare pups are sent from their dens at a young age to find their own way.","|cFFFFD200Pet Battle:|r Kun-Lai Summit|n",730,63558,0,254857,4,26,4,6,7,0
"These reptiles possess hooked scales, allowing them to slither up Kun-Lai Summit's rocky slopes and steep cliffs.","|cFFFFD200Pet Battle:|r Kun-Lai Summit|n",731,63555,0,132211,7,26,4,6,7,0
"Known to flourish in the rainy season, this insect is drawn to lightning storms.","|cFFFFD200Pet Battle:|r Dread Wastes|n|cFFFFD200Pet Battle:|r Townlong Steppes",732,65187,0,236193,2,26,4,6,7,0
"At night, the grassland hoppers fill the night with their maddening song. Those unaccustomed to it have spent many a sleepless night serenaded by their mating calls.","|cFFFFD200Pet Battle:|r  Townlong Steppes",733,63549,0,646325,4,26,4,6,7,0
"Contrary to its benign appearance, mongoose are dangerous carnivores, well known for their ability to hunt venomous snakes that could kill much larger creatures.","|cFFFFD200Pet Battle:|r Townlong Steppes|n",737,65190,0,237409,8,26,4,6,7,0
"Mongoose pups prefer long grass where only their mothers can find them.","|cFFFFD200Pet Battle:|r Townlong Steppes|n",739,63954,0,237409,8,26,4,6,7,0
"The bond between yak and rat is a strange one, and what the rat gains out of the symbiotic relationship is a mystery.","|cFFFFD200Pet Battle:|r Townlong Steppes, Dread Wastes|n",740,63957,0,134324,4,26,4,6,7,0
"These hedgehogs may be silent, but often are heard the cries of those that foolishly step upon their quills.","|cFFFFD200Pet Battle:|r Dread Wastes|n",741,64804,0,644001,7,26,4,6,7,0
"Hedgehogs are not at all fond of croquet nor flamingos.","|cFFFFD200Pet Battle:|r Dread Wastes|n",742,64242,0,644001,7,26,4,6,7,0
"Has been spotted fighting other whelks for prime food sources.","|cFFFFD200Pet Battle:|r Dread Wastes|n|n",743,64352,0,442735,4,26,4,6,7,0
"The roaches of the Dread Wastes dwell in the shadows. Some people swear the shadows travel with them.","|cFFFFD200Pet Battle:|r Dread Wastes|n",744,64238,0,294474,4,26,4,6,7,0
"Unique carapace is prized by trinket makers for its texture and strength.","|cFFFFD200Pet Battle:|r Dread Wastes|n",745,63548,0,132195,7,26,4,6,7,0
"The emperor crab was named for its regal appearance: the ridges of its shell and its raised claws eerily resembling a crown. One that would pinch your eyes out if you tried to wear it.","|cFFFFD200Pet Battle:|r Dread Wastes|n",746,65203,0,2027883,8,26,4,6,7,0
"Luminescent body used to attract mates.","|cFFFFD200Pet Battle:|r Vale of Eternal Blossoms|n",747,63850,0,236196,2,26,4,6,7,0
"This delicate insect's wings are often sewn into clothing and armor.","|cFFFFD200Pet Battle:|r Vale of Eternal Blossoms|n",748,63838,0,236193,2,26,4,6,7,0
"Civets are landbound cousins of the otter and are prized for their heady musks.","|cFFFFD200Pet Battle:|r Vale of Eternal Blossoms",749,63841,0,645906,8,26,4,6,7,0
"The civets are known to guard their young ferociously.","|cFFFFD200Pet Battle:|r Vale of Eternal Blossoms",750,63842,0,645906,8,26,4,6,7,0
"Named for their apparent dancelike behavior when skimming aquatic surfaces, the species uses erratic movements to avoid being devoured by fish and other underwater predators.","|cFFFFD200Pet Battle:|r Vale of Eternal Blossoms|n",751,63847,0,643423,8,26,4,6,7,0
"Despite its menacing appearance, the yellow-bellied bullfrog was aptly named.","|cFFFFD200Pet Battle:|r Vale of Eternal Blossoms|n",752,63849,0,237579,8,26,4,6,7,0
"Known to flourish in the rainy season, this insect is drawn to lightning storms.","|cFFFFD200Pet Battle:|r Jade Forest|n",753,65215,0,236193,2,26,4,6,7,0
"This species of insect is drawn to the latent energy in shrines, their luminescent appearance adding to the mystique of the places of power.","|cFFFFD200Pet Battle:|r The Jade Forest|n",754,65216,0,236196,2,26,4,6,7,0
"The markings on the carapace of this cockroach closely resemble that of the Death's Head.","|cFFFFD200Pet Battle:|r Mount Hyjal|n",755,62887,0,294474,4,26,4,6,7,0
"Prefers to dwell in dark caves and feed on Heartblossom nectar.","|cFFFFD200Pet Battle:|r Deepholm|n",756,62916,0,236193,2,26,4,6,7,0
"Legends say that these vibrant emerald beings bring good fortune and safe travels to their owners.","|cFFFFD200Promotion:|r iCoke China",757,14755,23531,134157,1,16466,7,6,7,0
"Said to bring good fortune when spotted in autumn.  Known to hide from unfamiliar creatures.","|cFFFFD200Promotion:|r iCoke China",758,14756,23530,134158,1,16466,7,6,7,0
"A graceful creature from the isle of Pandaria.","|cFFFFD200Vendor: |rAudrey Burnhep, Varzok|n|cFFFFD200Zone: |rStormwind, Orgrimmar|n|cFFFFD200Cost: |r50|TINTERFACE\MONEYFRAME\UI-SILVERICON.BLP:0|t",792,65314,127816,646586,2,2,2,6,7,0
,,800,65344,0,133718,7,57,-1,6,7,0
"A baby version of the mighty Thundering Cloud Serpent that hails from the far lands of Pandaria.",,802,65313,127813,646018,1,16402,-1,6,7,0
"So cute, yet so epic.","|cFFFFD200Pet Battle:|r The Jade Forest|n|cFFFFD200Faction:|r Order of the Cloud Serpent (Exalted)|n",817,65323,0,646018,1,26,4,6,7,0
"The offspring of Tsulong, hidden away before the corruption of the Sha had fully taken hold of the Terrace of Endless Spring.","|cFFFFD200Pet Battle:|r The Jade Forest|n|cFFFFD200Faction:|r Order of the Cloud Serpent (Exalted)",818,65324,0,652138,1,26,4,6,7,0
"It's red, so it must fly faster.","|cFFFFD200Pet Battle:|r The Jade Forest|n|cFFFFD200Faction:|r Order of the Cloud Serpent (Exalted)|n",819,65321,0,630863,1,26,4,6,7,0
"It keeps looking at me. I think it wants to bite me.","|cFFFFD200Achievement: |rGoing to Need More Leashes|n|cFFFFD200Category: |rCollect",821,63621,124152,646445,0,82,5,6,7,0
"This ferocious skunk can spray an attacker from thirty yards away, temporarily blinding them.  Handle with caution!","|cFFFFD200Pet Battle: |rTwilight Highlands",823,62907,0,463569,4,26,4,6,7,0
,,824,65829,0,618981,8,56,-1,6,7,0
,,825,65825,0,618972,7,56,-1,6,7,0
,,826,65826,0,618973,4,56,-1,6,7,0
,,827,65830,0,618974,1,56,-1,6,7,0
,,828,65831,0,618975,6,56,-1,6,7,0
,,829,65827,0,618976,2,56,-1,6,7,0
,,830,65828,0,618977,0,56,-1,6,7,0
,,831,65833,0,618978,5,56,-1,6,7,0
,,832,65832,0,618979,9,56,-1,6,7,0
,,833,65834,0,618980,3,56,-1,6,7,0
"Mogu sorcerers, keepers of the secret to bringing stone to life, prefer these stolid companions over more beastly familiars.","|cFFFFD200Drop:|r Karr the Darkener|n|cFFFFD200Zone:|r Dread Wastes|n|n",834,64634,126251,399041,6,2,0,6,7,0
"The great big world can be a dangerous place for such a tiny, adorable creature.","|cFFFFD200Achievement: |rLing-Ting's Herbal Journey|n|cFFFFD200Category: |rDungeons and Raids",835,64632,126247,594273,0,82,4,6,7,0
"Water striders serve an important role in Jinyu culture, acting as a mount, means of sending communications, and even a family pet.","|cFFFFD200Drop:|r Nalash Verdantis|n|cFFFFD200Zone:|r Dread Wastes|n|n",836,64633,126249,133942,8,2,0,6,7,0
"Adventurers have reported rare sightings of a monstrous sized emerald shale spider, which the denizens of Deepholm have come to call the Jadefang.","|cFFFFD200Pet Battle: |rDeepholm",837,62915,0,134397,6,26,4,6,7,0
"Adult amethyst shale spiders prefer to create their nests against the outer walls of Deepholm.","|cFFFFD200Pet Battle: |rDeepholm, Desolace",838,62182,0,134399,6,26,4,6,7,0
"Constructed from a seemingly impossible mass of gears, springs, wires, and a little something special, this dragonling embodies the spirit of Pandaria as seen through an engineer's goggles.","|cFFFFD200Profession: |rMists of Pandaria Engineering",844,64899,126885,236473,9,2,3,6,7,0
"Jade is naturally rich with life and color, making it the perfect raw material for this gentle companion.  It is said the wind created by their wings can soothe the troubled mind.","|cFFFFD200Profession:|r Mists of Pandaria Jewelcrafting|n",845,61877,120501,133247,5,2,3,6,7,0
"While each cub is crafted in the same fashion, tiny imperfections in the gemstones create a unique personality when imbued with life.  They are, however, always playful and friendly.","|cFFFFD200Profession:|r Mists of Pandaria Jewelcrafting|n",846,61883,120507,133236,5,2,3,6,7,0
"Many believe (incorrectly) that goldfish have no memories. Trainers who have worked with them know this is clearly not the case and have the bruises to prove it.","|cFFFFD200Quest: |rLet Them Burn|n|cFFFFD200Zone: |rThe Jade Forest",847,62829,122748,237309,8,2,1,6,7,0
"This rabbit is much stronger than it looks.","|cFFFFD200Drop: |rDarkmoon Rabbit|n|cFFFFD200Zone: |rDarkmoon Island",848,59358,114090,237182,4,2,0,6,7,0
"A beautiful kite brought to life by the scribes of Pandaria.","|cFFFFD200Profession: |rMists of Pandaria Inscription",849,66104,127008,604252,2,146,3,6,7,0
"Who knew scribes could make kites?","|cFFFFD200Profession: |rMists of Pandaria Inscription",850,66105,127006,133840,2,146,3,6,7,0
"Not only is it quick, it's loud too!","|cFFFFD200Pet Battle: |rUldum",851,62894,0,463491,7,26,4,33,7,0
"Seems odd that he doesn't like flies... right?","|cFFFFD200Achievement: |rThat's a Lot of Pet Food|n|cFFFFD200Category: |rCollect",855,66491,130759,463540,6,82,5,6,7,0
"Careful now, she can get a bit frisky sometimes!","|cFFFFD200Achievement: |rTime To Open a Pet Store|n|cFFFFD200Category: |rPet Battles",856,66450,130726,254105,6,82,5,6,7,0
"Water spirits are especially mischievous, and are known to frequent the canals of the Stormstout Brewery.","|cFFFFD200Quest: |rPandaren Spirit Tamer|n|cFFFFD200Zone: |rVale of Eternal Blossoms",868,66950,131590,656560,6,2,1,36,7,0
,,872,64335,0,136040,7,48,-1,6,7,0
,,873,64334,0,136040,7,48,-1,6,7,0
,,874,65659,0,647701,4,48,-1,6,7,0
,,875,65660,0,135996,2,48,1,6,7,0
,,876,65661,0,134065,9,48,-1,6,7,0
,,877,65668,0,254857,4,48,-1,6,7,0
,,878,66964,0,254857,4,48,-1,6,7,0
,,879,66965,0,254857,4,48,-1,6,7,0
,,880,65662,0,132196,7,48,4,6,7,0
,,881,65664,0,132196,7,48,-1,6,7,0
,,882,65665,0,132196,7,48,-1,6,7,0
,,883,66982,0,134134,5,48,-1,6,7,0
,,884,66983,0,132242,7,48,2,6,7,0
,,885,65677,0,651242,7,48,4,6,7,0
,,886,65675,0,136036,2,48,-1,6,7,0
,,887,65676,0,132921,2,48,0,6,7,0
,,888,66930,0,132834,0,48,7,6,7,0
,,899,66335,0,132211,7,48,-1,6,7,0
,,900,66375,0,464159,4,48,-1,6,7,0
,,901,66376,0,134395,6,48,-1,6,7,0
,,902,66377,0,237579,8,48,-1,6,7,0
"A rolling, explosive member of the Zerg swarm, the baneling deals terrible, terrible damage. Very dangerous in close quarters.","|cFFFFD200Promotion:|r StarCraft II: Heart of the Swarm Collector's Edition",903,66984,131650,656595,4,82,7,6,7,0
,,904,66361,0,656350,4,48,-1,6,7,0
,,905,66363,0,132211,7,48,-1,6,7,0
,,906,66364,0,132833,1,48,0,6,7,0
,,907,66427,0,134322,9,48,-1,6,7,0
,,908,66428,0,133883,9,48,8,6,7,0
,,909,66429,0,466036,9,48,-1,6,7,0
,,911,66438,0,134154,1,48,-1,6,7,0
,,912,66439,0,134154,1,48,-1,6,7,0
,,913,66966,0,134154,1,48,-1,6,7,0
,,915,66453,0,463491,7,48,-1,6,7,0
,,916,66454,0,134324,4,48,-1,6,7,0
,,917,66455,0,133570,4,48,-1,6,7,0
,,921,66443,0,136219,5,48,-1,6,7,0
,,922,66444,0,294482,5,48,6,6,7,0
,,923,66445,0,133861,9,48,-1,6,7,0
,,924,66414,0,236193,2,48,-1,6,7,0
,,925,66416,0,134971,5,48,-1,6,7,0
,,926,66417,0,134157,1,48,7,6,7,0
,,927,66468,0,132150,2,48,4,6,7,0
,,928,66469,0,132252,7,48,-1,6,7,0
,,929,66470,0,134155,1,48,0,6,7,0
,,931,66481,0,134437,5,48,-1,6,7,0
,,932,66482,0,651538,7,48,-1,6,7,0
,,933,66483,0,254857,4,48,-1,6,7,0
,,934,66485,0,132104,3,48,-1,6,7,0
,,935,66486,0,132196,7,48,-1,6,7,0
,,936,66487,0,648918,7,48,0,6,7,0
,,937,66488,0,134154,1,48,0,6,7,0
,,938,66489,0,134157,1,48,0,6,7,0
,,939,66490,0,134158,1,48,0,6,7,0
,,941,66492,0,132211,7,48,-1,6,7,0
,,942,66493,0,237579,8,48,-1,6,7,0
,,943,66494,0,236193,2,48,-1,6,7,0
,,944,66495,0,132186,6,48,-1,6,7,0
,,945,66496,0,237144,4,48,-1,6,7,0
,,946,66497,0,237146,2,48,1,6,7,0
,,947,66498,0,132123,3,48,4,6,7,0
,,948,66499,0,135128,3,48,7,6,7,0
,,949,66500,0,134015,6,48,6,6,7,0
,,950,66531,0,133712,9,48,-1,6,7,0
,,951,66532,0,387415,9,48,7,6,7,0
,,952,66533,0,134239,9,48,7,6,7,0
,,953,66534,0,134532,0,48,-1,6,7,0
,,954,66535,0,132197,5,48,6,6,7,0
,,955,66536,0,236196,2,48,-1,6,7,0
,,956,66537,0,134060,7,48,-1,6,7,0
,,957,66538,0,2126349,4,48,-1,6,7,0
,,958,66539,0,237579,8,48,-1,6,7,0
,,959,66540,0,656553,8,48,3,6,7,0
,,960,66541,0,656554,8,48,3,6,7,0
,,961,66542,0,132806,8,48,3,6,7,0
,,962,66543,0,134539,1,48,7,6,7,0
,,963,66544,0,135794,6,48,-1,6,7,0
,,964,66545,0,132849,5,48,2,6,7,0
,,965,66613,0,655866,8,48,-1,6,7,0
,,966,66614,0,250626,2,48,-1,6,7,0
,,967,66615,0,250626,2,48,-1,6,7,0
,,968,66616,0,133730,3,48,-1,6,7,0
,,969,66618,0,237272,3,48,6,6,7,0
,,970,66619,0,134555,3,48,-1,6,7,0
,,971,66620,0,134154,3,48,-1,6,7,0
,,972,66996,0,237441,3,48,7,6,7,0
,,973,66997,0,236233,1,48,0,6,7,0
,,974,66624,0,134324,4,48,-1,6,7,0
,,975,66626,0,134895,7,48,-1,6,7,0
,,976,66627,0,651538,7,48,-1,6,7,0
,,977,66628,0,133941,6,48,2,6,7,0
,,978,66629,0,132247,9,48,-1,6,7,0
,,979,66631,0,236243,7,48,2,6,7,0
,,980,66806,0,294474,4,48,-1,6,7,0
,,981,66807,0,463491,7,48,-1,6,7,0
,,982,66808,0,136116,5,48,-1,6,7,0
,,983,66802,0,399040,6,48,0,6,7,0
,,984,66804,0,237144,4,48,-1,6,7,0
,,985,66805,0,134396,6,48,-1,6,7,0
,,986,66809,0,132196,7,48,-1,6,7,0
,,987,66810,0,136199,5,48,-1,6,7,0
,,988,66811,0,464139,6,48,-1,6,7,0
,,989,66812,0,134936,4,48,-1,6,7,0
,,990,66813,0,236193,2,48,-1,6,7,0
,,991,66814,0,132211,7,48,-1,6,7,0
,,992,66709,0,133936,8,48,-1,6,7,0
,,993,66710,0,132211,7,48,-1,6,7,0
,,994,66711,0,236196,2,48,4,6,7,0
,,995,66715,0,648918,4,48,4,6,7,0
,,996,66716,0,646148,6,48,0,6,7,0
,,997,66718,0,133939,6,48,1,6,7,0
,,998,66712,0,648918,7,48,-1,6,7,0
,,999,66713,0,656345,8,48,4,6,7,0
,,1000,66714,0,236193,2,48,4,6,7,0
,,1001,66719,0,237397,7,48,4,6,7,0
,,1002,66720,0,254857,4,48,4,6,7,0
,,1003,66721,0,250626,2,48,4,6,7,0
,,1004,66923,0,133942,8,48,0,6,7,0
,,1005,66925,0,442735,4,48,4,6,7,0
,,1006,66926,0,135851,6,48,6,6,7,0
,,1007,66722,0,644001,7,48,4,6,7,0
,,1008,66723,0,399041,6,48,0,6,7,0
,,1009,66724,0,132186,8,48,4,6,7,0
,,1010,66725,0,645906,8,48,4,6,7,0
,,1011,66726,0,652138,1,48,4,6,7,0
,,1012,66728,0,646325,4,48,4,6,7,0
"Legend has it that a seadragon turtle just like this one grew up to become Shen-zin Su, the Wandering Isle. Perhaps your little turtle will grow into something amazing?","|cFFFFD200Pet Battle:|r  Krasarang Wilds|n|cFFFFD200Event:|r  Wanderer's Festival",1013,67022,0,656342,8,26,4,34,7,0
"The larval form of this moth is world-renowned for creating the finest silk in Azeroth.","|cFFFFD200Profession: |rMists of Pandaria Tailoring (Imperial Silk)",1039,67230,132574,236193,2,2,3,6,7,0
"This plump red caterpillar is world-renowned for creating the finest silk in Azeroth.","|cFFFFD200Profession:|r Mists of Pandaria Tailoring (Imperial Silk)|n",1040,67233,132580,648918,4,2,3,6,7,0
"Be careful, he might eat all your crops!","|cFFFFD200Quest:|r Sho, Requires Exalted Friendship Faction|n|cFFFFD200Zone:|r Valley of the Four Winds",1042,63370,123784,646325,4,26,1,6,7,0
"Most of Violet's numerous forest strider hatchlings are turned into Faire fare by Stamp Thunderhorn, though a few are raised as mounts or purchased by adventurers looking for a petite purple pet.","|cFFFFD200Vendor: |rLhara|n|cFFFFD200Zone: |rDarkmoon Island|n|cFFFFD200Cost: |r90|TINTERFACE\ICONS\inv_misc_ticket_darkmoon_01:0|t",1061,67319,132762,132198,4,2,2,35,7,0
"Their eerie green light, reminiscent of fel flames, is occasionally seen flitting through the twisted trees of Darkmoon Island.","|cFFFFD200Pet Battle:|r Darkmoon Island|n",1062,67329,0,1044485,2,26,4,6,7,0
"Don't even think about cheating now.","|cFFFFD200Drop:|r Darkmoon Pet Supplies|n",1063,67332,132789,136155,5,2,0,39,7,0
,|n,1065,67384,0,136155,5,48,4,6,7,0
,,1066,67382,0,132159,7,48,4,6,7,0
,,1067,67383,0,133015,9,48,4,6,7,0
"While smaller than the infamous ravens of Gilneas, crows are no less clever or cunning.","|cFFFFD200Pet Battle: |rOccasionally appears alongside other creatures during battles on Darkmoon Island.",1068,67443,0,645217,2,26,4,6,7,0
"Terky is as shy as she is adorable, preferring the company of close friends over new ones.","|cFFFFD200Drop:|r White Murloc Egg",1073,16445,28487,656558,0,82,0,6,7,0
"A playful, purring pyromaniac. Don't pet these kittens without fireproof mittens!","|cFFFFD200In-Game Shop|r",1117,68267,134538,666530,6,82,9,6,7,0
"Though it appears to be a vaguely-related cousin to the Cinder Kitten, the two creatures actually share no ancestry.","|cFFFFD200Quest: |rPandaren Spirit Tamer|n|cFFFFD200Zone: |rVale of Eternal Blossoms|n",1124,68466,134892,774324,6,2,1,36,7,0
,,1502,85680,0,443397,0,50,-1,6,7,0
"These spirits represent the heart of Pandaria's elemental powers.","|cFFFFD200Quest: |rPandaren Spirit Tamer|n|cFFFFD200Zone: |rVale of Eternal Blossoms|n",1125,68467,134894,774322,6,2,1,36,7,0
"The elements of Pandaria can be cute and playful, until their homeland is threatened.","|cFFFFD200Quest: |rPandaren Spirit Tamer|n|cFFFFD200Zone: |rVale of Eternal Blossoms|n",1126,68468,134895,774323,6,2,1,36,7,0
"Capable of sitting in even the smallest of boxes, thanks to its ghostly nature.","|cFFFFD200Promotion:|r Battle.net World Championship Shanghai 2012",1127,68502,132759,298591,5,16466,7,6,7,0
"A rodent of usual size.","|cFFFFD200Pet Battle:|r Krasarang Wilds",1128,68506,0,645526,7,26,4,6,7,0
,,1129,68555,0,651538,4,1072,4,6,7,0
,,1130,68567,0,134153,1,48,4,6,7,0
,,1131,68568,0,236196,2,48,4,6,7,0
,,1132,68569,0,133922,8,48,4,6,7,0
,,1133,68570,0,643423,8,48,4,6,7,0
,,1134,68572,0,252178,5,48,4,6,7,0
,,1135,68575,0,236193,2,48,4,6,7,0
,,1136,68571,0,630863,1,48,4,6,7,0
,,1137,68573,0,648644,7,48,4,6,7,0
,|n|n,1138,68577,0,656560,6,48,1,6,7,0
,,1139,68580,0,774324,6,48,-1,6,7,0
,,1140,68579,0,774322,6,48,-1,6,7,0
,,1141,68578,0,774323,6,48,-1,6,7,0
"Created for one purpose and one purpose alone: to punch little critters, as hard as it possibly can.","|cFFFFD200Vendor: |rQuackenbush|n|cFFFFD200Zone: |rDeeprun Tram|n|cFFFFD200Cost: |r500|TINTERFACE\MONEYFRAME\UI-GOLDICON.BLP:0|t|n|cFFFFD200Reputation: |rBizmo's Brawlpub, Rank 3|n|n|cFFFFD200Vendor: |rPaul North|n|cFFFFD200Zone: |rBrawl'gar Arena|n|cFFFFD200Cost: |r500|TINTERFACE\MONEYFRAME\UI-GOLDICON.BLP:0|t|n|cFFFFD200Reputation: |rBrawl'gar Arena, Rank 3",1142,68601,135156,134152,9,18,2,39,7,0
"Found in a dusty egg clutch at the back of Maexxna's lair, these creatures are already undead when they hatch.","|cFFFFD200Drop: |rMaexxna|n|cFFFFD200Zone: |rNaxxramas",1143,68656,135254,134899,3,2,0,6,7,0
"Loatheb's body is covered in small pods capable of spreading blighted fungal spores up to 1000 yards given proper wind conditions.","|cFFFFD200Drop: |rLoatheb|n|cFFFFD200Zone: |rNaxxramas",1144,68657,135255,571319,3,2,0,6,7,0
"Upon exiting the freezing necropolis of Naxxramas, Mr. Bigglesworth promptly found a warm spot in the sun to take a long nap in.","|cFFFFD200Achievement: |rRaiding with Leashes|n|cFFFFD200Category: |rCollect",1145,68655,135256,656579,3,82,5,6,7,0
"When Gluth died to a band of brave adventurers, these lil' guys were found in the corpse, gnawing on giant, undead bones.","|cFFFFD200Drop: |rGluth|n|cFFFFD200Zone: |rNaxxramas",1146,68654,135257,133718,3,2,0,6,7,0
"Few of these fiery harbingers remain following Ragnaros' defeat in the Firelands.","|cFFFFD200Drop: |rSulfuron Harbinger|n|cFFFFD200Zone: |rMolten Core",1147,68665,135258,132312,0,2,0,35,7,0
"These tiny flame imps roam the Molten Core in large swarms and can replenish their numbers rapidly.","|cFFFFD200Drop: |rMagmadar|n|cFFFFD200Zone: |rMolten Core",1149,68664,135259,136218,0,2,0,6,7,0
"The cooled core of Golemagg, it appears to retain some semi-sentient properties.","|cFFFFD200Drop: |rGolemagg the Incinerator|n|cFFFFD200Zone: |rMolten Core|n",1150,68666,135259,237011,6,2,0,39,7,0
"One of Razorgore's eggs that miraculously survived in Blackwing Lair.","|cFFFFD200Drop: |rRazorgore the Untamed|n|cFFFFD200Zone: |rBlackwing Lair",1151,68661,135263,236469,1,2,0,6,7,0
"Opponents that face this fierce chromatic monstrosity just hope it doesn't have Time Stop!","|cFFFFD200Drop: |rChromaggus|n|cFFFFD200Zone: |rBlackwing Lair",1152,68662,135264,377270,1,2,0,6,7,0
"A runt of the Black Talon, left to guard the whelps.","|cFFFFD200Drop: |rBroodlord Lashlayer|n|cFFFFD200Zone: |rBlackwing Lair",1153,68663,135265,236472,1,2,0,6,7,0
"This small globule didn't make it back to Viscidus in time to re-form.","|cFFFFD200Drop: |rViscidus|n|cFFFFD200Zone: |rAhn'Qiraj",1154,68660,135266,132108,5,2,0,6,7,0
"An anubisath idol from the Temple of Ahn'qiraj, infused with ancient qiraji magic.","|cFFFFD200Drop: |rEmperor Vek'lor|n|cFFFFD200Zone: |rAhn'Qiraj",1155,68659,135267,134908,0,2,0,35,7,0
"The bane of many an adventurer, to look into its eyes is to truly know madness.","|cFFFFD200Drop: |rThe Prophet Skeram|n|cFFFFD200Zone: |rAhn'Qiraj",1156,68658,135268,134896,5,2,0,6,7,0
"They only get more beautiful as they age.","|cFFFFD200Pet Battle:|r Northern Barrens",1157,68804,0,132921,0,26,4,6,7,0
"Hunted by locals for years, this is an extremely rare specimen.","|cFFFFD200Pet Battle:|r Feralas",1158,68805,0,458252,0,26,4,36,7,0
"Most people have never read this book.","|cFFFFD200Pet Battle:|r Hillsbrad Foothills|n",1159,68806,0,133740,5,26,4,6,7,0
"Never take your eye off of it.","|cFFFFD200Pet Battle:|r Deadwind Pass|n",1160,68819,0,134416,5,26,4,39,7,0
"You better believe he knows what time it is.","|cFFFFD200Pet Battle:|r Caverns of Time|n",1161,68820,0,298656,1,26,4,6,7,0
"Originally created by the engineers in the bowels of Gnomeregan, the Fluxfire Feline is a marvel of modern engineering.","|cFFFFD200Pet Battle:|r Gnomeregan|n",1162,68838,0,668552,9,26,4,6,7,0
"The engineering wizards in Everlook created this unique cub as a test model.  Unfortunately a few went rogue and were never recovered.","|cFFFFD200Pet Battle:|r Winterspring|n",1163,68839,0,773096,9,26,4,6,7,0
"This model of raptors is produced in the Blade's Edge Mountains.  Their robotic roars are a common sound near Toshley Station.","|cFFFFD200Pet Battle:|r Blade's Edge Mountains|n",1164,68841,0,774414,9,26,4,6,7,0
"The runts of Malygos brood, these whelplings are prized for their boundless arcane magics.","|cFFFFD200Pet Battle:|r Coldarra|n",1165,68845,0,797547,1,26,4,6,7,0
"Indigenous to the peaks of Kun-Lai Summit, this rare yeti is much more dangerous than it looks.","|cFFFFD200Pet Battle:|r Kun-Lai Summit|n",1166,68846,0,797882,0,26,4,6,7,0
"These beautiful drakes can be found across the shores of Northrend.","|cFFFFD200Pet Battle:|r Sholazar Basin|n",1167,68850,0,587740,1,26,4,34,7,0
"Murki is one of the world's rarest species of murloc.","|cFFFFD200Promotion:|r Korean Promotional Event",1168,15361,25018,132834,0,16466,7,6,7,0
"A fel-tainted tome whose secrets are so terrible and bizarre that its pages have taken on an eerie semblance of life. Found on many a warlock's nightstand.","|cFFFFD200Trading Card Game:|r Betrayal of the Guardian",1174,69208,136484,355498,5,2,8,33,7,0
"Touched by lightning, these dangerous rodents should be kept at a safe distance.","|cFFFFD200Pet Battle: |rIsle of Thunder",1175,69648,0,796787,6,26,4,6,7,0
"Can you believe how cute I am?  Me neither.","|cFFFFD200Quest:|r Beasts of Fable|n",1176,69649,137568,774009,7,82,1,6,7,0
"Born of sand, these dangerous creatures can form and disperse in the blink of an eye.","|cFFFFD200Drop:|r Throne of Thunder|n|n",1177,69748,137977,796636,6,2,0,6,7,0
"Loyal to the Sunreavers from creation, these pint-sized constructs can still pack a punch.","|cFFFFD200Drop: |rHaywire Sunreaver Construct|n|cFFFFD200Zone: |rIsle of Thunder",1178,69778,138082,838516,9,2,0,6,7,0
"Lightning can be seen flowing across its body, teeth to tail.","|cFFFFD200Pet Battle: |rIsle of Thunder",1179,69794,0,801473,6,26,4,6,7,0
"This unique raptor was born on the island of Zandalar and transported here along with the rest of the Zandalari army.","|cFFFFD200Drop: |rZandalari Dinomancer|n|cFFFFD200Zone: |rIsle Of Giants",1180,69796,138087,797325,7,2,0,6,7,0
"These snakes have been known to swallow gnomes in one gulp.","|cFFFFD200Pet Battle: |rIsle of Thunder",1181,69818,0,801474,7,26,4,6,7,0
"Probably best not to touch it.","|cFFFFD200Pet Battle: |rIsle of Thunder",1182,69819,0,804969,8,26,4,6,7,0
"Forged in the Throne of Thunder, these tiny creations are servants of the great Dark Animus.","|cFFFFD200Drop:|r Animus|n|cFFFFD200Zone:|r Throne of Thunder",1183,69820,138161,838812,9,2,0,6,7,0
"Even at this tiny size, Direhorns are known to wreak havoc on unsuspecting victims.","|cFFFFD200Achievement: |rBrutal Pet Brawler|n|cFFFFD200Category: |rBattle",1184,69849,138287,840541,7,82,5,6,7,0
"Something about this creature looks familiar...","|cFFFFD200Quest: |rA Large Pile of Giant Dinosaur Bones|n|cFFFFD200Zone: |rIsle Of Giants",1185,69848,138285,838549,5,2,1,6,7,0
,,1187,68558,0,644001,7,1072,4,6,7,0
,,1188,68559,0,645906,8,1072,4,6,7,0
,,1189,68560,0,646378,7,1072,4,6,7,0
,,1190,68561,0,646325,4,1072,4,6,7,0
,,1191,68562,0,133936,8,1072,4,6,7,0
,,1192,68563,0,237398,7,1072,4,6,7,0
,,1193,68564,0,633440,8,1072,4,6,7,0
,,1194,68565,0,646059,4,1072,4,6,7,0
,,1195,68566,0,643423,8,1072,4,6,7,0
"These cuddly rascals enjoy basking in the sun, sleeping in the sun, and napping in the sun.","|cFFFFD200Quest:|r Beasts of Fable|n",1196,69891,138380,774009,7,2,1,6,7,0
"The white fur of the Snowy Panda allows it to hide in the snowbanks of Kun-Lai Summit.","|cFFFFD200Quest:|r Beasts of Fable|n",1197,69893,138381,838693,7,2,1,6,7,0
"Cousin to the Snowy Panda, Mountain Pandas reside in the lower regions of Kun-Lai Summit.","|cFFFFD200Quest:|r Beasts of Fable|n",1198,69892,138382,838691,7,2,1,6,7,0
"Don't pet the pointy end. Note: all of the ends are pointy.","|cFFFFD200Drop: |rHorridon|n|cFFFFD200Zone: |rThrone of Thunder",1200,70083,138825,840540,7,2,0,6,7,0
"Some Pandaren believe G'nathus to be an ancient Zandalari Loa left behind to guard the waters south of Lei Shen's island citadel.","|cFFFFD200Drop: |rG'nathus|n|cFFFFD200Zone: |rTownlong Steppes",1201,70098,138913,133898,8,2,0,6,7,0
"Deadly offspring of the Ancient Mother, Ji-Kun Hatchlings are considered sacred treasures in many cultures.","|cFFFFD200Drop:|r Ji-Kun|n|cFFFFD200Zone:|r Throne of Thunder",1202,70144,139148,838694,2,2,0,6,7,0
"Every cook's dream wrapped up in a perfect bundle of metal and bolts. Too bad what he cooks up isn't suitable for humanoid consumption. According to Jard's notes, he intends to make this little guy for his friend, Emily Cole.","|cFFFFD200Profession:|r Mists of Pandaria Engineering|n",1204,70082,138824,798062,9,2,3,6,7,0
"The Zandalari breed specific Direhorn species for their small size for use as mounts.","|cFFFFD200Drop: |rDirehorns|n|cFFFFD200Zone:|r Isle of Giants|n",1205,70154,139153,840542,7,2,0,6,7,0
"The red scales on these fish are believed to be a warning to predators of the Townlong Steppes and the Dread Wastes that their flesh is toxic. Dedicated fishermen can sometimes befriend one.","|cFFFFD200Profession:|r Mists of Pandaria Fishing",1206,70257,139361,850139,8,2,3,6,7,0
"These little guys can be found in the waters of the Timeless Isle, or swimming alongside Jewel Danio or Redbelly Mandarin. Dedicated fishermen can sometimes befriend one.","|cFFFFD200Profession:|r Mists of Pandaria Fishing",1207,70258,139362,850137,8,2,3,6,7,0
"It is believed that the green coloration and stripes on the tiny green carp serve as camouflage in the waters of the Jade Forest, Valley of the Four Winds and the Krasarang Wilds. Dedicated fishermen can sometimes befriend one.","|cFFFFD200Profession:|r Mists of Pandaria Fishing",1208,70259,139363,850138,8,2,3,6,7,0
"These hardy fish can survive in a wide range of climates, from the snow capped mountains of Kun-Lai Summit to the temperate, salty waters of the oceans around Pandaria. Dedicated fishermen can sometimes befriend one.","|cFFFFD200Profession:|r Mists of Pandaria Fishing|n",1209,70260,139365,850140,8,2,3,6,7,0
"These tiny minions of Zandalar are adept at stowing away within the cargo holds of the enormous Zandalari warships.","|cFFFFD200Drop: |rZandalari Dinomancer|n|cFFFFD200Zone: |rIsle Of Giants",1211,70451,139932,797326,7,2,0,6,7,0
"Even at this size, these raptors can eviscerate an entire cow in less than 10 seconds.","|cFFFFD200Drop: |rZandalari Dinomancer|n|cFFFFD200Zone: |rIsle Of Giants",1212,70452,139933,797327,7,2,0,6,7,0
"These adorable beasts are both cuddly and huggable, provided you do not enjoy having a face.","|cFFFFD200Drop: |rZandalari Dinomancer|n|cFFFFD200Zone: |rIsle Of Giants",1213,70453,139934,797328,7,2,0,6,7,0
"The oft-forgotten offspring of the Big Bad Wolf, found gorged and asleep in a basket of sweets.","|cFFFFD200Drop: |rThe Big Bad Wolf|n|cFFFFD200Zone: |rKarazhan",1226,71014,141433,463876,0,2,0,6,7,0
"Primary responsibilities include dusting Medivh's many magical artifacts, an activity which has claimed the life, sanity, or physical composition of the many caretakers preceding Moroes.","|cFFFFD200Drop: |rThe Curator|n|cFFFFD200Zone: |rKarazhan",1227,71015,141434,236513,9,2,0,6,7,0
"Upon leaving Netherspace, Malchezaar's Abyssals become strangely distorted by Karazhan's magical protections, rendering them tiny, and much less likely to spontaneously erupt in flames.","|cFFFFD200Drop: |rPrince Malchezaar|n|cFFFFD200Zone: |rKarazhan",1228,71016,141435,615096,5,2,0,6,7,0
"A minion of Terestian Illhoof, this tricky imp was left in Karazhan when the portal to the Twisting Nether closed behind it.","|cFFFFD200Drop: |rTerestian Illhoof|n|cFFFFD200Zone: |rKarazhan",1229,71033,141451,460856,0,2,0,6,7,0
"An astounding find for the scientific community of Azeroth, who have long pondered, often in taverns, what a baby Sea Giant might look like.","|cFFFFD200Drop: |rMorogrim Tidewalker|n|cFFFFD200Zone: |rSerpentshrine Cavern",1230,71017,141436,443382,8,2,0,6,7,0
"The spawn of Hydross, considered by the elemental community to be the ""Earl of Puddles.""","|cFFFFD200Drop: |rHydross the Unstable|n|cFFFFD200Zone: |rSerpentshrine Cavern",1231,71018,141437,136030,6,2,0,6,7,0
"It is unknown how Lady Vashj empowers these Fen Striders with their mind-bending powers; even at an early age this creature shows significant psychic ability.","|cFFFFD200Drop: |rLady Vashj|n|cFFFFD200Zone: |rSerpentshrine Cavern",1232,71019,141446,254502,5,131074,0,36,7,0
"Sent through the Twisting Nether by the great Archimonde the Defiler to terrorize tiny civilizations with their medium-sized stomping noises.","|cFFFFD200Drop: |rVoid Reaver|n|cFFFFD200Zone: |rTempest Keep|n|n",1233,71020,141447,466089,9,2,0,6,7,0
"The lanterns carried by Voidcallers bridge the realms of the living and the dead, and often attract wayward ghosts and spirits.","|cFFFFD200Drop: |rHigh Astromancer Solarian|n|cFFFFD200Zone: |rTempest Keep|n",1234,71021,141448,538447,5,131074,0,6,7,0
"These brightly-colored dragonhawks carry Kael'thas' forces swiftly and unerringly through the nether storm surrounding the Eye.","|cFFFFD200Drop: |rAl'ar|n|cFFFFD200Zone: |rTempest Keep|n",1235,71022,141449,132188,1,2,0,6,7,0
"Though generally an expert at taking stage direction, the show had to be stopped on more than one occasion when Tito and Roar would lock eyes, resulting in an extended chase around the Karazhan Opera House.","|cFFFFD200Achievement: |rRaiding with Leashes II: Attunement Edition|n|cFFFFD200Category: |rCollect",1236,71023,141450,133695,7,82,5,6,7,0
"The trolls have a long and storied history of summoning hydras. While he might not be the biggest or strongest hydra, Gahz'rooki will bite your fingers quite hard if you get too close.","|cFFFFD200Vendor: |rRavika|n|cFFFFD200Zone: |rDurotar|n|cFFFFD200Cost: |r1|TINTERFACE\ICONS\inv_drink_31_embalmingfluid:0|t|n|n|cFFFFD200Vendor: |rTenuki|n|cFFFFD200Zone: |rDurotar|n|cFFFFD200Cost: |r1|TINTERFACE\ICONS\inv_drink_31_embalmingfluid:0|t",1237,71159,141789,463493,8,2,2,34,7,0
"Val'kyr are considered ""unborn"" until they vanquish a creature of high nobility.","|cFFFFD200Pet Battle: |rNorthrend",1238,71163,0,851119,3,131098,4,6,7,0
"The dark pools in Primordius' chamber laid stagnant after the fall of the mogu, and murky thoughts began to coalesce.","|cFFFFD200Drop:|r Primordius|n|cFFFFD200Zone: |rThrone of Thunder|n|cFFFFD200Difficulty: |rLooking For Raid|n",1243,71199,142028,237513,5,2,0,33,7,0
"These malicious oozes are highly sensitive to Primordius' pheromone signature.","|cFFFFD200Drop:|r Primordius|n|cFFFFD200Zone: |rThrone of Thunder|n|cFFFFD200Difficulty: |rNormal or Heroic|n",1244,71200,142029,576309,5,2,0,33,7,0
"Battle pet trainers are strongly encouraged to wash their hands for at least 30 minutes after playing with the filthling.","|cFFFFD200Drop: |rQuivering Filth",1245,71201,142030,576313,5,2,0,33,7,0
,,1247,71438,0,327502,8,1072,-1,6,7,0
"This budding ancient is a unique variety in Azeroth, created from the ever-living branches of the Great Tree, and can bloom in any season.","|cFFFFD200In-Game Shop|r|n",1248,71488,142880,874857,6,82,9,35,7,0
"Infamous psionic battering ram of the Protoss, Zeradar is also the only archon that can utilize psionic storm. Power overwhelming!","|cFFFFD200Promotion:|r StarCraft II: Legacy of the Void Collector's Edition|n",1255,71655,143637,1125916,5,131154,7,6,7,0
"This little guy seems to like to hang out at the fringes of cataclysmic events. There is no evidence to suggest he has anything to do with the cause of these events, though - he's probably just an observer. Or maybe he just gets lost on his trek to other places.","|cFFFFD200Profession:|r Mists of Pandaria Engineering|n",1256,71693,143703,876476,9,2,3,6,7,0
"Likely to flip out and kill someone.","|cFFFFD200Drop:|r Developers|n",1257,71700,143732,618977,0,34,0,6,7,0
,,1258,71816,0,648803,3,48,2,6,7,0
,,1259,71844,0,132196,7,48,-1,6,7,0
"Fierce and loyal, Xu-Fu loves to hunt by moonlight.  Once during a full moon, he killed and ate an entire Ironfur Great Bull, prompting a two day nap.","|cFFFFD200Vendor:|r Tournament of Celestials",1266,71942,145696,877410,7,82,2,6,7,0
,,1267,72009,0,877410,7,1072,-1,6,7,0
,,1268,72053,0,840541,7,48,-1,6,7,0
,,1269,72054,0,516665,2,48,-1,6,7,0
,,1271,72055,0,132847,5,48,-1,6,7,0
"Moonfang's cubs grow into massive, slavering, black-furred killing machines...except for Moon Moon.","|cFFFFD200Drop: |rMoonfang|n|cFFFFD200Zone: |rDarkmoon Island",1276,72160,144761,538568,7,2,0,34,7,0
,,1277,72100,0,133015,9,48,-1,6,7,0
,,1278,72098,0,136024,6,48,-1,6,7,0
,,1279,72099,0,133784,4,48,-1,6,7,0
,,1280,72103,0,669467,6,48,-1,6,7,0
,,1281,72102,0,646325,4,48,-1,6,7,0
,,1282,72101,0,646378,7,48,-1,6,7,0
,,1283,72105,0,652138,1,48,-1,6,7,0
,,1284,72104,0,655994,5,48,-1,6,7,0
,,1285,72106,0,132150,2,48,-1,6,7,0
,,1286,71898,0,132266,7,48,-1,6,7,0
,,1287,72097,0,668552,9,48,-1,6,7,0
,,1288,71897,0,797882,0,48,-1,6,7,0
,,1289,72109,0,254857,4,48,-1,6,7,0
,,1290,72108,0,645906,8,48,-1,6,7,0
,,1291,72107,0,646059,3,48,-1,6,7,0
,,1292,72110,0,574570,0,48,-1,6,7,0
,,1293,72111,0,574570,0,48,-1,6,7,0
,,1295,72112,0,574570,0,48,-1,6,7,0
,,1296,72113,0,633440,8,48,-1,6,7,0
,,1297,72114,0,135862,6,48,-1,6,7,0
,,1298,72115,0,893779,5,48,-1,6,7,0
,,1299,72118,0,237441,3,48,-1,6,7,0
,,1300,72116,0,441880,1,48,-1,6,7,0
,,1301,72117,0,134158,1,48,-1,6,7,0
"Chi-Chi tries to inspire hope with her loud squawk and by chasing, and eventually eating, butterflies.","|cFFFFD200Vendor: |rMaster Li|n|cFFFFD200Zone: |rTimeless Isle|n|cFFFFD200Cost: |r3|TINTERFACE\ICONS\INV_MISC_TRINKETPANDA_07:0|t",1303,72462,145697,877514,2,82,2,6,7,0
"A master sculptor devoted her life to creating an incomparably beautiful statue, inspired by her love and reverence for Yu'lon.  When the sculptor passed away, Yu'lon breathed a fraction of her essence into the statue, bringing Yu'la into the world.","|cFFFFD200Vendor: |rMaster Li|n|cFFFFD200Zone: |rTimeless Isle|n|cFFFFD200Cost: |r3|TINTERFACE\ICONS\INV_MISC_TRINKETPANDA_07:0|t",1304,72463,145698,877408,1,82,2,6,7,0
"Always on the lookout for a fight or some tasty grass, Zao keeps his head down and eyes forward.","|cFFFFD200Vendor:|r Tournament of Celestials",1305,72464,145699,900317,7,82,2,6,7,0
,,1311,72285,0,877514,2,1072,-1,6,7,0
,,1317,72291,0,877408,1,1072,-1,6,7,0
,,1319,72290,0,900317,7,1072,-1,6,7,0
"This handsome little robot is the spitting image of his ""Dad"", Blingtron 4000.  As a Blingtron's generosity circuits don't mature until they have been built to maximum specification, you shouldn't expect any free handouts from him.","|cFFFFD200Drop:|r Blingtron Gift Package|n",1320,73011,147124,773178,9,2,0,39,7,0
"Crane chicks of the Timeless Isle sometimes sing a curious song that calms the nerves and soothes the soul.","|cFFFFD200Drop:|r Crane Nest|n|cFFFFD200Zone: |rTimeless Isle",1321,73534,0,646586,2,2,0,6,7,0
"The first bombling created in the Underhold, Siegecrafter Blackfuse couldn't bear to see it destroyed, and kept it as a friendly, if explosive, pet.","|cFFFFD200Drop:|r Siegecrafter Blackfuse|n|cFFFFD200Raid:|r Siege of Orgrimmar",1322,73352,15048,897633,9,2,0,6,7,0
"The Ashleaf Sprites of the Timeless Isle tirelessly protect the vegetation of the island from the burning fury of Ordos and his minions.","|cFFFFD200Drop:|r Leafmender|n|cFFFFD200Zone:|r Timeless Isle|n",1323,73533,148046,136021,0,2,0,41,7,0
"Jinyu assassins employ this moth as both a portable decoy and a light source to reveal weak spots in their enemy's armor.","|cFFFFD200Pet Battle:|r Timeless Isle|n",1324,73542,148068,236193,2,26,4,6,7,0
"Cats and other curious critters often have short-lived play sessions with this moth that end with a face full of singed hair.","|cFFFFD200Pet Battle:|r Timeless Isle|n",1325,73543,148069,236193,2,26,4,6,7,0
"This curious moth is sometimes found interrupting the spells of a wandering mage or warlock.","|cFFFFD200Pet Battle:|r Timeless Isle|n",1326,73368,148065,236193,2,26,4,6,7,0
"The waters of Ruby Lake are colored a strange reddish hue, possibly due to the ruby crystals found deep within the mountains of the Timeless Isle.","|cFFFFD200Drop:|r Garnia|n|cFFFFD200Zone:|r Timeless Isle",1328,73356,138161,669468,6,131074,0,36,7,0
"While fascinated by flowers, the frolicker has also been known to dance with blades of grass and the occasional weed.","|cFFFFD200Drop:|r Scary Sprite|n|cFFFFD200Zone:|r Timeless Isle|n",1329,73532,148051,348547,0,2,0,41,7,0
"Late in life, if the environmental conditions are correct, a Death Adder may shed its skin and undergo a transformation into an Imperial Python.","|cFFFFD200Drop:|r Imperial Python|n|cFFFFD200Zone:|r Timeless Isle",1330,73364,148052,801475,7,2,0,6,7,0
"A small remnant of the power of Y'shaarj that spawned the Sha, a single Drop of Y'shaarj can magnify emotional states for thousands of yards, causing entire towns to shut down in fear or doubt.","|cFFFFD200Drop:|r Sha of Pride|n|cFFFFD200Raid:|r Siege of Orgrimmar|n|cFFFFD200Difficulty:|r Flexible, Normal or Heroic",1331,73350,148058,132851,6,131074,0,6,7,0
"Sha-lings reflect the emotional state of their handler, becoming agitated, depressed, fearful, or doubtful depending on the magnitude of negative thoughts around them.","|cFFFFD200Drop:|r Sha of Pride|n|cFFFFD200Raid:|r Siege of Orgrimmar|n|cFFFFD200Difficulty:|r LFR and Flexible",1332,73351,148059,651085,6,131074,0,6,7,0
"The Jademist Dancers of the Timeless Isle have a curious attraction to the steam vents of the northwestern shore.","|cFFFFD200Drop:|r Jademist Dancer|n|cFFFFD200Zone:|r Timeless Isle",1333,73355,148060,656560,6,131074,0,36,7,0
"The tiny terror of the Dread Wastes, Kovok prefers a steady diet of ""brain food:"" mushan brains, human brains, any brains really. This strange nutritional requirement may be tangentally related to his enormous head.","|cFFFFD200Drop:|r Paragons of the Klaxxi|n|cFFFFD200Raid:|r Siege of Orgrimmar|n",1334,73354,148061,624010,7,2,0,6,7,0
"The odd blue flames found within the Cavern of Lost Spirits have led many unwary adventurers to their doom.","|cFFFFD200Drop:|r Foreboding Flame|n|cFFFFD200Zone:|r Timeless Isle|n|n",1335,73357,148551,135777,6,131074,0,36,7,0
"When the village of Pi'jiu was attacked by the Ordon Yaungol generations ago, the villagers bravely erected a keg in the center of the village. The following morning, after the celebration had died down, the still-drunken Yaungol blearily agreed to a peace treaty.","|cFFFFD200Drop:|r Zhu-Gon the Sour|n|cFFFFD200Zone:|r Timeless Isle|n|n",1336,73367,148063,669467,6,131074,0,36,7,0
"Spineclaw crabs of Pandaria have existed for thousands of years and remain one of the continent's oldest creatures.","|cFFFFD200Drop:|r Monstrous Spineclaw|n|cFFFFD200Zone:|r Timeless Isle|n",1337,73366,148066,132186,8,2,0,6,7,0
"Gulp frogs of the Timeless Isle can feast upon prey several times larger than themselves by slowly digesting the victim externally with a toxic slime.","|cFFFFD200Drop: |rBufo|n|cFFFFD200Zone: |rTimeless Isle",1338,73359,148067,804966,8,2,0,6,7,0
,,1339,73627,0,896625,7,1072,-1,6,7,0
"Some young and rambunctious hozen are trained from an early age to use boxing gloves so they don't accidentally kill their tribe members, and more importantly, to keep them from picking their noses.","|cFFFFD200Drop:|r Kukuru Chest|n|cFFFFD200Zone:|r Timeless Isle",1343,73668,148373,877482,0,2,0,6,7,0
"One of the beasts left on the Timeless Isle when it shifted through time, most likely sacrificed by the Ordon to their demigod, Ordos.","|cFFFFD200Vendor: |rSpeaker Gulan|n|cFFFFD200Zone: |rTimeless Isle",1344,73688,148427,838551,7,2,2,6,7,0
"Swarmlings of Gu'chi spin an ancient, and very powerful, form of silk that has not been seen in Pandaria in ages.","|cFFFFD200Drop:|r Gu'chi the Swarmbringer|n|cFFFFD200Zone:|r Timeless Isle",1345,73730,148527,648918,4,2,0,6,7,0
"Prolonged exposure to Shaohao's tranquil mists has calmed these spirits, which act as peaceful companions to the Mistweavers.","|cFFFFD200Vendor: |rMistweaver Ku|n|cFFFFD200Zone: |rTimeless Isle|n|cFFFFD200Faction: |rShaohao - Pathwalker",1346,73732,148530,838550,5,2,2,6,7,0
"The Jadefire Spirit is thought to be a living embodiment of Yu'lon's own jade breath.","|cFFFFD200Drop:|r Spirit of Jadefire|n|cFFFFD200Zone:|r Timeless Isle|n|n",1348,73738,148552,135794,6,131074,0,36,7,0
"Fed up with long hours, low pay, and entitled adventurers whining about sub-standard Winter Veil gifts, these nasty little creatures fled their magical workshops to join up with the Abominable Greench.","|cFFFFD200World Event:|r Feast of Winter Veil|n",1349,73741,148567,134144,0,131074,1,39,7,0
"A candle inside of the kite heats the air, causing it to rise into the air without the need for wind.","|cFFFFD200Vendor:|r Ku-Mo|n|cFFFFD200Zone:|r Timeless Isle",1350,73809,148684,645352,2,146,2,36,7,0
"These possessed puppets are given a semblance of life by whimsical spirits of the departed.","|cFFFFD200World Event:|r Day of the Dead",1351,34770,66175,237272,3,2,6,40,7,0
,,1352,444,0,135997,7,49,-1,6,7,0
,,1354,73977,0,254109,9,1072,-1,6,7,0
"A mastiff bred for rescue, the Alterac brewhound's bloodline is famous for having found and resuscitated many mountain travelers trapped beneath the snow... and then slobbering all over them.","|cFFFFD200In-Game Shop|r",1363,74402,149787,930453,7,82,9,6,7,0
"We're Crusaders from a fable. We dance whene'er we're able. We do routines and chorus scenes, with footwork impeccable!","|cFFFFD200Promotion:|r BlizzCon 2013",1364,74405,149792,615479,0,82,7,6,7,0
"Watch your coin purse.","|cFFFFD200Promotion:|r Diablo 3: Reaper of Souls Collector's Edition",1365,74413,149810,370211,0,82,7,6,7,0
"Tenacious and terrible, the mighty Hogs slaughters weaker enemies without hesitation.","|cFFFFD200Achievement:|r That's Whack!|n|cFFFFD200Category:|r Darkmoon Faire",1384,76873,170267,134163,0,82,5,6,7,0
"Both heads are equally fearsome on the terrifying chimaera, each capable of its own unique breath attack.","|cFFFFD200Quest:|r Mastering the Menagerie|n",1385,77021,0,236190,1,2,1,6,7,0
"The dark wings will cloud and consume the minds of the weak, because they are just so adorable!","|cFFFFD200Promotion:|r Warlords of Draenor Collector's Edition",1386,77137,155748,952507,2,82,7,6,7,0
,,1503,85679,0,443397,0,50,-1,6,7,0
"This massive weapon of destruction has been miniaturized for use in the garden.  Moles beware!","|cFFFFD200Quest:|r Report to the King (Alliance), Warning the Warchief (Horde)|n|cFFFFD200Zone:|r Blasted Lands (90+)|n",1387,77221,155838,892829,9,2,1,6,7,0
"Made from bits and pieces of vanquished battle pets, dark magic, and just a pinch of love.","|cFFFFD200Quest:|r Mastering the Menagerie|n",1394,78421,0,136118,3,2,1,6,7,0
"Cute enough to eat, but not recommended.","|cFFFFD200Profession:|r Warlords of Draenor Cooking",1395,78895,25162,134062,5,2,3,33,7,0
"Left to their own devices, carrots will simply lose their minds.","|cFFFFD200Vendor: |rNaron Bloomthistle|n|cFFFFD200Zone: |rLunarfall|n|cFFFFD200Cost: |r1000|TINTERFACE\ICONS\INV_FARM_PUMPKINSEED_YELLOW.BLP:0|t|n|n|cFFFFD200Vendor: |rTarnon|n|cFFFFD200Zone: |rFrostwall|n|cFFFFD200Cost: |r1000|TINTERFACE\ICONS\INV_FARM_PUMPKINSEED_YELLOW.BLP:0|t",1396,79039,159581,134010,6,2,2,36,7,0
,,1400,79180,0,132787,5,48,-1,6,7,0
,,1401,79181,53082,135277,0,48,-1,6,7,0
,,1402,79182,149810,370211,0,34,-1,6,7,0
Squeeeeeeeawk!,"|cFFFFD200Profession: |rWarlords of Draenor Engineering",1403,79410,160403,132598,2,2,3,6,7,0
,,1409,79751,0,877477,3,1074,-1,6,7,0
,,1410,80017,161522,237293,9,32,-1,6,7,0
"A single peacock feather is often laid upon a grave to ward off evil spirits.","|cFFFFD200Achievement:|r Draenor Safari|n",1411,80101,161643,667691,2,82,5,6,7,0
"After many complaints that taming young boars was a painful experience, engineers came to the rescue with this creepily lifelike model.","|cFFFFD200Profession: |rWarlords of Draenor Engineering",1412,80329,162135,463878,9,2,3,6,7,0
"The teroclaw is a potent hunter of the small and furry.","|cFFFFD200Drop:|r Teroclaw Nest|n|cFFFFD200Zone:|r Talador",1416,81431,164212,132921,2,2,0,6,7,0
,,1420,81594,0,132196,7,48,-1,6,7,0
,,1423,82406,0,797325,7,34,-1,6,7,0
,,1424,82407,0,134152,9,34,-1,6,7,0
"This adorable little elephant is always there for you.","|cFFFFD200Profession:|r Warlords of Draenor Tailoring|n",1426,82464,166071,1044082,5,2,3,33,7,0
"Annoying and destructive, they can be coaxed with enough cheese to become a tolerable companion.","|cFFFFD200Pet Battle: |rFrostfire Ridge",1427,82715,0,134324,4,26,4,6,7,0
"Zomstrok is evil incarnate, the unholy mistake of someone maddened by isolation, a creation that could not be undone.","|cFFFFD200Drop:|r Reanimated Darktide Boneshell, Darktide Husk|n|cFFFFD200Zone:|r Shadowmoon Valley|n",1428,83562,0,134048,3,2,0,6,7,0
"From seed to flower, a tiny terror is grown.","|cFFFFD200Vendor: |rDraemus|n|cFFFFD200Zone: |rDalaran|n|cFFFFD200Cost: |r100|Hitem:163036|h|TInterface\ICONS\INV_Currency_PetBattle.BLP:0|t|h",1429,83584,167389,960698,6,2,2,38,7,0
"From seed to flower, a tiny terror is grown.","|cFFFFD200Vendor: |r Kwilax Fuseshiv|n|cFFFFD200Faction: |rSteamwheedle Preservation Society - Revered|n|cFFFFD200Cost: |r1000|TINTERFACE\MONEYFRAME\UI-GOLDICON.BLP:0|t",1430,83583,167390,960698,6,2,2,38,7,0
"From seed to flower, a tiny terror is grown.",,1431,83589,167392,960698,6,34,-1,38,7,0
"From seed to flower, a tiny terror is grown.","|cFFFFD200Profession:|r Warlords of Draenor Herbalism",1432,83594,167394,960698,6,2,3,38,7,0
"From seed to flower, a tiny terror is grown.",,1433,83592,167395,960698,6,34,-1,38,7,0
"From seed to flower, a tiny terror is grown.","|cFFFFD200Quest:|r Mastering the Menagerie",1434,83588,167397,960698,6,2,1,38,7,0
"Many years ago, an ogre tried to use a leatherhide runt as kickball.  He was forever known as Onefoot afterwards.","|cFFFFD200Pet Battle: |rNagrand",1435,89198,0,134060,7,26,4,6,7,0
"Orcish children have a tradition where they sneak up on a mud jumper and whisper a secret they wish to come true.  If the mud jumper doesn't jump, the wish will come true.","|cFFFFD200Pet Battle: |rHighmountain, Nagrand, Spires of Arak, Talador|n",1441,83642,0,804968,8,26,4,6,7,0
"In the ultimate demonstration of stubborness, this once-living nannie simply refused to die.","|cFFFFD200Quest:|r Mastering the Menagerie",1442,83817,0,877477,3,2,1,35,7,0
,,1443,83839,0,516666,3,48,-1,6,7,0
,,1444,83836,0,971286,5,50,-1,6,7,0
"The intelligence and caring nature of elekk calves make them a stalwart lifelong companion.","|cFFFFD200Quest:|r New Babies|n|cFFFFD200Zone:|r Nagrand (Draenor)",1446,84330,168668,656599,7,2,2,6,7,0
"The moonshell crab reflects light so well that they can be picked up and used as a mirror.  Just keep your face away from the claws!","|cFFFFD200Pet Battle: |rShadowmoon Valley",1447,82045,0,2027885,8,26,4,6,7,0
"The sea calf has a natural affinity for balancing things.","|cFFFFD200Profession:|r Warlords of Draenor Fishing|n|cFFFFD200Vendor:|r Nat Pagle|n|cFFFFD200Zone:|r Garrison, Fishing Shack|n|cFFFFD200Cost:|r 50|Tinterface\icons\inv_misc_coin_19.blp:0|t",1448,84441,168977,134480,8,2,3,6,7,0
"This hatchling has an unusual sense that allows it to detect and follow along with alpha predators.","|cFFFFD200Vendor:|r Guild Vendor|n|cFFFFD200Zone:|r Stormwind, Orgrimmar|n|cFFFFD200Cost: |r300|TINTERFACE\MONEYFRAME\UI-GOLDICON.BLP:0|t",1449,84521,169220,1044497,7,18,2,6,7,0
"While these tiny mechanical guardians were created to protect domesticated elekks from pests, they also turned out to be really good at giving back massages.","|cFFFFD200Vendor:|r Vinidcator Nuurem|n|cFFFFD200Reputation:|r Council of Exarchs|n",1450,84885,169666,986488,9,2,2,38,7,0
,,1504,85682,0,133015,9,50,-1,6,7,0
"Loves to herd imps, roll around in lava, and snuggle with elemental lords.","|cFFFFD200Achievement:|r WoW's 10th Anniversary|n|cFFFFD200Category:|r Feats of Strength",1451,84915,169695,1044792,6,16466,5,6,7,0
"Surprisingly quick when provoked, but easily calmed with a meal of Nagrand arrowbloom.","|cFFFFD200Vendor: |rDraemus|n|cFFFFD200Zone: |rDalaran|n|cFFFFD200Cost: |r50|Hitem:163036|h|TInterface\ICONS\INV_Currency_PetBattle.BLP:0|t|h",1453,79730,223110,1044480,7,2,2,6,7,0
"After consuming the shin bone of Gul'dan, this fiesty demon hunter was caged for 10000 years by his brother Murkfurion.","|cFFFFD200Promotion:|r BlizzCon 2015|n|n",1454,85009,190036,1129435,0,82,7,6,7,0
"Camouflaged like moss, the skitterer will hide in trees and leap on their victims from above.","|cFFFFD200Pet Battle: |rShadowmoon Valley",1455,85005,0,1044500,7,26,4,6,7,0
"Their deceptively cute looks will lure in their prey, and then greet them with a flurry of devastating swipes. Hug with caution.","|cFFFFD200Pet Battle: |rSpires of Arak",1456,85007,0,1044500,7,26,4,6,7,0
"Equipped with extremely sharp claws, these frigid hatchlings dig through thick layers of ice and rock for shelter.","|cFFFFD200Pet Battle: |rFrostfire Ridge",1457,85003,0,1044498,7,26,4,6,7,0
"One ogre ritual involves cupping a bone wasp in their hands and shaking vigorously.  The venom increases strength and invokes vivid imagery.","|cFFFFD200Vendor:|r Faction Vendor|n|cFFFFD200Reputation:|r Laughing Skull",1458,85014,170286,1044486,2,2,2,6,7,0
"Contrary to popular belief, bloodsting wasps do not feed on blood, but love.","|cFFFFD200Pet Battle: |rSpires of Arak",1462,85255,0,1044488,2,26,4,6,7,0
"Wood wasps make nests in dead or hollowed out trees, and are quick to attack anything that threatens their home.","|cFFFFD200Pet Battle: |rGorgrond",1463,85254,0,1044487,2,26,4,6,7,0
"In the moonlight their wings create a glittering aura, giving the illusion of twinkling starlight.","|cFFFFD200Pet Battle: |rFrostfire Ridge, Gorgrond",1464,85253,0,1044485,2,26,4,6,7,0
"Amberbarbs often try to provoke larger creatures to attack it. Once their victim strikes them, they will retaliate with the entire hive.","|cFFFFD200Pet Battle: |rGorgrond",1465,85257,0,1044489,2,26,4,6,7,0
"This magical kitty has so much energy that she will sometimes zip around for no reason whatsoever.","|cFFFFD200In-Game Shop|r|n",1466,85283,190035,1116250,5,82,9,6,7,0
"The Sky-Bo was originally designed by the infamous Millie Watt as a toy for her cat.  The cat just slept in the box next to it.","|cFFFFD200Drop:|r Blingtron 5000 Gift Package",1467,85284,170292,894222,9,2,0,6,7,0
"The ancient tribes of Draenor were known to harvest their sharp beaks for crude tools and weapons.","|cFFFFD200Pet Battle: |rTanaan Jungle",1468,85388,0,1045160,2,26,4,6,7,0
"The colorful plumage from these birds are highly sought after by collectors. It is rumored that wearing these feathers will bring you good luck.","|cFFFFD200Pet Battle: |rGorgrond",1469,85192,0,1045161,2,26,4,6,7,0
"The edges of its beak are particularly sharp. Watch your fingers during feeding time!","|cFFFFD200Pet Battle: |rGorgrond",1470,85389,0,1045158,2,26,4,6,7,0
"This anxious avian has a voracious appetite for fruit.","|cFFFFD200Drop:|r Wiggling Egg|n|cFFFFD200Zone:|r Frostfire Ridge|n|n",1471,85387,170285,133997,2,2,0,6,7,0
,,1472,85419,0,515993,4,1072,-1,6,7,0
,,1473,85420,0,134011,6,1122,-1,6,7,0
,,1474,85463,0,979220,8,1072,-1,6,7,0
,,1475,85522,0,136072,7,48,-1,6,7,0
,,1476,85523,0,840540,7,48,-1,6,7,0
,,1477,85525,0,237300,5,48,-1,6,7,0
"This tiny squid seems to enjoy wearing pants, but where in the world would you find some that fit?","|cFFFFD200Drop:|r Greater Darkmoon Pet Supplies|n",1478,85527,170774,632858,5,2,0,6,7,0
,,1479,85561,0,463878,7,50,-1,6,7,0
,,1480,85652,0,840662,2,1074,-1,6,7,0
,,1482,85655,0,463878,7,50,-1,6,7,0
,,1483,85656,0,646148,6,50,-1,6,7,0
,,1484,85657,0,134011,6,98,-1,6,7,0
,,1485,85658,0,134062,5,50,-1,6,7,0
,,1486,85659,0,132598,2,1074,-1,6,7,0
,,1487,85660,0,132771,6,50,-1,6,7,0
,,1488,85661,0,132769,6,50,-1,6,7,0
,,1489,85662,0,1019377,0,50,-1,6,7,0
,,1490,85663,0,1019377,0,50,-1,6,7,0
,,1492,85664,0,648918,4,50,-1,6,7,0
,,1493,85665,0,236196,2,50,-1,6,7,0
,,1494,85666,0,132194,7,50,-1,6,7,0
"They eat and eat and eat, until they grow large.  Then they eat some more.","|cFFFFD200Profession:|r Warlords of Draenor Mining",1495,85667,170280,443397,0,2,3,6,7,0
,,1496,85674,0,667691,2,50,-1,6,7,0
,,1497,85675,0,132916,2,50,-1,6,7,0
,,1498,85676,0,132926,2,50,-1,6,7,0
,,1499,85677,0,524793,6,50,-1,6,7,0
,,1500,85678,0,298642,6,50,-1,6,7,0
,,1501,85681,0,443397,0,50,-1,6,7,0
,,1505,85683,0,986488,9,50,-1,6,7,0
,,1506,85684,0,986488,9,50,-1,6,7,0
,,1507,85685,0,136118,3,1074,-1,6,7,0
,,1508,85686,0,136221,5,50,-1,6,7,0
,,1509,85687,0,136221,5,50,-1,6,7,0
,,1510,85688,0,136221,5,50,-1,6,7,0
"Of course there are hatchlings, they're called Lovebirds aren't they?","|cFFFFD200World Event:|r Love is in the Air|n|cFFFFD200Vendor: |rLovely Merchant|n|cFFFFD200Cost: |r40|TINTERFACE\ICONS\INV_ValentinesCard01:0|t",1511,85710,132762,132198,4,2,2,35,7,0
"Animated by magical means, and chlorophyll.","|cFFFFD200World Event:|r Noblegarden|n|cFFFFD200Vendor: |rNoblegarden Merchant|n|cFFFFD200Cost: |r100|TINTERFACE\ICONS\Achievement_Noblegarden_Chocolate_Egg:0|t",1514,85773,171222,615230,2,146,6,6,7,0
"The master-crafted gear assembly and precision joints in this robot are clearly made with love.","|cFFFFD200Drop:|r Talador",1515,85231,170282,986489,9,2,0,6,7,0
"Following their introduction to the mainland by the goblins, Bush Chickens have become the entre du jour for Pilgrim's Bounty due to their high deliciousness and low intelligence.","|cFFFFD200World Event:|r Pilgrim's Bounty",1516,85846,171500,132926,4,2,2,33,7,0
"Tiny, incinerated corpses of various insects line its cage.","|cFFFFD200World Event:|r Midsummer Fire Festival|n|cFFFFD200Vendor: |rMidsummer Merchant, Midsummer Supplier|n|cFFFFD200Cost: |r350|TINTERFACE\ICONS\INV_SummerFest_FireFlower:0|t",1517,85872,171552,519830,6,2,6,6,7,0
"The Pandaren Brewmasters accidentally brought a barrel of Uncle Gao's last sentient batch of brew with them to Brewfest.","|cFFFFD200World Event:|r Brewfest|n|cFFFFD200Vendor: |rBelbi Quikswitch|n|cFFFFD200Zone: |rDun Morogh|n|cFFFFD200Cost: |r200|TINTERFACE\ICONS\INV_Misc_Coin_01:0|t|n|n|cFFFFD200Vendor: |rBliz Fixwidget|n|cFFFFD200Zone: |rDurotar|n|cFFFFD200Cost: |r200|TINTERFACE\ICONS\INV_Misc_Coin_01:0|t",1518,85994,171758,669468,6,131074,6,36,7,0
,,1519,114064,0,1120424,7,1072,-1,6,7,0
"One of this cat's nine lives has returned to haunt the living by yowling loudly when you're trying to sleep.","|cFFFFD200World Event:|r Hallow's End|n|cFFFFD200Vendor: |rWoim|n|cFFFFD200Zone: |rTirisfal Glades|n|cFFFFD200Cost: |r150|TINTERFACE\ICONS\achievement_halloween_candy_01:0|t|n|n|cFFFFD200Vendor: |rPippi|n|cFFFFD200Zone: |rStormwind City|n|cFFFFD200Cost: |r150|TINTERFACE\ICONS\achievement_halloween_candy_01:0|t",1521,86061,171912,454045,3,2,6,6,7,0
"Not even death would stop this kitten's insatiable curiosity.","|cFFFFD200World Event:|r Hallow's End|n|cFFFFD200Vendor: |rWoim|n|cFFFFD200Zone: |rTirisfal Glades|n|cFFFFD200Cost: |r150|TINTERFACE\ICONS\achievement_halloween_candy_01:0|t|n|n|cFFFFD200Vendor: |rPippi|n|cFFFFD200Zone: |rStormwind City|n|cFFFFD200Cost: |r150|TINTERFACE\ICONS\achievement_halloween_candy_01:0|t",1523,86067,171915,656575,3,2,6,6,7,0
"This slime has a long and confusing lineage.","|cFFFFD200Drop:|r Netherspawn|n|cFFFFD200Zone:|r Nagrand|n",1524,86081,170269,136007,5,2,0,6,7,0
"The little wolf told to stay.
Watching, waiting, for vacant prey.
Too proud to leave, she slipped away.
Unburdened now, forever free to play.","|cFFFFD200Profession:|r Archaeology",1530,86422,170274,1120424,3,2,3,6,7,0
"The ancient nest guardian was designed with the unthinkable in mind: to hate cats.","|cFFFFD200Profession:|r Archaeology",1531,86420,172632,986483,9,2,3,35,7,0
"Kaliri hatchlings feast on grubs when they're young, and eventually graduate to anything smaller than themselves.","|cFFFFD200Quest:|r Ikky's Egg|n|cFFFFD200Zone:|r Spires of Arak",1532,86447,170270,132914,2,2,1,6,7,0
"No one knows what deep part of Blackwing Descent the Lanticore was kept in, but it probably smelled pretty awful.","|cFFFFD200Drop:|r The Lanticore|n|cFFFFD200Zone:|r Upper Black Rock Spire",1533,86532,172998,462337,1,2,0,6,7,0
"In Draenor, the Zangar Sea seeks to overtake the land by releasing thousands of these spores and slowly growing inland over time.","|cFFFFD200Drop:|r Fel-Touched Pet Supplies|n|cFFFFD200Zone:|r Tanaan Jungle|n",1536,86715,173532,460954,2,2,0,6,7,0
"A spore plucked from the Crimson Fen, an area of Gorgrond that was swallowed when Draenor was torn apart by nether magics.","|cFFFFD200Drop:|r Strange Spore|n|cFFFFD200Zone:|r Gorgrond|n",1537,86716,173542,463282,2,2,0,6,7,0
"The deep blue Umbrafen would later become home to a tribe of Broken.","|cFFFFD200Drop:|r Strange Spore|n|cFFFFD200Zone:|r Shadowmoon Valley|n",1538,86717,173543,463280,2,2,0,6,7,0
"A spore from Zangarra, a central area of the Zangar encroachment that would later bloom into the Zangarmarsh.","|cFFFFD200Drop:|r Fel-Touched Pet Supplies|n|cFFFFD200Zone:|r Tanaan Jungle|n",1539,86718,173544,463281,2,2,0,6,7,0
"Brilliant spores are very rarely seen, found deep under the waves of Draenor within the darkest corners of the Zangar fungal encroachment.","|cFFFFD200Drop:|r Rotcap|n|cFFFFD200Zone:|r Spires of Arak",1540,86719,173547,132851,2,2,0,6,7,0
"The hydraling can be an expensive pet, as it is capable of eating from three food bowls at the same time.","|cFFFFD200Drop:|r Vasha's Egg|n|cFFFFD200Zone:|r Spires of Arak",1541,86879,170273,463493,8,2,0,6,7,0
"These pups are bundles of fur and teeth until they grow up, at which point they are really just teeth.","|cFFFFD200Vendor:|r Beska Redtusk|n|cFFFFD200Faction:|r Frostwolf|n|n",1542,87111,170281,1120424,7,2,2,6,7,0
"Originally bred to make milk more palatable for gnomes.","|cFFFFD200Drop:|r Garrisons, Barn, Level 3",1543,87257,177216,136072,4,18,0,6,7,0
"His hate is not diminished by size.","|cFFFFD200Drop:|r Ragnaros the Firelord|n|cFFFFD200Zone:|r Molten Core (Anniversary Edition)",1544,87669,170268,525026,6,2,0,6,7,0
"Don't line her cage with paper unless you want a fire.","|cFFFFD200Quest:|r Mastering the Menagerie",1545,87704,170291,526578,2,2,1,6,7,0
,,1858,105261,0,397907,5,32,-1,6,7,0
"Half bird, half elemental, the beautiful Stormwing is truly capable of shock and awe.","|cFFFFD200Achievement:|r So. Many. Pets.",1546,87705,170289,897087,2,82,5,6,7,0
,,1547,87952,0,841541,5,50,-1,6,7,0
,,1548,87947,0,1044082,5,50,-1,6,7,0
,,1549,87946,0,1044501,7,50,-1,6,7,0
,,1550,87970,0,1044793,7,50,-1,6,7,0
,,1552,87968,0,1044793,7,50,-1,6,7,0
,,1553,87967,0,1044793,7,50,-1,6,7,0
,,1554,87975,0,441880,0,50,-1,6,7,0
,,1555,87976,0,615479,0,50,-1,6,7,0
,,1556,87972,0,135129,0,50,-1,6,7,0
,,1557,87978,0,952507,2,50,-1,6,7,0
,,1558,87979,0,1029736,2,50,-1,6,7,0
,,1559,87980,0,986483,9,50,-1,6,7,0
,,1560,87983,0,236193,2,50,-1,6,7,0
,,1561,87982,0,236193,2,50,-1,6,7,0
,,1562,87981,0,236193,2,50,-1,6,7,0
"The Bronze Whelpling was lost in time until an unusual event allowed her to escape.","|cFFFFD200Drop: |rIron Horde|n|cFFFFD200Zone: |rBlasted Lands",1563,7546,10699,134156,1,2,0,6,7,0
"A clear indication why goblin fertilizers should be used sparingly.","|cFFFFD200Drop:|r Mandrakor|n|cFFFFD200Location:|r Gorgrond|n",1564,88103,170272,134205,6,2,0,6,7,0
"Iron, iron, steel and fire.  Bellows, gears, plates, and wire.","|cFFFFD200Profession: |rWarlords of Draenor Engineering",1565,88134,170288,986492,9,2,3,6,7,0
"These tiny creatures seem to favor big, fluffy nests, preferably atop an animal-loving dryad.","|cFFFFD200Quest:|r For The Birds",1566,88222,176137,667692,2,2,1,6,7,0
"The companion of a night elf sentinel, rarely given out as a gift.","|cFFFFD200Quest:|r The Huntresses",1567,88225,176140,133247,2,2,1,6,7,0
"Living so closely to the water's surface, the puddle terror is not only friend to all aquatic creatures, it is one.","|cFFFFD200Quest:|r Mastering the Menagerie",1568,88300,170279,893777,8,2,1,6,7,0
"When forging enchanted steel, bits of magic seep into the coals.  Over a period of years, decades even, the unbound energy slowly takes form, creating a tiny elemental being of immense fortitude.","|cFFFFD200Profession:|r Warlords of Draenor Blacksmithing",1569,84853,170276,1044088,6,2,3,6,7,0
"Legend says the Sunfire Kaliri flies into the sun itself when it is ready to die.","|cFFFFD200Quest:|r Mastering the Menagerie",1570,88367,177227,132919,2,2,1,6,7,0
"Their white hide would make them vulnerable to sunburn, if it wasn't as thick as plate armor.","|cFFFFD200Vendor: |rKwilax Fuseshiv|n|cFFFFD200Faction: |rSteamwheedle Preservation Society - Revered|n|cFFFFD200Cost: |r1000|TINTERFACE\MONEYFRAME\UI-GOLDICON.BLP:0|t",1571,85281,170287,1044482,7,2,2,6,7,0
"The bloodfeather is completely fearless, fanning out its feathers and charging any threat.","|cFFFFD200Pet Battle: |rTalador",1572,88385,0,667690,2,26,4,6,7,0
"It's said the feathers glitter like gold when the rising sun shines upon them.","|cFFFFD200Pet Battle: |rSpires of Arak",1573,85798,0,667690,2,26,4,6,7,0
"Godlike being now in travel size.","|cFFFFD200Vendor: |rRavenspeaker Skeega|n|cFFFFD200Zone: |rWarspear|n|cFFFFD200Faction: |rArakkoa Outcasts - Revered|n|cFFFFD200Cost: |r1000|TINTERFACE\MONEYFRAME\UI-GOLDICON.BLP:0|t|n|n|cFFFFD200Vendor: |rShadow-Sage Brakoss|n|cFFFFD200Zone: |rStormshield|n|cFFFFD200Faction: |rArakkoa Outcasts - Revered|n|cFFFFD200Cost: |r1000|TINTERFACE\MONEYFRAME\UI-GOLDICON.BLP:0|t",1574,88401,170277,1029738,3,66,2,6,7,0
"Playing fetch with a ray is always fun.  You don't even have to aim.","|cFFFFD200Vendor:|r Reputation Vendor|n|cFFFFD200Reputation:|r Sha'tari Defense",1575,88452,170271,132191,2,2,2,6,7,0
"You'll always feel like... something is watching you.","|cFFFFD200Drop:|r Oromo the Observer|n|cFFFFD200Zone:|r Talador",1576,88490,170275,236407,5,2,0,6,7,0
"Ravagers are favored ogre snacks when they are small and less deadly.","|cFFFFD200Vendor: |rTiffy Trapspring, Giada Goldleash|n|cFFFFD200Zone: |rGarrison",1577,88514,187384,1044499,7,2,2,6,7,0
"The frostshell pinchers build up layers of ice to give them the extra protection from larger predators.","|cFFFFD200Pet Battle: |rFrostfire Ridge",1578,88480,0,132186,8,26,4,6,7,0
"With claws that can crush a platemail gauntlet, it's best to handle with care.","|cFFFFD200Pet Battle:|r Frostfire Ridge",1579,88474,0,132186,8,26,4,6,7,0
"These crafty crustaceans burrow under the mud to avoid being scooped up by larger predators.","|cFFFFD200Pet Battle:|r Tanaan Jungle|n",1581,88473,0,132186,8,26,4,6,7,0
"They feed off of the nutrient-rich fungal spores which gives these crabs the district coloring of their shells.","|cFFFFD200Pet Battle: |rShadowmoon Valley",1582,88466,0,132186,8,26,4,6,7,0
"They will cover themselves in seaweed and other ocean foliage to get the upper claw on their prey.","|cFFFFD200Pet Battle: |rTalador",1583,88465,0,132186,8,26,4,6,7,0
"Delicate and dangerous, brilliant and bold, a beauty worth more than gold.","|cFFFFD200Pet Battle:|r Tanaan Jungle|n|n",1586,88422,0,236193,2,26,4,6,7,0
"Their deep purple wings are highly sought after by ogre magi believing that they can bring prolonged life when added to potions.","|cFFFFD200Pet Battle: |rShadowmoon Valley, Talador",1587,88417,0,236193,2,26,4,6,7,0
"A shimmering creature made of pure arcane energy, it is hard to focus your eyes directly on it.","|cFFFFD200Drop: |rGuk|n|cFFFFD200Zone: |rNagrand",1765,98238,193589,237230,5,2,0,6,7,0
"Their wings emit a fine powder as a defensive mechanism when it is in danger.","|cFFFFD200Vendor: |rTiffy Trapspring, Giada Goldleash|n|cFFFFD200Zone: |rGarrison",1588,88415,187383,236193,2,2,2,6,7,0
"Delicate and dangerous, brilliant and bold, a beauty worth more than its weight in gold.  Too bad they are so light.","|cFFFFD200Pet Battle: |rTalador",1589,88413,0,236193,2,26,4,6,7,0
"Scholars have debated at length about how fireflies glow, but the leading hypothesis is ""magic"".","|cFFFFD200Pet Battle: |rHighmountain, Spires of Arak",1590,88359,0,236196,2,26,4,6,7,0
"These fireflies retain their purple glow by eating only purple flowers and nectar.","|cFFFFD200Pet Battle:|r Tanaan Jungle|n",1591,88357,0,236196,2,26,4,6,7,0
"It has been referred to as ""the flying gem"" due to its similar luster to the finest of sapphires.","|cFFFFD200Pet Battle: |rSpires of Arak",1592,88356,0,236196,2,26,4,6,7,0
"The watefly uses the surface of the water to reflect the light from their abdomen to attract mates.","|cFFFFD200Pet Battle: |r Shadowmoon Valley, Talador, Tanaan Jungle",1593,88355,0,236196,2,26,4,6,7,0
"Surprisingly quick when provoked, but easily calmed with a meal of Nagrand arrowbloom.","|cFFFFD200Pet Battle: |rGorgrond",1594,88571,0,979220,7,26,4,6,7,0
"Surprisingly quick when provoked, but easily calmed with a meal of Nagrand arrowbloom.","|cFFFFD200Pet Battle: |rTalador",1595,88572,0,1044481,7,26,4,6,7,0
"Hunted to near extinction for its feathers, this kaliri has developed keen senses.","|cFFFFD200Vendor:|r Vesharr|n|cFFFFD200Zone:|r Spires of Arak|n|cFFFFD200Cost:|r 1000|TINTERFACE\MONEYFRAME\UI-GOLDICON.BLP:0|t",1596,88573,170283,132914,2,2,2,6,7,0
"Hunted to near extinction for its feathers, the kaliri has developed keen senses.","|cFFFFD200Vendor:|r Vesharr|n|cFFFFD200Zone:|r Spires of Arak|n|cFFFFD200Cost:|r 10|TINTERFACE\MONEYFRAME\UI-GOLDICON.BLP:0|t",1597,88574,177215,132914,2,2,2,6,7,0
"Wild sporebats are vicious creatures, but if tamed at a young age, they can be loyal companions.","|cFFFFD200Vendor: |rTiffy Trapspring, Giada Goldleash|n|cFFFFD200Zone: |rGarrison",1598,88575,187376,132197,2,2050,2,6,7,0
"Wild sporebats are vicious creatures, but if tamed at a young age, they can be loyal companions.","|cFFFFD200Pet Battle: |rTalador",1599,88576,0,132197,2,26,4,6,7,0
"Young bone serpents will try to burrow into a living creature's skull and devour their brain.  So you may want to wear a night cap.","|cFFFFD200Pet Battle:|r Erris the Collector, Kura Thunderhoof",1600,88577,177238,970830,3,2,4,33,7,0
"Demidos created a great many servants when he was hosting parties for other void lords.","|cFFFFD200Drop:|r Demidos|n|cFFFFD200Zone:|r Shadowmoon Valley",1601,88692,170278,136221,5,2,0,6,7,0
"No matter how much he screams, never give him demon blood.","|cFFFFD200Promotion:|r BlizzCon 2014",1602,88805,177234,1044791,0,131154,7,6,7,0
"Often caught chewing on things they shouldn't be, goats were initially blamed for the crash of the Exodar.","|cFFFFD200In-Game Shop|r",1603,88807,177232,1044790,7,82,9,6,7,0
"The lost magical light of a Dalaran mage, or sentient candle with a positive attitude? You decide.","|cFFFFD200Zone:|r Dalaran|n",1604,88814,177220,463483,5,210,0,37,7,0
"A magical friend created with equal parts adventure and spirit.","|cFFFFD200Achievement:|r An Awfully Big Adventure",1605,88830,177233,656597,5,82,5,6,7,0
,,1607,89130,0,979220,8,1072,-1,6,7,0
,,1608,89129,0,134011,6,1122,-1,6,7,0
,,1609,89131,0,515993,4,1072,-1,6,7,0
,,1610,89135,0,851119,3,34,-1,6,7,0
"Not only is it quick, it's loud too!","|cFFFFD200Pet Battle: |rGorgrond",1615,89194,0,463491,7,26,4,33,7,0
"A smaller gargoyle that is used to divert the flow of rainwater on scourge buildings to prevent mausoleum flooding.","|cFFFFD200Drop: |rAzgalor|n|cFFFFD200Zone: |rHyjal Summit",1622,90200,179811,458967,3,2,0,6,7,0
"The dark green water in the Black Temple's sewer system gives these hydras their distinctive color.","|cFFFFD200Drop: |rHigh Warlord Naj'entus|n|cFFFFD200Zone: |rBlack Temple",1623,90201,179830,1100171,8,2,0,6,7,0
"A fragment of the great abyssal Supremus, Abyssius contains enough fiery essence to burn a hole right through your pocket.","|cFFFFD200Drop: |rSupremus|n|cFFFFD200Zone: |rBlack Temple",1624,90202,179831,1100169,5,2,0,6,7,0
"It's just a little mad.","|cFFFFD200Drop: |rReliquary of the Lost|n|cFFFFD200Zone: |rBlack Temple",1625,90203,179832,1100173,3,2,0,6,7,0
"It's only mildly irritated.","|cFFFFD200Drop: |rReliquary of the Lost|n|cFFFFD200Zone: |rBlack Temple",1626,90204,179833,1100175,3,131074,0,6,7,0
"It's only somewhat interested.","|cFFFFD200Drop: |rReliquary of the Lost|n|cFFFFD200Zone: |rBlack Temple",1627,90205,179834,1100174,3,131074,0,6,7,0
"She's the devil on your shoulder, whispering in your ear.","|cFFFFD200Drop: |rMother Shahraz|n|cFFFFD200Zone: |rBlack Temple",1628,90206,179835,136220,0,133122,0,6,7,0
"What's that smell?","|cFFFFD200Drop: |rAnetheron|n|cFFFFD200Zone: |rHyjal Summit",1629,90207,179836,1100170,3,131074,0,6,7,0
"Hundreds of these wisps came together to defend Hyjal from Archimonde and save the world.","|cFFFFD200Drop: |rArchimonde|n|cFFFFD200Zone: |rHyjal Summit",1631,90208,179837,1100178,5,2,0,6,7,0
"Because you don't want to know what happens when a rat wanders into the Sunwell.","|cFFFFD200Drop: |rBrutallus|n|cFFFFD200Zone: |rSunwell Plateau",1632,90212,179838,1100176,9,131074,0,6,7,0
"The Twisting Nether is an infinite abyss of terrors and one small corner of extreme cuteness.","|cFFFFD200Drop: |rM'uru|n|cFFFFD200Zone: |rSunwell Plateau",1633,90213,179839,1100177,5,2,0,6,7,0
,,1859,105262,0,433440,8,32,3,6,7,0
"Magic-addicted elves too small and frail to serve in Kil'Jaeden's army were relegated to servant roles for the higher-class demons.","|cFFFFD200Drop: |rEredar Twins|n|cFFFFD200Zone: |rSunwell Plateau",1634,90214,179840,1100179,0,2,0,41,7,0
"When this pet is near, calming chimes fill your mind and remind you of a time long passed.","|cFFFFD200Achievement: |rRaiding with Leashes III: Drinkin' From the Sunwell|n|cFFFFD200Category: |rCollect",1635,90215,179841,1100172,5,210,5,36,7,0
"One of the Darkmoon Race's most obnoxious obstacles, now in the palm of your hand!","|cFFFFD200Achievement: |rBig Rocketeer: Gold|n|cFFFFD200Category: |rDarkmoon Faire",1636,90345,179954,134509,9,131154,5,6,7,0
,,1637,90676,0,133275,8,50,-1,6,7,0
"In one invasion of the Haunted Mines, a team of heroes only managed to collect a single skull. The golem that resulted, too small to do much damage to the enemy towers, wandered off into the Nexus, eventually finding its way to Azeroth.","|cFFFFD200Promotion:|r Heroes of the Storm|n",1639,91226,181086,1065381,3,82,7,6,7,0
,,1640,91335,0,132197,2,50,-1,6,7,0
,,1641,91336,0,236193,2,48,-1,6,7,0
,,1642,91337,170272,134205,6,34,-1,6,7,0
,,1643,91338,0,463493,8,48,-1,6,7,0
,,1644,91339,0,1044482,7,32,-1,6,7,0
,,1645,91340,0,236196,2,48,-1,6,7,0
,,1646,91341,0,667690,2,32,-1,6,7,0
,,1647,91342,0,970830,3,48,-1,6,7,0
,,1648,91343,0,960698,6,48,-1,6,7,0
,,1649,91344,0,134060,7,48,-1,6,7,0
,,1651,91345,0,804968,8,48,-1,6,7,0
,,1652,90929,0,134324,4,48,-1,6,7,0
,,1653,91346,0,134324,4,48,-1,6,7,0
,,1654,91347,0,134324,4,48,-1,6,7,0
"The rivers of Draenor are filled with moray.  They are vicious predators, attacking anything that enters the water.","|cFFFFD200Pet Battle:|r Erris the Collector, Kura Thunderhoof|n",1655,91407,177223,133897,8,2,4,6,7,0
"Talbuk grow their horns to full size at an early age.","|cFFFFD200Pet Battle:|r Erris the Collector, Kura Thunderhoof|n",1656,91408,177218,1044501,7,2,4,6,7,0
"These pups are bundles of fur and teeth until they grow up, at which point they are really just teeth.","|cFFFFD200Quest:|r A Fel Puppy Of My Own|n|cFFFFD200Zone:|r Tanaan Jungle|n|n",1660,91823,184480,1120425,7,82,1,6,7,0
"Rumor has it that some beasts that were touched by the void exist in a space between this world and the next.","|cFFFFD200Vendor: |rTiffy Trapspring, Giada Goldleash|n|cFFFFD200Zone: |rGarrison",1661,93142,184481,1120427,7,2,2,6,7,0
"Found munching on a blackened bone in the Black Forge of Blackrock Foundry, this pup really seems to warm up to you quickly.","|cFFFFD200Garrison Mission:|r Fiery Friends|n",1662,93143,184482,1120426,7,2,0,6,7,0
"These playful little riverbeasts enjoy scooping up a large mouthful of water and then spitting it at one another.","|cFFFFD200Drop:|r Fel-Touched Pet Supplies|n|cFFFFD200Zone:|r Tanaan Jungle|n",1663,93352,187555,979220,7,2,0,6,7,0
"Once a holy artifact used by draenei priests to calm spirits, it has become animated by anguished souls and drawn to locations of death and corruption.","|cFFFFD200Drop:|r Fel-Touched Pet Supplies|n|cFFFFD200Zone:|r Tanaan Jungle|n",1664,93483,185055,133706,5,2,4,41,7,0
"These crabs have developed an advanced form of camouflage that causes their skin to appear translucent.","|cFFFFD200Vendor: |rGalissa Sundew|n|cFFFFD200Zone: |rDarkmoon Island",1665,93808,185591,237176,8,2,2,6,7,0
"This fish doesn't seem to respond to your commands at all, or notice that you're there, really.","|cFFFFD200Vendor: |rGalissa Sundew|n|cFFFFD200Zone: |rDarkmoon Island",1666,93814,185601,237308,8,146,2,6,7,0
,,1671,94601,0,841219,9,9264,-1,6,7,0
"There is very little difference between a corrupted nest guardian and an omelette chef.","|cFFFFD200Drop:|r Shadow-Lord Iskar|n|cFFFFD200Zone:|r Hellfire Citadel|n",1672,94623,187532,1117883,9,2,0,35,7,0
,,1673,94637,0,841219,7,9264,-1,6,7,0
,,1674,94638,0,841219,7,9264,-1,6,7,0
,,1675,94639,0,841219,3,9264,-1,6,7,0
,,1676,94640,0,841219,2,9264,-1,6,7,0
,,1677,94641,0,841219,8,9264,-1,6,7,0
,,1678,94642,0,841219,6,9264,-1,6,7,0
,,1679,94643,0,841219,8,9264,-1,6,7,0
,,1680,94644,0,841219,5,9264,-1,6,7,0
,,1681,94645,0,841219,2,9264,-1,6,7,0
,,1682,94646,0,841219,5,9264,-1,6,7,0
,,1683,94647,0,841219,9,9264,-1,6,7,0
,,1684,94648,0,841219,0,9264,-1,6,7,0
,,1685,94649,0,841219,0,9264,-1,6,7,0
,,1686,94650,0,841219,6,9264,-1,6,7,0
"Who would leave such a cute shark behind? The Iron Horde truly has no soul.","|cFFFFD200Garrison Mission:|r Orphaned Aquatic Animal Rescue|n",1687,94867,188084,294472,8,2,0,6,7,0
"First created in the presence of Highmaul runes, this tiny manafiend really packs a punch!","|cFFFFD200Drop: |rPugg|n|cFFFFD200Zone: |rNagrand",1766,98237,193588,237227,5,2,0,6,7,0
"Found wandering in a small blizzard, this lost goren carries a mining pick to show that he is a jack of all trades.","|cFFFFD200Vendor: |rTrader Araanda|n|cFFFFD200Zone: |rLunarfall|n|cFFFFD200Cost: |r1000|TINTERFACE\MONEYFRAME\UI-GOLDICON.BLP:0|t|n|n|cFFFFD200Vendor: |rTrader Darakk|n|cFFFFD200Zone: |rFrostwall|n|cFFFFD200Cost: |r1000|TINTERFACE\MONEYFRAME\UI-GOLDICON.BLP:0|t",1688,94927,188235,1003743,0,2,2,6,7,0
"A small amount of Cyrukh burns everlasting within this portion of the Cipher. Best keep it close to you.","|cFFFFD200Treasure: |rForgotten Shard of the Cipher|n|cFFFFD200Zone: |rTanaan Jungle",1690,95572,189357,1135365,6,2,0,36,7,0
"This young stalker was easily swayed from Sargeras' grasp by a handful of Magical Mini-Treats.","|cFFFFD200Promotion:|r Legion Collector's Edition",1691,95841,190020,1129035,4,82,7,6,7,0
"Pets often look a lot like their owners, which is especially true if the owner was a saberon.","|cFFFFD200Vendor: |rZ'tenga the Walker|n|cFFFFD200Zone: |rTanaan Jungle|n|cFFFFD200Faction: |rThe Saberstalkers - Revered|n|cFFFFD200Cost: |r1500|TInterface\ICONS\INV_misc_blacksaberonfang.blp:0|t",1692,96126,190682,132242,7,2,2,6,7,0
"Arakkoa sun worship has resulted in the creation of some strange and monstrous minions.","|cFFFFD200Vendor: |rDawn-Seeker Krisek|n|cFFFFD200Zone: |rTanaan Jungle|n|cFFFFD200Faction: |rOrder of the Awakened - Exalted",1693,96123,190681,526578,2,2,2,34,7,0
"Strega the Hag enchanted her cauldron to prevent it from tipping over and spilling hot soup.  She never expected it to achieve sentience and attempt to murder her.","|cFFFFD200Profession:|r Legion Enchanting|n|cFFFFD200Formula:|r Enchanted Cauldron",1699,96403,191071,1379178,5,2,3,37,7,0
"Strega the Hag didn't like carrying her own torches.  One quick enchantment, and the thing would dutifully follow her into the night.","|cFFFFD200Profession:|r Legion Enchanting|n|cFFFFD200Formula:|r Enchanted Torch",1700,96404,191072,1379180,5,2,3,39,7,0
"Strega the Hag, tired of writing thank you notes, used her magic to automate the task.  Unfortunately, the pen had a dark side and all the recipients received strongly worded letters...","|cFFFFD200Profession:|r Legion Enchanting|n|cFFFFD200Formula:|r Enchanted Pen",1701,96405,191073,1379179,5,2,3,39,7,0
"You saved him, but maybe he saved you.","|cFFFFD200Quest: |rGrumpy|n|cFFFFD200Zone: |rVal'sharah",1705,96622,186299,877481,7,2,1,6,7,0
"This little guy has had a rough start at life, be sure to take good care of him.","|cFFFFD200Quest:|r Adopting the Adorable|n|cFFFFD200Zone:|r Val'Sharah",1706,96649,191425,446127,7,2,1,6,7,0
"Many sailors believe that harming an albatross will bring terrible luck upon their voyage.","|cFFFFD200Pet Battle: |rAzsuna, Stormheim",1708,97018,0,464160,2,26,4,6,7,0
"While other species of birds take turns leading the flock during migration, the kingfeather always remains in the lead.  Whether this is an effort to help the rest of the flock conserve energy or out of dominance remains unknown.","|cFFFFD200Pet Battle:|r Azsuna|n",1709,97076,0,1392564,2,26,4,6,7,0
"Always in its brother's shadow.","|cFFFFD200Pet Battle:|r Azsuna|n",1710,97078,0,1392564,2,26,4,6,7,0
"A very rare bird, but this one was intrusted to you.","|cFFFFD200Quest: |rEmpty Nest|n|cFFFFD200Zone: |rHighmountain",1711,97079,193680,132172,2,2,1,6,7,0
"These birds often prey on turtles by dropping them from great heights to break open their shell.","|cFFFFD200Pet Battle: |rStormheim",1712,97080,0,1392564,2,26,4,6,7,0
"Its eyesight is better than its hearing.","|cFFFFD200Pet Battle: |rHighmountain, Stormheim",1713,97118,0,1387709,2,26,4,6,7,0
"Its sharp eyes can spot a snowshoe rabbit in a snowstorm.","|cFFFFD200Pet Battle: |rHighmountain",1714,97126,0,1387709,2,26,4,6,7,0
"These creatures can hunt in almost pure darkness.","|cFFFFD200Vendor: |rDraemus|n|cFFFFD200Zone: |rDalaran|n|cFFFFD200Cost: |r100|Hitem:163036|h|TInterface\ICONS\INV_Currency_PetBattle.BLP:0|t|h",1715,97127,194393,1387709,2,26,2,6,7,0
"A young companion in need of training.","|cFFFFD200Vendor: |rMarin Bladewing|n|cFFFFD200Zone: |rAzsuna|n|cFFFFD200Faction: |rThe Wardens - Revered|n|cFFFFD200Cost: |r500|TINTERFACE\MONEYFRAME\UI-GOLDICON.BLP:0|t",1716,97128,210669,1387709,2,2,2,6,7,0
"What was once a great enemy is now an adorable friend!","|cFFFFD200Vendor: |rFirst Arcanist Thalyssra|n|cFFFFD200Zone: |rSuramar|n|cFFFFD200Faction: |rThe Nightfallen - Revered|n|cFFFFD200Cost: |r500|TINTERFACE\MONEYFRAME\UI-GOLDICON.BLP:0|t",1717,97174,210671,1387707,5,2,2,399,398,0
"What are YOU looking at?!","|cFFFFD200Order Hall:|r Dreadscar Rift, The Fel Hammer",1718,97178,210672,1387707,5,18,4,39,7,0
"Hello. Is it me you're looking for?","|cFFFFD200Drop: |rFelsoul Inquisitor|n|cFFFFD200Zone: |rSuramar",1719,97179,210673,1387707,5,10,0,39,7,0
"The great-great-great-great-great granddaughter of Senegos.","|cFFFFD200Quest: |rOn the Brink|n|cFFFFD200Zone: |rAzsuna",1720,97207,193388,134155,1,66,1,6,7,0
"Its scales are electrified, making it exceedingly tricky to cuddle.","|cFFFFD200Drop: |rStormwing Matriarch|n|cFFFFD200Zone: |rStormheim",1721,97205,193514,134158,1,2,0,6,7,0
"Beautiful dreamer, wake unto me, Starlight and dewdrops are waiting for thee.","|cFFFFD200Pet Battle: |rThe Emerald Nightmare",1722,97206,210674,134157,1,26,4,6,7,0
"What's a little corruption between friends?","|cFFFFD200Drop: |rYsondre|n|cFFFFD200Zone: |rThe Emerald Nightmare",1723,112015,210675,1354171,1,2,0,6,7,0
"Grumplings are created when the tears of a kidnapped child fall upon a mound of new snow.","|cFFFFD200World Event:|r Feast of Winter Veil",1725,97229,191967,1245298,0,2,6,6,7,0
"The front legs of this spider are almost indestructable, allowing it to burrow into almost any surface.","|cFFFFD200Pet Battle: |rHighmountain",1726,97236,0,132196,7,26,4,6,7,0
,,1770,98294,0,134060,7,48,-1,6,7,0
,,1771,98295,0,877476,7,48,-1,6,7,0
"Why is it called a nursery spider? Does it prefer to lurk in nurseries? Why would it do that? What does it do there? Oh, dear! Someone check on the kids!","|cFFFFD200Vendor: |rBreanni|n|cFFFFD200Zone: |rDalaran|n|cFFFFD200Cost: |r200|TINTERFACE\MONEYFRAME\UI-GOLDICON.BLP:0|t|n|n|cFFFFD200Vendor: |rBreanni|n|cFFFFD200Zone: |rCrystalsong Forest|n|cFFFFD200Cost: |r200|TINTERFACE\MONEYFRAME\UI-GOLDICON.BLP:0|t",1727,97238,194357,236551,7,2,2,6,7,0
"Juvenile describes this scuttleback's age, not its maturity.","|cFFFFD200Pet Battle: |rAzsuna, Eye of Azshara",1728,97283,0,132186,8,26,4,6,7,0
"Olivetail is a bit of misnomer, as its whole body is just brown...","|cFFFFD200Pet Battle: |rAzsuna, Eye of Azshara",1729,97294,0,254857,4,26,4,6,7,0
"As if a mine full of non-ghost spiders wasn't scary enough.","|cFFFFD200World Event:|r Hallow's End|n",1730,97324,0,236551,3,26,6,6,7,0
"It's just like a regular spider, but fel.","|cFFFFD200Pet Battle: |rAzsuna, Highmountain",1731,97323,0,134321,7,26,4,6,7,0
"On very rare occasions glowflies synchronize their flashing creating a spectacular sight for any adventurer lucky enough to catch this phenomenon.","|cFFFFD200Pet Battle: |rVal'sharah",1734,97511,0,236196,2,26,4,6,7,0
"The terror larva seeks a host to feed on their dreams and terrors. Soon the larva will grow into the host's worst fears.","|cFFFFD200Pet Battle: |rVal'sharah",1735,97531,0,134895,7,26,4,6,7,0
"These snakes are extraordinarily docile creatures.  However, they blend with their environment so well that many adventurers tread too closely to a nest.  Most bites result from totally avoidable incidents.","|cFFFFD200Pet Battle: |rAzsuna, Stormheim, Val'sharah",1736,97542,0,136040,7,26,4,6,7,0
"Vale flitter normally have incredibly long lifespans.  That was until people found use for them in pet battles.","|cFFFFD200Pet Battle: |rVal'sharah",1737,97547,0,236193,2,26,4,6,7,0
"Is it three white stripes on a brown tail, or two brown stripes on a white tail?","|cFFFFD200Pet Battle: |rVal'sharah",1738,97555,0,646059,4,26,4,6,7,0
"Striders glow brightest during spring, hence the name.","|cFFFFD200Pet Battle: |rVal'sharah",1739,97559,0,643423,8,26,4,6,7,0
"If a live maggot eats the dead, what does an undead maggot eat?","|cFFFFD200World Event:|r Hallow's End|n",1740,97569,0,648918,3,26,6,6,7,0
"By far the best way to spread the plague of undeath.","|cFFFFD200World Event:|r Hallow's End|n",1741,97568,0,515993,3,26,6,6,7,0
,,1742,97690,0,1387710,0,1072,-1,6,7,0
"Often it is red-footed after it catches its prey.","|cFFFFD200Pet Battle: |rHighmountain, Stormheim",1743,97741,0,462532,7,26,4,33,7,0
"It disappears as quietly and mysteriously as the mist.","|cFFFFD200Pet Battle: |rHighmountain, Stormheim",1744,97743,0,797544,7,26,4,33,7,0
,,1745,97818,0,656576,7,48,-1,6,7,0
,,1746,97823,0,236193,2,48,-1,6,7,0
,,1748,97826,0,132196,7,48,-1,6,7,0
"The last thing you'll see is a streak of red.","|cFFFFD200Pet Battle: |rStormheim",1749,97840,0,133262,7,26,4,6,7,0
"It's more cute than spooky.","|cFFFFD200Pet Battle: |rStormheim",1750,97952,0,236548,3,26,4,6,7,0
"Like father, like son.","|cFFFFD200World Event:|r WoW Remix: Legion",1751,98004,193279,135705,7,16466,6,6,7,0
"Oddly, he was named Crispin even before the incident.","|cFFFFD200Drop: |rTenpak Flametotem|n|cFFFFD200Zone: |rHighmountain",1752,98077,193368,133944,4,2,0,6,7,0
"When a helsquid has devoured most of the food in any area, it can return to its polyp form and begin life anew.","|cFFFFD200Drop: |rSoulthirster|n|cFFFFD200Zone: |rHelheim",1753,98116,193434,970806,8,2,0,6,7,0
"Dalaran's drainage is not as good as you think.","|cFFFFD200Vendor:|r Laura Malley|n|cFFFFD200Zone:|r Dalaran Sewers|n|cFFFFD200Cost:|r 250|TINTERFACE\ICONS\ACHIEVEMENT_KIRINTOR_OFFENSIVE.BLP:0|t|n",1754,98128,210677,970806,8,2,2,6,7,0
"Once its tentacles take hold there is no escape, much like its love for you.","|cFFFFD200Vendor: |rDraemus|n|cFFFFD200Zone: |rDalaran|n|cFFFFD200Cost: |r50|Hitem:163036|h|TInterface\ICONS\INV_Currency_PetBattle.BLP:0|t|h",1755,98132,194330,970806,8,2,2,6,7,0
"He loves to play in the mud! Then he likes to give you a hug!","|cFFFFD200Profession:|r Legion Alchemy",1756,98172,210678,1044799,7,2,4,6,7,0
,"|cFFFFD200Pet Battle:|r ",1757,98181,210679,1044799,7,50,4,6,7,0
,"|cFFFFD200Pet Battle:|r ",1758,98182,210680,1044799,7,50,4,6,7,0
"The formula had a bit too much... purple.","|cFFFFD200Profession:|r Legion Alchemy",1759,98183,210681,1044799,7,2,4,6,7,0
"Even piglets are not safe from the Legion's corruption.  Although, this one seems harmless enough.","|cFFFFD200Vendor: |rDraemus|n|cFFFFD200Zone: |rDalaran|n|cFFFFD200Cost: |r200|Hitem:163036|h|TInterface\ICONS\INV_Currency_PetBattle.BLP:0|t|h",1760,98185,194294,1240370,7,2,2,6,7,0
"Most bats are not blind, except this one.  This one is blind.","|cFFFFD200Pet Battle: |rHighmountain",1761,88542,0,132182,2,26,4,6,7,0
"Never say ""oink"" in its presence.","|cFFFFD200Pet Battle: |rHighmountain",1762,98192,0,132182,2,26,4,6,7,0
"Its traveled all the way from New Beavertown.","|cFFFFD200Pet Battle: |rHighmountain",1763,98211,0,645526,7,26,4,6,7,0
"Energized by the ogre-mages of Highmaul, this mana-hungry creature will drain you dry before you know it.","|cFFFFD200Drop: |rRukdug|n|cFFFFD200Zone: |rNagrand",1764,98236,193572,237228,5,2,0,6,7,0
,,1772,98296,0,1044482,7,48,-1,6,7,0
"Mages seek these manafiends to absorb their ley energies.","|cFFFFD200Pet Battle: |rAzsuna",1773,98385,0,135735,5,26,4,6,7,0
"Once a manafiend consumes enough ley energy, it becomes more aggressive and twisted.  Approach with extreme caution.","|cFFFFD200Pet Battle: |rAzsuna",1774,98386,0,1391780,5,26,4,6,7,0
"Even in its juvenile stage, this crab's pincers can break bone.","|cFFFFD200Pet Battle: |rHighmountain",1775,98428,0,132186,8,26,4,6,7,0
"Guess what its bed is. A piece of bread.","|cFFFFD200Pet Battle: |rHighmountain",1776,98446,0,442735,4,26,4,6,7,0
"I am Broot.","|cFFFFD200Order Hall:|r The Dreamgrove",1777,98463,193943,874857,6,82,0,6,7,0
"This very elusive creature likes to hide in places where many adventurers don't frequently travel.","|cFFFFD200Pet Battle:|r Dalaran",1778,98506,0,132331,4,26,4,6,7,0
,,1780,98595,0,254857,4,32,4,6,7,0
,,1781,98593,0,132186,8,32,4,6,7,0
,,1782,98592,0,134048,3,32,0,6,7,0
,,1787,99017,0,874857,6,32,-1,6,7,0
,,1788,99016,0,132833,2,32,-1,6,7,0
,,1789,99015,0,133939,6,32,-1,6,7,0
,,1790,99085,0,133798,3,2080,-1,6,7,0
,,1791,99086,0,838549,5,32,-1,6,7,0
,,1792,99084,0,132172,2,32,-1,6,7,0
,,1793,99156,0,294475,4,32,-1,6,7,0
,,1794,99151,0,897633,9,32,-1,6,7,0
,,1795,99186,0,615479,0,32,-1,6,7,0
,,1796,99185,0,132200,2,32,-1,6,7,0
,,1797,99187,0,134154,1,32,-1,6,7,0
,,1798,99158,0,804966,8,32,-1,6,7,0
,,1799,99245,0,656556,0,32,-1,6,7,0
,,1800,99239,0,132186,8,32,-1,6,7,0
,,1801,99243,0,464160,2,32,-1,6,7,0
"After a long night out mages find that their water elementals smell a bit off.","|cFFFFD200Drop: |rPollous the Fetid|n|cFFFFD200Zone: |rVal'sharah",1802,99394,195368,132886,6,2,0,6,7,0
"Leaving the forest to see the world, which must look so much bigger to such a little guy.","|cFFFFD200Drop:|r Dreamweaver Provisions|n",1803,99389,195369,463540,0,2,0,41,7,0
"Eternally cute.","|cFFFFD200Drop: |rDarkshade|n|cFFFFD200Zone: |rVal'sharah",1804,99403,195370,132225,3,2,0,6,7,0
"For Sale: Slightly used Alarm-o-Bot. Rebuilt and refurbished. Still annoying.","|cFFFFD200Vendor: |rDraemus|n|cFFFFD200Zone: |rDalaran|n|cFFFFD200Cost: |r200|Hitem:163036|h|TInterface\ICONS\INV_Currency_PetBattle.BLP:0|t|h",1805,99425,210682,133001,9,2,2,6,7,0
"Don't want to break the bank on that new robot? Have a little helper at half the cost! Come down to Goblin Experimental Engineering Korporation and put in your order! All sales final.","|cFFFFD200Drop:|r Blingtron 6000 Gift Package|n",1806,99505,210683,1005279,9,2,0,39,7,0
"You can identify the cruelest and most vicious of the brood by their reddish hue.","|cFFFFD200Pet Battle: |rSuramar",1807,99513,0,1387708,7,26,4,6,7,0
"When demons, nightmares, and magic collide!","|cFFFFD200Treasure:|r Suramar|n",1808,99526,210691,1387708,7,2,3,6,7,0
"Its proximity to crystalline mana clusters has hardened this broodlings body to an almost rocklike state.","|cFFFFD200Pet Battle: |rSuramar",1809,99527,0,1387708,7,26,4,6,7,0
"These creatures have developed a chitin armor around its fangs, legs and abdomen.","|cFFFFD200Pet Battle: |rSuramar",1810,99528,0,1387708,7,26,4,6,7,0
,,1811,98572,0,1006111,6,1072,-1,6,7,0
,,1815,99742,0,526578,6,1072,-1,6,7,0
,,1816,99856,0,254109,6,1072,-1,6,7,0
,,1817,99874,0,254109,5,1072,-1,6,7,0
,,1818,99876,0,254109,9,1072,-1,6,7,0
"An intelligent ape that claims he is from 'the moon'. Does he mean the White Lady, or the Blue Child?","|cFFFFD200Promotion:|r Overwatch Origins Edition or Collector's Edition|n",1828,103159,204148,1303199,0,82,7,6,7,0
,,1840,104558,0,442735,4,32,-1,6,7,0
,,1841,104559,0,442735,4,32,-1,6,7,0
,,1842,104560,0,442735,4,32,-1,6,7,0
,,1843,104782,0,1279720,7,9264,-1,6,7,0
,,1846,104972,0,237513,5,32,-1,6,7,0
,,1847,104975,0,460856,0,32,-1,6,7,0
,,1848,104978,0,133941,6,32,-1,6,7,0
,,1849,104992,0,136199,5,1056,-1,6,7,0
,,1850,105009,0,463540,0,9248,-1,6,7,0
,,1851,105090,0,294481,6,32,-1,6,7,0
,,1852,105087,0,525026,6,32,-1,6,7,0
,,1853,105086,0,1044088,6,32,-1,6,7,0
,,1855,105241,0,647701,4,1072,4,6,7,0
,,1857,105260,0,667690,2,32,4,6,7,0
,,1860,105318,0,236551,7,32,4,6,7,0
,,1861,105319,0,132182,2,32,4,6,7,0
,,1862,105320,0,801475,7,32,0,6,7,0
,,1863,105353,0,237228,5,32,5,6,7,0
,,1864,105356,0,237230,5,32,5,6,7,0
,,1865,105355,0,237227,5,32,5,6,7,0
,,1866,105389,0,132276,7,32,-1,6,7,0
,,1867,105391,0,620829,7,32,-1,6,7,0
,,1868,105453,0,132123,3,32,4,6,7,0
,,1869,105454,0,134048,3,32,0,6,7,0
,,1870,105452,0,627487,6,32,-1,6,7,0
,,1871,105499,0,851119,3,32,-1,6,7,0
,,1872,105500,0,1349535,3,32,-1,6,7,0
,,1873,105675,0,798062,9,32,-1,6,7,0
,,1874,105677,0,134324,4,32,-1,6,7,0
,,1875,105678,0,804968,8,32,-1,6,7,0
,,1877,105782,0,1387707,5,32,-1,6,7,0
,,1878,105783,0,1387707,5,32,-1,6,7,0
,,1879,105784,0,1387707,5,32,-1,6,7,0
,,1880,105840,0,136118,3,1074,-1,6,7,0
,,1881,105841,0,1129435,0,1056,7,6,7,0
,,1882,105842,0,377270,1,1056,0,6,7,0
,,1883,105898,0,1391617,8,1056,0,6,7,0
"Isn't baby elderhorn an oxymoron?","|cFFFFD200Vendor: |rRansa Greyfeather|n|cFFFFD200Zone: |rHighmountain|n|cFFFFD200Faction: |rHighmountain Tribe - Revered|n|cFFFFD200Cost: |r500|TINTERFACE\MONEYFRAME\UI-GOLDICON.BLP:0|t",1884,106152,210694,1387706,7,2,2,6,7,0
"Val'kyr are considered ""sunborne"" when they are honored in the presence of Odyn.","|cFFFFD200Vendor: |rValdemar Stormseeker|n|cFFFFD200Zone: |rStormheim|n|cFFFFD200Faction: |rValarjar - Revered|n|cFFFFD200Cost: |r500|TINTERFACE\MONEYFRAME\UI-GOLDICON.BLP:0|t",1885,106181,210695,1349535,0,2,2,6,7,0
"Ever wanted to cuddle with a gun? Introducing Trigger, the Cuter Shooter.","|cFFFFD200Profession:|r Legion Engineering|n",1886,106210,210696,1336885,9,2,3,6,7,0
"In his home realm, he commanded an army of ten million demons. Now his power is yours to command. Go make him fight a chicken!","|cFFFFD200Profession:|r Archaeology",1887,106232,210697,1387710,0,2,3,6,7,0
"How the Mad Merchant got his hands on one of these otherworldly creatures is unknown. What we do know is, he knows it's valuable.","|cFFFFD200Vendor:|r The Mad Merchant|n",1888,106270,210698,1338948,5,18,2,6,7,0
"A felbat's fire never burns its master.","|cFFFFD200World Event:|r Legion Invasion|n",1889,106278,210699,1338893,2,2,4,6,7,0
"His tiny legs make him more aerodynamic.","|cFFFFD200Vendor: |rHistorian Ma'di|n|cFFFFD200Zone: |rTanaris|n|cFFFFD200Cost: |r200|Hcurrency:1166|h|TInterface\ICONS\PVECurrency-Justice.blp:0|t|h",1890,106283,210701,1339013,7,18,2,6,7,0
,,1891,106417,0,669468,6,9248,4,6,7,0
,,1892,106422,0,656556,0,32,4,6,7,0
,,1893,106423,0,656556,0,32,4,6,7,0
,,1894,106424,0,656556,0,32,4,6,7,0
,,1895,106525,0,1387709,2,32,4,6,7,0
,,1896,106535,0,515993,4,32,4,6,7,0
,,1897,106553,0,133740,5,32,4,6,7,0
,,1898,106554,0,236548,3,32,4,6,7,0
,,1899,106555,0,236193,2,32,4,6,7,0
"He may not be the fastest snail, but he has the heart of a champion.","|cFFFFD200Achievement:|r Zoom!",1903,107206,0,1100022,4,82,5,6,7,0
,,1904,107491,0,1339013,7,32,-1,6,7,0
,,1905,107492,0,1339013,7,32,-1,6,7,0
,,1906,107493,0,1044792,6,32,-1,6,7,0
"No size jokes, please.","|cFFFFD200Drop: |rGorebeak|n|cFFFFD200Zone: |rVal'sharah",1907,108568,215560,1029736,2,2,0,6,7,0
"These fast and nimble swimmers are highly desired by pet collectors. Though they can appear friendly, their tail stinger can kill on contact.","|cFFFFD200Vendor: |rConjurer Margoss|n|cFFFFD200Zone: |rDalaran|n|cFFFFD200Faction: |rConjurer Margoss - Friendly|n|cFFFFD200Cost: |r50|TINTERFACE\ICONS\INV_ELEMENTAL_PRIMAL_WATER.BLP:0|t",1911,109216,217218,1387376,8,2,2,6,7,0
"Mmm... Pizza!","|cFFFFD200Pet Battle: |rDalaran",1912,110666,0,656341,8,26,4,6,7,0
"Now, where are its parents? You monster.","|cFFFFD200Pet Battle: |rVal'sharah",1913,110741,0,1383844,4,26,4,6,7,0
"It enjoys long walks on the beach.","|cFFFFD200Pet Battle: |rAzsuna, Eye of Azshara, Suramar",1914,110826,0,838694,2,26,4,6,7,0
"Do you see how they run?","|cFFFFD200Pet Battle: |rDalaran Sewers",1915,111158,0,134324,4,26,4,6,7,0
"This creature was once a normal beaver, but was struck by lightning, a stormwing drake's breath, and a rock all at the same time.","|cFFFFD200Pet Battle: |rStormheim",1917,111172,0,796787,6,26,4,6,7,0
"Its friends call it ""Slappy.""","|cFFFFD200Treasure: |rElementium Fragment|n",2092,127954,253928,538042,6,2,0,34,7,0
"Maybe a bit too enthusiastic.","|cFFFFD200PvP:|r Honor Level 20 Reward|n|n|cFFFFD200Vendor: |rCaptain Roberts|n|cFFFFD200Zone: |rDalaran|n|cFFFFD200Cost: |r500|TINTERFACE\MONEYFRAME\UI-GOLDICON.BLP:0|t|n|n|cFFFFD200Vendor: |rMarshal Frazer|n|cFFFFD200Zone: |rTiragarde Sound|n|cFFFFD200Cost: |r500|TINTERFACE\MONEYFRAME\UI-GOLDICON.BLP:0|t|n|n|cFFFFD200Vendor: |rKnight-Captain Jessica|n|cFFFFD200Zone: |rStormwind City|n|cFFFFD200Cost: |r500|TINTERFACE\MONEYFRAME\UI-GOLDICON.BLP:0|t",1918,111202,221684,1387710,0,131666,5,6,7,0
"Puts the fan in fanatic!","|cFFFFD200PvP:|r Honor Level 20 Reward|n|n|cFFFFD200Vendor: |rSarah the Savage|n|cFFFFD200Zone: |rDalaran|n|cFFFFD200Cost: |r500|TINTERFACE\MONEYFRAME\UI-GOLDICON.BLP:0|t|n|n|cFFFFD200Vendor: |rViolet Shadowmend|n|cFFFFD200Zone: |rZuldazar|n|cFFFFD200Cost: |r500|TINTERFACE\MONEYFRAME\UI-GOLDICON.BLP:0|t|n|n|cFFFFD200Vendor: |rLegionnaire Voladis|n|cFFFFD200Zone: |rOrgrimmar|n|cFFFFD200Cost: |r500|TINTERFACE\MONEYFRAME\UI-GOLDICON.BLP:0|t",1919,111296,221683,1387710,0,131410,5,6,7,0
"When alchemy goes wrong... So, so, wrong.","|cFFFFD200Profession:|r Legion Alchemy|n",1920,111425,221906,463532,5,2,3,33,7,0
"A wyrmlings temperment hinges primarily on how long its been since its fed on mana. Remember to feed your pets.","|cFFFFD200Quest: |rBalance to Spare|n|cFFFFD200Zone: |rSuramar",1921,111423,221907,132841,5,2,1,6,7,0
"It's a bird! It's a cat! It's... biting me...","|cFFFFD200Quest: |rYou've Got to Be Kitten Me Right Meow|n|cFFFFD200Zone: |rSuramar",1922,111421,221908,132116,7,2,1,6,7,0
"Thousands of years ago, ten magisters were exiled from Highborne society for seeking power in the corrupting darkness. In the wilds, they found hunger, desperation, and Kosumoth.","|cFFFFD200Drop:|r Kosumoth the Hungering|n",1926,111984,223027,537022,5,2,0,6,7,0
"One of Ash'alah's litter, entrusted to you by the Dreamweavers.","|cFFFFD200Vendor: |rSylvia Hartshorn|n|cFFFFD200Zone: |rVal'sharah|n|cFFFFD200Faction: |rDreamweavers - Revered|n|cFFFFD200Cost: |r500|TINTERFACE\MONEYFRAME\UI-GOLDICON.BLP:0|t",1927,17254,30152,132267,7,66,2,6,7,0
"Fire it up!","|cFFFFD200Mission:|r Friends, Not Food|n",1928,112132,223339,1338893,2,66,10,6,7,0
"True royalty among Corgis.","|cFFFFD200Mission:|r It's so FLUFFY!|n",1929,112144,223359,1339013,7,66,10,6,7,0
"Fond of slithering through tight spaces, these sea creatures lurk in the wreckage of sunken ships.","|cFFFFD200Achievement:|r Poor Unfortunate Souls|n",1930,112167,223409,133897,8,82,4,6,7,0
"Ghosts are voracious readers.","|cFFFFD200Vendor: |rVeridis Fallon|n|cFFFFD200Zone: |rAzsuna|n|cFFFFD200Faction: |rCourt of Farondis - Revered|n|cFFFFD200Cost: |r500|TINTERFACE\MONEYFRAME\UI-GOLDICON.BLP:0|t",1931,112728,224403,355498,5,2,2,6,7,0
"A lasher by any other name would smell as sweet.","|cFFFFD200Order Hall:|r The Dreamgrove",1932,112798,224536,959797,6,18,4,6,7,0
"Didn't play nice with the other plants in the nursery.","|cFFFFD200Achievement: |rFamily Familiar|n|cFFFFD200Category: |rBattle",1933,112945,224786,1357816,6,82,5,6,7,0
"Younger brother to Anax.  Big brother to Cenax and Denax.","|cFFFFD200Drop: |rAnax|n|cFFFFD200Zone: |rSuramar",1934,113136,225200,804967,8,2,0,6,7,0
"During a special time of year, a secretive clan of murlocs often sends young tadpoles out to explore, adventure, and begin their tale.","|cFFFFD200Pet Battle: |rThe Great Sea",1935,113440,0,1450884,0,26,4,6,7,0
"This ferocious feline followed the fel forces into Azeroth during the Legion's return.","|cFFFFD200In-Game Shop|r|n",1936,113527,225761,1411879,7,82,9,6,7,0
"A magical wisdom-filled head in a ball bearing Khadgar's visage, it can only answer questions with a few phrases.","|cFFFFD200Quest:|r Enemies Everywhere|n",1937,113827,226682,1129713,5,146,1,6,7,0
"With enough of your love, and tiny milk bottles, she will grow strong enough to rejoin the wild.","|cFFFFD200Achievement: |rBroken Isles Safari|n|cFFFFD200Category: |rCollect",1938,113855,226813,1383844,4,82,5,6,7,0
"A proud supporter of the Horde, this tiny murloc left his clutch to seek out blue-clad foes to slay.","|cFFFFD200Promotion:|r BlizzCon 2016",1939,113984,227051,1411890,0,338,7,6,7,0
"A tiny admirer of the Alliance, this courageous murloc made his own sword and shield to slay red-clad foes.","|cFFFFD200Promotion:|r BlizzCon 2016|n",1940,113983,227052,1411878,0,594,7,6,7,0
"A pup of Thrall's frostwolf, Snowsong, besting her in combat has earned you a lifelong companion.","|cFFFFD200Pet Battle:|r Snowfang|n",1941,114063,227093,1488892,7,18,4,6,7,0
"Why do bunnies lay eggs?","|cFFFFD200World Event:|r Noblegarden|n|cFFFFD200Vendor: |rNoblegarden Merchant|n|cFFFFD200Cost: |r200|TINTERFACE\ICONS\Achievement_Noblegarden_Chocolate_Egg:0|t",1943,33975,227113,254858,4,2,6,6,7,0
"Who's ready for a hot stone massage?","|cFFFFD200World Event:|r Midsummer Fire Festival|n|cFFFFD200Vendor: |rMidsummer Merchant, Midsummer Supplier|n|cFFFFD200Cost: |r350|TINTERFACE\ICONS\INV_SummerFest_FireFlower:0|t",1949,114543,0,1020381,6,2,6,36,7,0
"Deep beneath the Argent Tournament grounds a clutch of eggs belonging to mates Acidmaw and Dreadscale was found.","|cFFFFD200Drop: |rIcehowl|n|cFFFFD200Zone: |rTrial of the Crusader",1952,115135,229090,236197,7,2050,0,6,7,0
"Really much more tolerable when he's not riding on your head.","|cFFFFD200Drop: |rIcehowl|n|cFFFFD200Zone: |rTrial of the Crusader",1953,115136,229091,134168,0,2,0,6,7,0
"Thousands of these skittering nightmares swarm underneath Northrend to this day.","|cFFFFD200Drop: |rAnub'arak|n|cFFFFD200Zone: |rTrial of the Crusader",1954,115137,229092,236463,3,2,0,6,7,0
"In the eternal balance of frost and fire, the raging flames fuel many aggressive fronts.","|cFFFFD200Drop: |rIgnis the Furnace Master|n|cFFFFD200Zone: |rUlduar",1955,115138,229093,236297,6,2,0,6,7,0
"The denizens of Ulduar transformed even small whelps into ironclad monstrosities.","|cFFFFD200Drop: |rRazorscale|n|cFFFFD200Zone: |rUlduar",1956,115139,229094,298670,1,2,0,34,7,0
," ",2144,129253,256010,1722953,7,32,0,6,7,0
"The runeforged sentries of Ulduar march endlessly without the need for rest or recharging.","|cFFFFD200Drop: |rIron Council|n|cFFFFD200Zone: |rUlduar",1957,115140,229095,254109,9,2,0,6,7,0
"Rub its belly more than twice and you're just asking to be pounced on.","|cFFFFD200Drop: |rAuriaya|n|cFFFFD200Zone: |rUlduar",1958,115141,229096,133236,5,2050,0,6,7,0
"In the eternal balance of frost and fire, the stolid ice forms a defense without measure.","|cFFFFD200Treasure: |rCache of Winter|n|cFFFFD200Zone: |rUlduar",1959,115142,229097,135988,6,2,0,6,7,0
"Glowing from within, these sprouts have been blessed with a gift from Eonar.","|cFFFFD200Treasure:|r Freya's Gift|n|cFFFFD200Zone:|r Ulduar|n",1960,115143,229098,134182,6,2050,0,6,7,0
"The next level of scrapbot technology: pushes the scrap into a heap, then destroys it with flame vents and rockets.","|cFFFFD200Treasure: |rCache of Innovation|n|cFFFFD200Zone: |rUlduar",1961,115144,229099,254102,9,2,0,6,7,0
"There is something deeply unsettling about the tentacle, perhaps it is best not to look at it for too long.","|cFFFFD200Drop: |rYogg-Saron|n|cFFFFD200Zone: |rUlduar",1962,115145,229100,254105,5,2050,0,6,7,0
"A small fragment of Lord Marrowgar, it will NOT stop assaulting your shins.","|cFFFFD200Drop: |rLord Marrowgar|n|cFFFFD200Zone: |rIcecrown Citadel",1963,115146,229101,342917,3,2,0,6,7,0
"It really seems to want to touch you, but why?","|cFFFFD200Treasure: |rDeathbringer's Cache|n|cFFFFD200Zone: |rIcecrown Citadel",1964,115147,229102,1357798,5,2,0,33,7,0
"The eternal answer to the question 'what's that smell?'","|cFFFFD200Drop: |rProfessor Putricide|n|cFFFFD200Zone: |rIcecrown Citadel",1965,115148,229103,348273,3,2050,0,36,7,0
"The Lich King tore the spirits of Sindragosa's lost whelps into undeath in front of her skeletal form as a final affront to the great dragon.","|cFFFFD200Drop: |rSindragosa|n|cFFFFD200Zone: |rIcecrown Citadel",1966,115149,229104,134155,3,2,0,6,7,0
"One of innumerable ghouls summoned by the Lich King in his final battle, left to roam the world for eternity.","|cFFFFD200Drop: |rThe Lich King|n|cFFFFD200Zone: |rIcecrown Citadel",1967,115150,229105,1100170,3,2,0,6,7,0
"An unrepentant soul that was once trapped inside Frostmourne, and now flits restlessly between worlds.","|cFFFFD200Drop: |rThe Lich King|n|cFFFFD200Zone: |rIcecrown Citadel",1968,115152,229106,460857,3,2,0,6,7,0
"In the end, we are all wrought from stardust.","|cFFFFD200Quest: |rA Celestial Invitation|n|cFFFFD200Zone: |rThe Storm Peaks",1969,115158,229110,1338949,5,82,1,33,7,0
,,1971,115308,0,368365,1,48,-1,6,7,0
,,1972,115306,0,1338949,5,48,0,6,7,0
,,1973,115313,0,1338948,5,48,-1,6,7,0
"Snowfeather falcosaur hatchlings instinctively flee to nearby adults when threatened. The species is particularly fond of large prey.","|cFFFFD200NPC:|r Orphaned Snowfeather|n",1974,115784,230073,1332549,2,82,0,6,7,0
"Direbeak falcosaurs are heartier than other falcosaur species, but cannot smell as well. They prefer pungent meals and will often eat carrion that has been sitting in the sun for days.","|cFFFFD200NPC:|r Orphaned Direbeak|n",1975,115785,230074,1332548,2,82,0,6,7,0
"Sharptalon falcosaurs can subsist entirely on a diet of small nuts and berries, and use their talons mostly for defense.","|cFFFFD200NPC:|r Orphaned Sharptalon|n",1976,115786,230075,1332547,2,82,0,6,7,0
"Though they may look fierce, the bloodgazer species of falcosaur has a beak that makes it predisposed to consuming fruits.","|cFFFFD200NPC:|r Orphaned Bloodgazer|n|n",1977,115787,230076,1332546,2,82,0,6,7,0
"After witnessing your heroism in battle, this squire promised you an oath of fealty.","|cFFFFD200PvP:|r Honor Level 5 Reward|n|n|cFFFFD200Vendor: |rCaptain Roberts|n|cFFFFD200Zone: |rDalaran|n|cFFFFD200Cost: |r500|TINTERFACE\MONEYFRAME\UI-GOLDICON.BLP:0|t|n|n|cFFFFD200Vendor: |rMarshal Frazer|n|cFFFFD200Zone: |rTiragarde Sound|n|cFFFFD200Cost: |r500|TINTERFACE\MONEYFRAME\UI-GOLDICON.BLP:0|t|n|n|cFFFFD200Vendor: |rKnight-Captain Jessica|n|cFFFFD200Zone: |rStormwind City|n|cFFFFD200Cost: |r500|TINTERFACE\MONEYFRAME\UI-GOLDICON.BLP:0|t",1978,115918,230443,1498974,0,131794,5,41,7,0
"After witnessing your heroism in battle, this gruntling promised you an oath of fealty.","|cFFFFD200PvP:|r Honor Level 5 Reward|n|n|cFFFFD200Vendor: |rSarah the Savage|n|cFFFFD200Zone: |rDalaran|n|cFFFFD200Cost: |r500|TINTERFACE\MONEYFRAME\UI-GOLDICON.BLP:0|t|n|n|cFFFFD200Vendor: |rViolet Shadowmend|n|cFFFFD200Zone: |rZuldazar|n|cFFFFD200Cost: |r500|TINTERFACE\MONEYFRAME\UI-GOLDICON.BLP:0|t|n|n|cFFFFD200Vendor: |rLegionnaire Voladis|n|cFFFFD200Zone: |rOrgrimmar|n|cFFFFD200Cost: |r500|TINTERFACE\MONEYFRAME\UI-GOLDICON.BLP:0|t",1979,115919,230444,1498975,0,131538,5,41,7,0
,,1981,116077,0,132200,2,48,-1,6,7,0
,,1982,116078,0,132200,2,48,-1,6,7,0
,,1983,116079,0,132200,2,48,-1,6,7,0
"Crysa has collected many exotic avians in her travels, none more rare than this hatchling.","|cFFFFD200Drop:|r Torn Sack of Pet Supplies|n",1984,116080,231017,132200,2,2,0,6,7,0
,,1987,116787,0,132209,2,48,-1,6,7,0
,,1988,116788,0,656553,8,48,-1,6,7,0
,,1989,116786,0,132193,7,48,-1,6,7,0
,,1990,116789,0,132111,7,9264,-1,6,7,0
,,1991,116790,0,237237,7,48,-1,6,7,0
,,1992,116791,0,237179,7,48,-1,6,7,0
,,1993,116792,0,237242,7,48,-1,6,7,0
,,1994,116793,0,237234,7,9264,-1,6,7,0
,,1995,116794,0,136007,5,48,-1,6,7,0
,,1996,116795,0,132371,6,9264,-1,6,7,0
"They say Fleet Admiral Tethys was never without his trusty parrot by his side - or on his shoulder. Tethys could always call him with a whistle.","|cFFFFD200Order Hall:|r Hall of Shadows",1997,116871,232867,1045161,2,18,1,6,7,0
"In the fertile grounds of the Wailing Caverns, nothing truly dies.","|cFFFFD200Drop: |rDamp Pet Supplies|n",1998,117180,233331,571318,6,2,0,6,7,0
"This serpent seems used to being at your side, it may have been the companion of one of the other druids of the fang.","|cFFFFD200Drop: |rDamp Pet Supplies",1999,117182,233333,237237,7,2,0,6,7,0
"Untouched by the deviate corruption seeping through the Wailing Caverns.","|cFFFFD200Drop: |rDamp Pet Supplies",2000,117184,233335,132209,2,2,0,6,7,0
"This tiny robot specializes in drilling, clamping, and shooting lightning out of its brain. A typical gnome invention.","|cFFFFD200Drop:|r Leprous Sack of Pet Supplies|n",2001,117340,233647,1548512,9,2,0,6,7,0
"It's just constantly barfing plague fluid. Where does it come from? Where does it go?","|cFFFFD200World Event:|r Hallow's End|n|cFFFFD200Vendor: |rWoim|n|cFFFFD200Zone: |rTirisfal Glades|n|cFFFFD200Cost: |r150|TINTERFACE\ICONS\achievement_halloween_candy_01:0|t|n|n|cFFFFD200Vendor: |rPippi|n|cFFFFD200Zone: |rStormwind|n|cFFFFD200Cost: |r150|TINTERFACE\ICONS\achievement_halloween_candy_01:0|t|n",2002,117341,233649,1548513,3,2,6,6,7,0
"Crafted by a great and powerful wizard who refused to wear robes with pockets.","|cFFFFD200Achievement: |rMaster of Minions|n|cFFFFD200Category: |rCollect",2003,117343,233650,1551374,6,82,5,400,401,0
"How do you kill that which lives in garbage?","|cFFFFD200Vendor: |rConjuror Margoss|n|cFFFFD200Zone: |rDalaran|n|cFFFFD200Faction: |rConjuror Margoss - Best Friend|n|cFFFFD200Cost: |r50|TINTERFACE\ICONS\INV_ELEMENTAL_MOTE_WATER01:0|t",2004,117371,233805,646059,4,82,2,6,7,0
,,2008,117979,0,254502,5,32,-1,6,7,0
,,2009,117980,0,236407,5,32,0,6,7,0
,,2010,117981,0,135794,6,32,-1,6,7,0
,,2011,117982,0,460856,0,131104,0,6,7,0
,,2012,117983,0,1100177,5,32,0,6,7,0
,,2013,117985,0,136220,0,32,0,6,7,0
,,2014,117986,0,136030,6,32,0,6,7,0
,,2015,117987,0,1100171,8,32,0,6,7,0
,,2016,117988,0,134048,3,32,0,6,7,0
"The infinite dragonflight is far more diverse than most denizens of Azeroth know.","|cFFFFD200Vendor: |rMistweaver Xia|n|cFFFFD200Zone: |rTimeless Isle|n|cFFFFD200Cost: |r2200|Hcurrency:1166|h|TInterface\Icons\pvecurrency-justice.BLP:0|t|h",2017,118060,234555,651733,1,18,2,6,7,0
"It is a riddle wrapped in a mystery inside an enigma.","|cFFFFD200Vendor: |rMistweaver Xia|n|cFFFFD200Zone: |rTimeless Isle|n|cFFFFD200Cost: |r2200|Hcurrency:1166|h|TInterface\Icons\pvecurrency-justice.BLP:0|t|h",2018,118063,234556,656560,6,18,2,36,7,0
"A terror so terrible, you're amazed it could ever be real.","|cFFFFD200Vendor: |rQuackenbush|n|cFFFFD200Zone: |rDeeprun Tram|n|cFFFFD200Cost: |r500|TINTERFACE\MONEYFRAME\UI-GOLDICON.BLP:0|t|n|cFFFFD200Reputation: |rBizmo's Brawlpub, Rank 3|n|n|cFFFFD200Vendor: |rPaul North|n|cFFFFD200Zone: |rBrawl'gar Arena|n|cFFFFD200Cost: |r500|TINTERFACE\MONEYFRAME\UI-GOLDICON.BLP:0|t|n|cFFFFD200Reputation: |rBrawl'gar Arena, Rank 3",2022,119040,236285,1019377,0,18,2,6,7,0
,,2023,119346,0,133730,3,48,-1,6,7,0
,,2024,119345,0,877482,7,9264,-1,6,7,0
,,2025,119344,0,136036,2,9264,-1,6,7,0
,,2026,119343,0,515993,4,9264,7,6,7,0
,,2027,119342,0,237011,6,48,0,6,7,0
,,2028,119341,0,877482,7,9264,-1,6,7,0
,,2031,119409,0,134065,9,1072,-1,6,7,0
,,2032,119407,0,134062,5,1072,3,6,7,0
,,2033,119408,0,236926,0,1072,7,6,7,0
"Unlike other wyrms, blood wyrms drain their foes rather than consuming them whole.","|cFFFFD200Vendor: |rSlimy|n|cFFFFD200Zone: |rAcherus: The Ebon Hold|n|cFFFFD200Cost: |r1000|Hcurrency:1220|h|TInterface\Icons\inv_orderhall_orderresources.BLP:0|t|h",2035,119498,237250,1580449,3,82,2,6,7,0
"Among the Death Knight's forces, the frost wyrm is the most formidable. This whelpling is no different.","|cFFFFD200Vendor: |rSlimy|n|cFFFFD200Zone: |rAcherus: The Ebon Hold|n|cFFFFD200Cost: |r1000|Hcurrency:1220|h|TInterface\Icons\inv_orderhall_orderresources.BLP:0|t|h",2036,119499,237251,1580450,3,82,2,6,7,0
"Biohazard. Handle with gloves.","|cFFFFD200Vendor: |rSlimy|n|cFFFFD200Zone: |rAcherus: The Ebon Hold|n|cFFFFD200Cost: |r1000|Hcurrency:1220|h|TInterface\Icons\inv_orderhall_orderresources.BLP:0|t|h",2037,119500,237252,1580451,3,82,2,6,7,0
,,2038,119754,0,134324,4,48,4,6,7,0
,,2039,119756,0,136036,2,48,-1,6,7,0
,,2040,119760,0,2027925,8,48,4,6,7,0
"Mr. Smite kept this in his trunk, but always seemed to prefer his hammer. Seems like a mistake in hindsight.","|cFFFFD200Vendor:|r Marcus ""Bagman"" Brown|n|cFFFFD200Zone:|r Westfall",2041,119794,0,1373903,9,18,2,6,7,0
"He's one cowardly companion, because he's got no guts...","|cFFFFD200Drop:|r Curious Wyrmtongue Cache|n|cFFFFD200Zone:|r Broken Shore",2042,120397,240064,135551,3,2,0,6,7,0
"Though they may look fierce, the bloodgazer species of falcosaur has a beak that makes it predisposed to consuming fruits.","|cFFFFD200NPC:|r Orphaned Bloodgazer|n|n",2046,120591,240385,1332546,2,112,0,6,7,0
"Tottle's one wish is to explore the world at your side!","|cFFFFD200Promotion:|r Battle for Azeroth Collector's Edition|n",2143,129049,255702,1719412,8,82,7,6,7,0
"Introducing the youngest member of the Xuen Dynasty! Daughter of Ban-Lu. Niece of Xu-Fu. Granddaughter of the celestial Xuen... It's Ban-Fu!","|cFFFFD200Vendor: |rMei Chele|n|cFFFFD200Zone: |rThe Wandering Isle|n|cFFFFD200Cost: |r1000|Hcurrency:1220|h|TInterface\Icons\inv_orderhall_orderresources.BLP:0|t|h",2047,120830,240794,1598223,7,82,2,6,7,0
"Such a good boy.","|cFFFFD200Drop:|r PH|n",2048,120973,241072,1600298,6,16416,0,6,7,0
"He's very friendly, but any amount of snuggles is going to result in you getting a nasty shock.","|cFFFFD200Achievement: |rPet Battle Challenge: Wailing Caverns",2049,121317,242047,134310,7,82,5,33,7,0
"Sure are a lot of these around the Broken Shore.","|cFFFFD200World Event:|r Legionfall Chest|n",2050,121715,243136,1321546,2,2,0,6,7,0
"This energetic kitten changes colors depending on its mood.","|cFFFFD200In-Game Shop|r|n",2051,122033,243499,1616893,7,82,9,6,7,0
"He'll plunder your provolone, turn your ship to swiss, then get your gouda. He's a true muenster and the scourge of the seven bries.","|cFFFFD200Vendor:|r Marcus ""Bagman"" Brown|n|cFFFFD200Zone:|r Westfall",2057,122612,0,515993,4,18,2,6,7,0
"The earliest prototype of the deadly Foe Reaper.","|cFFFFD200Vendor:|r Marcus ""Bagman"" Brown|n|cFFFFD200Zone:|r Westfall",2058,122629,0,134065,9,18,2,35,7,0
"Lost on Argus and overtaken by darkness, this playful fox can shrug off the void just by being by your side.","|cFFFFD200In-Game Shop|r|n",2062,123650,246105,1634262,5,82,9,6,7,0
"This marmot has been with you this entire time. He's that good.","|cFFFFD200Drop:|r Pickpocket|n",2063,124389,247123,594273,4,2,0,6,7,0
"Best keep him away from any cannons.","|cFFFFD200Achievement:|r Pet Battle Challenge: Deadmines",2064,124589,0,877482,7,82,5,6,7,0
"Rogues often kept a few of these in their pockets in times of emergency. Don't ask me why.","|cFFFFD200Drop:|r Pickpocket|n",2065,124594,247474,647701,4,2,0,6,7,0
,,2066,124632,0,1548512,9,48,-1,6,7,0
,,2067,124633,0,1336885,9,48,-1,6,7,0
,,2068,124634,0,133003,9,48,-1,6,7,0
"The Bronze Proto-Whelps have been discovered only in the most peculiar of timelines.","|cFFFFD200Drop:|r Time-Lost Wallet|n|cFFFFD200Scenario: |rThe Deaths of Chromie",2071,124858,248025,1380676,1,2,1,34,7,0
"This particular drake has oddly retained its age throughout its travels, but its size has certainly changed.","|cFFFFD200Drop:|r Time-Lost Wallet|n|cFFFFD200Scenario: |rThe Deaths of Chromie",2072,124944,248240,134156,1,2,0,6,7,0
,,2076,125494,0,651877,4,16408,-1,6,7,0
"Queen Azshara's curse over the denizens of Azsuna did not only affect the night elves. This shark is doomed to an eternity of bottomless hunger.","|cFFFFD200Profession: |rLegion Fishing|n|cFFFFD200Vendor: |rIlyssia of the Waters|n|cFFFFD200Zone: |rAzsuna|n|cFFFFD200Cost: |r50|Hitem:146848|h|TInterface\ICONS\Ability_Monk_ForceSphere.blp:0|t|h",2077,126579,251191,294472,8,2,3,6,7,0
"During their years-long war with the black dragonflight, the dwarves tried crafting smaller golems that were more difficult to hit.","|cFFFFD200Drop: |rMagmatron|n|cFFFFD200Zone: |rBlackwing Descent",2078,127850,253788,415046,9,2050,0,6,7,0
"Maloriak was nothing if not resourceful, not letting even small scraps of flesh go to waste.","|cFFFFD200Drop: |rMaloriak|n|cFFFFD200Zone: |rBlackwing Descent",2079,127852,253790,429380,1,2,0,34,7,0
"Nefarian's reanimated bone constructs were an effective way to combat the many adventurers that plagued him, and especially their mages.","|cFFFFD200Drop: |rNefarian|n|cFFFFD200Zone: |rBlackwing Descent",2080,127853,253799,132095,3,2,0,6,7,0
"Even very small things can be corrupted, the apocalypse is for everyone.","|cFFFFD200Drop: |rValiona|n|cFFFFD200Zone: |rThe Bastion of Twilight",2081,127857,253805,429378,1,2,0,34,7,0
"Amongst the rudest of the Twilight's Hammer's corrupting activities was binding the elements of small streams and brooks.","|cFFFFD200Drop: |rElementium Monstrosity|n|cFFFFD200Zone: |rThe Bastion of Twilight",2082,127858,253809,1385912,6,2,0,34,7,0
"It has no eyes, but it always seems to be staring at you.","|cFFFFD200Drop: |rCho'gall|n|cFFFFD200Zone: |rThe Bastion of Twilight",2083,127859,253813,298654,5,2,0,34,7,0
"A minor diety of wind, lording over the tiny breezes that make you think the heat of the summer season will be bearable for a brief moment.","|cFFFFD200Drop: |rAl'Akir|n|cFFFFD200Zone: |rThrone of the Four Winds",2084,127862,253816,462522,6,2,0,34,7,0
"If you feel a slight gust that made you shiver, that was probably Drafty.","|cFFFFD200Drop: |rNezir|n|cFFFFD200Zone: |rThrone of the Four Winds",2085,127863,253818,132845,6,2,0,34,7,0
"Some say it's the pup of Riplimb and Rageface, others say 'I don't want to think about that.'","|cFFFFD200Drop: |rShannox|n|cFFFFD200Zone: |rFirelands",2086,127947,253916,236946,6,2,0,34,7,0
"A rarely-seen cinderweb species known for devouring her mate's legs and laying eggs in his still-twitching body, and a lovely purple color.","|cFFFFD200Drop: |rBeth'tilac|n|cFFFFD200Zone: |rFirelands",2087,127948,253918,425958,6,2,0,34,7,0
"Five things he can never do without: surging, surging, surging, surging, surging.","|cFFFFD200Drop: |rBaleroc|n|cFFFFD200Zone: |rFirelands",2088,127950,253924,524350,6,2,0,34,7,0
"During his time in the Firelands, Fandral would often grow bored and work shaping magic on the local flora and fauna.","|cFFFFD200Drop: |rMajordomo Staghelm|n|cFFFFD200Zone: |rFirelands",2089,127951,253925,464143,7,2,0,34,7,0
"Can't quite take over your mind, but capable of giving you a really bad migraine.","|cFFFFD200Drop: |rYor'sahj the Unsleeping|n|cFFFFD200Zone: |rDragon Soul",2090,127952,253926,574793,5,2,0,34,7,0
"Some fragments of Deathwing's blood live on to this day, deep within the lost places of the world, forever seeking their lost host.","|cFFFFD200Treasure: |rGreater Cache of the Aspects",2091,127953,253927,538039,6,2,0,34,7,0
"Infused with the elementium ore used to plate the great dragon Deathwing, and one of the last remnants of the madness that nearly consumed Azeroth.","|cFFFFD200Achievement: |rRaiding with Leashes V: Cuteaclysm|n|cFFFFD200Category: |rCollect",2093,127956,253929,515033,6,131154,5,34,7,0
,,2095,128007,0,1711341,7,1072,-1,6,7,0
,,2096,128008,0,1711341,4,1072,-1,6,7,0
,,2097,128009,0,1711341,2,1072,-1,6,7,0
,,2098,128010,0,1711341,4,1072,-1,6,7,0
,,2099,128011,0,1711341,2,1072,-1,6,7,0
,,2100,128012,0,1711341,4,1072,-1,6,7,0
,,2101,128013,0,1711341,7,1072,-1,6,7,0
,,2102,128014,0,1711341,4,1072,-1,6,7,0
,,2103,128015,0,1711341,2,1072,-1,6,7,0
,,2104,128016,0,1711341,7,1072,-1,6,7,0
,,2105,128017,0,1711341,5,1072,-1,6,7,0
,,2106,128018,0,1711341,7,1072,-1,6,7,0
,,2107,128019,0,1711341,5,1072,-1,6,7,0
,,2108,128020,0,1711341,4,1072,-1,6,7,0
,,2109,128021,0,1711341,2,1072,-1,6,7,0
,,2110,128024,0,1711341,3,1072,-1,6,7,0
,,2111,128023,0,1711341,9,1072,-1,6,7,0
,,2112,128022,0,1711341,0,1072,-1,6,7,0
"While most of the marsuul on Argus feed on fruits, this particular one prefers the juicy crunch of small rodents.","|cFFFFD200Achievement: |rFamily Fighter|n|cFFFFD200Category: |rBattle",2113,128146,254255,1715032,4,82,5,6,7,0
"Who makes them? How do they get there? No one knows, except maybe Greatfather Winter.","|cFFFFD200World Event:|r Feast of Winter Veil",2114,128156,0,237419,0,26,6,36,7,0
"I always feel like somebody's watching me.","|cFFFFD200Vendor: |rOrix the All-Seer|n|cFFFFD200Zone: |rAntoran Wastes|n|cFFFFD200Cost: |r1000|Hitem:153021|h|TInterface\ICONS\INV_Misc_Eye_02.blp:0|t|h",2115,128118,254196,538445,5,18,2,6,7,0
"It's not really an orphan. The name just makes you feel better about abducting it.","|cFFFFD200Vendor: |rToraan the Revered|n|cFFFFD200Zone: |rArgus|n|cFFFFD200Faction: |rArgussian Reach - Honored|n|cFFFFD200Cost: |r500|TINTERFACE\MONEYFRAME\UI-GOLDICON.BLP:0|t",2116,128119,254197,1715033,4,18,2,6,7,0
"Beautiful and deadly.","|cFFFFD200Profession:|r Legion Herbalism",2117,128137,254271,134207,6,2,3,6,7,0
"Skyfin can be observed in a wide variety of colors. Biologists believe the vibrancy of those colors both help attract mates and ward predators.","|cFFFFD200Drop:|r Fel-Spotted Egg",2118,128157,254295,1570762,2,2,0,6,7,0
"Watch out when it spits.","|cFFFFD200Drop:|r Fel-Spotted Egg",2119,128158,254296,1570760,2,2,0,6,7,0
"Reaching out from some vast unknown corner of the void... to give you a hug.","|cFFFFD200Drop: |rAtaxon|n|cFFFFD200Zone: |rEredath",2120,128159,254297,460700,5,2,0,6,7,0
"If a bile larva stays burrowed for an extended period of time they begin to lose their pigment. When they finally do emerge, they can be quite ravenous.","|cFFFFD200Profession:|r Legion Skinning",2121,128160,254298,1418495,7,2,3,6,7,0
"Proximity to Antorus makes these larva hyper agressive.","|cFFFFD200Pet Battle:|r Antoran Wastes|n",2122,128163,0,1418495,7,26,4,6,7,0
"An early stage of the bilescourge life cycle.","|cFFFFD200Pet Battle:|r Krokuun|n",2123,128162,0,1418495,7,26,4,6,7,0
"The final phase of the bilescourge life cycle.","|cFFFFD200Pet Battle:|r Krokuun|n",2124,128164,0,1686580,2,26,4,6,7,0
"Bilescourge mostly feed on the corpses of victims of the Legion. However, since your arrival, it has developed a taste for demon corpses as well.","|cFFFFD200Pet Battle:|r Antoran Wastes|n|n",2126,128175,0,1686580,2,26,4,6,7,0
"Born from the crash site of the Xenedar on Argus.","|cFFFFD200Pet Battle:|r Krokuun|n",2127,128166,0,294481,6,26,4,39,7,0
"While there are many similarities to the warpstalkers from Azeroth, evidence suggests they evolved completely independently from one another. Fascinating!","|cFFFFD200Pet Battle:|r Eredath|n",2128,128170,0,132201,7,26,4,6,7,0
"The void can consume life or meld with it. The latter often has unpercieved consequences.","|cFFFFD200Pet Battle:|r Eredath|n",2129,128168,0,132201,7,26,4,6,7,0
"You have the odd feeling that it wants to kill you.","|cFFFFD200Pet Battle:|r Eredath|n",2130,128171,0,1391780,5,26,4,6,7,0
"Mana wyrm used to thrive on Argus many millennia ago, but lots has changed since those halcyon days.","|cFFFFD200Pet Battle:|r Eredath|n",2131,128172,0,132841,5,26,4,6,7,0
"If mana becomes scarce these wyrm look for other sources of energy to feed on.","|cFFFFD200Pet Battle:|r Eredath|n",2132,128174,0,132841,5,26,4,6,7,0
"It likes to be petted behind the fins.","|cFFFFD200Pet Battle:|r Eredath |n",2133,128173,0,1715031,4,26,4,6,7,0
"Skyfin can fly from birth and there are some observed cases of mothers giving birth midflight!","|cFFFFD200Pet Battle:|r Eredath|n",2134,128167,0,1570761,2,26,4,6,7,0
"What are they rebelling against? The real question is what are they NOT rebelling against.","|cFFFFD200Drop: |rMother Rosula",2135,128388,254749,460856,0,2050,0,6,7,0
"Uuna was found bound to an Ur'zul, and was released into the Shadowlands, where she wandered in the utter darkness.","|cFFFFD200Drop:|r The Many-Faced Devourer",2136,128396,254763,134506,0,131218,0,41,7,0
,,2145,129256,0,1044790,4,32,-1,6,7,0
"Unfortunately, it's not a duck.","|cFFFFD200Drop:|r Finely-Embroidered Handbag",2146,129920,257603,1045161,1,32,0,6,7,0
"This young crawgling was rescued from a vicious blood troll war camp. With care, and lots of feeding, you earned his trust and Krag'wa asked you to take care of him always.","|cFFFFD200Quest: |rIt Seems You've Made a Friend|n|cFFFFD200Zone: |rNazmir",2157,131644,259758,463492,7,66,1,6,7,0
"The Postmaster is often described as esoteric, mystical, even inexplicable. For the precious little known about the enigmatic mail-master, perhaps none outside of the wax seal can confirm the existence of the fantastical letter-loving Mailemental.","|cFFFFD200Achievement:|r Post Haste|n",2158,132366,0,413580,5,82,5,6,7,0
"This silithid battle tank evolved prematurely. It will never reach full size, but it is just as ferocious as its larger cousins.","|cFFFFD200Drop:|r Silithus: The Wound",2163,133064,261755,1623380,7,2,0,6,7,0
,,2164,133825,0,646148,6,34,-1,6,7,0
"Francois, a pompous member of the bockgeoisie, whose wealth and influence was born from the exploitation and labor of the peckletariat.","|cFFFFD200Zone:|r Tiragarde Sound",2165,134406,264001,651737,2,18,0,6,7,0
"When Whomper wants to play, he'll let you know with a playful headbutt.","|cFFFFD200In-Game Shop|r|n",2184,138742,272771,1998314,0,82,9,6,7,0
"Don't say anything to Cap'n Crackers that you don't want repeated to you every day for the next 20 years.","|cFFFFD200In-Game Shop|r|n",2185,138741,272772,1998635,2,82,9,6,7,0
"Not much is known about the great snake Merektha and the many eggs in the Temple of Sethraliss, but the residents of Zandalar all seem to have a distinct amount of both respect and fear for these serpents.","|cFFFFD200Drop: |rMerektha|n|cFFFFD200Zone: |rTemple of Sethraliss (Mythic)",2186,138964,273159,135461,7,2,0,6,7,0
"You're not entirely sure where this came from, nor do you really want to know, but you are sure that it does eat a tremendous amount of garbage.","|cFFFFD200Drop: |rGol'than the Malodorous|n|cFFFFD200Zone: |rTol Dagor (Mythic)",2187,139049,273184,252178,5,2,0,6,7,0
"Poda was just a small part of the larger business, always trying to live up to the standards of his older brother Coda.","|cFFFFD200Quest: |rMissing Business|n|cFFFFD200Zone: |rVol'dun",2188,139073,273195,2027895,7,2,1,6,7,0
"Smoochums loved life in Glenbrook, it was full of people to play with and places to sleep, and also where unspeakable acts happen at the most innocent of tea parties.","|cFFFFD200Vendor: |rNigel Rifthold|n|cFFFFD200Zone: |rDrustvar|n|cFFFFD200Cost: |r200|Hitem:163036|h|TInterface\ICONS\INV_Currency_PetBattle.BLP:0|t|h",2189,139081,273215,656581,3,2,2,41,7,0
"A newly hatched Cobra can be just as deadly as a fully grown one, if not more.","|cFFFFD200Quest: |rMy Hungry Neighbor|n|cFFFFD200Zone: |rVol'dun",2190,139252,273839,237237,7,2,1,6,7,0
"The wisest engineers of Azeroth all know that the only thing more dangerous than a living evil chicken, is the mind of an evil chicken transplanted into the body of a mechanical chicken.","|cFFFFD200Quest: |rCutting Edge Poultry Science",2192,139372,273869,656513,9,2,1,6,7,0
,,2193,139450,0,2027918,8,32,-1,6,7,0
,,2194,139452,0,2027910,8,32,-1,6,7,0
,,2195,139455,0,2027914,8,32,-1,6,7,0
"Most predators favored the soft parts of their prey to attack first.  Lil' Tika prefers to go for the face.","|cFFFFD200Vendor: |rHappy Holaua|n|cFFFFD200Zone: |rZuldazar|n|cFFFFD200Cost: |r200|Hitem:163036|h|TInterface\ICONS\INV_Currency_PetBattle.BLP:0|t|h|n",2196,139622,274202,797327,7,2,1,6,7,0
"The Direhorn species is among the toughest and strongest of all things that walk on Azeroth. They can seem like gentle giants, but be cautious that you don't find yourself in front of one when they are on a warpath.","|cFFFFD200Profession: |rArchaeology",2197,139744,274348,840540,7,2,3,6,7,0
"Taptaf is loyal beyond a doubt, as long as food is provided.","|cFFFFD200Quest:|r Taptaf the Pig!|n|cFFFFD200Zone: |r Drustvar",2198,139770,274353,1721029,7,2,4,6,7,0
"The Drustvar people learned over time that when burying someone or some thing that there are sadly a number of shady people looking to exhume and reanimate whatever they can find.","|cFFFFD200Profession: |rBattle for Azeroth Archaeology",2199,139782,274380,2030683,3,2,3,6,7,0
,"Vol'dun Quest",2200,139987,0,134172,7,33824,1,6,7,0
"The Zandalari are masters of magic and communications with the spirits, and they often imbued items with powers to strengthen their bonds with the spirit world.","|cFFFFD200Profession: |rBattle for Azeroth Enchanting",2201,139743,274760,1726348,5,2,3,240,238,0
"The mummy's wraps serves two purposes, one being to keep everything inside intact, the other is to lessen the fright of people seeing what's really below the wrappings.","|cFFFFD200Achievement: |rHow to Keep a Mummy|n|cFFFFD200Category: |rBattle Dungeon",2202,140125,274776,2027568,3,82,5,6,7,0
,,2203,140174,0,1336885,9,32,-1,6,7,0
,,2204,140193,0,133883,9,32,-1,6,7,0
,,2205,140243,0,1511262,9,32,-1,6,7,0
,,2206,140573,0,2027897,7,32,-1,6,7,0
,,2208,140574,0,2027960,7,32,-1,6,7,0
,,2209,140575,0,2027948,7,32,-1,6,7,0
,,2210,140814,0,651086,6,32,-1,6,7,0
,,2211,140816,0,2032606,6,32,-1,6,7,0
,,2212,140819,0,2032606,6,32,-1,6,7,0
,,2213,140875,0,2027853,2,32,-1,6,7,0
,,2214,140876,0,2027854,2,32,-1,6,7,0
,,2215,140878,0,2027852,2,32,-1,6,7,0
,,2220,141006,0,133728,3,32,-1,6,7,0
,,2221,141007,0,1500940,5,32,-1,6,7,0
,,2222,141008,0,254105,5,32,-1,6,7,0
,,2223,141047,0,2065626,6,32,-1,6,7,0
,,2225,141048,0,135861,8,32,-1,6,7,0
,,2226,141050,0,136221,5,32,-1,6,7,0
,,2227,141092,0,294472,7,32,-1,6,7,0
,,2228,141093,0,463487,8,32,-1,6,7,0
,"|cFFFFD200Quest:|r Some World Quest
",2229,141094,0,1729493,7,32,1,6,7,0
,,2230,141215,0,1573608,7,33824,-1,6,7,0
,,2231,141296,0,2027867,8,32,-1,6,7,0
,,2232,141295,0,2027956,8,32,-1,6,7,0
,,2233,141293,0,2027845,8,32,-1,6,7,0
,,2330,141506,0,2030683,3,32,-1,6,7,0
,,2332,141512,0,2030683,3,32,-1,6,7,0
,,2333,141518,0,2030683,3,32,-1,6,7,0
,,2334,141536,0,1802889,8,32,-1,6,7,0
,,2335,141542,0,1624585,2,32,-1,6,7,0
,,2336,141545,0,1618564,2,32,-1,6,7,0
,,2337,141588,0,2011119,7,33826,-1,6,7,0
,,2338,141803,0,838684,7,32,-1,6,7,0
,,2339,141802,0,458255,3,32,-1,6,7,0
,,2340,141801,0,2399238,7,32,-1,6,7,0
,,2341,141817,0,1733737,2,32,-1,6,7,0
,,2343,141818,0,1723701,4,32,-1,6,7,0
,,2344,141819,0,463485,2,32,-1,6,7,0
,,2345,141922,0,132200,2,32,-1,6,7,0
,,2346,141926,0,2027848,7,32,-1,6,7,0
,,2347,141927,0,2027858,4,32,-1,6,7,0
,,2349,141909,0,1722953,5,1072,-1,6,7,0
,,2350,141932,0,1722953,5,1072,-1,6,7,0
"Not much is known about this otherworldly minion.","|cFFFFD200Pet Battle:|r Baa'l|n",2352,141941,277461,1722953,5,82,4,6,7,0
,,2353,141955,0,2027881,4,32,-1,6,7,0
,,2354,141951,0,1738685,4,32,-1,6,7,0
,,2355,141950,0,1929246,2,32,-1,6,7,0
,"
",2356,141969,0,2027888,6,33826,-1,6,7,0
,,2357,142058,0,2399287,4,32,-1,6,7,0
,,2358,142059,0,454066,4,32,-1,6,7,0
,,2359,142061,0,134935,4,32,-1,6,7,0
,,2360,142105,0,2027846,7,32,-1,6,7,0
,,2361,142102,0,2027900,2,32,-1,6,7,0
,,2363,142098,0,538518,2,32,-1,6,7,0
,,2364,142120,0,2027949,4,32,-1,6,7,0
,,2365,142121,0,2399239,7,32,-1,6,7,0
,,2366,142123,0,132202,2,32,-1,6,7,0
,,2367,142151,0,838688,7,33824,-1,6,7,0
,,2368,142237,0,2399235,4,32,-1,6,7,0
,,2370,142236,0,1045161,2,32,-1,6,7,0
,,2371,142235,0,804969,8,32,-1,6,7,0
"Even the toughest of crabs with the toughest of shells can succumb to the dark mysteries of the shadows.","|cFFFFD200Pet Battle:|r Stormsong Valley|n",2372,143031,0,2027883,8,26,4,6,7,0
"The river frogs of Stormsong Valley have been known to try to hypnotize people by staring directly into their eyes and making a low rumbling noise.","|cFFFFD200Pet Battle: |rStormsong Valley",2373,143032,0,804969,8,26,4,6,7,0
"The hermit crabs of Stormsong Valley will use whatever they can find that fits them for their shell.  If it fits, they sits.","|cFFFFD200Pet Battle: |rStormsong Valley",2374,143033,0,2027918,8,26,4,6,7,0
"Vale Marmots are very quick on their feet and are masters of digging holes for their burrows.  Children like to chase them around and try to bop them on the head when they poke their head out to catch some sunlight.","|cFFFFD200Pet Battle: |rStormsong Valley",2375,143034,0,2126349,7,26,4,6,7,0
"Long ago, the population of chickens in Stormsong Valley was so high, there was fear that the chickens would eat all of the corn from the fields and leave the other residents hungry.","|cFFFFD200Pet Battle: |rStormsong Valley",2376,143035,0,2027863,2,26,4,6,7,0
"The sandyback crawlers get their name from having a slightly sticky outer shell that sand sticks to as they walk around.","|cFFFFD200Pet Battle: |rStormsong Valley, Tiragarde Sound",2377,143036,0,2027867,8,26,4,6,7,0
"River otters start growing whiskers at a very young age and never stop.  By the time they are fully grown and reach old age, they have more whiskers on their face than any other known creature.","|cFFFFD200Pet Battle: |rDrustvar, Stormsong Valley",2378,143037,0,645906,8,26,4,6,7,0
,,2613,150929,0,133729,3,1056,-1,6,7,0
"It is rumored that these honey bees can detect the pollen of a newly blossomed plant in northern Stormsong Valley when they are all the way down in Drustvar.","|cFFFFD200Pet Battle: |rStormsong Valley",2379,143038,0,2027853,2,26,4,6,7,0
"The stinger of a Ravager Wasp can cause intense pain for up to three hours.  Consult a physician immediately if stung.","|cFFFFD200Pet Battle: |rTiragarde Sound",2380,143039,0,2027900,2,26,4,6,7,0
"Shack crabs are the only species of hermit crabs known to regenerate limbs if torn off in battle.","|cFFFFD200Pet Battle: |rTiragarde Sound",2381,143040,0,2027906,8,26,4,6,7,0
"The mucus secreted from inland croakers is so effective at repelling water, the ship builders of Kul Tiras have been using it in the wood sealant for many years.","|cFFFFD200Pet Battle: |rTiragarde Sound",2382,143041,0,804968,8,26,4,6,7,0
"The giant woodworm can burrow into almost any surface they crawl on, except solid stone.","|cFFFFD200Pet Battle: |rTiragarde Sound",2383,143042,0,134933,4,26,4,6,7,0
"Butterflies taste with their feet! I tried it once, but I only made a mess.","|cFFFFD200Pet Battle: |rZuldazar",2384,143043,0,2059632,2,26,4,6,7,0
"The 'door ditch' prank is not as effective when the house can chase you.","|cFFFFD200Pet Battle: |rZuldazar",2385,143044,0,2027922,8,26,4,6,7,0
"The purple coloration helps this species blend into the rocks and shadows, but the crabs become easy prey for seagulls when they linger too long on the open sand.","|cFFFFD200Pet Battle: |rDrustvar",2386,143045,0,2027883,8,26,4,6,7,0
"Many ancient tribes revered these enormous beetles.","|cFFFFD200Pet Battle: |rZuldazar",2387,143046,0,134933,4,26,4,6,7,0
"While completely harmless to trolls, the animal life within Nazmir fear these creatures.","|cFFFFD200Pet Battle: |rNazmir",2388,143047,0,2027961,7,26,4,33,7,0
"Water Skimmers use the tension of water and long, hydrophobic legs to help them walk along the water's surface.","|cFFFFD200Pet Battle: |rNazmir",2389,143048,0,643423,8,26,4,6,7,0
"When perched on a tree, this species can be almost invisible to any prey.","|cFFFFD200Pet Battle: |rZuldazar",2390,143049,0,2059637,2,26,4,6,7,0
"This species looks through the sand for the buried remains of rotting creatures. It keeps our beaches clean!","|cFFFFD200Pet Battle: |rNazmir",2392,143050,0,2027910,8,26,4,6,7,0
"It's a repulsive creature. No one should want this.","|cFFFFD200Pet Battle: |rNazmir",2393,143051,0,1500940,5,26,4,6,7,0
"A terror in life. A terror in death.","|cFFFFD200Pet Battle: |rNazmir",2394,143052,0,458255,3,26,4,6,7,0
"Apply directly to the forehead.","|cFFFFD200Pet Battle: |rNazmir",2395,143053,0,1723700,4,26,4,6,7,0
"Suddenly there came a tapping...","|cFFFFD200Pet Battle: |rNazmir",2397,143054,0,1733736,3,26,4,6,7,0
"How many bogs has it hopped? No one knows.","|cFFFFD200Pet Battle: |rNazmir",2398,143055,0,804966,8,26,4,6,7,0
"When you're a hoarder, but want to stay on the move!","|cFFFFD200Pet Battle: |rVol'dun",2399,143056,0,2027914,8,26,4,6,7,0
"A quite annoying species. No matter how high you build your walls, these creatures still manage to hop over.","|cFFFFD200Pet Battle: |rNazmir",2400,143057,0,804966,8,26,4,6,7,0
"Built to dig holes by a gnomish farmer, Rooter quickly and predictably went haywire, with disastrous results.","|cFFFFD200Achievement: |rPet Emporium|n|cFFFFD200Category: |rCollect",2401,143142,279129,2126357,9,82,5,6,7,0
"Built with ever-wagging tail technology, Brutus is a mechanically-certified good boy.","|cFFFFD200Achievement: |rToybox Tycoon|n|cFFFFD200Category: |rToy Box",2402,143160,279171,1567068,9,82,5,6,7,0
"When the Naga invaded Stormsong, they brought their favored pets: Abyssal Eels.","|cFFFFD200Vendor: |rMadeline Netley|n|cFFFFD200Zone: |rStormsong Valley|n|cFFFFD200Cost: |r75|Hitem:163036|h|TInterface\ICONS\INV_Currency_PetBattle.BLP:0|t|h|n|n|cFFFFD200Vendor: |rOlly|n|cFFFFD200Zone: |rZuldazar|n|cFFFFD200Cost: |r75|Hitem:163036|h|TInterface\ICONS\INV_Currency_PetBattle.BLP:0|t|h",2403,143175,279205,2027958,8,2,2,6,7,0
"These hardy bees form the backbone of a great honey and mead industry. For decades, the Tidesages forbade anyone from taking them outside of Stormsong.","|cFFFFD200Vendor: |rSister Lilyana|n|cFFFFD200Zone: |rStormsong Valley|n|cFFFFD200Faction: |rStorm's Wake - Revered|n|cFFFFD200Cost: |r250|Hitem:163036|h|TInterface\ICONS\INV_Currency_PetBattle.BLP:0|t|h",2404,143176,279206,2027854,2,2,2,6,7,0
"Corlain Falcons are trained from birth to be scouts and fighting companions. The few spared from the Heartsbane curse serve the Order of Embers in the same capacity.","|cFFFFD200Vendor: |rQuartermaster Alcorn|n|cFFFFD200Zone: |rDrustvar|n|cFFFFD200Faction: |rOrder of Embers - Revered|n|cFFFFD200Cost: |r200|Hitem:163036|h|TInterface\ICONS\INV_Currency_PetBattle.BLP:0|t|h",2405,143177,279207,132188,2,2,2,6,7,0
"This piglet avoided being turned into sausage at the hands of Roland with the help of a cunning spider.","|cFFFFD200Vendor: |rNigel Rifthold|n|cFFFFD200Zone: |rDrustvar|n|cFFFFD200Cost: |r75|Hitem:163036|h|TInterface\ICONS\INV_Currency_PetBattle.BLP:0|t|h|n|n|cFFFFD200Vendor: |rOlly|n|cFFFFD200Zone: |rZuldazar|n|cFFFFD200Cost: |r75|Hitem:163036|h|TInterface\ICONS\INV_Currency_PetBattle.BLP:0|t|h",2406,143178,279208,1721029,7,2,2,6,7,0
"This red-nosed bunny is incredibly soft to the touch; just watch your fingers.","|cFFFFD200Vendor: |rNigel Rifthold|n|cFFFFD200Zone: |rDrustvar|n|cFFFFD200Cost: |r300|Hitem:163036|h|TInterface\ICONS\INV_Currency_PetBattle.BLP:0|t|h|n|n|cFFFFD200Vendor: |rOlly|n|cFFFFD200Zone: |rZuldazar|n|cFFFFD200Cost: |r300|Hitem:163036|h|TInterface\ICONS\INV_Currency_PetBattle.BLP:0|t|h",2407,143179,279209,2399278,4,2,2,6,7,0
"Scuttle was named after the ships he destroys, not his movement patterns, and don't you forget it.","|cFFFFD200Drop:|r Island Expeditions|n",2445,143794,177244,2061891,8,2,0,6,7,0
"The shells of this particular group of crabs shimmer like gems on the sand.","|cFFFFD200Drop:|r Island Expeditions|n",2446,143801,177237,2027881,8,2,0,6,7,0
"Silver dust sparkling on each of this spider's legs attracts prey; unwittingly drawn into an inescapable web.","|cFFFFD200Vendor: |rNigel Rifthold|n|cFFFFD200Zone: |rDrustvar|n|cFFFFD200Cost: |r100|Hitem:163036|h|TInterface\ICONS\INV_Currency_PetBattle.BLP:0|t|h|n|n|cFFFFD200Vendor: |rOlly|n|cFFFFD200Zone: |rZuldazar|n|cFFFFD200Cost: |r100|Hitem:163036|h|TInterface\ICONS\INV_Currency_PetBattle.BLP:0|t|h",2408,143181,279210,2027859,3,2,2,6,7,0
"Best not to park your mount beneath this one.","|cFFFFD200Vendor: |rDana Pull|n|cFFFFD200Zone: |rTiragarde Sound|n|cFFFFD200Cost: |r50|Hitem:163036|h|TInterface\ICONS\INV_Currency_PetBattle.BLP:0|t|h|n|n|cFFFFD200Vendor: |rOlly|n|cFFFFD200Zone: |rZuldazar|n|cFFFFD200Cost: |r50|Hitem:163036|h|TInterface\ICONS\INV_Currency_PetBattle.BLP:0|t|h",2409,143184,279211,1716280,2,2,2,6,7,0
"This adorable mass of whirlers, cogs, and sprockets wasn't assembled in Gnomeregan. Where then?","|cFFFFD200Vendor: |rDana Pull|n|cFFFFD200Zone: |rTiragarde Sound|n|cFFFFD200Cost: |r75|Hitem:163036|h|TInterface\ICONS\INV_Currency_PetBattle.BLP:0|t|h|n|n|cFFFFD200Vendor: |rOlly|n|cFFFFD200Zone: |rZuldazar|n|cFFFFD200Cost: |r75|Hitem:163036|h|TInterface\ICONS\INV_Currency_PetBattle.BLP:0|t|h",2410,143188,279212,2126363,9,2,2,6,7,0
"She loves tummy rubs. Just watch out for splinters.","|cFFFFD200Zone: |rDrustvar",2411,143189,279213,2030683,3,2,0,6,7,0
"A popular pet among children, despite frequent accidental gorings.","|cFFFFD200Vendor:|r Happy Holaua|n|cFFFFD200Zone:|r Zuldazar|n|cFFFFD200Cost:|r 100|Hitem:163036|h|TInterface\ICONS\INV_Currency_PetBattle.BLP:0|t|h|n|n|cFFFFD200Vendor: |rDodger|n|cFFFFD200Zone: |rBoralus Harbor|n|cFFFFD200Cost: |r100|Hitem:163036|h|TInterface\ICONS\INV_Currency_PetBattle.BLP:0|t|h",2412,143191,279214,1958452,7,2,2,6,7,0
"Known to chomp on the shins of everything from saurids to brutosaurs.","|cFFFFD200Vendor:|r Happy Holaua|n|cFFFFD200Zone:|r Zuldazar|n|cFFFFD200Cost:|r 50|Hitem:163036|h|TInterface\ICONS\INV_Currency_PetBattle.BLP:0|t|h|n|n|cFFFFD200Vendor: |rDodger|n|cFFFFD200Zone: |rBoralus Harbor|n|cFFFFD200Cost: |r50|Hitem:163036|h|TInterface\ICONS\INV_Currency_PetBattle.BLP:0|t|h|n",2413,143193,279215,797327,7,2,2,6,7,0
"Exceptionally squishy, especially after a big meal.","|cFFFFD200Vendor: |rShoak|n|cFFFFD200Zone: |rNazmir|n|cFFFFD200Cost: |r200|Hitem:163036|h|TInterface\ICONS\INV_Currency_PetBattle.BLP:0|t|h|n|n|cFFFFD200Vendor: |rBlind Wunja|n|cFFFFD200Zone: |rNazmir|n|cFFFFD200Cost: |r200|Hitem:163036|h|TInterface\ICONS\INV_Currency_PetBattle.BLP:0|t|h|n|n|cFFFFD200Vendor: |rDodger|n|cFFFFD200Zone: |rBoralus Harbor|n|cFFFFD200Cost: |r200|Hitem:163036|h|TInterface\ICONS\INV_Currency_PetBattle.BLP:0|t|h",2414,143194,279216,1723703,4,2,2,6,7,0
"Krag'wa reluctantly sent Tragg to the Talanji Expedition with the hope that they could find someone suitable to escort him on a tour of Azeroth.","|cFFFFD200Vendor: |rProvisioner Lija|n|cFFFFD200Zone: |rNazmir|n|cFFFFD200Faction: |rTalanji's Expedition - Revered|n|cFFFFD200Cost: |r75|Hitem:163036|h|TInterface\ICONS\INV_Currency_PetBattle.BLP:0|t|h",2415,143195,279217,1802889,8,2,2,6,7,0
"White Brutosaurs were on the brink of extinction until some enterprising adventurers took action. Lil' Ben'fon may have inherited her father's size, but definitely has her mother's temper!","|cFFFFD200Vendor: |rHappy Holaua|n|cFFFFD200Zone: |rZuldazar|n|cFFFFD200Cost: |r300|Hitem:163036|h|TInterface\ICONS\INV_Currency_PetBattle.BLP:0|t|h|n",2416,143196,279218,1881827,7,2,2,6,7,0
"Always hungry, and has a shockingly good personality.","|cFFFFD200Vendor: |rJenoh|n|cFFFFD200Zone: |rVol'dun|n|cFFFFD200Cost: |r250|Hitem:163036|h|TInterface\ICONS\INV_Currency_PetBattle.BLP:0|t|h|n|n|cFFFFD200Vendor: |rDodger|n|cFFFFD200Zone: |rBoralus Harbor|n|cFFFFD200Cost: |r250|Hitem:163036|h|TInterface\ICONS\INV_Currency_PetBattle.BLP:0|t|h",2417,143197,279219,2399286,0,2,2,6,7,0
"The scavenger Loa thinks you can teach this saurid a thing or two. Just don't lose sight of your coin purse.","|cFFFFD200Vendor: |rHappy Holaua|n|cFFFFD200Zone: |rZuldazar|n|cFFFFD200Cost: |r100|Hitem:163036|h|TInterface\ICONS\INV_Currency_PetBattle.BLP:0|t|h|n|n|cFFFFD200Vendor: |rDodger|n|cFFFFD200Zone: |rBoralus Harbor|n|cFFFFD200Cost: |r100|Hitem:163036|h|TInterface\ICONS\INV_Currency_PetBattle.BLP:0|t|h",2418,143198,279220,2399239,7,2,2,6,7,0
"These toads do not appreciate having their legs pulled off.","|cFFFFD200Vendor: |rShoak|n|cFFFFD200Zone: |rNazmir|n|cFFFFD200Cost: |r200|Hitem:163036|h|TInterface\ICONS\INV_Currency_PetBattle.BLP:0|t|h|n|n|cFFFFD200Vendor: |rDodger|n|cFFFFD200Zone: |rBoralus Harbor|n|cFFFFD200Cost: |r200|Hitem:163036|h|TInterface\ICONS\INV_Currency_PetBattle.BLP:0|t|h",2419,143199,279221,804969,8,2,2,6,7,0
"No one knows where this haunted tiki mask came from, or why its so angry all the time. It seems to like you though!","|cFFFFD200Vendor: |rShoak|n|cFFFFD200Zone: |rNazmir|n|cFFFFD200Cost: |r500|Hitem:163036|h|TInterface\ICONS\INV_Currency_PetBattle.BLP:0|t|h|n|n|cFFFFD200Vendor: |rBlind Wunja|n|cFFFFD200Zone: |rNazmir|n|cFFFFD200Cost: |r500|Hitem:163036|h|TInterface\ICONS\INV_Currency_PetBattle.BLP:0|t|h|n|n|cFFFFD200Vendor: |rDodger|n|cFFFFD200Zone: |rBoralus Harbor|n|cFFFFD200Cost: |r500|Hitem:163036|h|TInterface\ICONS\INV_Currency_PetBattle.BLP:0|t|h",2420,143200,279224,1726347,5,2,2,241,238,0
"They are so cute before they develop razor-sharp teeth and venom.","|cFFFFD200Vendor:|r Madeline Netley|n|cFFFFD200Zone:|r Stormsong Valley|n|cFFFFD200Cost:|r 200|Hitem:163036|h|TInterface\ICONS\INV_Currency_PetBattle.BLP:0|t|h|n|n|cFFFFD200Vendor:|r Happy Holaua|n|cFFFFD200Zone:|r Zuldazar|n|cFFFFD200Cost:|r 200|Hitem:163036|h|TInterface\ICONS\INV_Currency_PetBattle.BLP:0|t|h",2421,143202,279225,2027847,1,2,4,6,7,0
"So pretty you could eat it. But don't. It's poisonous.","|cFFFFD200Vendor:|r Madeline Netley|n|cFFFFD200Zone:|r Stormsong Valley|n|cFFFFD200Cost:|r 100|Hitem:163036|h|TInterface\ICONS\INV_Currency_PetBattle.BLP:0|t|h|n|n|cFFFFD200Vendor:|r Happy Holaua|n|cFFFFD200Zone:|r Zuldazar|n|cFFFFD200Cost:|r 100|Hitem:163036|h|TInterface\ICONS\INV_Currency_PetBattle.BLP:0|t|h",2422,143203,279226,2059632,2,2,4,6,7,0
"Finding freshwater pearls with this crab by your side will be a pinch.","|cFFFFD200Vendor:|r Madeline Netley|n|cFFFFD200Zone:|r Stormsong Valley|n|cFFFFD200Cost:|r 250|Hitem:163036|h|TInterface\ICONS\INV_Currency_PetBattle.BLP:0|t|h|n|n|cFFFFD200Vendor:|r Jenoh|n|cFFFFD200Zone:|r Vol'dun|n|cFFFFD200Cost:|r 250|Hitem:163036|h|TInterface\ICONS\INV_Currency_PetBattle.BLP:0|t|h",2423,143204,279227,2027880,8,2,4,6,7,0
"The kindleweb spider species is known amongst the island tribes for its warm, threadable webbing.","|cFFFFD200Drop:|r Island Expeditions|n|n",2447,143802,177236,520757,6,2,0,34,7,0
,,2805,161429,0,134908,0,34,-1,6,7,0
"This frog's peculiar red color appears to have evolved specifically for camouflage in blood. Spooky.","|cFFFFD200Vendor: |rNigel Rifthold|n|cFFFFD200Zone: |rDrustvar|n|cFFFFD200Cost: |r100|Hitem:163036|h|TInterface\ICONS\INV_Currency_PetBattle.BLP:0|t|h|n|n|cFFFFD200Vendor: |rShoak|n|cFFFFD200Zone: |rNazmir|n|cFFFFD200Cost: |r100|Hitem:163036|h|TInterface\ICONS\INV_Currency_PetBattle.BLP:0|t|h",2424,143205,279228,804966,8,2,2,6,7,0
"She just wanted to get away. Find a nice shell. Sit on a beach. Now she's your pet.","|cFFFFD200Vendor:|r Madeline Netley|n|cFFFFD200Zone:|r Stormsong Valley|n|cFFFFD200Cost:|r 50|Hitem:163036|h|TInterface\ICONS\INV_Currency_PetBattle.BLP:0|t|h|n|n|cFFFFD200Vendor:|r Jenoh|n|cFFFFD200Zone:|r Vol'dun|n|cFFFFD200Cost:|r 50|Hitem:163036|h|TInterface\ICONS\INV_Currency_PetBattle.BLP:0|t|h",2425,143206,279230,2027921,8,2,4,6,7,0
"It is a well-established fact that wasps produce far higher quality honey than bees. Well-established in very, very small circles of wasp farmers.","|cFFFFD200Vendor:|r Madeline Netley|n|cFFFFD200Zone:|r Stormsong Valley|n|cFFFFD200Cost:|r 50|Hitem:163036|h|TInterface\ICONS\INV_Currency_PetBattle.BLP:0|t|h|n|n|cFFFFD200Vendor:|r Jenoh|n|cFFFFD200Zone:|r Vol'dun|n|cFFFFD200Cost:|r 50|Hitem:163036|h|TInterface\ICONS\INV_Currency_PetBattle.BLP:0|t|h",2426,143207,279231,2027902,2,2,4,6,7,0
"He is a real trooper, faithfully tagging along with Kojo for years. He enjoys hide and seek as well as some serious shell sliding.","|cFFFFD200Vendor: |rCollector Kojo|n|cFFFFD200Zone: |rStormsong Valley|n|cFFFFD200Faction: |rTortollan Seekers - Revered|n|cFFFFD200Cost: |r200|Hitem:163036|h|TInterface\ICONS\INV_Currency_PetBattle.BLP:0|t|h|n|n|cFFFFD200Vendor: |rCollector Kojo|n|cFFFFD200Zone: |rZuldazar|n|cFFFFD200Faction: |rTortollan Seekers - Revered|n|cFFFFD200Cost: |r200|Hitem:163036|h|TInterface\ICONS\INV_Currency_PetBattle.BLP:0|t|h",2427,143209,279232,1738685,8,2,2,6,7,0
"This horrific, flesh-eating plant promises it can make all of your wildest wishes come true. If you feed it.","|cFFFFD200Vendor: |rJenoh|n|cFFFFD200Zone: |rVol'dun|n|cFFFFD200Cost: |r100|Hitem:163036|h|TInterface\ICONS\INV_Currency_PetBattle.BLP:0|t|h|n|n|cFFFFD200Vendor: |rMadeline Netley|n|cFFFFD200Zone: |rStormsong Valley|n|cFFFFD200Cost: |r100|Hitem:163036|h|TInterface\ICONS\INV_Currency_PetBattle.BLP:0|t|h",2428,143211,279233,2027889,6,2,2,6,7,0
"A chip off the ol' girl's block. Azeriti is fiercely protective and will strike out against anyone wishing to do her mother harm.","|cFFFFD200Vendor: |rMagni Bronzebeard|n|cFFFFD200Zone: |rSilithus|n|cFFFFD200Faction: |rChampions of Azeroth - Revered|n|cFFFFD200Cost: |r100|Hitem:163036|h|TInterface\ICONS\INV_Currency_PetBattle.BLP:0|t|h",2429,143214,279234,2032607,6,2,2,6,7,0
"The platysaur species has been roaming around the lands since before time was even measured. An ancient species that has adapted to walking on the land, and also for some reason has adapted to repeating some short sounds three times in a row.","|cFFFFD200Vendor: |rTalutu|n|cFFFFD200Zone: |rZuldazar|n|cFFFFD200Cost: |r100000|TINTERFACE\MONEYFRAME\UI-GOLDICON.BLP:0|t|n|n|cFFFFD200Vendor: |rTricky Nick|n|cFFFFD200Zone: |rTiragarde Sound|n|cFFFFD200Cost: |r100000|TINTERFACE\MONEYFRAME\UI-GOLDICON.BLP:0|t",2430,143360,279433,1888348,8,18,2,6,7,0
"The Dreadticks have grown to be a very invasive and dominant species wherever they wind up, they are incredibly quick to assault any new species until they find a weakness to exploit.","|cFFFFD200Achievement: |rBattle Safari|n|cFFFFD200Category: |rCollect",2431,143464,279576,1618564,2,82,5,6,7,0
"The young of Arathi Highlands' plains spiders may kick clouds of barbed abdomen hairs into predators' eyes. All this, and poisonous web-spitters, too.","|cFFFFD200Drop: |rVenomarus|n|cFFFFD200Zone: |rArathi Highlands",2432,143499,279631,2027962,7,2,0,6,7,0
"So long as one of his Sproutlings remains, Branchlord Aldrus will never truly die.","|cFFFFD200Drop: |rBranchlord Aldrus|n|cFFFFD200Zone: |rArathi Highlands",2433,143503,279638,135437,6,2,0,6,7,0
"Either Darbel Montrose was a terrible warlock, or she simply adored cute things. Perhaps both.","|cFFFFD200Drop: |rDarbel Montrose|n|cFFFFD200Zone: |rArathi Highlands",2434,143507,279643,136221,5,2,0,6,7,0
"Constructs designed to assist the titans with sundry small tasks, this example is oddly small. Teeny Titan Orb! Let's Go!","|cFFFFD200Drop: |rEcho of Myzrael|n|cFFFFD200Zone: |rArathi Highlands",2435,143515,279657,632352,5,2,0,6,7,0
"While Yogursa managed to survive the blight infesting many of Hillsbrad's ursines, she was driven mad, and her cubs forever tainted.","|cFFFFD200Drop: |rYogursa|n|cFFFFD200Zone: |rArathi Highlands",2436,143533,279686,648803,7,2,0,6,7,0
"Part owl, part bear... and part stag, which handily avoids potential lawsuits.","|cFFFFD200Drop: |rRagebeak|n|cFFFFD200Zone: |rArathi Highlands",2437,143563,279723,132150,7,2,0,6,7,0
"Plaguefeather and her brood feed well on the carrion the battle for Stromgarde has left scattered across the Highlands.","|cFFFFD200Drop: |rPlaguefeather|n|cFFFFD200Zone: |rArathi Highlands",2438,143564,279724,1929248,2,2,0,6,7,0
"These drops of Azerite are volatile and prone to explosive reactions when prodded.","|cFFFFD200Vendor: |rMagni Bronzebeard|n|cFFFFD200Zone: |rSilithus|n|cFFFFD200Faction: |rChampions of Azeroth - Revered|n|cFFFFD200Cost: |r200|Hitem:163036|h|TInterface\ICONS\INV_Currency_PetBattle.BLP:0|t|h",2439,143611,279365,2065616,5,2,2,6,7,0
"A living piece of Arathi's most infamous stone-faced behemoth, Fozruk.","|cFFFFD200Drop: |rFozruk|n|cFFFFD200Zone: |rArathi Highlands",2440,143627,279929,451165,6,2,0,6,7,0
"Boulderfist legend recounts a cloud of carrion birds following ogre warriors through the Dark Portal during the Second War; it may be that all two-headed scavengers in Azeroth are their descendants.","|cFFFFD200Drop: |rMan-Hunter Rog|n|cFFFFD200Zone: |rArathi Highlands",2441,143628,279930,132200,2,2,0,6,7,0
"Bumbles may not have been the largest bee of the millions within the hive, but that doesn't mean he can't grow into a champion.","|cFFFFD200Achievement: |rLet's Bee Friends|n|cFFFFD200Category: |rBattle for Azeroth",2442,143730,280157,2027852,2,82,5,6,7,0
"A mighty war machine of adorable proportions.","|cFFFFD200Vendor: |rVindicator Jaelaana|n|cFFFFD200Location: |rBoralus|n|cFFFFD200Faction: |r7th Legion",2443,143738,280185,132486,9,131586,2,6,7,0
"A mighty war machine of adorable proportions.","|cFFFFD200Vendor: |rRansa Greyfeather|n|cFFFFD200Location: |rZuldazar|n|cFFFFD200Faction: |rThe Honorbound",2444,143739,280188,132485,9,258,2,6,7,0
"The hooves of this subgroup of goats have evolved to be equally surefooted on sand or stone.","|cFFFFD200Drop:|r Island Expeditions|n",2448,143803,177235,877477,7,2,0,35,7,0
"Someone put this mechanical gorilla on the island to monitor the species, but who, and why?","|cFFFFD200Drop:|r Island Expeditions|n",2449,143804,177231,132189,9,2,0,6,7,0
"The only balls this hound chases are diamond-hard, fireproof rocks. Very heavy, not fun to throw.","|cFFFFD200Drop:|r Island Expeditions|n|n",2450,143805,177230,318343,6,2,0,34,7,0
"Is that a venomous worm in your pocket or... why is that in your pocket?","|cFFFFD200Drop:|r Island Expeditions|n|n",2451,143816,280332,236197,7,2,0,6,7,0
"Poro cannot fly, but enjoys a long lifespan hopping along the ground and shaking the fruits from trees.","|cFFFFD200Drop:|r Island Expeditions|n",2452,143797,177241,2061724,2,2,0,6,7,0
"Even young brineshell are drawn to the line in the sky that meets the waves, it calls them.","|cFFFFD200Drop:|r Island Expeditions|n",2453,143819,280335,1508497,8,2,0,6,7,0
"Based on the size, the mantid appear to be re-growing their swarm, likely due to the presence of a new empress.","|cFFFFD200Drop:|r Island Expeditions|n",2454,143820,280336,624010,7,2,0,6,7,0
"Captain Nibs was once the leader of an ill-fated sea voyage of slightly-too-smart-for-their-own-good monkeys that quickly capsized.","|cFFFFD200Drop:|r Island Expeditions|n",2455,143795,177243,2055038,3,2,0,6,7,0
"A wealthy pirate captain met with a strange man on the docks of an unknown city and bartered for everlasting life for his faithful companion. As with most monkey-related wishes, something went wrong.","|cFFFFD200Drop:|r Island Expeditions|n",2456,143796,177242,2055034,3,2,0,6,7,0
"The coldlight once were quite common across the oceans, to the grumbles of many hunters, but no longer.","|cFFFFD200Drop:|r Island Expeditions|n",2457,143821,280337,970832,0,2,0,6,7,0
"Getting just one of these fragrant beasts damp is the olfactory equivalent to rolling around in a pile of wet dogs.","|cFFFFD200Drop:|r Island Expeditions|n",2458,143818,280334,1029741,7,2,0,6,7,0
"Particularly partial to coastal scrub grasses, this hardy species has survived many years in uncharted lands.","|cFFFFD200Drop:|r Island Expeditions|n",2459,143817,280333,616693,7,2,0,6,7,0
"The voru'kar are fiercely loyal to their leader, Vorus'arak, who led them to safety from the Lich King's grasp.","|cFFFFD200Drop:|r Island Expeditions|n",2460,143822,280338,237393,2,2,0,6,7,0
"Whatever the story of his mysterious eyepatch is, he's not talking.","|cFFFFD200Drop:|r Island Expeditions|n",2461,143799,177239,2101159,8,2,0,6,7,0
"A baby octopode is technically referred to as a ""squish.""","|cFFFFD200Drop:|r Island Expeditions|n",2462,143798,177240,2101158,8,2,0,6,7,0
"During the warm summer months, the noise that these pests make is enough to drive a person mad.","|cFFFFD200Drop:|r Island Expeditions|n",2463,143806,177229,134967,4,2,0,6,7,0
"It's sting is worse than... well nothing, really. Are you sure you want to keep this as a pet?","|cFFFFD200Drop:|r Island Expeditions|n",2464,143807,177228,464143,7,2,0,6,7,0
"You know how disappointing it is when you return to your beverage and the ice has all melted? This guy's fault.","|cFFFFD200Drop:|r Island Expeditions|n",2465,143811,177222,656560,6,131074,0,36,7,0
"The most nefarious of the trickster spirits, and the reason why the pandaren invented fireproof pants.","|cFFFFD200Drop:|r Island Expeditions|n",2466,143809,177225,774324,6,131074,0,36,7,0
"""Beware the cool breeze, for it brings trickery."" - pandaren proverb","|cFFFFD200Drop:|r Island Expeditions|n",2467,143812,177221,774322,6,131074,0,36,7,0
"The earth that's rumbling beneath your feet... is it quaking or laughing, or both?","|cFFFFD200Drop:|r Island Expeditions|n",2468,143810,177224,774323,6,2,0,36,7,0
"The sprites that inhabit the islands of the Great Sea have thought of many traps to lure in unwary visitors.","|cFFFFD200Drop:|r Island Expeditions|n",2469,143808,177226,458176,0,2,0,41,7,0
"Littlehoof likes: bounding, bouncing, frolicking, and headbutts, in that order.","|cFFFFD200Drop:|r Island Expeditions|n",2471,143813,177219,1383844,4,2,0,6,7,0
"Wear gloves with this little guy, he loves to bite!","|cFFFFD200Drop:|r Island Expeditions|n",2472,143814,177217,1738684,8,2,0,6,7,0
"The bright scales of this rare wind serpent soak up the sunlight to keep it warm, even in shade.","|cFFFFD200Drop:|r Island Expeditions|n",2473,143815,280331,132209,2,2,0,6,7,0
"Mechanical Toads can hop over seven million times before their gears begin to wear out.","|cFFFFD200Profession: |rBattle for Azeroth Alchemy",2474,143957,280617,1694136,9,2,3,6,7,0
"These creatures are able to control each arm individually, which allows for great multi-tasking, and the ability to give the best hugs.","|cFFFFD200Profession: |rBattle for Azeroth Alchemy",2475,143959,280619,254105,8,2,3,6,7,0
"The smallest of cuts can be devastating to this species, they start to leak all over the place.","|cFFFFD200Profession: |rBattle for Azeroth Alchemy",2476,143958,280618,1723701,4,2,3,6,7,0
"The horns of a crawg grow at a tremendous rate starting almost immediately after they are born, and is among the hardest of natural materials found on a living species.","|cFFFFD200Profession: |rBattle for Azeroth Alchemy",2477,143374,279435,237402,7,2,3,6,7,0
"No one knows who first started dressing up crabs in Azeroth, and it won't be stopping any time soon.","|cFFFFD200PvP:|r Honor Level 400 Reward|n|n|cFFFFD200Vendor: |rCaptain Roberts|n|cFFFFD200Zone: |rDalaran|n|cFFFFD200Cost: |r500|TINTERFACE\MONEYFRAME\UI-GOLDICON.BLP:0|t|n|n|cFFFFD200Vendor: |rMarshal Frazer|n|cFFFFD200Zone: |rTiragarde Sound|n|cFFFFD200Cost: |r500|TINTERFACE\MONEYFRAME\UI-GOLDICON.BLP:0|t|n|n|cFFFFD200Vendor: |rKnight-Captain Jessica|n|cFFFFD200Zone: |rStormwind City|n|cFFFFD200Cost: |r500|TINTERFACE\MONEYFRAME\UI-GOLDICON.BLP:0|t",2478,144005,280728,2061889,8,594,5,6,7,0
"No one knows who first started dressing up crabs in Azeroth, and it won't be stopping any time soon.","|cFFFFD200PvP:|r Honor Level 400 Reward|n|n|cFFFFD200Vendor: |rSarah the Savage|n|cFFFFD200Zone: |rDalaran|n|cFFFFD200Cost: |r500|TINTERFACE\MONEYFRAME\UI-GOLDICON.BLP:0|t|n|n|cFFFFD200Vendor: |rViolet Shadowmend|n|cFFFFD200Zone: |rZuldazar|n|cFFFFD200Cost: |r500|TINTERFACE\MONEYFRAME\UI-GOLDICON.BLP:0|t|n|n|cFFFFD200Vendor: |rLegionnaire Voladis|n|cFFFFD200Zone: |rOrgrimmar|n|cFFFFD200Cost: |r500|TINTERFACE\MONEYFRAME\UI-GOLDICON.BLP:0|t",2479,144004,280727,2061890,8,338,5,6,7,0
"Test Pet.","|cFFFFD200Drop:|r Test Pet|n",2480,144617,281878,133718,4,34,0,6,7,0
,,2481,145133,0,1711341,7,33840,-1,6,7,0
"A Darkmoon balloon made to look like a wolf.","|cFFFFD200Vendor: |rCarl Goodup|n|cFFFFD200Zone: |rDarkmoon Island|n|cFFFFD200Cost: |r90|Hcurrency:515|h|TInterface\ICONS\INV_Misc_Ticket_Darkmoon_01.blp:0|t|h",2482,145948,283744,2341437,2,144,2,6,7,0
"A Darkmoon balloon made to look like a murloc.","|cFFFFD200Vendor: |rCarl Goodup|n|cFFFFD200Zone: |rDarkmoon Island|n|cFFFFD200Cost: |r90|Hcurrency:515|h|TInterface\ICONS\INV_Misc_Ticket_Darkmoon_01.blp:0|t|h",2483,145947,283741,2341436,2,144,2,6,7,0
"A Darkmoon balloon made to look like a horse.","|cFFFFD200Vendor: |rCarl Goodup|n|cFFFFD200Zone: |rDarkmoon Island|n|cFFFFD200Cost: |r90|Hcurrency:515|h|TInterface\ICONS\INV_Misc_Ticket_Darkmoon_01.blp:0|t|h",2484,145946,283740,2341435,2,144,2,6,7,0
,,2485,145968,0,2126350,3,32,-1,6,7,0
,,2486,145971,0,294474,4,32,-1,6,7,0
,,2487,145986,0,321487,9,32,-1,6,7,0
,,2488,145988,0,132996,9,1056,-1,6,7,0
,,2489,145990,0,894222,9,32,-1,6,7,0
,,2490,145995,0,1786409,9,32,-1,6,7,0
,,2492,146002,0,971291,9,32,-1,6,7,0
,,2493,146003,0,668552,9,32,-1,6,7,0
,,2494,146004,0,298587,9,32,-1,6,7,0
,,2495,146005,0,646782,3,1056,-1,6,7,0
,,2496,146006,0,133883,9,32,-1,6,7,0
,,2497,146148,0,133001,6,1056,-1,6,7,0
,,2498,146151,0,237032,6,1056,-1,6,7,0
,,2499,146150,0,133868,6,1056,-1,6,7,0
,,2500,146176,0,1336885,9,32,-1,6,7,0
,,2501,146001,0,133000,9,1056,-1,6,7,0
,,2502,146183,0,135790,6,32,-1,6,7,0
,,2503,146182,0,135862,6,32,-1,6,7,0
,,2504,146181,0,135851,6,32,-1,6,7,0
"The tarantulas that inhabit southern Redridge are smaller than their cousins elsewhere in Azeroth, but make up for their size with speed and ferocity.","|cFFFFD200Drop: |rGnollfeaster|n|cFFFFD200Zone: |rRedridge Mountains",2525,147221,285843,2027964,7,2,0,6,7,0
"Thought to be lost in a massive explosion, the smartest of engineers were able to rebuild Feathers into a magnificent mechanical creation.","|cFFFFD200Quest: |rShe's in a Happier Place
|cFFFFD200Zone: |rTanaris

|cFFFFD200Quest: |rHe's Dead, Jastor
|cFFFFD200Zone: |rTanaris",2526,147583,286474,2490921,9,2,1,6,7,0
"There is a story told to some children that all winged creatures were unable to fly until Pa'ku provided enough wind to lift them off of the ground.","|cFFFFD200Drop: |rPa'ku's Aspect|n|cFFFFD200Zone: |rBattle of Dazar'alor",2527,147586,286483,1624588,2,2,0,6,7,0
"A toad with Krag'wa's bloodline has an average expectancy to leap over seven million times during its lifetime.","|cFFFFD200Drop: |rPa'ku's Aspect|n|cFFFFD200Zone: |rBattle of Dazar'alor (Mythic)",2528,147585,286484,2399289,8,2,0,6,7,0
"The large plates on the back of this lizard are made of a mysterious but highly conductive material, making it ideal to charge up and expel massive amounts of electricity.","|cFFFFD200Drop: |rPa'ku's Aspect|n|cFFFFD200Zone: |rBattle of Dazar'alor",2529,147587,286482,136103,7,2,0,6,7,0
"The Mechantula was created by an unknown gnomish Engineer. Rumor has it when the original schematic was found, it was in a room covered with dusty old webbing, but neither the original Mechantula or the engineer who drafted the schematic could be found.","|cFFFFD200Profession: |rBattle for Azeroth Engineering",2530,147619,286514,1511262,9,2,3,6,7,0
"Mechanical Cockroaches are less likely to survive an apocalypse than an actual living cockroach, making this one of the more questionable feats of engineering.","|cFFFFD200Vendor: |rMicro Zoox|n|cFFFFD200Zone: |rDun Morogh|n|cFFFFD200Cost: |r1|Hitem:165835|h|TInterface\ICONS\INV_Misc_EngGizmos_35.blp:0|t|h",2531,147671,286574,294474,9,2,2,6,7,0
"The radiation from all of the machinery in Gnomeregan gives these rats a soft green glow when looked at in absolute darkness.","|cFFFFD200Vendor: |rMicro Zoox|n|cFFFFD200Zone: |rDun Morogh|n|cFFFFD200Cost: |r2|Hitem:165835|h|TInterface\ICONS\INV_Misc_EngGizmos_35.blp:0|t|h",2532,147679,286576,2126350,3,2,2,6,7,0
"The Alarm-O-Dog was built for security purposes, but people really wanted one for their home because they are so darn cute.","|cFFFFD200Vendor: |rMicro Zoox|n|cFFFFD200Zone: |rDun Morogh|n|cFFFFD200Cost: |r3|Hitem:165835|h|TInterface\ICONS\INV_Misc_EngGizmos_35.blp:0|t|h",2533,147692,286582,1567069,9,2,2,6,7,0
"Nobody is sure why someone thought making a miniature version of the machines in Gnomeregan was a good idea, but they sure are fun to play with.","|cFFFFD200Achievement: |rPet Battle Challenge: Gnomeregan|n|cFFFFD200Category: |rPet Battles",2534,147838,286790,132241,9,82,5,6,7,0
"The eerie magic in Drustvar has caused some unimaginable creatures to show up. Some still lurk in the shadows, others seem to be made out of shadows.","|cFFFFD200Achievement: |rFamily Battler|n|cFFFFD200Category: |rBattle",2535,147884,286837,136221,5,82,5,6,7,0
"The raptors of Zandalar have their feathers at a very young age, making them seem like easy prey to an unsuspecting predator. In reality, these little terrors eat everything they want to and are prey to almost no other species.","|cFFFFD200Pet Battle: |rZuldazar",2537,148517,0,2459292,7,26,4,6,7,0
"Like many other species, you can get a rough guess of how large the raptor will be as a fully grown adult by the size of its largest claw.","|cFFFFD200Drop: |rN'chala the Egg Thief|n|cFFFFD200Zone: |rZuldazar",2538,148520,287997,2459296,7,2,0,6,7,0
"One of the earliest recorded victories in a large battle on Zandalar depicted mighty warriors riding into battle on armored raptors. The legend has it that the warrior did not choose their raptor, but that the raptor would choose the warrior.","|cFFFFD200Vendor: |rProvisioner Stoutforge|n|cFFFFD200Zone: |rTiragarde Sound|n|cFFFFD200Cost: |r100|Hcurrency:1717|h|TInterface\ICONS\INV_AllianceWarEffort.BLP:0|t|h",2539,148524,288006,2459293,7,2,2,6,7,0
"During certain times of the day, the sunlight can cause a reflection on the feathers of the red tinted raptors causing them to look more like flames than feathers.","|cFFFFD200Vendor: |rProvisioner Mukra|n|cFFFFD200Zone: |rZuldazar|n|cFFFFD200Cost: |r100|Hcurrency:1716|h|TInterface\ICONS\INV_HordeWarEffort.BLP:0|t|h",2540,148525,288009,2459294,7,2,2,6,7,0
"This upper class parrot is only for the most distinguished of sailors.","|cFFFFD200Zone:|r Siren Isle|n|cFFFFD200Drop:|r Pirates|n",2541,148542,288054,1716281,2,2,0,6,7,0
"The Sentinel Owls of Darkshore are forever protective of their homeland.","|cFFFFD200Drop:|r Burninator Mark V|n|cFFFFD200Zone:|r Darkshore|n|n|cFFFFD200Drop:|r Athil Dewfire|n|cFFFFD200Zone:|r Darkshore",2544,148781,288486,1387709,2,2,0,6,7,0
"When Cyclarus came to Darkshore, small cyclones appeared all over the place. Some of them dissipated over time, others found their way back to Cyclarus and were absorbed into the surrounding winds.","|cFFFFD200Drop: |rCyclarus|n|cFFFFD200Zone: |rDarkshore",2545,148784,288582,132119,6,2,0,6,7,0
"This is what happens when you try to one-up Pip Quickwit's tall tales of being stuck inside of dangerous creatures.","|cFFFFD200Drop: |rConflagros
|cFFFFD200Zone: |rDarkshore",2546,148825,288592,1269439,3,2,0,6,7,0
"Hydrath Water Droplets are also an excellent skin moisturizer.","|cFFFFD200Drop: |rHydrath|n|cFFFFD200Zone: |rDarkshore",2547,148841,288595,636335,6,2,0,6,7,0
"A lone Ancient of Lore in Darnassus managed to save this Treant in its final actions with a magical aura to prevent the flames from burning it any further.","|cFFFFD200Drop:|r Zim'kaga|n|cFFFFD200Zone:|r Darkshore|n|n|cFFFFD200Drop:|r Onu|n|cFFFFD200Zone:|r Darkshore",2548,148843,288597,135829,6,2,0,6,7,0
"This Jelly has seen better days. Now it sees through fifty different eyes.","|cFFFFD200Drop: |rSoggoth the Slitherer|n|cFFFFD200Zone: |rDarkshore",2549,148844,288598,537022,5,2,0,6,7,0
"Once a mighty warrior of the n'raqi, Zur'aj's power was stolen and absorbed by an unknown rival.","|cFFFFD200Drop: |rTwilight Prophet Graeme|n|cFFFFD200Zone: |rDarkshore",2550,148846,288600,1386549,5,2,0,6,7,0
"The playful kicks of these baby moose are enough to knock an orc flat on his back.","|cFFFFD200Drop:|r Island Expeditions|n",2551,148976,288867,1387706,7,2,0,6,7,0
"We don't know much about this species, but we do know this: bats aren't bugs.","|cFFFFD200Drop:|r Island Expeditions|n",2552,148979,288868,132182,2,2,2,6,7,0
"Get it while it lasts.","|cFFFFD200Drop:|r Island Expeditions|n",2553,148981,288870,1100170,3,2,0,6,7,0
"The needleback porcupines have survived life in island climates by evolving to be extra lucky.","|cFFFFD200Drop:|r Island Expeditions|n",2554,148982,288875,644001,4,2,0,6,7,0
"Albino ravens are incredibly rare and highly prized amongst the traders of the Great Sea.","|cFFFFD200Vendor: |rCaptain Klarisa|n|cFFFFD200Zone: |rTiragarde Sound|n|cFFFFD200Cost: |r200|Hcurrency:1710|h|TInterface\ICONS\INV_Misc_AzsharaCoin.BLP:0|t|h|n|n|cFFFFD200Vendor: |rCaptain Zen'taga|n|cFFFFD200Zone: |rZuldazar|n|cFFFFD200Cost: |r200|Hcurrency:1710|h|TInterface\ICONS\INV_Misc_AzsharaCoin.BLP:0|t|h",2555,148985,288890,1733738,2,2,2,6,7,0
"Though barely a hatchling, its claws are already sharp enough to pierce the flesh of many smaller critters.","|cFFFFD200Drop:|r Island Expeditions|n",2556,148984,288889,1733737,2,2,0,6,7,0
"Firesting wasps are said to have one of the worst bites of any wasp species, causing a pain like a burning blaze.","|cFFFFD200Drop:|r Island Expeditions|n",2557,148988,288895,2027905,2,2,0,6,7,0
"Lord Woofington was given his title after the rest of the denizens of Havenswood succumbed to madness.","|cFFFFD200Drop:|r Island Expeditions|n|n",2558,148989,288901,877481,7,2,0,6,7,0
"It has one solution to all of its problems: give em' a lashing.","|cFFFFD200Drop:|r Island Expeditions|n",2559,148990,288910,2399293,8,2,0,6,7,0
"Key activities include: rolling over, sunning self, whimpering for belly scratches, and enjoying belly scratches.","|cFFFFD200Drop:|r Island Expeditions|n|n",2560,148991,288914,797544,7,2,0,33,7,0
"These whelps are frequently captured by the denizens of Jorundall when still young and trainable.","|cFFFFD200Drop:|r Island Expeditions|n",2561,148995,288916,134154,1,2,0,6,7,0
"The crimson species of octopode grows larger and hardier than others, and is capable of sustaining crushing pressure in the depths.","|cFFFFD200Vendor: |rCaptain Klarisa|n|cFFFFD200Zone: |rTiragarde Sound|n|cFFFFD200Cost: |r100|Hcurrency:1710|h|TInterface\ICONS\INV_Misc_AzsharaCoin.BLP:0|t|h|n|n|cFFFFD200Vendor: |rCaptain Zen'taga|n|cFFFFD200Zone: |rZuldazar|n|cFFFFD200Cost: |r100|Hcurrency:1710|h|TInterface\ICONS\INV_Misc_AzsharaCoin.BLP:0|t|h",2562,148997,288919,2101158,8,2,2,6,7,0
"It is an honor in the Sentinel Army to be entrusted with the care of an owl born from the boughs of the great tree Teldrassil.","|cFFFFD200Quest: |rA New Hope|n|cFFFFD200Zone: |rDarkshore|n|n|cFFFFD200Drop:|r Orwell Stevenson|n|cFFFFD200Zone:|r Darkshore|n|n|cFFFFD200Drop:|r Grimhorn|n|cFFFFD200Zone:|r Darkshore",2563,149205,289359,1387709,2,2,1,6,7,0
,,2611,150924,0,2492256,5,32,-1,6,7,0
,,2612,150925,0,134180,5,1056,-1,6,7,0
"The convenient part of robots that fight each other is that you can just put them back together. Step two is to attach a giant laser cannon to ensure you win the next battle.","|cFFFFD200Drop:|r Dookthar the Destroyer|n|cFFFFD200Zone:|r Vol'dun|n",2564,149348,289604,1509628,9,2,0,6,7,0
"Anyone serious about using a mechanical spider in battle knows that you need to buy replacement legs in bulk. Those things are fragile.","|cFFFFD200Drop:|r Arachni|n|cFFFFD200Zone:|r Vol'dun|n",2565,149361,289605,1511262,9,2,0,6,7,0
"The Albatross is capable of flying further than any other species of bird on all of Azeroth.","|cFFFFD200Drop:|r Proudmoore Admiralty Supplies",2566,149363,289606,132923,2,2,0,6,7,0
"Unlike most other bat species, the crimson bats are actually blind and rely entirely on echolocation to get around.","|cFFFFD200Drop:|r Talanji's Expedition Supplies",2567,149372,289622,2103883,2,2,0,6,7,0
"The feathers of the cobalt raven glow eerily in the moonlight, making them easy to spot during the night.","|cFFFFD200Drop:|r Order of Embers Supplies|n",2568,149375,289629,136076,2,2,0,6,7,0
"The Abyssal Eels are able to swallow and digest something up to twice the width of their body.","|cFFFFD200Drop:|r Storm's Wake Supplies|n",2569,149376,289633,2027957,8,2,0,6,7,0
"Mr. Crabs was victorious in a lengthy brawl amongst nearly a dozen other hermit crabs to claim his current shell.","|cFFFFD200World Event:|r Children's Week",2575,150098,291203,2027914,8,2,1,6,7,0
"Beakbert's favorite food is a ravenberry.","|cFFFFD200World Event:|r Children's Week",2576,150119,291214,1738683,8,2,1,6,7,0
"The skin of a teal frog sometimes shimmers just right in the sunlight, providing excellent camouflage when on the surface of the water.","|cFFFFD200World Event:|r Children's Week",2577,150120,291215,2399261,8,2,1,6,7,0
"Saurolisk scales are a surprisingly flexible but durable material that are often used to reinforce or mend things that are broken or worn through.","|cFFFFD200World Event:|r Children's Week",2578,150126,291223,2027841,1,2,1,6,7,0
"Quilen were the favored companions of the ancient Mogu race due to their loyal nature.","|cFFFFD200Drop: |rThe Stone Guard|n|cFFFFD200Zone: |rMogu'shan Vaults",2579,150354,291513,645792,7,2,0,6,7,0
"Crossing into the spirit world too often can be dangerous for your health.","|cFFFFD200Drop: |rGara'jal the Spiritbinder|n|cFFFFD200Zone: |rMogu'shan Vaults",2580,150356,291515,801002,3,2,0,6,7,0
"The Engine of Nalak'sha is defended by many mighty beings, and many tiny beings.","|cFFFFD200Drop: |rElegon|n|cFFFFD200Zone: |rMogu'shan Vaults",2581,150357,291517,2622569,5,2,0,6,7,0
"For being an inanimate object for many centuries, this statue sure moves around really well.","|cFFFFD200Drop: |rQin-xi|n|cFFFFD200Zone: |rMogu'shan Vaults",2582,150360,291533,646675,5,2,0,254,7,0
"This little cloud serpent's favorite activity is chasing its own tail.","|cFFFFD200Drop: |rTsulong|n|cFFFFD200Zone: |rTerrace of Endless Spring",2583,150365,291537,1247267,1,2,0,6,7,0
"The elemental spirits of Pandaria have been known to plan tricks to play on unsuspecting visitors years in advance.","|cFFFFD200Drop: |rLei Shi|n|cFFFFD200Zone: |rTerrace of Endless Spring",2584,150372,291537,774324,6,2,0,6,7,0
"Don't let these eat after midnight, legend has it that it's very dangerous.","|cFFFFD200Drop: |rImperial Vizier Zor'lok|n|cFFFFD200Zone: |rHeart of Fear",2585,150374,291548,624012,2,2,0,6,7,0
"The glow eminating from these is both calming and eerie at the same time when in total darkness.","|cFFFFD200Drop: |rBlade Lord Ta'yak|n|cFFFFD200Zone: |rHeart of Fear",2586,150375,291549,2626043,2,2,0,6,7,0
"The kunchong are extremely aggressive and will eat just about anything they can as soon as they are able to walk. If they can't eat it, they will smash it instead.","|cFFFFD200Drop: |rGaralon|n|cFFFFD200Zone: |rHeart of Fear",2587,150377,291553,624010,7,2,0,6,7,0
"The mantid are extremely reliant upon amber for many things, and even use it in some of their magic.","|cFFFFD200Drop: |rAmber-Shaper Un'sok|n|cFFFFD200Zone: |rHeart of Fear",2589,150380,291556,646670,5,2,0,6,7,0
"As a spawn of the most dangerous sha, this little monster has some big plans, but needs to wait a few thousand years first.","|cFFFFD200Drop: |rGrand Empress Shek'zeer|n|cFFFFD200Zone: |rHeart of Fear",2590,150381,291560,135782,6,2,0,6,7,0
"This thing is equally as evil as it is adorable.","|cFFFFD200Achievement: |rRaiding with Leashes VI: Pets of Pandaria|n|cFFFFD200Category: |rCollect",2591,150385,291561,2735130,6,131154,5,6,7,0
,,2592,150858,0,1338622,7,1056,-1,6,7,0
,,2593,150906,0,294474,4,32,-1,6,7,0
,,2594,150907,0,463491,4,32,-1,6,7,0
,,2595,150908,0,646782,3,32,-1,6,7,0
,,2596,150910,0,136194,5,32,-1,6,7,0
,,2597,150911,0,237373,3,32,-1,6,7,0
,,2598,150912,0,132196,3,32,-1,6,7,0
,,2599,150913,0,134180,5,32,-1,6,7,0
,,2600,150914,0,236548,3,32,-1,6,7,0
,,2601,150915,0,458967,3,32,-1,6,7,0
,,2602,150917,0,236458,3,1056,-1,6,7,0
,,2603,150918,0,1100170,3,1056,-1,6,7,0
,,2605,150919,0,134179,3,32,-1,6,7,0
,,2606,150920,0,1354171,1,32,-1,6,7,0
,,2607,150921,0,254094,3,32,-1,6,7,0
,,2608,150922,0,2492254,3,1056,-1,6,7,0
,,2609,150923,0,1500940,5,32,-1,6,7,0
"This pocket-sized Lord of Blackrock is too small to call out any classes, but he can still dish up a good insult.","|cFFFFD200WoW's 15th Anniversary|r|n",2621,151779,294206,2615850,1,82,6,6,7,0
"These dazzling hatchlings have a distinctive coat color that has been highly sought after by leatherworkers for generations.","|cFFFFD200World Event:|r Feast of Winter Veil |n",2622,151780,294211,2741548,7,2130,6,6,7,0
"Don't be fooled by Dottie's soft coat and big eyes, her tiny, sharp teeth are for more than just munching on grass.","|cFFFFD200In-Game Shop|r",2623,151788,294231,2735061,7,82,9,6,7,0
"Some argue that the beard is what grants a spell caster their power, but they're wrong. The hat is where the magic is really from.","|cFFFFD200Achievement: |rPet Battle Challenge: Stratholme|n|cFFFFD200Category: |rPet Battles",2638,154445,300387,1337422,3,82,5,6,7,0
"The crabs of Nazjatar seem relatively unfazed by the sudden absence of the water.","|cFFFFD200Pet Battle: |rNazjatar",2645,154697,0,2027869,8,26,4,6,7,0
"The bright shells on these crabs makes them easy prey for predators, so they mostly stay to the shadows.","|cFFFFD200Pet Battle: |rNazjatar",2646,154702,0,2027887,8,26,4,6,7,0
"The bright shells of the hermit crabs of Nazjatar have the jewelry crafters of Azeroth buzzing with excitement.","|cFFFFD200Pet Battle: |rNazjatar",2647,154704,0,2027923,8,26,4,6,7,0
"The chitterspine make a distinctive clicking noise when they see prey in the open.","|cFFFFD200Pet Battle: |rNazjatar",2648,154706,0,1508490,8,26,4,6,7,0
"The ""hissing"" of this crab can be heard underwater, and is actually it rapidly clicking its smaller claws.","|cFFFFD200Pet Battle: |rNazjatar",2649,154708,0,1508489,8,26,4,6,7,0
"These albatrosses are slightly smaller than those found inland, and they can travel great distances over the sea.","|cFFFFD200Pet Battle: |rNazjatar",2650,154710,0,1929246,2,26,4,6,7,0
"The deep sea frenzies of Nazjatar have long been a staple food of the naga.","|cFFFFD200Pet Battle: |rNazjatar",2651,154712,0,2564610,8,26,4,6,7,0
"Some frenzies have been touched by whispers in the deep, and seek to turn the tides red with blood.","|cFFFFD200Pet Battle: |rNazjatar",2652,154714,0,2564610,8,26,4,6,7,0
"The pressure of the crushing depths at which these snails exist help to form its distinctive shell.","|cFFFFD200Pet Battle: |rNazjatar",2653,154716,0,2530492,4,26,4,6,7,0
"In the lightless trenches and chasms of the Great Sea, life still exists.","|cFFFFD200Pet Battle: |rThe Eternal Palace",2657,154718,0,2530494,4,26,4,6,7,0
"Of the many frightening things that lurk in the deeps, a chitterspine nest is really up there.","|cFFFFD200Pet Battle: |rThe Eternal Palace|n",2658,154720,0,1508493,8,26,4,6,7,0
"If you are diving into the deeps and one of these attaches itself to your leg, don't panic -- they're relatively harmless.","|cFFFFD200Pet Battle: |rThe Eternal Palace",2659,154722,0,2763646,4,26,4,6,7,0
"What else is there to say? Slugs love muck.","|cFFFFD200Pet Battle: |rNazjatar",2660,154724,0,2763642,4,26,4,6,7,0
"Snooters have a very good sense of smell and can easily find grass and seeds buried under snow or scrap.","|cFFFFD200Pet Battle: |rMechagon",2661,154767,0,2205589,7,26,4,6,7,0
"The dark fur of the duskytooth allows them to more easily hide in the junkheaps of Mechagon Island.","|cFFFFD200Pet Battle: |rMechagon",2662,154769,0,2205590,7,26,4,6,7,0
"Of all of the creatures in Mechagon, the roaches seem the most unaffected by all of the changes.","|cFFFFD200Pet Battle: |rMechagon",2663,154771,0,294474,4,26,4,6,7,0
"Experiments on this roach have grown it to an enormous size. Who would want that?","|cFFFFD200Pet Battle: |rMechagon",2664,154773,0,294474,4,26,4,6,7,0
"The frogs of Mechagon had two choices when faced with mechanization: hide or breed. This species chose the latter.","|cFFFFD200Pet Battle: |rMechagon",2665,154775,0,2399262,8,26,4,6,7,0
"The frogs of Mechagon had two choices when faced with mechanization: hide or breed. This species chose the former.","|cFFFFD200Pet Battle: |rMechagon",2666,154777,0,2399264,8,26,4,6,7,0
"The mechanical frogs of Mechagon Island have evolved to eat various mechanical insects, somehow.","|cFFFFD200Pet Battle: |rMechagon",2667,154779,0,2399254,9,26,4,6,7,0
"The results of King Mechagon's experiments can be seen throughout the city and island.","|cFFFFD200Pet Battle: |rOperation: Mechagon",2668,154781,0,2399251,9,26,4,6,7,0
"Some of the few remaining fleshy creatures on Mechagon, they provide food and even companionship for the citizens of Rustbolt.","|cFFFFD200Pet Battle: |rMechagon",2669,154783,0,2027862,2,26,4,6,7,0
"Experiments in mechanization have driven the few remaining critters in Mechagon to hide or flee.","|cFFFFD200Pet Battle: |rMechagon",2670,154785,0,2126353,4,26,4,6,7,0
"Specimen 97 escaped from his cage before being fully mechanized. Now, he seeks revenge.","|cFFFFD200Pet Battle: |rMechagon",2671,154787,0,2126366,9,26,4,6,7,0
"Though not real rats, they have taken over the back alleys of Mechagon City and carry diseased programs, earning them the name.","|cFFFFD200Pet Battle: |rOperation: Mechagon",2672,154789,0,2126359,9,26,4,6,7,0
"Natural burrowing tendencies were programmed into these critters, and now they perform vital functions breaking down the great piles of scrap.","|cFFFFD200Pet Battle: |rMechagon",2673,154791,0,2126361,9,26,4,6,7,0
"When you need a hand, you know who to call.","|cFFFFD200Pet Battle: |rOperation: Mechagon",2674,154794,0,1521022,9,131098,4,6,7,0
"The machinists of Mechagon may automate many of the tasks of the city, but they also spend a lot of time repairing and maintaining their inventions.","|cFFFFD200Pet Battle: |rOperation: Mechagon",2675,154796,0,1521022,9,131098,4,6,7,0
"Doesn't remember what it was originally programmed to do, just wants to battle other pets.","|cFFFFD200Pet Battle: |rMechagon",2676,154798,0,2735924,9,26,4,6,7,0
"A re-emergence of whelps outside of Grim Batol has the red dragonflight worried -- something is happening in the lost city.","|cFFFFD200Pet Battle: |rTwilight Highlands",2677,154803,0,134154,1,26,4,6,7,0
"The eels that inhabit the trenches and chasms of Nazjatar are a favored food of many creatures that inhabit the area.","|cFFFFD200Pet Battle: |rNazjatar",2678,154814,0,2027955,8,26,4,6,7,0
"Master of poking, stabbing, thrusting, jabbing, and gouging.","|cFFFFD200Treasure: |rAzshara Chest|n|cFFFFD200Zone: |rThe Eternal Palace",2680,154819,301015,2267048,0,2,0,6,7,0
"The murloc tribe that Murgle belongs to is one of few that have resisted the naga's enslavement.","|cFFFFD200Drop: |rKing Gakula|n|cFFFFD200Zone: |rNazjatar",2681,154820,301042,3004140,0,2,0,6,7,0
"Legend has it that the Necrofin tribe found necromancy on a series of runed tablets at the bottom of the sea.","|cFFFFD200Drop: |rBlindlight|n|cFFFFD200Zone: |rNazjatar",2682,154821,301043,970832,0,2,0,6,7,0
"Don't let the cuteness fool you, this little monster will jab your ankles the second you're not looking.","|cFFFFD200Achievement: |rTeam Aquashock|n|cFFFFD200Category: |rPet Battles",2683,154822,301020,2267049,0,82,5,6,7,0
"A rare species of crab found mostly in Nazjatar, it hides easily amongst the ample kelp and coral of the area.","|cFFFFD200Drop: |rSandclaw Stoneshell|n|cFFFFD200Zone: |rNazjatar",2684,154823,301021,2027870,8,2,0,6,7,0
"Anything can be a nest, if you try hard enough.","|cFFFFD200Treasure:|r Glimmering Chest|n|cFFFFD200Zone:|r Nazjatar|n",2685,154824,301022,2027879,8,2,1,6,7,0
"When the sun shines on its shell just right, the light scatters in a thousand different directions.","|cFFFFD200Vendor: |rArtisan Okata|n|cFFFFD200Zone: |rNazjatar|n|cFFFFD200Cost: |r150|Hcurrency:1721|h|TInterface\ICONS\inv_misc_enchantedpearlF.blp:0|t|h|n|n|cFFFFD200Vendor: |rFinder Pruc|n|cFFFFD200Zone: |rNazjatar|n|cFFFFD200Cost: |r150|Hcurrency:1721|h|TInterface\ICONS\inv_misc_enchantedpearlF.blp:0|t|h|n|n|cFFFFD200Drop: |rIridescent Glimmershell|n|cFFFFD200Zone: |rNazjatar",2686,154825,301023,2027919,8,2,2,6,7,0
"A gift, found one day and saved for a meaningful occasion, should things ever turn around.","|cFFFFD200Quest:|r Glittering Shell|n",2687,154826,301024,2027920,8,18,1,6,7,0
"A gift, found one day and saved for a meaningful occasion, should things ever turn around.","|cFFFFD200Quest:|r Beauty in the Deeps|n",2688,154827,301025,2027923,8,18,1,6,7,0
"A rare evolution of chitterspine, with elongated spines to pierce soft flesh and eyes.","|cFFFFD200Drop: |rNeedlespine|n|cFFFFD200Zone: |rNazjatar",2689,154828,301026,1508493,8,2,0,6,7,0
"As if a dark, underwater cave wasn't nightmarish enough, these things exist -- and they love it there.","|cFFFFD200Drop: |rCaverndark Terror|n|cFFFFD200Zone: |rNazjatar",2690,154829,301027,1508492,8,2,0,6,7,0
"These gruesome crabs are attracted to the scent of blood and seem to revel in combat.","|cFFFFD200Vendor: |rCrafticus Mindbender|n|cFFFFD200Zone: |rNazjatar|n|cFFFFD200Cost: |r30|Hitem:168802|h|TInterface\ICONS\inv_misc_token_pvp01.BLP:0|t|h|n|n|cFFFFD200Vendor: |rDazzerian|n|cFFFFD200Zone: |rNazjatar|n|cFFFFD200Cost: |r30|Hitem:168802|h|TInterface\ICONS\inv_misc_token_pvp01.BLP:0|t|h",2691,154830,301028,1508489,8,2,2,6,7,0
"In the lightless caverns, a bright shell color doesn't make you any worse at ambushing.","|cFFFFD200Drop: |rLady Ashvane|n|cFFFFD200Zone: |rThe Eternal Palace",2692,154831,301029,1508488,8,2,0,6,7,0
"In a dark place unknown to all, the seabed writhes with the children of Nalaada, a carpet of life and death.","|cFFFFD200Drop: |rElderspawn Nalaada|n|cFFFFD200Zone: |rNazjatar",2693,154832,301030,2027953,8,2,0,6,7,0
"In the fathomless depths beyond the Eternal Palace, minds are lost in the blackness.","|cFFFFD200Drop: |rBlackwater Behemoth|n|cFFFFD200Zone: |rThe Eternal Palace",2694,154833,301031,2564610,8,2,0,6,7,0
"Frenzies in Nazjatar have learned to operate in large schools or face consumption by the many predators of the deeps.","|cFFFFD200Drop: |rDaggertooth Terror|n|cFFFFD200Zone: |rNazjatar",2695,154834,301032,2564610,8,2,0,6,7,0
"The influence of the old gods on the aquatic life of Nazjatar is unmistakable, as many simply wander as mindless eyes of N'zoth.","|cFFFFD200Drop: |rZa'qul|n|cFFFFD200Zone: |rThe Eternal Palace",2696,154835,301033,2101158,8,2,0,6,7,0
"Spireshells produce a softer shell when young which will be grown out of quickly.","|cFFFFD200Drop: |rAmethyst Spireshell|n|cFFFFD200Zone: |rNazjatar",2697,154836,301034,2530493,4,2,0,6,7,0
"Even with its softer juvenile shell, a young prismatic spireshell still glitters like a diamond.","|cFFFFD200Vendor: |rSpeaker Utia|n|cFFFFD200Zone: |rNazjatar|n|cFFFFD200Faction: |rAnkoan - Revered|n|cFFFFD200Cost: |r500|TINTERFACE\MONEYFRAME\UI-GOLDICON.BLP:0|t",2698,154837,301035,2530489,4,2,2,6,7,0
"The bright coloration of this deep water slug seems to give off a soft, warm glow.","|cFFFFD200Vendor: |rAtolia Seapearl|n|cFFFFD200Zone: |rNazjatar|n|cFFFFD200Faction: |rUnshackled - Revered|n|cFFFFD200Cost: |r500|TINTERFACE\MONEYFRAME\UI-GOLDICON.BLP:0|t",2699,154838,301036,2763644,4,2,2,6,7,0
"Watch your ears.","|cFFFFD200Drop: |rMirecrawler|n|cFFFFD200Zone: |rNazjatar",2700,154839,301037,2763647,4,2,0,6,7,0
"The elements clash and battle for relics constantly, but few moreso than the Tidestone.","|cFFFFD200Drop: |rPrince Typhonus|n|cFFFFD200Zone: |rNazjatar",2701,154840,301038,135861,6,2,0,6,7,0
"The Tidestone would empower minions of both the storm and the sea, and is sought after by both parties.","|cFFFFD200Drop: |rPrince Vortran|n|cFFFFD200Zone: |rNazjatar",2702,154841,301039,236154,6,2,0,6,7,0
"This pile of animated sand is fun to squish between your fingers, but doesn't really like it when you do that.","|cFFFFD200Drop:|r Sandcastle|n|cFFFFD200Zone:|r Nazjatar",2703,154842,301040,796636,6,2,0,6,7,0
,,2806,161430,0,796636,6,34,-1,6,7,0
,,2807,161432,0,1006111,6,34,-1,6,7,0
"The hydra matriarchs of Nazjatar steal and destroy one another's eggs constantly, so you can never really know what will hatch out of one.","|cFFFFD200Drop: |rNazjatar",2704,154843,301041,463493,8,2,0,6,7,0
"Standing next to a brinestone algan will remind you of the smell of the sea, mixed with rotting kelp.","|cFFFFD200Drop: |rAvarius|n|cFFFFD200Zone: |rNazjatar",2706,154845,301044,960692,6,2,0,34,7,0
"There's no mistaking the evidence -- algan breed by budding. We can all put this argument to rest now.","|cFFFFD200Drop: |rRockweed Shambler|n|cFFFFD200Zone: |rNazjatar",2707,154846,301045,960692,6,2,0,34,7,0
"The predatory coral of Nazjatar can grow incredibly quickly given the right conditions.","|cFFFFD200Drop: |rCarnivorous Lasher|n|cFFFFD200Zone: |rNazjatar",2708,154847,301046,2027890,6,2,0,6,7,0
"The eels of Nazjatar are experts at hiding in the many cracks and rocks of the sea floor.","|cFFFFD200Drop: |rVor'koth|n|cFFFFD200Zone: |rNazjatar",2709,154848,301047,133898,8,2,0,6,7,0
"When the waves crashed down around the city, not all were fortunate enough to receive N'zoth's gift.","|cFFFFD200Vendor: |rFeylana the Handler|n|cFFFFD200Zone: |rNazjatar|n|cFFFFD200Cost: |r40|Hcurrency:1721|h|TInterface\ICONS\inv_misc_enchantedpearlF.blp:0|t|h",2710,154849,301048,656241,3,2,2,6,7,0
"The birth of an exceptionally rare Golden Snorf was such an abnormality that not even King Mechagon could force himself to mechanize his beloved, fuzzy friend.","|cFFFFD200Drop:|r King Mechagon|n|cFFFFD200Zone:|r Operation: Mechagon (Mythic)|n",2711,154850,301049,2205591,7,2,0,6,7,0
"Of all snooters, this one has the softest fur. Ironically, it does not like to be pet very much.","|cFFFFD200Drop: |rFungarian Furor|n|cFFFFD200Zone: |rMechagon",2712,154851,301050,2205588,7,2,0,6,7,0
"A rare snooter, and hard to find, it's known for burrowing itself deep under wet foliage to nest.","|cFFFFD200Vendor: |rStolen Royal Vendorbot|n|cFFFFD200Zone: |rMechagon|n|cFFFFD200Faction: |rRustbolt Resistance - Honored|n|cFFFFD200Cost: |r500|TINTERFACE\MONEYFRAME\UI-GOLDICON.BLP:0|t",2713,154852,301051,2205593,7,2,2,6,7,0
"Many advancements have been made to the initial prototype homing beacon over the years.","|cFFFFD200Zone: |rMechagon",2714,154853,301052,3004141,9,2,0,6,7,0
"It's not clear who the original owner of this arm was, but they're not getting it back now.","|cFFFFD200Drop: |rMalfunctioning Beastbot|n|cFFFFD200Zone: |rMechagon",2715,154854,301053,1521022,9,131074,0,6,7,0
"As handy as this invention is, it was also programmed to absolutely despise hand puns.","|cFFFFD200Profession: |rJunkyard Tinkering",2716,154855,301054,1521022,9,131074,3,6,7,0
"One of the microbots used to guard the city of Rustbolt, now purchasable for a reasonable price.","|cFFFFD200Profession: |rJunkyard Tinkering",2717,154856,301055,2735922,9,2,3,6,7,0
"He's just so happy to be programmed to exist.","|cFFFFD200Drop: |rHK-8 Aerial Oppression Unit|n|cFFFFD200Zone: |rOperation: Mechagon",2718,154857,301056,2735923,9,2,0,6,7,0
"Absolutely do not let him bite your bones.","|cFFFFD200Drop: |rBonepicker|n|cFFFFD200Zone: |rMechagon",2719,154893,301136,2027842,1,2,0,6,7,0
"No one knows who made these mechanical spiders, but everyone hates them.","|cFFFFD200Drop: |rMecharantula|n|cFFFFD200Zone: |rMechagon",2720,154894,301137,2493081,9,2,0,6,7,0
"It doesn't take a very large ooze to eat a gnome.","|cFFFFD200Item: |rIrradiated Box of Assorted Parts",2721,154904,301162,132108,5,2,1,6,7,0
,,2723,154910,0,2267047,0,33840,-1,6,7,0
,,2724,154911,0,2766227,7,33840,-1,6,7,0
,,2725,154912,0,2620775,2,33840,-1,6,7,0
,,2726,154913,0,1508489,8,33840,-1,6,7,0
,,2727,154914,0,2027921,8,33840,-1,6,7,0
,,2728,154915,0,2027958,8,33840,-1,6,7,0
,,2729,154916,0,463493,8,33840,-1,6,7,0
,,2730,154917,0,254105,5,33840,-1,6,7,0
,,2731,154918,0,960692,6,33840,-1,6,7,0
,,2732,154919,0,237584,7,33840,-1,6,7,0
,,2733,154920,0,2564610,8,33840,-1,6,7,0
,,2734,154921,0,2530489,4,33840,-1,6,7,0
,,2735,154922,0,132108,5,33840,-1,6,7,0
,,2736,154923,0,2735924,9,33840,-1,6,7,0
,,2737,154924,0,2735920,9,33840,-1,6,7,0
,,2738,154925,0,2620863,9,33840,-1,6,7,0
,,2739,154926,0,2574425,9,33840,-1,6,7,0
,,2740,154927,0,3004141,9,33840,-1,6,7,0
,,2741,154928,0,2399248,9,33840,-1,6,7,0
,,2742,154929,0,2126356,9,33840,-1,6,7,0
"The stench alone that this thing makes when it burps can easily ruin your day.","|cFFFFD200Vendor: |rSean Wilkers|n|cFFFFD200Zone: |rEastern Plaguelands|n|cFFFFD200Cost: |r3|Hitem:169665|h|TInterface\ICONS\INV_Misc_Bone_HumanSkull_01.blp:0|t|h",2747,155240,301985,2492254,3,82,2,6,7,0
"Every time the mandibles on this vibrate slightly, it is because it gave someone a nightmare.","|cFFFFD200Vendor: |rSean Wilkers|n|cFFFFD200Zone: |rEastern Plaguelands|n|cFFFFD200Cost: |r1|Hitem:169665|h|TInterface\ICONS\INV_Misc_Bone_HumanSkull_01.blp:0|t|h",2748,155244,301992,132196,3,82,2,6,7,0
"Six legs, two claws, multiple eyes, spiked body? This thing has it all!","|cFFFFD200Vendor: |rSean Wilkers|n|cFFFFD200Zone: |rEastern Plaguelands|n|cFFFFD200Cost: |r2|Hitem:169665|h|TInterface\ICONS\INV_Misc_Bone_HumanSkull_01.blp:0|t|h",2749,155246,301996,237373,3,82,2,6,7,0
"Dogs can hear her coming from extremely far away.","|cFFFFD200Vendor: |rSean Wilkers|n|cFFFFD200Zone: |rEastern Plaguelands|n|cFFFFD200Cost: |r3|Hitem:169665|h|TInterface\ICONS\INV_Misc_Bone_HumanSkull_01.blp:0|t|h",2750,155248,302003,2492256,5,82,2,6,7,0
,,2751,155267,0,134179,3,32,-1,6,7,0
,,2752,155268,0,134179,3,32,-1,6,7,0
"Even he cannot put out the fire in my heart.","|cFFFFD200Drop: |rThe Kleptoboss|n|cFFFFD200Zone: |rMechagon",2753,155600,303023,2735924,9,2,0,6,7,0
"Unkillable dragons, what could go wrong?","|cFFFFD200Drop:|r Island Expeditions",2754,154165,300367,134158,3,2,0,6,7,0
"The last thing that tried to look in its tiny pack was never seen again.","|cFFFFD200Drop:|r Island Expeditions|n",2755,154693,300934,1519435,0,2,0,6,7,0
"In case of darkness, this little elemental is an infinite source of a soothing green glow.","|cFFFFD200Zone: |rMechagon",2756,155579,303608,134576,6,2,0,6,7,0
"The slimy coating on this otter provides excellent protection against sunburns.","|cFFFFD200Treasure: |r Slimy Cocoon|n|cFFFFD200Zone: |r Nazjatar",2757,151700,294275,645906,8,2,0,6,7,0
"Eels are already slimy. This one is extra slimy.","|cFFFFD200Treasure: |r Slimy Cocoon|n|cFFFFD200Zone: |r Nazjatar",2758,151697,294278,2027955,8,2,0,6,7,0
"This little octopode squirts slime out instead of ink.","|cFFFFD200Treasure: |r Slimy Cocoon|n|cFFFFD200Zone: |r Nazjatar",2760,151673,294276,2101158,8,2,0,6,7,0
"A fully grown Fangtooth has a bite strong enough to go right through a platinum fishing pole. Watch your fingers.","|cFFFFD200Treasure: |r Slimy Cocoon|n|cFFFFD200Zone: |r Nazjatar",2761,151696,294277,2564610,8,2,0,6,7,0
"Living so deep within the seas has made this species very sensitive to lights.","|cFFFFD200Treasure: |r Slimy Cocoon|n|cFFFFD200Zone: |r Nazjatar",2762,151651,294279,252780,0,2,0,6,7,0
"The slime on this provides essential nutrients to the hermit crab within, allowing it to go years without eating anything if it chooses.","|cFFFFD200Treasure: |r Slimy Cocoon|n|cFFFFD200Zone: |r Nazjatar",2763,151632,294280,2027924,8,2,0,6,7,0
"Slimy sea slugs secrete slimy sea slug slime on the slimy sea floor.","|cFFFFD200Treasure: |r Slimy Cocoon|n|cFFFFD200Zone: |r Nazjatar",2765,151631,294274,2763642,8,2,0,6,7,0
"A walking vault that throws its money at you is not a very secure vault to own.","|cFFFFD200Zone: |rMechagon",2766,155829,303784,1001977,9,2,0,277,278,0
"Burnout always has a supply of well toasted marshmallows.","|cFFFFD200Achievement: |rMalowned|n|cFFFFD200Category: |rBattle",2767,155865,303899,134179,3,2130,5,277,278,0
,,2768,155966,0,525026,6,34,-1,6,7,0
,,2769,155967,0,254650,1,34,-1,6,7,0
,,2770,155968,0,136179,3,34,-1,6,7,0
,,2771,155971,0,413580,5,32,-1,6,7,0
,,2772,155972,0,342917,3,34,-1,6,7,0
,,2774,155974,0,134555,3,34,-1,6,7,0
"Rikki has a talent for sneaking in and out of all manner of small spaces, if bribed properly with figs.","|cFFFFD200Recruit-a-Friend|r ",2776,157524,307264,2991181,7,16466,7,6,7,0
"Little is known about the true intentions of this murloc, but her followers are among the most devoted.","|cFFFFD200Promotion:|r BlizzCon 2019",2777,157715,307654,2921901,0,338,7,6,7,0
"An unlikely leader of murlocs that had to step into the role after the death of his father, Murgian.","|cFFFFD200Promotion:|r BlizzCon 2019|n",2778,157716,307655,2925012,0,594,7,297,298,0
"Even the smallest creatures in the Shadowlands rely on anima to survive.","|cFFFFD200Promotion:|r Shadowlands Epic Edition",2779,157969,308067,3038273,1,82,7,6,7,0
"Daisy moves at a very leisurely pace, and will happily accept a ride on your shoulders.","|cFFFFD200In-Game Shop|r ",2780,158142,308369,3150958,7,16466,9,6,321,0
"Legend has it that these purple butterflies came from a place called Devil's Island.","|cFFFFD200Drop:|r Fresh Jelly Deposit|n|cFFFFD200Zone:|r Stormsong Valley",2792,158681,309516,2059635,2,2,0,6,7,0
"The wings of this butterfly start off with no distinct color, but slowly change to yellow as they spend time in the sunlight.","|cFFFFD200Drop:|r Fresh Jelly Deposit|n|cFFFFD200Zone:|r Stormsong Valley",2793,158683,309519,2059634,2,2,0,6,7,0
"This butterfly is stained red from the blood of its enemies.","|cFFFFD200Drop: |rHoney Smasher|n|cFFFFD200Zone: |rStormsong Valley",2794,158685,309522,2059636,2,2,0,6,7,0
"This cat is known for her lies, ignore her sweet meows.","|cFFFFD200Drop:|r Jenafur|n",2795,159783,311289,656574,7,82,0,6,7,0
"Pulled from a horrific vision of Orgrimmar these toads are soaked in void energy.","|cFFFFD200Treasure: |rZekhan's Corrupted Chest|n|cFFFFD200Zone: |rVision of Orgrimmar",2796,160187,312029,237579,8,2,4,6,7,0
"This pup is now more than just a bundle of fur and teeth, it is fur, teeth and void.","|cFFFFD200Treasure: |rThrall's Corrupted Chest|n|cFFFFD200Zone: |rVision of Orgrimmar",2797,160196,312030,1120427,7,2,2,6,7,0
"In Maldraxxus, plague has a strange habit of finding its way back to you.","|cFFFFD200Quest: |rSlime, Anyone?|n|cFFFFD200Zone: |rMaldraxxus",2798,160703,312833,3459797,5,2,1,6,7,0
,,2799,161400,0,797326,7,34,-1,6,7,0
,,2800,161401,0,797326,7,34,-1,6,7,0
,,2801,161403,0,134154,1,34,-1,6,7,0
,,2802,161424,0,2565232,9,34,-1,6,7,0
,,2803,161425,0,2620862,9,34,-1,6,7,0
,,2804,161426,0,460856,5,34,-1,6,7,0
,,2808,161435,0,451165,6,34,-1,6,7,0
,,2809,161438,0,132783,5,34,-1,6,7,0
,,2810,161440,0,1325312,3,34,-1,6,7,0
,,2811,161442,0,2030683,5,34,-1,6,7,0
,,2812,161443,0,1675028,1,34,-1,6,7,0
,,2814,161569,0,2735955,9,1058,-1,6,7,0
,,2815,161649,0,132189,7,1058,-1,6,7,0
,,2816,161650,0,132187,7,1058,-1,6,7,0
,,2817,161651,0,1279720,7,1058,-1,6,7,0
,,2818,161656,0,646445,0,1058,-1,6,7,0
,,2819,161657,0,1738657,8,1058,-1,6,7,0
,,2820,161658,0,2829669,9,1058,-1,6,7,0
,,2821,161661,0,1721030,7,1058,-1,6,7,0
,,2822,161662,0,2027897,3,1058,-1,6,7,0
,,2823,161663,0,515993,4,1058,-1,6,7,0
"The thirst for mana is insatiable, luckily this little one doesn't consume a whole lot.","|cFFFFD200Drop: |rMaut|n|cFFFFD200Zone: |rNy'alotha, the Waking City",2832,161919,315221,537516,5,2,0,6,7,0
"N'Zoth's corruption spread across many beings, including this little Anubisath.","|cFFFFD200Drop: |rRa-den|n|cFFFFD200Zone: |rNy'alotha, the Waking City",2833,161921,315225,1728726,0,2,0,35,7,0
"The aqir hive has countless numbers of beings in it, all of which are supportive of the ever-present Hivemind.","|cFFFFD200Drop: |rTek'ris|n|cFFFFD200Zone: |rNy'alotha, the Waking City",2834,161923,315229,458247,4,2,0,35,7,0
"The winged aqir are very fast and agile, and their wings provide a nice breeze on a warm afternoon.","|cFFFFD200Drop: |rTek'ris|n|cFFFFD200Zone: |rNy'alotha, the Waking City",2835,161924,315231,2103855,2,2,0,35,7,0
"This creepy eye is looking at everyone, always, and only has to blink once every 10,000 years.","|cFFFFD200Treasure: |rVault of the Black Empire|n|cFFFFD200Zone: |rNy'alotha, the Waking City",2836,161946,315270,3004126,5,2,0,41,7,0
"It is very unclear whether this slime started with all of those eyes inside of it, or if those are ""leftovers"".","|cFFFFD200Profession: |rFishing|n|cFFFFD200Zone: |rCorrupted Uldum or Vale of Eternal Blossoms",2837,161951,315285,1391773,5,2,0,35,7,0
"It is always C'Thuffer. Always.","|cFFFFD200Treasure: |rRexxar's Corrupted Chest|n|cFFFFD200Zone: |rVision of Orgrimmar",2838,161959,315290,1044799,7,2,0,35,7,0
"Only a being of immense power could scar such an adorable creature, unless this hare was already approaching the darkness...","|cFFFFD200Treasure: |rUmbric's Corrupted Chest|n|cFFFFD200Zone: |rVision of Stormwind",2839,161961,315297,2399280,4,2,0,35,7,0
"This cat eats anything from random scraps of food to strange glowing cubes of immense power. Be careful in front of its mouth.","|cFFFFD200Treasure: |rAlleria's Corrupted Chest|n|cFFFFD200Zone: |rVision of Stormwind",2840,161962,315298,656578,7,2,0,35,7,0
"A recent debate has risen up about whether Void-Scarred rats are better or worse than plagued rats.","|cFFFFD200Treasure: |rKelsey's Corrupted Chest|n|cFFFFD200Zone: |rVision of Stormwind",2841,161963,315301,132935,4,2,0,35,7,0
"This ooze leaves behind a slimy trail as it moves that has a stench that would rival a beast rotting in the dunes of Uldum for a thousand years.","|cFFFFD200Treasure: |rAlleria or Thrall's Corrupted Chest|n|cFFFFD200Zone: |rVision of Stormwind or Ogrimmar",2842,161964,315302,1500933,5,2,0,33,60,0
"The shell on these beetles is quite brittle from the void interference, but it also has a strangely fast regeneration rate.","|cFFFFD200Drop: |rVision of the Twisting Sands Creatures",2843,161966,315303,631519,4,2,0,35,7,0
"This little guy grows an additional eye somewhere on its body every year. It rhymes with...","|cFFFFD200Achievement:|r Reeking of Visions|n",2844,161967,315304,3005319,5,82,5,35,7,0
"His tentacles give you the best hug your brain has ever felt.","|cFFFFD200Drop: |rThe Forgotten|n|cFFFFD200Zone: |rVale of Eternal Blossoms",2845,161954,315339,2958748,0,66,0,315,278,0
"Where did it come from, where does it go? Where did you come from, creepy tentacle?","|cFFFFD200Drop: |rWill of N'Zoth|n|cFFFFD200Zone: |rVale of Eternal Blossoms",2846,161992,315353,538042,5,2,0,315,278,0
"Dragonbreath Chili is nothing compared to the stench coming from the mouth of this thing.","|cFFFFD200Drop: |rLord Aj'qirai|n|cFFFFD200Zone: |rUldum",2847,161997,315355,2141737,7,2,0,35,7,0
"These Aqir Scarabs are masters at tunneling through any terrain.","|cFFFFD200Drop:|r Skikx'traz|n|cFFFFD200Zone: |rUldum",2848,162004,315360,1418495,4,2,0,35,7,0
"These Pygmy Camels are often mistaken for Mysterious Camel Figurines.","|cFFFFD200Vendor: |rProvisioner Qorra|n|cFFFFD200Zone: |rUldum",2849,162006,315363,454772,7,2,2,35,7,0
"This little guy was exiled and cursed by other watchers of Uldum to spend the rest of its time as a tiny insignificant being.","|cFFFFD200Drop: |rUldum Accord Supplies",2850,162007,315367,462729,0,2,0,315,278,0
"Three legs, two arms, three eyeballs, the extras are for emergency situations only.","|cFFFFD200Drop: |rAmalgamation of Flesh|n|cFFFFD200Zone: |rUldum",2851,162012,315370,237299,7,2,0,35,7,0
"Several adventurous miners have gone after the jade quilen in search of riches, but none have ever been heard from again.","|cFFFFD200Drop: |rRajani Supplies",2852,162013,315371,237207,7,2,0,35,7,0
"Despite what the young pandaren may tell you, the windfeather cranes do not actually have feathers made out of wind.","|cFFFFD200Vendor: |rZhang Ku|n|cFFFFD200Zone: |rVale of Eternal Blossoms",2853,162014,315372,656318,2,2,2,35,7,0
,,2854,162458,0,3004126,5,33826,-1,6,7,0
,,2855,162461,0,537022,5,33826,-1,6,7,0
,,2856,162465,0,2914896,4,33826,-1,6,7,0
,,2857,162466,0,1500940,5,33826,-1,6,7,0
,,2858,162468,0,2958751,0,33826,-1,6,7,0
,,2859,162469,0,425957,5,33826,-1,6,7,0
,,2860,162470,0,646675,0,33826,-1,6,7,0
,,2861,162471,0,624008,2,33826,-1,6,7,0
"Nobody is sure what sort of powder is coming off of these moths, and everyone is too terrified to find out what it actually is.","|cFFFFD200Pet Battle: |rUldum",2863,162499,0,2103857,2,26,4,35,7,0
"Even some of the insects have succumbed to the void. They really do adapt and survive through everything.","|cFFFFD200Pet Battle: |rUldum",2864,162502,0,294474,4,26,4,35,7,0
"These look especially magnificent when gliding over the water under a full moon.","|cFFFFD200Pet Battle: |rVale of Eternal Blossoms",2865,162518,0,643423,8,26,4,35,7,0
"Is the void glow in addition to their natural glow, or does it replace it? The world may never know.","|cFFFFD200Pet Battle: |rVale of Eternal Blossoms",2866,162506,0,236196,2,26,4,35,7,0
"The golden chirper has managed to stay its pristine self, despite corruption attempts from both the Sha and from the forces of N'Zoth.","|cFFFFD200Pet Battle: |rVale of Eternal Blossoms",2867,162525,0,646325,4,26,4,35,7,0
"The name implies that there were 12 experiments done before this one that were less effective than sticking some guns onto a mechanical tiger. What could those have possibly been?","|cFFFFD200Vendor: |rBurt Macklyn|n|cFFFFD200Zone: |rBurning Steppes|n|cFFFFD200Cost: |r3|Hitem:174360|h|TInterface\ICONS\INV_Jewelcrafting_ShadowsongAmethyst_02.blp:0|t|h",2868,162663,316629,606551,9,18,2,34,60,0
"This bear's necessities are fresh batteries and an occasional oil change.","|cFFFFD200Vendor: |rBurt Macklyn|n|cFFFFD200Zone: |rBurning Steppes|n|cFFFFD200Cost: |r2|Hitem:174360|h|TInterface\ICONS\INV_Jewelcrafting_ShadowsongAmethyst_02.blp:0|t|h",2869,162670,316628,773096,9,18,2,35,7,0
"This lasher does not come from a black lagoon, or from the stars, or from beyond the moon. It just wants you to feed it.","|cFFFFD200Vendor: |rBurt Macklyn|n|cFFFFD200Zone: |rBurning Steppes|n|cFFFFD200Cost: |r1|Hitem:174360|h|TInterface\ICONS\INV_Jewelcrafting_ShadowsongAmethyst_02.blp:0|t|h",2870,162677,316627,2027892,6,18,2,35,7,0
,,2871,163534,0,134065,6,32,-1,35,7,0
"Void magic and giant flying insects, a combination nobody ever asked for. Surprisingly effective!","|cFFFFD200Quest: |rThey Grow So Fast|n|cFFFFD200Zone: |rUldum",2872,163646,318300,236296,2,18,1,35,7,0
"If you received points for causing mischief while teleporting around as a tiny adorable vulpin, Renny would be on top of the leaderboard.","|cFFFFD200Quest: |rRenny the Vulpin",2878,163897,318876,3072462,7,82,1,6,7,0
,,2885,169477,0,433440,8,32,3,6,7,0
,,2886,169478,0,2027877,8,32,-1,6,7,0
,,2887,169479,0,655866,8,48,-1,6,7,0
"A wandering adventurer saved a small band of murlocs that had lost their homes, and a glimmer of hope was born.","|cFFFFD200Quest:|r Guardian of the Smallest|n|cFFFFD200Zone:|r Grizzly Hills|n",2888,169514,329900,3492863,0,82,1,6,7,0
"Inspired by the phalynx of Bastion, Engineers have modified the design to be approximately 300% more adorable.","|cFFFFD200Profession:|r Engineering|n",2889,170421,330997,3061634,9,2,3,6,7,0
"All dogs go to Bastion. 

Cats go to Revendreth.","|cFFFFD200In-Game Shop|r ",2890,171025,333570,3604137,7,16466,9,6,7,0
"The crypts and tombs of Revendreth offer the perfect spider breeding ground, and Tomb Burster's brood has become fiercely territorial of their foothold.","|cFFFFD200Drop: |rTomb Burster|n|cFFFFD200Zone: |rRevendreth",2891,171117,333794,2027856,7,2,0,6,7,0
"Lightspawn can always be found on the battlefields where light touches, no matter what form it takes.","|cFFFFD200Drop: |rRevendreth",2892,171119,333796,525026,6,2,0,6,7,0
"Beware awakening the power of knowledge.","|cFFFFD200Drop: |rScrivener Lenua|n|cFFFFD200Zone: |rRevendreth",2893,171120,333797,134544,5,2,0,6,7,0
"A soul burdened with the sins of its past.","|cFFFFD200Treasure: |rSecret Treasure|n|cFFFFD200Zone: |rRevendreth",2894,171122,333800,1357814,3,2,0,352,353,2
"A soul, having faced the sins of the past, wanders lost in the recent turmoil of the Shadowlands.","|cFFFFD200Pet Battle:|r Revendreth|n",2895,171123,0,895888,3,26,4,352,353,0
"The sludge that can give rise to the dredgers has been known to coalesce and run a muck.","|cFFFFD200Drop:|r Bog Beast|n|cFFFFD200Zone:|r Revendreth",2896,171121,333799,1500930,5,2,0,6,7,0
"Drawn from an overabundance of pride and wrath these manifestations seek even more to sustain themselves.","|cFFFFD200Drop: |rManifestation of Wrath|n|cFFFFD200Drop: |rLeeched Soul|n|cFFFFD200Zone: |rRevendreth|n",2897,171118,333795,1391769,6,2,0,6,7,0
"These creatures manifest in the catacombs beneath Revendreth due to vile rituals practiced on souls there.","|cFFFFD200Drop: |rGrand Proctor Beryllia|n|cFFFFD200Zone: |rSanguine Depths|n|cFFFFD200Difficulty: |rMythic",2898,171124,333802,1357796,6,2,0,6,7,0
"The stone fiends were created to serve as messengers and spies for the realm of Revendreth, and those of the Court of Harvesters serve that role extremely well.","|cFFFFD200Vendor: |rMistress Mihaela|n|cFFFFD200Zone: |rRevendreth|n|cFFFFD200Faction: |rCourt of Harvesters - Revered|n|cFFFFD200Cost: |r250|Hitem:163036|h|TInterface\ICONS\INV_Currency_PetBattle.BLP:0|t|h",2899,171127,333804,1103069,0,2,2,6,7,0
"A fellow message courier to Chip, Dal was always on time until one day when he did not return from his appointed round.","|cFFFFD200Quest:|r A Stolen Stonefiend|n|cFFFFD200Zone:|r Revendreth|n",2900,171136,333819,2103878,0,2,1,6,7,0
,,2998,173376,0,1096090,7,33826,-1,6,7,0
"Trapped in a chest and forgotten for years, this stone fiend is mad and looking for a fight.","|cFFFFD200Treasure: |rBleakwood Chest|n|cFFFFD200Zone: |rRevendreth",2901,171125,333803,132766,0,2,0,6,7,0
"This dredwing is the most common of the dredbats, seen throughout the entire realm.","|cFFFFD200Pet Battle:|r Revendreth|n",2902,171149,0,3087791,2,26,4,6,7,0
"A wild dredbat, the crimson pups are tough to tame. Their elusiveness and hardiness set them apart from their kin.","|cFFFFD200Drop: |rRevendreth",2903,171150,333865,3087789,2,2,0,6,7,0
"A rare mutation gives this dredbat its violet underbelly, making it a sought after gift for pet collectors with eclectic tastes.","|cFFFFD200Covenant Feature: |rThe Ember Court|n|cFFFFD200Covenant: |rVenthyr|n|n|cFFFFD200Covenant Feature: |rQueen's Conservatory|n|cFFFFD200Covenant: |rNight Fae|n|n|cFFFFD200Covenant Feature: |rPath of Ascension|n|cFFFFD200Covenant: |rKyrian|n|n|cFFFFD200Covenant Feature: |rAbomination Factory|n|cFFFFD200Covenant: |rNecrolord",2904,171151,333868,3087790,2,2,2,6,7,0
"Dodger is a bit small relative to other vulpin, but is excellent at playing hide and seek.","|cFFFFD200Drop:|r Playful Vulpin|n|cFFFFD200Zone:|r Ardenweald",2905,171247,334160,3072468,7,2,0,6,7,0
"The claws of a vulpin sharpen themselves naturally when walking around on any sort of cobblestone or rocky surface.","|cFFFFD200Drop:|r Macabre|n|cFFFFD200Zone:|r Ardenweald|n",2907,171246,334159,3072466,7,2,0,6,7,0
"Despite the adorable name, the chirp is more of a horrible, spine-tingling shriek.","|cFFFFD200Drop: |rOld Ardeite|n|cFFFFD200Zone: |rArdenweald",2908,171239,334158,657489,2,2,0,6,7,0
"These ferocious flying creatures scrape their beaks against hard surfaces to sharpen them and intimidate foes.","|cFFFFD200Treasure: |rAncient Cloudfeather Egg|n|cFFFFD200Zone: |rArdenweald",2909,171238,334157,657490,2,2,0,6,7,0
"Floofa smells like citrus fruits when its fur is wet.","|cFFFFD200Vendor: |rAithlyn|n|cFFFFD200Zone: |rArdenweald|n|cFFFFD200Faction: |rThe Wild Hunt - Friendly|n|cFFFFD200Cost: |r250|Hitem:163036|h|TInterface\ICONS\INV_Currency_PetBattle.BLP:0|t|h",2910,171248,334156,3636841,4,2,2,6,7,0
"Much like how a squid can squirt ink to escape in the water, a glitterwing can shake the dust off of its wings and similarly vanish.","|cFFFFD200Treasure:|r Desiccated Moth|n|cFFFFD200Zone:|r Ardenweald|n|n",2911,171234,334155,3255391,2,2,0,6,7,0
"The moths of Ardenweald can carry seeds and pods many times their own weight, aiding the Night Fae in their eternal tasks.","|cFFFFD200Covenant Feature: |rThe Ember Court|n|cFFFFD200Covenant: |rVenthyr|n|n|cFFFFD200Covenant Feature: |rQueen's Conservatory|n|cFFFFD200Covenant: |rNight Fae|n|n|cFFFFD200Covenant Feature: |rPath of Ascension|n|cFFFFD200Covenant: |rKyrian|n|n|cFFFFD200Covenant Feature: |rAbomination Factory|n|cFFFFD200Covenant: |rNecrolord",2912,171233,334154,3255389,2,2,2,6,7,0
"Shimmermoths don't actually shimmer in the sunlight. Nobody knows who named these, but they have a lot to answer for.","|cFFFFD200Vendor: |rCortinarius|n|cFFFFD200Zone: |rArdenweald|n|cFFFFD200Faction: |rMarasmius - Friendly|n|cFFFFD200Covenant: |rNight Fae|n|cFFFFD200Cost: |r250|Hitem:163036|h|TInterface\ICONS\INV_Currency_PetBattle.BLP:0|t|h",2913,171235,334153,3255388,2,2,1,6,7,0
"When a full moon is visible, streaks of hair on the dreamfoal's mane start to shimmer and glow like shooting stars.","|cFFFFD200Treasure: |rCache of the Night|n|cFFFFD200Zone: |rArdenweald",2914,171225,334151,3387068,7,2,1,6,7,0
"When the winds blow just right, howling through the canyons of Ardenweald, you can find these foals running with the wind in a spectacular show of prowess and color.","|cFFFFD200Vendor: |rSpindlenose|n|cFFFFD200Zone: |rArdenweald|n|cFFFFD200Faction: |rCourt of Night - Friendly|n|cFFFFD200Covenant: |rNight Fae|n|cFFFFD200Cost: |r250|Hitem:163036|h|TInterface\ICONS\INV_Currency_PetBattle.BLP:0|t|h",2915,171224,334150,3387067,7,2,2,6,7,0
"While these gormlings may not be the fastest diggers, they are very efficient and can move long distances underground before tiring.","|cFFFFD200Drop:|r Wild Hunt Supplies|n",2916,171242,334149,3065169,4,2,0,6,7,0
"Even the terrifying G'huun was, perhaps, once this cute.","|cFFFFD200Vendor: |rMaster Clerk Salorn|n|cFFFFD200Zone: |rArdenweald|n|cFFFFD200Cost: |r250|Hitem:163036|h|TInterface\ICONS\INV_Currency_PetBattle.BLP:0|t|h",2917,171243,334146,3065168,4,2,2,6,7,0
"These little slugs will try to eat literally anything they scoot over.","|cFFFFD200Quest: |rA New Age|n|cFFFFD200Covenant: |rKyrian|n|cFFFFD200Zone: |rBastion",2918,171241,334145,3065165,4,2,1,6,7,0
"The sting from these gorm is incredibly painful and often inflicts temporary paralysis, even on large targets.","|cFFFFD200Pet Battle:|r Ardenweald|n",2919,171229,0,3084143,2,26,4,6,7,0
"There are more sharp pointy things on this species of gorm than there are on a Horde capital city.","|cFFFFD200Drop: |rDeifir the Untamed|n|cFFFFD200Zone: |rArdenweald",2920,171231,334143,3084142,2,2,0,6,7,0
"If you count the number of times its wings beat per minute, you can calculate how long it will be until this little terror will sting you.","|cFFFFD200Treasure:|r Aerto|n|cFFFFD200Zone:|r Ardenweald",2921,171230,334142,3084139,2,2,0,6,7,0
"No one knows where the devourers came from, but it is theorized that they flourish on several lost land masses in the In-Between.","|cFFFFD200Adventures:|r Shadowlands",2922,171240,334141,3155459,2,2,0,6,7,0
"The whooping noise these pets make when hungry will rival any tormented cry you can find in Torghast.","|cFFFFD200Covenant Feature: |rThe Ember Court|n|cFFFFD200Covenant: |rVenthyr|n|n|cFFFFD200Covenant Feature: |rQueen's Conservatory|n|cFFFFD200Covenant: |rNight Fae|n|n|cFFFFD200Covenant Feature: |rPath of Ascension|n|cFFFFD200Covenant: |rKyrian|n|n|cFFFFD200Covenant Feature: |rAbomination Factory|n|cFFFFD200Covenant: |rNecrolord",2923,171227,334139,656318,2,2,2,6,7,0
"Part of the wildlife of Ardenweald, they sometimes sleep while standing straight up in the water.","|cFFFFD200Pet Battle:|r Ardenweald|n",2924,171228,0,605484,2,26,4,6,7,0
"A group of teroclaws is known as a fleece.","|cFFFFD200Drop: |rCloudfeather Guardian|n|cFFFFD200Zone: |rBastion",2925,171565,334789,657491,2,2,0,6,7,0
,,2999,173381,0,797544,7,33826,-1,6,7,0
"Young teroclaws are surprisingly effective hunters and will attempt to bring down prey up to twice their size.","|cFFFFD200Pet Battle:|r Bastion|n",2926,171567,0,656165,2,26,4,6,7,0
"For some reason, these blue glimmerflies are often afraid of water.","|cFFFFD200Pet Battle:|r Bastion|n",2927,171664,0,3052545,2,26,4,6,7,0
"A glimmerfly can load up nearly fifty percent of its weight as pollen and still retain full agility while flying.","|cFFFFD200Quest:|r How to Catch a Glimmerfly|n|cFFFFD200Zone:|r Bastion",2928,171667,334987,3052546,2,2,1,6,7,0
"The wings of glimmerflies are almost always saturated with some sort of pollen, causing a very steady flow of glittery dust to fall off of them as they fly.","|cFFFFD200Pet Battle:|r Bastion|n",2929,171668,0,3052547,2,26,4,6,7,0
"Contrary to popular belief, a terrapin's diet has nothing to do with its shell color.","|cFFFFD200Pet Battle:|r Bastion|n",2930,171670,0,656345,8,26,4,6,7,0
"These brightly-colored terrapins are the least commonly seen in the wild. It is considered a sign of luck if you rub the top of its shell.","|cFFFFD200Covenant Feature: |rThe Ember Court|n|cFFFFD200Covenant: |rVenthyr|n|n|cFFFFD200Covenant Feature: |rQueen's Conservatory|n|cFFFFD200Covenant: |rNight Fae|n|n|cFFFFD200Covenant Feature: |rPath of Ascension|n|cFFFFD200Covenant: |rKyrian|n|n|cFFFFD200Covenant Feature: |rAbomination Factory|n|cFFFFD200Covenant: |rNecrolord",2931,171569,334798,657918,8,2,2,6,7,0
"Terrapins prefer any sort of berry as their primary source of food, though they will eat almost anything.","|cFFFFD200Treasure: |rStewart's Stewpendous Stew|n|cFFFFD200Zone: |rBastion",2932,171693,335050,656343,8,2,0,6,7,0
"Vulpin actually have very light-colored skin, but their incredibly thick coats hide any color from showing through.","|cFFFFD200Covenant Feature: |rThe Ember Court|n|cFFFFD200Covenant: |rVenthyr|n|n|cFFFFD200Covenant Feature: |rQueen's Conservatory|n|cFFFFD200Covenant: |rNight Fae|n|n|cFFFFD200Covenant Feature: |rPath of Ascension|n|cFFFFD200Covenant: |rKyrian|n|n|cFFFFD200Covenant Feature: |rAbomination Factory|n|cFFFFD200Covenant: |rNecrolord",2933,171568,334796,3072460,7,2,2,6,7,0
"The golden vulpin are notorious for loud, barking yowls that echo across the plains of Bastion.","|cFFFFD200Vendor: |rAdjutant Nikos|n|cFFFFD200Zone: |rBastion|n|cFFFFD200Faction: |rThe Ascended - Revered|n|cFFFFD200Cost: |r1765|TINTERFACE\MONEYFRAME\UI-GOLDICON.BLP:0|t",2934,171694,335053,3072463,7,2,2,6,7,0
"Despite having a very fine coat of fur, young vulpin do not shed at all.","|cFFFFD200Treasure: |rGift of Vesiphone|n|cFFFFD200Zone: |rBastion",2935,171697,335056,3072469,7,2,0,6,7,0
"How is a vulpin different than a fox? That is a good question.","|cFFFFD200Pet Battle:|r Bastion|n",2936,171702,0,3072465,7,26,4,6,7,0
"Rarely, one of these kits is born to a golden-furred vulpin. It is considered a sign of distress in the pack.","|cFFFFD200Pet Battle:|r Bastion|n",2937,171703,0,3072467,7,26,4,6,7,0
"These golden-feathered creatures do not lay golden eggs, for that you would need a golden goose.","|cFFFFD200Treasure: |rBastion",2938,171710,335076,605484,2,2,0,6,7,0
"If you mat their silvery feathers down very carefully, it almost forms a mirror-like surface.","|cFFFFD200Pet Battle:|r Bastion|n",2939,171712,0,656318,2,26,4,6,7,0
"When newly-hatched, they start with colorless, white feathers. Within weeks, they flourish into a wide spectrum of beautiful colors.","|cFFFFD200Drop: |rBastion",2940,171714,335083,656319,2,2,0,6,7,0
"The mane on this tiny foal reflects a majestic indigo color when the light hits it in just the right way.","|cFFFFD200Covenant Feature: |rPath of Ascension|n|cFFFFD200Covenant: |rKyrian",2941,171716,335085,3387069,7,2,2,6,7,0
"Few things are as adorable as a young skyfoal.","|cFFFFD200Adventures:|r Shadowlands",2942,171719,335087,3387070,7,2,0,6,7,0
"These flying creatures do not leave feathers out in the wild. If a feather happens to ever detach from their body, the feather glows brilliantly for a moment and then vanishes from sight.","|cFFFFD200Pet Battle:|r Bastion",2943,171666,0,3046536,2,26,4,6,7,0
"The thrill of battle and the grip of war have not yet left the bones of Oonar.","|cFFFFD200Drop:|r Oonar's Arm|n|cFFFFD200Zone:|r Maldraxxus",2944,171954,335698,3386320,3,131074,0,6,7,0
"A newborn bonetusk has no visible tusks, but within weeks their tusks grow to a size proportional to their body.","|cFFFFD200Covenant Feature: |rThe Ember Court|n|cFFFFD200Covenant: |rVenthyr|n|n|cFFFFD200Covenant Feature: |rQueen's Conservatory|n|cFFFFD200Covenant: |rNight Fae|n|n|cFFFFD200Covenant Feature: |rPath of Ascension|n|cFFFFD200Covenant: |rKyrian|n|n|cFFFFD200Covenant Feature: |rAbomination Factory|n|cFFFFD200Covenant: |rNecrolord",2945,171982,335753,3456126,7,2,2,6,7,0
"The tusks on these creatures are fused to their skulls in such a manner that they feel no pain when charging or ramming into anything.","|cFFFFD200Adventures:|r Shadowlands",2946,171984,335755,3456127,7,2,0,6,7,0
"The bright color of the luminous webspinner taunts would-be predators to chase them into their webs.","|cFFFFD200Treasure: |rCache of Eyes|n|cFFFFD200Zone: |rMaldraxxus",2947,171985,335762,2027857,7,2,0,6,7,0
"Maldraxxus is full of mighty and terrifying creatures, causing most denizens to be abnormally calm when around the indigenous species of giant spiders.","|cFFFFD200Drop: |rSister Chelicerae|n|cFFFFD200Zone: |rMaldraxxus",2948,171986,335764,2027855,7,2,0,6,7,0
"If this species spits venom at its prey, is it still technically considered venom, or just really gross?","|cFFFFD200Treasure: |rSprouting Growth|n|cFFFFD200Zone: |rMaldraxxus",2949,171987,335765,2027951,7,2,0,6,7,0
"That place on your back you can't quite scratch? Get the help of this little guy. Problem solved.","|cFFFFD200Pet Battle: |rMaldraxxus",2950,172130,0,3386321,3,131098,4,6,7,0
"The bubbles inside of these ooze creatures make a very satisfying pop noise when they finally surface and rupture.","|cFFFFD200Treasure: |rSlime-Coated Crate|n|cFFFFD200Zone: |rMaldraxxus",2952,172132,335966,3459800,5,2,0,6,7,0
,,3000,173373,0,3065166,4,32802,-1,6,7,0
"One of Plague Deviser Marileth's first creations, Shy Melvin was too timid for the demands placed on slimes by the House of Plagues.","|cFFFFD200Drop: |rDeadly Dapperling|n|cFFFFD200Zone: |rMaldraxxus",2953,172134,335969,3459798,5,2,0,6,7,0
"A parasite that latches onto some of the larger beasts of Maldraxxus and drinks until fully-grown, one wonders how the beasts don't manage to notice.","|cFFFFD200Covenant Feature: |rThe Ember Court|n|cFFFFD200Covenant: |rVenthyr|n|n|cFFFFD200Covenant Feature: |rQueen's Conservatory|n|cFFFFD200Covenant: |rNight Fae|n|n|cFFFFD200Covenant Feature: |rPath of Ascension|n|cFFFFD200Covenant: |rKyrian|n|n|cFFFFD200Covenant Feature: |rAbomination Factory|n|cFFFFD200Covenant: |rNecrolord",2954,172135,335972,3860397,4,2,2,6,7,0
"Though they are quite squishy while young, the bloodlouse will eventually grow hardened plates around its entire body.","|cFFFFD200Drop: |rSmorgas the Feaster|n|cFFFFD200Zone: |rMaldraxxus",2955,172136,335974,3860399,4,2,0,6,7,0
"Being thrown into a pit of bloodlouse larvae is a painful fate for those that fail the great houses of Maldraxxus.","|cFFFFD200Drop: |rSmorgas the Feaster|n|cFFFFD200Zone: |rMaldraxxus",2956,172137,335977,3860398,4,2,0,6,7,0
"Some predators in Maldraxxus collect spines as trophies, and some of them don't stop moving even then.","|cFFFFD200Drop: |rScunner|n|cFFFFD200Zone: |rMaldraxxus",2957,172139,335979,3386335,3,2,0,6,7,0
"What it lacks in appendages, it makes up for in positive attitude.","|cFFFFD200Covenant Feature: |rAbomination Factory|n|cFFFFD200Covenant: |rNecrolord",2958,172140,335980,3386334,3,2,2,6,7,0
"Even the smallest bones don't go to waste in Maldraxxus.","|cFFFFD200Drop:|r Supplies of the Undying Army|n",2959,172148,336020,3511185,3,2,0,6,7,0
"Is the ooze holding the bones in, or are the bones holding the ooze together?","|cFFFFD200Drop: |rOily Invertebrate|n|cFFFFD200Zone: |rMaldraxxus",2960,172149,336021,3459801,5,2,0,6,7,0
"It is not advisable to hug a sludge feeler. Those stains never wash out.","|cFFFFD200Drop: |rMargrave Stradama|n|cFFFFD200Zone: |rPlaguefall|n|cFFFFD200Difficulty: |rMythic",2961,172150,336022,254105,5,2,0,6,7,0
"If you can beat them, stitch them!","|cFFFFD200Vendor: |rNalcorn Talsen|n|cFFFFD200Zone: |rMaldraxxus|n|cFFFFD200Faction: |rThe Undying Army - Revered|n|cFFFFD200Cost: |r1765|TINTERFACE\MONEYFRAME\UI-GOLDICON.BLP:0|t",2962,172151,336024,3622122,3,2,2,6,7,0
"The soul that occupies Mu'dud was a harsh ruler in life, and now he seeks to dominate the most violent kingdom of all.","|cFFFFD200Covenant Feature: |rAbomination Factory|n|cFFFFD200Covenant: |rNecrolord",2963,172153,336030,3622121,3,2,2,6,7,0
"The barbed mandibles on this species will dig deep into anything they bite, causing a lot of irritation.","|cFFFFD200Drop: |rRavenomous|n|cFFFFD200Zone: |rMaldraxxus",2964,172155,336031,2027900,2,2,0,6,7,0
"Unlike most spiders that drain all the fluids from their prey, the bloodfeaster has developed a taste for blood alone.","|cFFFFD200Covenant Feature: |rThe Ember Court|n|cFFFFD200Covenant: |rVenthyr|n|n|cFFFFD200Covenant Feature: |rQueen's Conservatory|n|cFFFFD200Covenant: |rNight Fae|n|n|cFFFFD200Covenant Feature: |rPath of Ascension|n|cFFFFD200Covenant: |rKyrian|n|n|cFFFFD200Covenant Feature: |rAbomination Factory|n|cFFFFD200Covenant: |rNecrolord",2965,172284,336311,2027944,7,2,2,6,7,0
"Sometimes sins of great souls are so powerful that they animate the very stones they are placed on.","|cFFFFD200Covenant: |rVenthyr|n|cFFFFD200Zone: |rRevendreth",2966,172570,337031,3386971,6,16466,2,6,7,0
"Dredgers are the sweat (and sometimes tears) of Revendreth, and their help is absolutely critical to the workings of Revendreth.","|cFFFFD200Covenant Feature: |rThe Ember Court|n|cFFFFD200Covenant: |rVenthyr",2967,172854,337694,1505934,0,16466,1,6,7,0
,,2968,173133,0,1339043,8,33826,-1,6,7,0
,,2969,173216,0,3052547,2,32802,-1,6,7,0
,,2970,173215,0,667692,2,32802,-1,6,7,0
,,2971,173214,0,3155425,7,32802,-1,6,7,0
,,2972,173213,0,133936,8,32802,-1,6,7,0
,,2973,173212,0,3387070,7,32802,-1,6,7,0
,,2974,173211,0,3046536,2,32802,-1,6,7,0
,,2975,173206,0,3610503,9,32802,-1,6,7,0
,,2976,173205,0,132935,9,32802,-1,6,7,0
,,2977,173204,0,3582261,9,32802,-1,6,7,0
,,2978,173274,0,3622122,3,33826,-1,6,7,0
,,2979,173303,0,237541,6,33826,-1,6,7,0
,,2980,173258,0,2399287,0,32802,-1,6,7,0
,,2981,173259,0,237402,7,32802,-1,6,7,0
,,2982,173260,0,462337,2,32802,-1,6,7,0
,,2983,173264,0,3386334,3,32802,-1,6,7,0
,,2984,173265,0,3386320,3,32802,-1,6,7,0
,,2985,173266,0,133884,3,32802,-1,6,7,0
,,2986,173271,0,342917,3,32802,-1,6,7,0
,,2987,173272,0,1570765,2,32802,-1,6,7,0
,,2988,173273,0,2998183,3,32802,-1,6,7,0
,,2989,173320,0,134389,6,32802,-1,6,7,0
,,2990,173321,0,132182,2,32802,-1,6,7,0
,,2991,173322,0,538518,4,32802,-1,6,7,0
,,2992,173326,0,1623379,7,32802,-1,6,7,0
,,2993,173328,0,2027855,7,32802,-1,6,7,0
,,2994,173329,0,458967,0,32802,-1,6,7,0
,,2996,173332,0,132140,7,33826,-1,6,7,0
,,3001,173374,0,1394966,7,32802,-1,6,7,0
,,3002,173375,0,3255390,2,32802,-1,6,7,0
,,3003,173378,0,3255388,2,32802,-1,6,7,0
,,3004,173379,0,2027900,2,32802,-1,6,7,0
,,3005,173380,0,132851,2,32802,-1,6,7,0
"These dredbats are built by the Stonewright for the Court of Harvesters. They are bonded to their owners and become fierce fighters.","|cFFFFD200Drop:|r Court of Harvesters Supplies|n",3006,173502,339590,3087792,2,2,0,6,7,0
"Identified by the signature coloring of their many legs, these spiders are known for elaborate dances used to threaten and confuse foes.","|cFFFFD200Pet Battle:|r Revendreth|n",3007,173506,0,2027952,7,26,4,6,7,0
"No longer lost, it's now considering a name change.","|cFFFFD200Drop:|r Lost Quill|n|cFFFFD200Zone:|r Revendreth",3008,173508,339593,2103805,5,2,0,6,7,0
"Roosting in the grounds of Castle Nathria, The Count did not foresee falling into an eternal stone slumber.","|cFFFFD200Treasure: |rThe Count|n|cFFFFD200Zone: |rRevendreth|n|cFFFFD200Cost: |r99|Hcurrency:1820|h|TInterface\ICONS\INV_Jewelcrafting_LivingRuby_01.blp:0|t|h",3009,173531,339668,3860423,2,2,0,6,7,0
"Joining with their new residents in Sinfall a few of these juvenile dredbats accompanied Renathal's forces into the maw.","|cFFFFD200Drop: |r Bastion Maw Assault|n|cFFFFD200Treasure: |rSinfall Screecher Cage|n|cFFFFD200Zone: |rThe Maw",3010,173533,339670,3860424,2,2,0,6,7,0
"Roosting over Sinfall, Battie was roused one evening by the music of the first Ember Court. She has not missed a single one since.","|cFFFFD200Vendor: |rTemel|n|cFFFFD200Zone: |rRevendreth|n|cFFFFD200Faction: |rThe Ember Court - Revered|n|cFFFFD200Covenant: |rVenthyr|n|cFFFFD200Cost: |r250|Hitem:163036|h|TInterface\ICONS\INV_Currency_PetBattle.BLP:0|t|h",3011,173535,339671,3860422,2,2,2,6,7,0
"Abandoned by its master in a secluded room, the little bat has been hibernating in stone for ages.","|cFFFFD200Treasure: |rRepaired Transport Mirror|n|cFFFFD200Covenant: |rVenthyr|n|cFFFFD200Zone: |rRevendreth",3012,173536,339674,3860425,2,2,0,6,7,0
"What vile subtance is jiggling around inside of this creature?","|cFFFFD200Treasure:|r Strange Growth|n|cFFFFD200Zone:|r Maldraxxus|n",3013,173534,339677,3860396,4,2,0,6,7,0
"Hiding among the reeds near muck pools, juvenile mire creepers patiently waiting for easy prey to approach.","|cFFFFD200Pet Battle:|r Revendreth|n",3014,173555,0,3860419,6,26,4,6,7,0
"Subsisting on the residual anima in the waste of the Endmire, these mire creepers are withering away, yet in their famished state they are doubly dangerous.","|cFFFFD200Pet Battle:|r Revendreth|n",3015,173556,0,3732243,6,26,4,6,7,0
"This particular tiny tree is infested with strange spores and doesn't seem to mind.","|cFFFFD200Vendor: |rCortinarius|n|cFFFFD200Zone: |rArdenweald|n|cFFFFD200Faction: |rMarasmius - Friendly|n|cFFFFD200Covenant: |rNight Fae|n|cFFFFD200Cost: |r250|Hitem:163036|h|TInterface\ICONS\INV_Currency_PetBattle.BLP:0|t|h",3016,173585,339976,3731816,6,2,2,254,7,0
"These saplings grow unnaturally quickly when given enough anima, and their leaves are razor sharp when fully grown.","|cFFFFD200Vendor: |rMaster Clerk Salorn|n|cFFFFD200Zone: |rArdenweald|n|cFFFFD200Covenant: |rNight Fae|n|cFFFFD200Cost: |r250|Hitem:163036|h|TInterface\ICONS\INV_Currency_PetBattle.BLP:0|t|h",3017,173586,339981,3747335,6,2,2,254,7,0
"As long as any fragment of this species is found and planted, it will regrow into the same magnificent species as it once was.","|cFFFFD200Covenant:|r Night Fae|n|cFFFFD200Zone:|r Ardenweald",3018,173587,339982,3747336,6,16466,2,254,7,0
"Whatever you do, don't ask it to carry a bucket of water. We don't talk about what happened to that area of the Shadowlands.","|cFFFFD200Vendor: |rSpindlenose|n|cFFFFD200Zone: |rArdenweald|n|cFFFFD200Faction: |rCourt of Night - Friendly|n|cFFFFD200Covenant: |rNight Fae|n|cFFFFD200Cost: |r250|Hitem:163036|h|TInterface\ICONS\INV_Currency_PetBattle.BLP:0|t|h",3019,173588,339983,3747337,6,2,2,254,7,0
"This pet has tremendous airborne agility and will always land on its feet, even when flung by a home-made spring-loaded leaper-flinger.","|cFFFFD200Adventures:|r Shadowlands",3020,173589,339997,3749003,4,2,0,6,7,0
"The latent energy found throughout Ardenweald's seeds sometimes augments small critters with unnatural abilities.","|cFFFFD200Pet Battle:|r Ardenweald|n",3021,173590,0,3749004,4,26,4,6,7,0
"These critters are capable of holding a tremendous amount of food in their cheeks for easy transportation between hiding spaces.","|cFFFFD200Treasure: |rFaerie Trove|n|cFFFFD200Zone: |rArdenweald",3022,173591,339999,3749005,4,2,0,6,7,0
"No one is quite sure where Reginald got his or her name, but what we do know is they don't answer to anything else.","|cFFFFD200Vendor: |rCortinarius|n|cFFFFD200Zone: |rArdenweald|n|cFFFFD200Faction: |rMarasmius - Friendly|n|cFFFFD200Covenant: |rNight Fae|n|cFFFFD200Cost: |r250|Hitem:163036|h|TInterface\ICONS\INV_Currency_PetBattle.BLP:0|t|h",3023,173593,340002,3749006,4,2,2,6,7,0
"The skies may have scorched part of Revendreth, but persistent creatures are still able to exist in these harsh conditions.","|cFFFFD200Drop:|r Ashen Amalgamation|n|cFFFFD200Covenant Feature:|r Ember Court|n|cFFFFD200Covenant:|r Venthyr|n|cFFFFD200Zone:|r Revendreth",3024,173842,340710,134389,6,2,0,6,7,0
"Nobody knows why all of these skeletal hands are from the left hand. Where did the right hands go?","|cFFFFD200Treasure:|r Skeletal Hand Fragments|n|cFFFFD200Zone:|r Maldraxxus",3025,173847,340717,3386322,3,131074,0,6,7,0
"Torghast is a tower of hardship and perpetual agony, which is a perfect environment for these creatures.","|cFFFFD200Drop:|r Torghast|n",3026,173849,340721,3579945,4,2,0,6,7,0
"Many have asked where these creatures came from, and how they made it to the Maw, but none that researched them have ever been heard from again.","|cFFFFD200Drop:|r Torghast|n|n",3027,173850,340722,3579948,4,2,0,6,7,0
"If a detached hand claps by itself inside of Torghast, can the Jailer hear it?","|cFFFFD200Drop:|r Torghast|n|n",3028,173851,340723,3862168,3,131074,0,6,7,0
"The mysterious forces that animate this mobile mitt don't seem particularly evil, yet.","|cFFFFD200Drop:|r Torghast|n",3029,173988,341289,3862169,3,131074,0,6,7,0
"Sometimes it is best to leave what strange creature you found in a mysterious jar in the depths of Torghast alone.","|cFFFFD200Drop:|r Torghast|n",3030,173989,341292,3453807,4,2,0,6,7,0
"Its teeth are razor sharp and will chew through just about anything.","|cFFFFD200Drop:|r Torghast|n",3032,173990,341293,3860392,4,2,0,6,7,0
"These guardians of Torghast are always watching for suspicious activity.","|cFFFFD200Drop:|r Torghast|n|n",3033,173991,341295,3729719,5,2,0,6,7,0
"That eerie feeling you get when the shadows seem to shift and follow you isn't just a feeling, it's usually one of these.","|cFFFFD200Drop:|r Torghast|n",3034,173992,341298,237569,3,2,0,6,7,0
"Poking a tiny gormlng in the side makes a very satisfying, squishy noise. It is NOT advisable to poke one too many times.","|cFFFFD200Drop: |rGormbore|n|cFFFFD200Zone: |rArdenweald",3035,173993,341301,3065167,4,2,0,6,7,0
"Remornia has been exposed to untold amounts of evil and sin, and will siphon power from any available source to fuel its desires.","|cFFFFD200Drop: |rSire Denathrius|n|cFFFFD200Zone: |rCastle Nathria",3036,173994,341302,3610989,5,131154,0,363,364,0
"Staring at one of these creates a deep void of emotion at the very core of your being, then fills it with a sense of dread.","|cFFFFD200Drop: |rEternas the Tormentor|n|cFFFFD200Zone: |rThe Maw",3037,174081,341492,651083,6,2,0,6,7,0
"This species has a very distinct set of markings on its back that makes it easy to identify in the unending horrors of the Maw.","|cFFFFD200Drop:|r The Maw|n",3038,174082,341493,3579949,4,2,0,6,7,0
"Tiny flakes of skin seem to perpetually fall off of this horrible creature, leaving behind a trail and a very distinct, foul odor.","|cFFFFD200Drop:|r The Maw|n",3039,174083,341494,3860390,4,2,0,6,7,0
"The razor sharp claws will tear into anything with ease, making for an excellent emergency can opener.","|cFFFFD200Drop: |rSanngror the Torturer|n|cFFFFD200Zone: |rThe Maw",3040,174084,341495,3862170,3,131074,0,6,7,0
"What horrors these eyes have seen in the tower of Torghast, with their unsleeping, unblinking gaze?","|cFFFFD200Achievement: |rTwisting Corridors: Layer 2|n|cFFFFD200Category: |rTorghast",3041,174085,341497,3729814,5,82,5,6,7,0
"Plucking a feather from a steward is considered a sin worthy of a trip to Revendreth.","|cFFFFD200Covenant: |rKyrian|n|cFFFFD200Zone: |rBastion",3042,174087,341515,3731724,0,16466,2,6,7,0
"Though not very fuzzy, this slimy feline is still one of the most adorable things you've ever seen.","|cFFFFD200Covenant: |rNecrolord|n|cFFFFD200Zone: |rMaldraxxus|n",3043,174088,341516,3732497,5,16466,2,6,7,0
"While young, they have an adorable face and cute little antennae. While grown up, they gain razor sharp pinchers and are unstoppable eating machines. Life is full of compromises.","|cFFFFD200Drop: |rTred'ova|n|cFFFFD200Zone: |rMists of Tirna Scithe|n|cFFFFD200Difficulty: |rMythic",3044,174089,341519,3065164,4,2,0,6,7,0
"This slime seems to change color the more you look at it, and then suddenly, it appears to be looking back at you. Perhaps it is time for a rest.","|cFFFFD200Treasure: |rPlaguefallen Chest|n|cFFFFD200Zone: |rMaldraxxus",3045,174125,341635,1500910,5,2050,0,6,7,0
"Despite being decrepit and undead, geists move with exceptional speed and agility.","|cFFFFD200World Event: |rShadowlands Scourge Invasion|n|cFFFFD200Cost: |r20|Hcurrency:1754|h|TInterface\ICONS\Achievement_Reputation_ArgentCrusader.blp:0|t|h",3046,174181,341825,336781,3,2,2,6,7,0
"You got spinebugged!","|cFFFFD200Treasure: |rSpinebug|n|cFFFFD200Zone: |rMaldraxxus",3047,174677,343161,3386337,3,2,0,6,7,0
"Normally just a plain white in color, their skin reflects whatever they have eaten and gains wonderful spots of color depending on the organs digested.","|cFFFFD200Pet Battle: |rMaldraxxus",3049,175021,0,2141734,4,26,4,6,7,0
"Legends say that if you see a bleak skitterer in your dreams, you are destined to battle one to the death.","|cFFFFD200Pet Battle: |rMaldraxxus",3050,175022,0,2027947,7,26,4,6,7,0
"These slimy creatures make the strangest suction noises when they try to climb up a wall. This is a well-known fact in Maldraxxus, for obvious reasons.","|cFFFFD200Pet Battle: |rMaldraxxus",3051,175023,0,3459799,5,26,4,6,7,0
"Toxic spores rain down wherever these creatures fly, turning small, unwary critters into a gruesome feast.","|cFFFFD200Pet Battle: |rMaldraxxus",3052,175024,0,1570759,2,26,4,6,7,0
"A strange whelp hatched on Netherwing Ledge, it is thought to be blessed by the waning lunar energies of Shadowmoon Valley.","|cFFFFD200Blizzard's 30th Anniversary|r ",3053,175203,344755,3846213,1,82,7,6,7,0
"A good friend to Archivist Fane since his earliest days, Janeera is ready for him to let the quill go as she feels he is getting too attached.","|cFFFFD200Vendor: |rArchivist Janeera|n|cFFFFD200Zone: |rRevendreth|n|cFFFFD200Faction: |rThe Avowed - Exalted|n|cFFFFD200Cost: |r1000|Hcurrency:1816|h|TInterface\ICONS\6BF_Blackrock_Nova.BLP:0|t|h",3054,175220,344792,2103808,5,2,2,6,7,0
"Stewards looking to move up in steward society know to fluff up their feathers, give out tons of juice, and always be hooting.","|cFFFFD200Vendor: |rZeleskos|n|cFFFFD200Covenant: |rKyrian|n|cFFFFD200Zone: |rBastion",3061,175561,345740,3731728,0,2,2,6,7,0
"Tales say that the stewards were created to aid the denizens of Bastion in their eternal duties. They don't seem to mind.","|cFFFFD200Drop: |rBastion|n|cFFFFD200Covenant: |rKyrian",3062,175560,345741,3731723,0,2,0,6,7,0
"Larion are prideful beasts, and see anyone that enters their territory as a challenge.","|cFFFFD200Drop: |rLarionrider Orstus|n|cFFFFD200Zone: |rBastion",3063,175562,345742,3860694,2,2,0,6,7,0
"When fully-grown, a larion that has grown up with an aspirant will never leave his or her master's side.","|cFFFFD200Drop:|r Supplies of the Ascended|n",3064,175564,345744,3860696,2,2,0,6,7,0
"Young larions are often given to aspirants as an early test of compassion and leadership.","|cFFFFD200Drop:|r Courage|n|cFFFFD200Zone:|r Bastion|n",3065,175563,345743,3860695,2,2,0,6,7,0
"Lucy was sent to Revendreth, as all cats are, and somehow escaped. When questioned, local dredgers blamed it on her being a cat.","|cFFFFD200Drop:|r Dirty Glinting Object|n",3066,175715,346192,611425,3,2,0,41,7,0
"Spriggans are tricky foes that live in Ardenweald and torment the Night Fae. This one has decided to play the ultimate trick--joining you.","|cFFFFD200Achievement: |rFamily Exorcist|n|cFFFFD200Category: |rBattle",3067,175756,346236,3536179,0,82,5,6,7,0
,,3068,175777,0,657918,8,1072,-1,6,7,0
,,3070,175778,0,3072466,7,1072,-1,6,7,0
,,3071,175779,0,3084143,4,1072,-1,6,7,0
,,3072,175780,0,2103813,1,1072,-1,6,7,0
,,3073,175781,0,3732243,6,1072,-1,6,7,0
,,3074,175782,0,3860424,2,1072,-1,6,7,0
,,3075,175783,0,3731723,0,1072,-1,6,7,0
,,3076,175784,0,3601538,5,1072,-1,6,7,0
,,3077,175785,0,3070805,9,1072,-1,6,7,0
,,3078,175786,0,3622122,3,1072,-1,6,7,0
"The allegiances of the spriggan are as changing as the seasons.","|cFFFFD200Achievement: |rAbhorrent Adversaries of the Afterlife|n|cFFFFD200Category: |rBattle",3079,175787,346260,3536177,0,82,5,6,7,0
"Raised in the verdant groves of Ardenweald, these kits are infused with the essence of rebirth.","|cFFFFD200Pet Battle:|r Ardenweald|n",3080,176019,0,3072464,7,26,4,6,7,0
"These grubs consume anima-depleted materials of all types. They aren't picky.","|cFFFFD200Pet Battle: |rArdenweald",3081,176020,0,3065166,4,26,4,6,7,0
"The wings of this moth glitter like the starry skies above Ardenweald.","|cFFFFD200Pet Battle: |rArdenweald",3082,176021,0,3255390,2,26,4,6,7,0
"For a pet that's all mouth, where does anything it eats go? Maldraxxus necromancers have dissected many of these pets, and have no answers.","|cFFFFD200Pet Battle: |rMaldraxxus",3083,176024,0,3731581,2,26,4,6,7,0
,,3089,176657,0,132263,9,48,-1,6,7,0
,,3090,176659,0,2490921,2,48,-1,6,7,0
,,3091,176658,0,1600298,7,48,-1,6,7,0
"Squibbles is engineered to never leave your side.","|cFFFFD200Drop:|r Grummlepouch|n",3092,176662,348561,2490921,9,2,0,6,7,0
"Baubleworms are highly prized in the Veiled Market, where those featuring few gemstone flaws can fetch extreme prices.","|cFFFFD200Vendor: |rKeeper Ta'hult|n|cFFFFD200Zone: |rOribos|n|cFFFFD200Cost: |r10000|Hitem:163036|h|TInterface\ICONS\INV_Currency_PetBattle.BLP:0|t|h",3097,178216,351636,3856132,7,2,2,6,7,0
"The fields of battle teem with Lil'Abom parts, which are perfectly interchangable and easy to put back together.","|cFFFFD200Drop:|r Maldraxxus Maw Assault|n",3098,179008,353206,3622121,3,2,0,6,7,0
"Infused etherwyrms can be used as portable anima batteries, but they must be trained not to flee at the sight of combat.","|cFFFFD200Drop:|r Ardenweald Maw Assault|n|cFFFFD200Treasure: |rEtherwyrm Cage|n|cFFFFD200Zone: |rThe Maw|n",3099,179025,353230,3046536,2,2,0,6,7,0
"Dragons come in all types of temporal classification -- timeless, time-lost, and even infinite.","|cFFFFD200Vendor: |rHistorian Ma'di|n|cFFFFD200Zone: |rTanaris|n|cFFFFD200Cost: |r200|Hcurrency:1166|h|TInterface\ICONS\PVECurrency-Justice.blp:0|t|h",3100,179125,353442,2892271,9,2,2,6,7,0
"Sly snuck aboard for a trip into the Maw. He's not scared, he just really wants to stay in your backpack for a while.","|cFFFFD200Achievement: |rA Sly Fox|n|cFFFFD200Category: |rCollect",3101,179083,353450,3072461,7,2,5,6,7,0
"A young animite will rapidly grow if fed in excess. It is suggested that no more than one average soul's worth of anima be consumed per year to keep them docile.","|cFFFFD200Pet Battle: |rKorthia",3102,179131,0,3155460,2,26,4,6,7,0
"The brilliant scales of the etherwyrm reflect the bright skies of Bastion.","|cFFFFD200Drop:|r Ascended War Chest|n|cFFFFD200Zone:|r The Maw",3103,179132,353451,3046536,2,2,0,6,7,0
"The gemstones on a baubleworm will quickly deteriorate if the worm is killed. Healthy worms are kept as prized pets by wealthy Brokers.","|cFFFFD200Vendor: |rKeeper Ta'hult|n|cFFFFD200Zone: |rOribos|n|cFFFFD200Cost: |r1|Hitem:36812|h|TInterface\ICONS\INV_Misc_Gear_01.blp:0|t|h 1|Hitem:62072|h|TInterface\ICONS\INV_Staff_11.blp:0|t|h 1|Hitem:67410|h|TInterface\ICONS\INV_Stone_13.blp:0|t|h",3104,179137,353456,3856131,7,2,2,6,7,0
"Baubleworms were found by the Brokers on an unknown world, and so gorgeous were their gems, that quickly the expedition turned against one another.","|cFFFFD200Vendor: |rKeeper Ta'hult|n|cFFFFD200Zone: |rOribos|n|cFFFFD200Cost: |r1|Hitem:3300|h|TInterface\ICONS\INV_Gauntlets_02.blp:0|t|h 1|Hitem:3670|h|TInterface\ICONS\INV_Misc_Bone_01.blp:0|t|h 1|Hitem:6150|h|TInterface\ICONS\INV_Misc_Bandage_06.blp:0|t|h",3105,179138,353457,3856130,7,2,2,6,7,0
"Baubleworms have no natural predators, and grow their gemstones to attract mates.","|cFFFFD200Vendor: |rKeeper Ta'hult|n|cFFFFD200Zone: |rOribos|n|cFFFFD200Cost: |r1|Hitem:11406|h|TInterface\ICONS\INV_Misc_Pelt_Bear_Ruin_02.blp:0|t|h 1|Hitem:11944|h|TInterface\ICONS\INV_Boots_06.blp:0|t|h 1|Hitem:25402|h|TInterface\ICONS\INV_Hammer_16.blp:0|t|h",3106,179139,353458,3856129,7,2,2,6,7,0
"New species of murloc are discovered around Azeroth all the time, owing to their invasive nature and varied diet.","|cFFFFD200Quest: |rGurgl and the Bandit|n|cFFFFD200Zone: |rEye of Azshara",3107,179140,353460,3987165,0,82,1,6,7,0
"The Purrkin hunt the invasive skrats in the Veiled Market, keeping the population just high enough that they are still needed.","|cFFFFD200Pet Battle: |rTazavesh, the Veiled Market",3108,179164,0,3742945,7,26,4,6,7,0
"Purrkins are a traditional pet of the Brokers and the two have a mutually beneficial relationship -- a necessity in Broker culture.","|cFFFFD200Pet Battle: |rTazavesh, the Veiled Market",3109,179165,0,3742948,7,26,4,6,7,0
"Gizmo is considered a perfect purrkin, perhaps the best that has ever existed. He is also a ruthless murderer of small critters.","|cFFFFD200Drop: |rP.O.S.T. Master|n|cFFFFD200Zone: |rTazavesh, the Veiled Market",3110,179166,353525,3742944,7,2,0,6,7,0
"Skrats are poisonous, venomous, and unusually damp -- everything you want in a pet.","|cFFFFD200Pet Battle: |rTazavesh, the Veiled Market",3111,179167,0,3856133,4,26,4,6,7,0
"Skrats are an especially invasive species, in that they can reproduce with only a sole skrat, and consume almost anything.","|cFFFFD200Pet Battle: |rTazavesh, the Veiled Market",3112,179168,0,3856135,4,26,4,6,7,0
"One particular Broker has taken a liking to the skrat species, kept this rare specimin as a pet, and inherited the smell as a souvenir.","|cFFFFD200Zone:|r Tazavesh, the Veiled Market|n",3113,179169,353528,3856134,4,2,0,6,7,0
"When you're a Maldraxxian stitchcrafter and you have to name a lot of abominations, sometimes you just go with the obvious choice.","|cFFFFD200Drop:|r War Chest of the Undying Army|n|cFFFFD200Zone:|r The Maw|n",3114,179171,353529,3622122,3,2,0,6,7,0
"Not quite alive, not quite dead, simply an arm, with no head.","|cFFFFD200Pet Battle: |rThe Maw",3115,179179,0,3386323,3,131098,4,6,7,0
"Gorm find a way to invade just about anywhere, and the Maw is no exception.","|cFFFFD200Drop:|r War Chest of the Wild Hunt|n|cFFFFD200Zone:|r The Maw",3116,179180,353569,3084138,2,2,0,6,7,0
"Though the spawn of a gorm queen lost within the Maw, this pet appears to be untainted by the Jailer's foul magics.","|cFFFFD200Drop: |rGralebboih
|cFFFFD200Zone: |rThe Maw",3117,179181,353570,3084141,2,2,0,6,7,0
"The nails of the mawrat can inflict one of several afterlife-ending illnesses.","|cFFFFD200Pet Battle: |rThe Maw",3118,179182,0,3860391,4,26,4,6,7,0
"Fragments of souls abound in the Maw, searching for meaning, or an end to their torment. But some just want to give you a hand.","|cFFFFD200Pet Battle: |rThe Maw",3119,179183,0,3862167,3,131098,4,6,7,0
"These ensorcelled gauntlets are used by the mawsworn to capture escaping prisoners.","|cFFFFD200Pet Battle: |rThe Maw",3120,179219,0,3861531,3,131098,4,6,7,0
"Struggle all you want, it will just grip harder.","|cFFFFD200Drop:|r The Maw|n",3121,179220,353638,3861530,3,131074,0,6,7,0
"There was once a mawsworn so vile that he was killed by his own minions. So great was his malice that a fragment of him lives on in this glove.","|cFFFFD200Drop: |rSoulrender Dormazain|n|cFFFFD200Zone: |rSanctum of Domination",3122,179222,353639,3861529,3,131074,0,6,7,0
"A species of wild pest that exists within the Maw, no one is quite sure what it eats or why it exists, but they can't get rid of it.","|cFFFFD200Pet Battle: |rThe Maw",3123,179226,0,3579946,4,26,4,6,7,0
"Every deathroach is technically considered vile, but these really take the cake.","|cFFFFD200Pet Battle: |rThe Maw",3124,179227,0,3579947,4,26,4,6,7,0
"See reflections on the water? There's more than darkness in the depths.","|cFFFFD200Drop: |rHelsworn Soulseeker|n|cFFFFD200Zone: |rThe Maw",3125,179228,353644,3729672,5,2,0,6,7,0
"These eyes were sent to slow and debilitate the wayward souls of the Maw, so that they could be more easily captured.","|cFFFFD200Pet Battle: |rKorthia, The Maw",3126,179229,0,3729823,5,26,4,6,7,0
"One of several indistinguishable pets, all named Chompy.","|cFFFFD200Visitor Daily: |rOozing with Character|n|cFFFFD200Zone: |rKorthia|n|n|cFFFFD200Visitor Daily: |rLocal Reagents|n|cFFFFD200Zone: |rKorthia",3127,179230,353645,3860692,2,2,0,6,7,0
"The Eye of the Jailer, diffused, is now merely an all-seeing magical bauble.","|cFFFFD200Drop: |rEye of the Jailer|n|cFFFFD200Zone: |rSanctum of Domination",3128,179232,353648,4062740,5,2,0,6,7,0
"The rage Zovaal harbored for his punished existence echoes through the eye.","|cFFFFD200Drop: |rEye of the Jailer|n|cFFFFD200Zone: |rSanctum of Domination|n|cFFFFD200Difficulty: |rMythic",3129,179233,353649,4069937,5,2,0,6,7,0
"The golden armor on these mawsworn is flimsy and easily bent -- the gilded armor is a punishment.","|cFFFFD200Drop:|r Adamant Vaults|n|cFFFFD200Zone:|r Torghast, Tower of the Damned|n",3130,179239,353656,3731619,0,2,0,6,7,0
"The Sanctum of Domination accepts mawsworn of all shapes, sizes, and levels of corporeality.","|cFFFFD200Drop: |rKel'Thuzad|n|cFFFFD200Zone: |rSanctum of Domination",3131,179240,353658,3731616,0,2,0,6,7,0
"A ruthless tormenter of the smallest souls. Some say he was known in life as ""Thermaplugg.""","|cFFFFD200Achievement: |rMany, Many Things|n|cFFFFD200Category: |rTorghast",3132,179241,353659,3731620,0,82,5,6,7,0
"Rook never speaks, and little about them is known.","|cFFFFD200Drop:|r Mysterious Gift from Ve'nari|n|cFFFFD200Zone:|r The Maw",3133,179242,353661,3731621,0,2,0,6,7,0
"You have never met a pet that is more about chewing.","|cFFFFD200Pet Battle: |rKorthia",3134,179248,0,3931156,4,26,4,6,7,0
"The garnetgullet rolls in bright red flowers to enhance its color, serving as a call to similar species and a warning to enemies.","|cFFFFD200Pet Battle: |rKorthia",3135,179250,0,3931158,4,26,4,6,7,0
"With Korthia torn asunder by the Jailer, the few species that remain must be archived.","|cFFFFD200Drop: |rZelnithop|n|cFFFFD200Zone: |rKorthia",3136,179251,353663,3931157,4,2,0,6,7,0
"The hide color of this species is more rare on Korthia, and helps it hide from predators. And mawsworn, in this case.","|cFFFFD200Drop:|r Death's Advance Supplies|n|cFFFFD200Zone:|r Korthia",3137,179252,353664,3931155,4,2,0,6,7,0
"Three parts planning, one part danger, one part noodle.","|cFFFFD200Profession:|r Protoform Synthesis|n",3207,182735,361400,4095284,7,2,3,6,7,0
"A domesticated species, it is quite calm and seems hungry.","|cFFFFD200Vendor: |rDuchess Mynx|n|cFFFFD200Zone: |rKorthia|n|cFFFFD200Faction: |rDeath's Advance - Honored|n|cFFFFD200Cost: |r50|Hitem:163036|h|TInterface\ICONS\INV_Currency_PetBattle.BLP:0|t|h 1500|Hcurrency:1767|h|TInterface\ICONS\INV_Stygia.BLP:0|t|h",3138,179253,353665,3931159,4,2,2,6,7,0
"Devourers exist throughout the In-Between of various types and levels of power, but always seeking anima.","|cFFFFD200Pet Battle: |rKorthia",3139,179256,0,3924117,7,26,4,6,7,0
"It only has two teeth, and they both mean business.","|cFFFFD200Drop:|r Supplies of the Archivists' Codex|n|cFFFFD200Zone:|r Korthia",3140,179255,353666,3924116,7,2,0,6,7,0
"Corpsefly eggs end up everywhere in Maldraxxus, and are easily transported accidentally.","|cFFFFD200Pet Battle:|r Korthia|n",3141,179329,0,3896756,2,26,4,6,7,0
"Blinky just hatched, and is ready for adventure, but may need a few naps along the way.","|cFFFFD200In-Game Shop|r|n",3153,179589,354743,4080512,1,82,9,6,7,0
,,3155,179966,0,3987165,0,48,-1,6,7,0
,,3156,179809,0,1716280,2,32,-1,6,7,0
,,3158,179967,0,3069889,5,32,3,6,7,0
"One part focus, one part core, zero parts coherent or stable shape.","|cFFFFD200Profession:|r Protoform Synthesis|n",3169,181308,359559,3851039,5,2,3,402,403,0
"The core of a song that all but faded long ago.","|cFFFFD200Profession:|r Protoform Synthesis|n",3170,181335,359604,4219625,5,2,3,402,403,0
"It could become anything. It could become *everything*. In the meantime, it's... this.","|cFFFFD200Profession:|r Protoform Synthesis",3171,181336,359605,4219626,5,2,3,402,403,0
"It's hard to be sure since it has no face, but this thing seems to like you.","|cFFFFD200Treasure: |rEphemera Orb|n|cFFFFD200Zone: |rZereth Mortis",3172,181337,359606,4219627,5,82,0,402,403,0
"The signature song of the bufonid croaker can be heard across vast distances.","|cFFFFD200Pet Battle:|r Zereth Mortis|n",3173,181362,0,3778581,8,26,4,6,7,0
"One part facial sphere, one part cube manufactory, one part successful curiosity.","|cFFFFD200Profession:|r Protoform Synthesis|n",3174,181488,359760,3747898,7,2,3,6,7,0
"Hatch-queen of the baby murlocs, Murkastrasza spent many years battling her bitter rival, Deathy.","|cFFFFD200Promotion:|r Dragonflight Heroic Edition|n",3175,181535,359805,4050685,1,82,7,435,436,0
"Only newly synthesized tunneling vombata have been seen. The rest are probably happily digging underground, never to be seen again.","|cFFFFD200Profession:|r Protoform Synthesis|n",3176,181547,359813,3747899,7,2,3,6,7,0
"A drakonid hatchling is a curious sight, but now is the time for curious things.","|cFFFFD200Promotion: Dragonflight Base Edition|r ",3177,181575,359855,4186101,1,82,7,6,7,0
"One part beak, two parts wings, one part inability to stop, one part unwillingness to stop.","|cFFFFD200Profession: |rProtoform Synthesis|n",3178,181578,359863,3672192,2,2,3,6,7,0
"One part rocks, two parts bigger rocks, three parts smaller rocks, one part ability to move anyway.","|cFFFFD200Profession:|r Protoform Synthesis|n",3179,181615,359898,4227081,6,2,3,6,7,0
"Some of the more adventurous denizens of Zereth Mortis consider venomous bufonids to be a delicacy.","|cFFFFD200Pet Battle:|r Zereth Mortis|n",3180,182019,0,3778583,8,26,4,6,278,0
"One part slippery skin, one part powerful legs, one part vocal sac, one part complete self-acceptance.","|cFFFFD200Profession:|r Protoform Synthesis|n",3181,182081,360389,3778580,8,2,3,6,7,0
,,3188,182140,360567,134176,7,16466,-1,6,7,0
"One part duplication, two parts duplication, four parts duplication... oops.","|cFFFFD200Profession:|r Protoform Synthesis",3189,182183,360691,3922912,4,2,3,254,7,0
"Some leporids are docile and cute. Others are... still cute.","|cFFFFD200Pet Battle: |rZereth Mortis",3190,182216,0,3922917,4,26,4,6,7,0
"Some of the more timid leporids live deep underground. They emerge only to gather food before returning to their burrows.","|cFFFFD200Pet Battle: |rZereth Mortis",3191,182234,0,3922913,4,26,4,6,7,0
"While larger proto avians are known to feed on small animals, fledglings mostly eat insects and grubs.","|cFFFFD200Pet Battle: |rZereth Mortis",3196,182260,0,4227077,2,26,4,6,7,0
"One part gills, one part haste, one part whatever it needs to be.","|cFFFFD200Profession:|r Protoform Synthesis|n",3197,182264,360800,3934485,8,2,3,6,7,0
"The distinctive red coloration of scarlet proto avians makes it difficult for them to hide from predators, which ironically means they're very hard to find.","|cFFFFD200Pet Battle: |rZereth Mortis",3200,182294,0,4227079,2,26,4,6,7,0
"Eight parts legs. Eight parts eyes. One part rope. One part insatiable hunger.","|cFFFFD200Profession:|r Protoform Synthesis|n",3201,182393,360986,3684808,7,2,3,6,7,0
"Some tarachnids prefer to lie in wait for their prey. These prefer to chase it, disable it, and devour it whole.","|cFFFFD200Pet Battle: |rZereth Mortis",3202,182437,0,3684809,7,26,4,6,7,0
"When prey wanders into this creature's reach, it rarely wanders out.","|cFFFFD200Pet Battle: |rZereth Mortis",3203,182473,0,3684810,7,26,4,6,7,0
"One part shell. One part claw. As many parts resilience as need be.","|cFFFFD200Profession: |rProtoform Synthesis",3204,182504,361157,3922918,4,2,3,6,7,0
"Some of the smaller scarabids of Zereth Mortis have metallic outer shells to protect themselves. It also makes them look fabulous.","|cFFFFD200Pet Battle: |rZereth Mortis",3205,182568,0,3922919,4,26,4,6,7,0
"This scarabid's brightly colored shell makes it more interesting to potential mates. Unfortunately, this also makes them interesting to potential predators.","|cFFFFD200Pet Battle: |rZereth Mortis",3206,182691,0,3922921,4,26,4,6,7,0
"The distinctive red coloration of these viperids serves as a warning to potential predators: 'eat at your own risk!'","|cFFFFD200Pet Battle: |rZereth Mortis",3208,182758,0,4095288,7,26,4,6,7,0
"Where does a 350-pound viperid sit? Anywhere it wants.","|cFFFFD200Pet Battle: |rZereth Mortis",3209,182760,0,4095284,7,26,4,6,7,0
"Viperids can sit still for hours, silently awaiting their prey.","|cFFFFD200Pet Battle: |rZereth Mortis",3210,182768,0,4095286,7,26,4,6,7,0
"Two parts wings, one part dagger, five parts sadism.","|cFFFFD200Profession:|r Protoform Synthesis|n",3211,182840,361572,3741937,2,2,3,6,7,0
"Whether in life or the afterlife, some things are universal. Nasty blood-sucking insects are one of those things.","|cFFFFD200Pet Battle: |rZereth Mortis",3212,182876,0,3741939,2,26,4,6,7,0
"Despite its vulnerable appearance, predators will often avoid attacking a juvenile vombata. It's not known exactly why, but many believe it has to do with the vombata's cute little nose.","|cFFFFD200Pet Battle: |rZereth Mortis",3213,183142,0,3747900,7,26,4,6,7,0
"There are many terrifying things in Zereth Mortis, but none so terrifying (or adorable) as a vombata protecting its young.","|cFFFFD200Pet Battle: |rZereth Mortis",3214,183158,0,3747901,7,26,4,6,7,0
"No one in their right mind has ever seen a Mawtouched Geomental. Even so, plenty of people have seen Mawtouched Geomentals.","|cFFFFD200Pet Battle: |rZereth Mortis",3215,183230,0,4227080,6,26,4,6,7,0
"The ambystan snapper is one of the nicest creatures you can meet in Zereth Mortis... until it isn't.","|cFFFFD200Pet Battle: |rZereth Mortis",3216,183277,0,3934486,8,26,4,6,7,0
"Most of Zereth Mortis' aurelids are content to swim, but some are born to fly!","|cFFFFD200Pet Battle: |rZereth Mortis",3217,183281,0,4227095,8,26,4,6,7,0
"Nobody calls this poultrid 'chicken.'","|cFFFFD200Pet Battle: |rZereth Mortis",3218,183285,0,4096556,2,26,4,6,7,0
"When confronted, helicids will hide in their heavily armored shells. If provoked further, they will lash out with devastating force.","|cFFFFD200Pet Battle: |rZereth Mortis",3219,183292,0,3764236,4,26,4,6,7,0
"Two parts wings, one part beak, two parts talon, one part smugness.","|cFFFFD200Profession:|r Protoform Synthesis",3220,183557,362640,4096544,2,2,3,6,7,0
"This tiny tormentor of Torghast relishes in punishing any soul in the tower that can't step on it.","|cFFFFD200Achievement: |rThe Jailer's Gauntlet: Layer 1|n|cFFFFD200Category: |rTorghast",3221,183772,363086,3731618,0,82,5,6,7,0
"Isn't she just the sweetest little helicid?","|cFFFFD200Profession: |rProtoform Synthesis",3222,184196,364255,3764237,4,2,3,6,7,0
"Ambystans are swift but cowardly creatures. At the first hint of danger, a darter will hide in the nearest hole.","|cFFFFD200Profession: |rProtoform Synthesis",3223,184183,364174,3934487,8,2,3,6,7,0
"The red coloring on this scarabid lets potential opponents know it is not to be trifled with.","|cFFFFD200Profession: |rProtoform Synthesis",3224,184184,364176,3922923,4,10,3,6,7,0
"These poultrids are hostile, but never angry. They love every moment of every battle.","|cFFFFD200Profession: |rProtoform Synthesis",3225,184189,364178,4096554,2,2,3,6,7,0
"It's really unclear what's 'multi' about them.","|cFFFFD200Profession: |rProtoform Synthesis",3226,184190,364181,4096555,2,2,3,6,7,0
"Lihuvim's geomental creations are the most majestic of walking rock piles.","|cFFFFD200Profession: |rProtoform Synthesis",3227,184191,364182,4227083,6,2,3,6,7,0
"Just one part jelly, but refreshed over and over and over again.","|cFFFFD200Profession: |rProtoform Synthesis",3229,184186,364259,4227094,8,2,3,6,7,0
"It feeds on fear, but is generally too cute to inspire terror on its own.","|cFFFFD200Profession: |rProtoform Synthesis",3230,184192,364184,4227092,8,2,3,6,7,0
"This creature's existence strongly implies the existence of other, more advanced tickle-based aurelids out there.","|cFFFFD200Profession: |rProtoform Synthesis",3231,184193,364193,4227093,8,2,3,6,7,0
"Left to their own devices, these leporids will leap high into the air at the slightest provocation. Sometimes they'll even come down properly, as well.","|cFFFFD200Profession: |rProtoform Synthesis",3232,184194,364251,3922916,4,2,3,254,7,0
"Two parts fortress, one part eyestalks, one part slime.","|cFFFFD200Profession: |rProtoform Synthesis",3233,184187,364254,3764235,4,2,3,6,7,0
"Where some viperids lie in wait for their prey, this variety stalks their intended meals for hours.","|cFFFFD200Profession:|r Protoform Synthesis|n",3234,184197,364256,4095289,7,2,3,6,7,0
"Since synthesized creatures come into being fully grown, why would anyone design an immature helicid?","|cFFFFD200Profession: |rProtoform Synthesis",3235,184195,364252,3764238,4,2,3,6,7,0
"Spunky, funky, and just a little clunky -- she's a Gnomish engineer to a T!",|cFFFFD200Promotion|r,3236,184285,364451,4226119,0,131154,7,6,7,0
"A little ambystan that was too big, then too little, and finally just right. He followed you home!","|cFFFFD200Quest:|r Can I Keep Him?",3237,184923,366069,3934488,8,82,1,6,7,0
"Looks like Ben'jin and Maka'fon have kept busy since you last saw them. Maka'jin is ready for adventure but will settle for a large pile of leafy greens.","|cFFFFD200Trading Post|r",3242,185322,366833,4559236,7,16466,2,6,7,0
"He has a heart of gold. Literally. These shiny good-boys are all the rage with affluent gnomes everywhere.","|cFFFFD200Trading Post|r",3243,183686,366841,1567069,9,16466,2,6,7,0
"Fooled aeons ago by the clever loa of death into a bargain of unceasing service, this tiny ancient being carries out his duties eternally red with rage.","|cFFFFD200Trading Post|r",3244,185324,366842,2027568,3,16466,2,6,7,0
"As small as it is, it's no wonder this little duckling got lost in time.",,3308,189145,375336,4048818,8,16416,-1,6,7,0
"The name 'Beepbop' followed by the words 'Made by Threadis' are roughly but lovingly scratched into the bottom plate on this tiny nerubian-crafted bot.","|cFFFFD200World Event:|r Children's Week",3245,185425,367189,4235634,9,2,6,6,7,0
,,3246,185475,0,236446,2,16400,-1,6,7,0
"This isn't the real Pocopoc, but it provided this replica to you for use outside Zereth Mortis. Its details are so accurate as to be utterly convincing to anyone who hasn't spent lots of time with the real one.","|cFFFFD200Vendor: |rOlea Manu|n|cFFFFD200Zone: |rZereth Mortis|n|cFFFFD200Cost: |r500|Hcurrency:1979|h|TInterface\ICONS\INV_Trinket_ProgenitorRaid_02_Blue.BLP:0|t|h",3247,185477,367376,4327611,5,147,2,41,7,0
"Ichabod began his existence as a prototype for the fearsome harvest golems terrorizing the farmers of Westfall, but a little gnomish ingenuity has since made him far less likely to attack your knees.","|cFFFFD200Promotion|r |n",3248,183638,367696,4206469,9,16466,9,6,7,0
"Before he was known as one of the Wild Gods, Ursoc roamed the Grizzly Hills as a cub.","|cFFFFD200In-Game Shop|r|n",3249,185586,367702,4208901,7,82,9,6,7,0
"Some hawkstriders are destined to be great. Others are destined to be Egbob.","|cFFFFD200Trading Post|r",3250,183708,367732,294475,4,16466,2,6,7,0
"Some species of red bees are known to lead solitary lives. Still, this busy bee seems happy to make time for you.","|cFFFFD200Trading Post|r",3251,185604,367748,2027854,2,16466,2,6,7,0
"Ancient Gorian blood runs through Garrlok's veins. As far as anyone knows, only his diminutive stature keeps his imperial ambitions in check.","|cFFFFD200Trading Post|r",3252,185606,367768,4215254,0,16466,11,6,7,0
"Siege training begins early for kodo calflings that show a lack of inhibition towards breaking things. Mind your shins.","|cFFFFD200In-Game Shop|r",3253,185611,367778,4205812,7,16466,2,33,7,0
"To its foes, this Watcher's innocent eyes belie the lethal danger of a prowling Huntress, waiting in the shadows.","|cFFFFD200Trading Post|r",3254,185621,367800,133247,2,16466,2,6,7,0
"His pink antlers make him the life of any party.","|cFFFFD200Trading Post|r",3255,185756,368314,2481371,7,16466,2,6,7,0
"The master jewelcrafters of the Dragon Isles have perfected their craft so much that their gemmed statues can be brought to life. This whelp forged of obsidian is now not to be trifled with.","|cFFFFD200Profession:|r Jewelcrafting|n",3256,186844,369723,4397690,1,2,3,6,7,0
,,3257,186884,0,3922922,4,56,-1,6,7,0
"This little rabbit is cute from the tip of her button nose to the tips of her deadly claws.","|cFFFFD200Treasure: |rSack of Oddities",3259,188709,371534,3733064,4,2,0,6,7,0
"Nearly invisible, this creature leaps from tree to snow-covered tree.","|cFFFFD200Pet Battle: |rThe Azure Span",3260,188792,0,4528721,4,26,4,6,7,0
"Hope, like this phoenix, rises from the ashes of shattered dreams.","|cFFFFD200Drop: |rWarden Entrix|n|cFFFFD200Zone: |rThe Forbidden Reach",3261,188821,371594,4007138,5,2,0,6,7,0
"Some very clever wizard or dragon or other magical being thought they were being clever when they decided to color an ice elemental purple for a very elaborate bit of wordplay. They were probably right.","|cFFFFD200Achievement:|r What Can I Say? They Love Me.|n",3262,188849,371621,4572524,7,82,5,6,7,0
"It looks like a duck and it smells like a duck and it quacks like a duck... what's a duck?","|cFFFFD200Achievement:|r Proven Pet Parent",3263,188861,371636,4533201,8,82,5,6,7,0
"A shard of a fragment of a piece of a sliver of a piece of crystal, but walking around like it owns the place. Good thing it likes you.","|cFFFFD200Achievement:|r Many More Mini Minions",3264,188885,371655,133244,5,82,5,6,7,0
"Truly, the most dignified of stinky musken.","|cFFFFD200Achievement:|r Good Things Come in Small Packages",3265,188901,371675,4572410,7,80,5,6,7,0
"Above the vast green plains and rolling hills the slyvern fly, leaving only tiny shadows on the ground to mark their path through the sky.","|cFFFFD200Pet Battle: |rOhn'ahran Plains",3266,189160,0,4215000,2,26,4,6,7,0
"You met this Slyvern next week from your point of view, but last year from its point of view.",,3267,189211,371930,4215003,2,16416,-1,6,7,0
,,3268,189376,0,2399293,8,33840,-1,6,7,0
"Oddly enough, you met this fish drifting through the air.","|cFFFFD200Treasure:|r Bubble Drifter|n|cFFFFD200Zone: |rThe Waking Shores",3269,189663,372585,4539687,8,2,0,6,7,0
"To some, this fish speaks eloquently of its survival in the most arduous conditions. To most, it says 'glub.'","|cFFFFD200Vendor: |rPatchu|n|cFFFFD200Zone: |rThe Azure Span|n|cFFFFD200Cost: |r300|Hitem:163036|h|TInterface\ICONS\INV_Currency_PetBattle.BLP:0|t|h",3270,189695,372750,4539689,8,2,2,6,7,0
"This is the most pettable pointy creature you will ever meet.","|cFFFFD200Pet Battle: |rOhn'ahran Plains, Thaldraszus, The Azure Span, The Waking Shores",3272,189093,0,3733067,4,26,4,6,7,0
"Somehow this creature manages to be hot, rocky, and slimy all at the same time.","|cFFFFD200Pet Battle: |rThe Waking Shores",3273,189094,0,3996722,6,26,4,6,7,0
"When Alvin said he wanted to be the best anvil ever, everyone doubted him. If anvils could laugh, he'd be the one laughing now.","|cFFFFD200Profession:|r Blacksmithing|n",3274,189095,378738,1020356,9,2,3,6,7,0
"Chestnut once found an acorn larger than he was, ate the whole thing, and doubled in size. It's a good thing he didn't eat a Trunkalumpf.","|cFFFFD200Treasure:|r Acorn Harvester|n|cFFFFD200Zone:|r Thaldraszus|n",3275,189096,374600,4528722,4,2,0,6,7,0
"Many have tried to boop the cute little noses of creatures like this. Most have lost fingers.","|cFFFFD200Pet Battle: |rOhn'ahran Plains, Thaldraszus, The Azure Span",3276,189097,0,4528723,4,26,4,6,7,0
"The forests of Eversong have enjoyed a recent influx of these flying critters.","|cFFFFD200Zone: |rEversong Woods",3277,241500,374710,3732476,4,154,10,6,7,0
"Pistachio got her name in exactly the way you would expect.","|cFFFFD200Vendor: |rPatchu|n|cFFFFD200Zone: |rThe Azure Span|n|cFFFFD200Cost: |r50|Hitem:163036|h|TInterface\ICONS\INV_Currency_PetBattle.BLP:0|t|h",3278,189099,374734,4528732,4,2,2,6,7,0
"This little racing enthusiast has never missed a race and has never met a racer she didn't like.","|cFFFFD200Achievement:|r Dragon Racing Completionist - Silver|n",3279,189101,387685,4452490,1,82,5,6,7,0
"These elusive creatures are famous for being hard to find unless you already know where to look. Fortunately, Haniko told you where to look.","|cFFFFD200Pet Battle: |rThe Waking Shores",3280,189102,0,3995640,2,65546,4,6,7,0
"Between battling, bathing, and playing, these ottuks have very busy schedules.","|cFFFFD200Pet Battle: |rOhn'ahran Plains, The Azure Span, The Waking Shores",3281,189103,0,3751917,8,26,4,6,7,0
"The reverberating sound of an adult hornswog's belch can be heard for leagues. Less far-reaching, but far more musical, is the dainty sound of a swoglet belching.","|cFFFFD200Pet Battle: |rOhn'ahran Plains, Thaldraszus, The Azure Span, The Waking Shores",3282,189104,0,1802889,8,26,4,6,7,0
"When you feel a chill run down your spine, don't be afraid. It's probably just your pet snowlemental.","|cFFFFD200Pet Battle: |rThe Azure Span, The Waking Shores",3283,189107,0,4554460,6,26,4,6,7,0
"Baby ottuks spend their days swimming, chasing butterflies, and practicing their intimidating roars.","|cFFFFD200Faction: |rIskaara Tuskarr|n|cFFFFD200Renown: |r9|n|cFFFFD200Vendor: |rJiq|n|cFFFFD200Location: |rIskaara",3284,189105,374889,3751919,8,18,2,6,7,0
"In its big eyes you can see your own reflection. You also see everything else because its eyes are so big.","|cFFFFD200Drop: |rLuttrok|n|cFFFFD200Zone: |rThe Forbidden Reach",3285,189106,374895,3751920,8,2,0,6,7,0
"His name is Mister Toots because of the melodious sounds he can make with his trunk.","|cFFFFD200Quest: |rSo How Did It Go?|n|cFFFFD200Zone: |rThe Waking Shores",3286,189108,374998,3946881,7,82,1,6,7,0
"A dream of the memory of fire.","|cFFFFD200Vendor: |rMythressa|n|cFFFFD200Zone: |rValdrakken|n|cFFFFD200Cost: |r1000|Hcurrency:2118|h|TInterface\ICONS\INV_Misc_Powder_Thorium.blp:0|t|h",3287,189111,375035,4554439,3,2,2,6,7,0
"While their tiny tusks may not help much in a fight, the trunkalumpfs make up for it in sheer weight.","|cFFFFD200Pet Battle: |rOhn'ahran Plains, The Azure Span",3288,189110,0,3946882,7,26,4,6,7,0
"A spark can become an ember. An ember can become a raging fire. This creature was never a spark or an ember, it has only ever been a raging fire.","|cFFFFD200Drop:|r World Drop|n|cFFFFD200Weather:|r Elemental Storm (Fire)|n|cFFFFD200Zone:|r The Waking Shores, Ohn'ahran Plains, The Azure Span, Thaldraszus",3289,189112,389363,4554438,6,2,0,6,7,0
"It sits anywhere it wants to, but it prefers to sit on laps.","|cFFFFD200Treasure: |rZskera Vaults, The Forbidden Reach",3290,189113,375045,3946885,7,2,0,6,7,0
"Scruffles' lust for battle runs deep.","|cFFFFD200Drop: |rVraken the Hunter|n|cFFFFD200Zone: |rThe Forbidden Reach",3291,189115,375047,3946886,7,2,0,6,7,0
"Some think this creature is smoldering because it is on fire. In truth it's because of its burning gaze.","|cFFFFD200Quest: |rTale of the Phoenix|n|cFFFFD200Zone: |rThe Waking Shores",3292,189117,375084,4007139,5,2,1,6,7,0
"Red for the fires in which it was born.","|cFFFFD200Drop: |rBonesifter Marwak|n|cFFFFD200Zone: |rThe Forbidden Reach",3293,189118,375085,4007140,5,2,0,6,7,0
"Is it possible to rise from the ashes of time? Gerald thinks so and he will not be denied.","|cFFFFD200Achievement: |rFamily Battler of Zaralek Cavern|n|cFFFFD200Category: |rBattle",3294,189119,375089,4007141,5,82,5,6,7,0
"An Igneoid is formed when magma makes it to Azeroth's surface and is infused with dark elemental magic. The resulting creature is tiny, fierce, and very cute.","|cFFFFD200Pet Battle: |rThaldraszus, The Azure Span, The Waking Shores",3295,189121,0,1016245,6,26,4,6,7,0
"This salamanther wants to be your best friend.","|cFFFFD200Pet Battle: |rOhn'ahran Plains, Thaldraszus, The Azure Span, The Waking Shores",3296,189122,0,4056158,8,26,4,6,7,0
"This Salamanther met itself while lost in time. The two hung out on a rock together for a few hours. It was nice.","|cFFFFD200Trading Post|r ",3297,189123,375235,4056156,8,16466,7,6,7,0
"Many salamanthers have interesting colorations, but this salamanther has the coolest one.",,3298,189128,375242,4056157,8,16416,-1,6,7,0
"What the deep claims, none can reclaim.","|cFFFFD200Drop:|r World Drop|n|cFFFFD200Weather:|r Elemental Storm (Water)|n|cFFFFD200Zone:|r The Waking Shores, Ohn'ahran Plains, The Azure Span, Thaldraszus",3299,189130,389378,4554443,6,2,0,6,7,0
"Though many creatures of the Dragon Isles are mysterious, the ducks are perhaps the most so. Where did they come from? Where are they going? What are they planning? We may never know.","|cFFFFD200Pet Battle: |rOhn'ahran Plains, The Waking Shores",3300,189131,0,3953209,2,26,4,6,7,0
Quack.,"|cFFFFD200Pet Battle: |rOhn'ahran Plains, Thaldraszus, The Waking Shores",3301,189136,429055,4048813,8,26,4,6,7,0
"Still learning how to fly.","|cFFFFD200Quest: |rBut... I Am the Hero of Ducks|n|cFFFFD200Zone: |rOhn'ahran Plains",3302,189138,375266,4048814,8,2,1,6,7,0
"What do you feed a cute little duckling? What? No, not cheese and quackers! Quackers aren't healthy for ducks.","|cFFFFD200Vendor: |rPakak|n|cFFFFD200Zone: |rValdrakken|n|cFFFFD200Cost: |r1|Hitem:197788|h|TInterface\ICONS\INV_Misc_Food_Meat_Cooked_06.blp:0|t|h 1|Hitem:197789|h|TInterface\ICONS\INV_Misc_Food_99.blp:0|t|h 3|Hitem:197792|h|TInterface\ICONS\INV_Misc_FortuneCookie_color03.BLP:0|t|h",3303,189140,375312,4048815,8,2,2,6,7,0
"Beep. Beep. Beep. Quack.","|cFFFFD200Profession: |rEngineering",3306,189142,375321,4048816,8,2,3,6,7,0
"This is the terror that flaps o'er the Dragon Isles. This is the winged nightmare that pecks at your emerald dreams. What? No it's not Deathwing, it's a duck!","|cFFFFD200Pet Battle: |rOhn'ahran Plains, The Waking Shores, Valdrakken",3307,189144,429053,4048817,8,26,4,6,7,0
"These beautiful, elusive birds have very erratic migratory patterns, which can be difficult to track, leading some explorers to erroneously believe ducks simply didn't exist.","|cFFFFD200Treasure:|r Slightly Chewed Duck Egg|n|cFFFFD200Zone:|r Ohn'ahran Plains|n",3309,189133,375344,3953211,2,2,0,6,7,0
"In the mountain air, frost lingers upon the grass as a storm rolls in.","|cFFFFD200Drop:|r World Drop|n|cFFFFD200Weather:|r Elemental Storm (Air)|n|cFFFFD200Zone:|r The Waking Shores, Ohn'ahran Plains, The Azure Span, Thaldraszus",3310,189132,389384,4554444,6,2,0,6,7,0
"Its eyes can see the flick of a mouse tail from leagues away.","|cFFFFD200Drop:|r Grand Hunt Spoils|n",3311,189134,389429,4094306,2,82,0,6,7,0
"If a duck quacks in the woods and nobody is around to hear it, does it even exist?",,3312,189135,375355,3953208,2,16416,-1,6,7,0
"Each of this creature's steps shakes the ground. When enough of them run together it sounds like a raging thunderstorm.","|cFFFFD200Pet Battle: |rOhn'ahran Plains, Thaldraszus, The Waking Shores",3313,189153,0,4033837,7,26,4,6,7,0
"Contrary to its name, this little creature shakes nothing as it shuffles from place to place.",,3314,189150,375366,4033838,7,16416,-1,6,7,0
"Who's the cutest little monster? You are!","|cFFFFD200Quest:|r Oh Where, Oh Where Can He Be?|n|cFFFFD200Zone:|r Thaldraszus",3316,189152,386575,4452489,1,82,1,6,7,0
"Though it's rare, thunder lizards have been known to bond with centaurs. And their close allies. Lucky you!","|cFFFFD200Vendor: |rQuartermaster Huseng|n|cFFFFD200Zone: |rOhn'ahran Plains|n|cFFFFD200Cost: |r100|Hcurrency:2003|h|TInterface\ICONS\INV_Faction_WarResources.BLP:0|t|h",3317,189154,375378,4033840,7,18,2,6,7,0
"When these creatures stampede, they sound like a thunderstorm. When these creatures stampede in a thunderstorm, they sound like a cataclysm.","|cFFFFD200Pet Battle: |rThe Waking Shores",3318,189155,0,4033841,7,26,4,6,7,0
"Soon after you put down this slyvern's decay-twisted mother, you learned the hard way both how it got its name and why Zon'Wogi asked you to care for it.","|cFFFFD200Quest: |rThe Great Shokhari|n|cFFFFD200Zone: |rThe Azure Span",3319,189204,371925,4215001,2,2,1,6,7,0
"These critters' white coats help them hide in the snow when  predators are around.","|cFFFFD200Pet Battle: |rThe Azure Span",3320,189209,0,4215002,2,26,4,6,7,0
"There is no fury quite like that of a mother Blackfeather defending her nest.","|cFFFFD200Treasure:|r Blackfeather Nester|n|cFFFFD200Zone:|r The Azure Span|n",3321,189156,375413,3998670,2,2,0,6,7,0
"These birds use their sharp beaks and dragon-like talons to forage for prey on tree trunks and branches. They communicate with each other by drumming on the trees with their beaks, which makes a sound that can be heard over great distances.","|cFFFFD200Pet Battle: |rOhn'ahran Plains, The Azure Span",3322,189157,0,3998673,2,26,4,6,7,0
"It has bright feathers. What else is there to say?","|cFFFFD200Treasure: |rZskera Vaults, The Forbidden Reach",3323,189158,375448,3998672,2,2,0,6,7,0
"Faithful and ferocious, this bakar is a hero's best friend.","|cFFFFD200Drop:|r Grand Hunt Spoils|n",3325,189159,389503,1033494,7,82,0,6,7,0
"When not lazily floating down a river, this Timbertooth is fond of snacks and snuggles.","|cFFFFD200Faction: |rIskaara Tuskarr|n|cFFFFD200Renown: |r9|n|cFFFFD200Vendor: |rJiq|n|cFFFFD200Location: |rIskaara",3326,189655,375473,4227787,7,18,2,6,7,0
"Hunters value these critters more for their companionship than their pelts.","|cFFFFD200Pet Battle: |rOhn'ahran Plains",3327,189657,0,4227788,7,26,4,6,7,0
"As good as gold and better. These little guys are quite frail but exceedingly brave. - Bob Bigheart","|cFFFFD200Pet Battle: |rOhn'ahran Plains, The Azure Span",3328,189658,0,4227789,7,26,4,6,7,0
"A timbertooth with lighting inside? Shocking!","|cFFFFD200Pet Battle: |rOhn'ahran Plains",3329,189660,0,4227790,7,26,4,6,7,0
"Gnawing at the roots of magic trees have given this creature the ability to transcend time itself.","|cFFFFD200Vendor: |rTurik|n|cFFFFD200Zone: |rThe Forbidden Reach|n|cFFFFD200Cost: |r25000|Hcurrency:2118|h|TInterface\ICONS\INV_Misc_Powder_Thorium.blp:0|t|h",3330,189661,375499,4227791,7,2,2,6,7,0
"Is it normal for a fish to have fangs?","|cFFFFD200Profession: |rFishing|n|cFFFFD200Zone: |rZskera Vaults, The Forbidden Reach|n",3331,189694,375511,4539688,8,2,3,6,7,0
"This frillfish is a no-frills kind of frillfish.","|cFFFFD200Treasure: |rUnique Fish|n|cFFFFD200Zone: |rZskera Vault, The Forbidden Reach",3332,189696,375536,4539690,8,2,0,6,7,0
"The vorquin of the dragon isles have manes that come in a variety of stunning colors.","|cFFFFD200Treasure: |rZskera Vaults, The Forbidden Reach",3333,191287,375553,4218747,7,2,0,6,7,0
"It's quite possible this creature is aging backwards. It looks a bit younger every time you see it.","|cFFFFD200Vendor:|r Brendormi|n|cFFFFD200Cost:|r 105|Hitem:202039|h|TInterface\ICONS\inv_misc_stormlordsfavor.blp:0|t|h 1500|Hcurrency:2118|h|TInterface\ICONS\INV_Misc_Powder_Thorium.blp:0|t|h",3334,191298,375567,4218748,7,18,2,6,7,0
"Behold! A pale vorquin.","|cFFFFD200Pet Battle: |rThe Azure Span",3335,191316,0,4218751,7,26,4,6,7,0
"It will probably grow bigger. Probably.","|cFFFFD200Pet Battle: |rThaldraszus, The Azure Span, The Waking Shores",3336,191323,0,4218749,7,26,4,6,7,0
"Sharp crystal needles protrude from this creature's back, and yet it still wants you to pet it somehow.","|cFFFFD200Treasure: |rAnimate Crystalspine|n|cFFFFD200Zone: |rThe Forbidden Reach",3338,191435,375642,4572405,5,2,0,6,7,0
"This little dragon is all fired up! It looks like he's got some things to do.","|cFFFFD200Quest:|r A Dragon's Day Off|n",3342,191381,375707,4572403,1,16466,1,6,7,0
"Sometimes you can see blue light flickering deep inside the gems that make up this strange creature.","|cFFFFD200Profession:|r Jewelcrafting",3344,191383,375709,4397609,1,2,3,6,7,0
"The hardest part to shape was the whelpling's cute little snout.","|cFFFFD200Profession:|r Jewelcrafting|n",3345,191384,375710,4397692,1,2,3,6,7,0
"Trade Prince Gallywix wants you to know that he already owns three of these.","|cFFFFD200Profession:|r Jewelcrafting|n",3346,191385,375711,4397694,1,2,3,6,7,0
"A magically infused emerald sits at the heart of this creature.","|cFFFFD200Profession:|r Jewelcrafting|n",3347,191386,375712,4397693,1,2,3,6,7,0
"Raindrops whip around this creature with frightening speed, ripping and tearing anything that touches it. Experts say the best way to avoid injury is to give it a treat and some snuggles.","|cFFFFD200Quest:|r A Primal Threat|n|cFFFFD200Zone:|r The Dranosh'ar Blockade (Horde), Stormwind Harbor (Alliance)|n",3348,191387,375713,4554454,6,2,1,6,7,0
"A brilliant executive assistant and apprentice, Lord Basilton also loves to stick his nose into piles of anything interesting.","|cFFFFD200Quest: |rCarry On, Basilton|n|cFFFFD200Zone: |rThaldraszus",3350,191627,376302,4572408,5,82,1,6,7,0
"These small bears will not normally attack people, but they have been known to steal the occasional picnic basket.","|cFFFFD200Pet Battle: |rThaldraszus, The Azure Span",3351,194720,0,4532348,7,26,4,6,7,0
"It's not easy having red fur during the winter, but in the autumn it's very fashionable.","|cFFFFD200Pet Battle: |rThaldraszus",3352,192251,0,4532350,7,26,4,6,7,0
"These creatures' shells are not literally made of stone, but they're strong enough that they might as well be.","|cFFFFD200Pet Battle: |rOhn'ahran Plains, Thaldraszus",3353,192254,0,1738680,8,26,4,6,7,0
"A playful splash from this otter will give you quite a shock.","|cFFFFD200Pet Battle: |rThe Azure Span",3354,192256,0,3751921,8,26,4,6,7,0
"Formed by the reckless use of elemental magic, the slumbering earth awakens. It is angry.","|cFFFFD200Drop:|r World Drop|n|cFFFFD200Weather:|r Elemental Storm (Earth)|n|cFFFFD200Zone:|r The Waking Shores, Ohn'ahran Plains, The Azure Span, Thaldraszus",3355,192258,389143,4554437,6,2,0,6,7,0
"Despite its name, its shell is actually much tougher than chalk.","|cFFFFD200Pet Battle:|r The Azure Span|n",3356,192260,0,1738684,8,26,4,6,7,0
"These creatures are highly sought after by hunters looking to make weapons from the sharp crystals on its back.","|cFFFFD200Pet Battle: |rThe Azure Span",3357,192265,0,4572407,5,26,4,6,7,0
"The blood of a crimsonspine flows through the clear crystal structures that make up its body, which causes its unique coloration.","|cFFFFD200Pet Battle: |rThaldraszus",3358,192268,0,4572409,5,26,4,6,7,0
"An adult Snowclaw can rattle the very trees with its roar. A cub can rattle one of the smaller branches.","|cFFFFD200World Event:|r Primal Bear Cub|n|cFFFFD200Zone:|r Azure Span",3359,192343,377361,4532351,7,2,6,6,7,0
"This turtle eats bugs, as you'd expect from its name, but you wouldn't believe how large the bugs are.","|cFFFFD200World Event:|r A Small Favor for Cymre Brightblade|n|cFFFFD200Zone:|r Waking Shores|n",3360,192350,377392,1738683,8,2,6,6,7,0
"Exposure to magic, minerals, and water pressure has left this crab looking very sharp.","|cFFFFD200Pet Battle:|r Isle of Dorn|n",3361,192363,377401,2027876,8,26,4,6,7,0
"These crabs build their own shells from small fragments of rocks and gems.","|cFFFFD200Treasure: |rMagical Treasure Chest|n|cFFFFD200Zone: |rIsle of Dorn",3362,192365,377407,2027883,8,2,0,6,7,0
"Oooh, shiny!",,3363,192366,377410,2027885,8,16416,-1,6,7,0
"These creatures were bred to hunt snakes. With a low profile and a long body, Snakebiters are perfect for chasing serpents into their own holes.","|cFFFFD200Pet Battle: |rZul'Aman",3364,192368,377417,2027896,7,154,4,6,7,0
"Most brightly colored frogs are incredibly poisonous. The Roseate Hoppers are different because they are only credibly poisonous.","|cFFFFD200Treasure: |rHidden Hornswog Hostage|n|cFFFFD200Zone: |rThe Waking Shores",3365,192369,377423,2399259,8,2,0,6,7,0
"A troublesome mage named McGwire decided to start a small fire. He summoned a flame which caused him to exclaim: 'This is much more alive than required!'","|cFFFFD200Pet Battle: |rThaldraszus, The Azure Span, The Waking Shores",3366,193000,0,4554448,6,26,4,6,7,0
"The core temperature of an Emberling is hot enough to dissolve anything organic, so make sure to wear gloves if you want to pet it.","|cFFFFD200Pet Battle: |rThe Waking Shores",3367,193024,0,132847,6,26,4,6,7,0
"Ironically, she has a warm personality.","|cFFFFD200Quest:|r Kill the Queen",3368,194004,382811,2027946,6,18,5,6,7,0
"Born of living stone. Reforged by the hands of Wrathion's agents. Sadly much too tiny to make a difference in the black dragons' war against the djaradin.","|cFFFFD200Vendor: |rYries Lightfingers|n|cFFFFD200Zone: |rThe Waking Shores|n|cFFFFD200Cost: |r1|Hitem:198357|h|TInterface\ICONS\INV_Shield_1H_DragonQuest_B_02.blp:0|t|h 2|Hitem:198082|h|TInterface\ICONS\INV_Ore_Blackrock_Nugget.blp:0|t|h 3|Hitem:199219|h|TInterface\ICONS\INV_Misc_Food_Legion_gooBloodGel_chunk.BLP:0|t|h",3376,195896,386985,2101174,6,2,2,6,7,0
,"|cFFFFD200Pet Battle: |rThe Azure Span",3377,196206,0,2481204,8,33840,4,6,7,0
"It's tried to cut down, but magic is just so tasty.","|cFFFFD200Faction: |rValdrakken Accord|n|cFFFFD200Renown: |r18|n|cFFFFD200Vendor: |rGroundskeeper Kama|n|cFFFFD200Location: |rValdrakken",3378,196304,388085,4452485,1,18,2,6,7,0
"This proto-whelp's distinctive coloration is highly prized by pet trainers.","|cFFFFD200Faction: |rValdrakken Accord|n|cFFFFD200Renown: |r18|n|cFFFFD200Vendor: |rGroundskeeper Kama|n|cFFFFD200Location: |rValdrakken",3379,196305,388086,4452488,1,18,2,6,7,0
"After pestering the Dragonscale Basecamp for weeks, Granpap Whiskers discovered a way to catch them and use them to get rid of other more annoying insects.","|cFFFFD200Faction: |rDragonscale Expedition|n|cFFFFD200Renown: |r11|n|cFFFFD200Vendor: |rGranpap Whiskers|n|cFFFFD200Location: |rDragonscale Basecamp",3380,196409,388268,3995637,2,18,2,6,7,0
"Under the invitation and tutelage of Doc Nanners many Gray Marmoni have become common, but not always desired guests at the Dragonscale Expedition Basecamp.","|cFFFFD200Faction: |rDragonscale Expedition|n|cFFFFD200Renown: |r11|n|cFFFFD200Vendor: |rGranpap Whiskers|n|cFFFFD200Location: |rDragonscale Basecamp",3381,194893,384874,877482,0,18,2,6,7,0
"As an egg, this proto-drake was struck by a freak bolt of lightning. Years later, the lightning still lives inside.","|cFFFFD200Vendor: |rMythressa|n|cFFFFD200Zone: |rValdrakken|n|cFFFFD200Cost: |r1000|Hcurrency:2118|h|TInterface\ICONS\INV_Misc_Powder_Thorium.blp:0|t|h",3382,196666,388913,4509432,1,2,2,6,7,0
"Peck. Peck. Zap!","|cFFFFD200Pet Battle: |rThaldraszus",3384,192259,0,3998671,2,26,4,6,7,0
"This what your mother always warned you would happen if you ate grass that was struck by lightning.","|cFFFFD200Pet Battle: |rThe Waking Shores",3385,192029,0,4033839,7,26,4,6,7,0
,,3386,192097,0,4452485,1,32,-1,6,7,0
,,3387,192067,0,4452488,1,32,-1,6,7,0
,,3388,192106,0,4452487,1,32,-1,6,7,0
"This is not your grandfather's duck! Or.. maybe it is?","|cFFFFD200Pet Battle: |rOhn'ahran Plains",3389,197063,0,3953207,3,26,4,6,7,0
"A small fraction of the titans' power, an even smaller fraction of their size.","|cFFFFD200Profession: |rEnchanting",3390,197089,389801,4554442,6,2,3,6,7,0
,,3391,197114,0,3946886,7,32,-1,6,7,0
,,3392,197116,0,3732476,2,32,-1,6,7,0
,,3393,197214,0,134908,0,32,-1,35,7,0
,,3394,197215,0,236473,9,32,-1,6,7,0
"Affectionate and curious, these kittens seem to find the most peculiar hiding places.","|cFFFFD200Trading Card Game:|r Scourgewar",3395,197216,0,298591,5,32,8,6,7,0
,,3396,197336,0,3995641,2,33824,-1,6,7,0
,,3397,197375,0,294474,4,32,-1,6,7,0
,,3398,197382,0,132167,7,32,-1,6,7,0
,,3400,197384,0,250626,2,32,-1,6,7,0
,,3401,197417,0,135752,5,33824,-1,6,7,0
,,3402,197447,0,132845,6,33824,-1,6,7,0
"The bad news is that these bugs are carnivorous. The good news is that they usually just eat other bugs.","|cFFFFD200Pet Battle: |rThaldraszus",3403,197629,0,3995638,2,26,4,6,7,0
"These critters often leave their spawning groups as soon as they can move around on land.","|cFFFFD200Pet Battle: |rThaldraszus",3404,197637,0,2481372,8,26,4,6,7,0
"The greatest souvenir available in a dragon's spa in the clouds. Not so good at facials any more, though.","|cFFFFD200Quest:|r Special Treatment|n|cFFFFD200Zone:|r Thaldraszus",3405,197963,392351,1500916,5,26,1,33,7,0
"Though she may be fashionably late, Lady Feathersworth will always show up for a party.","|cFFFFD200Achievement: |rFamily Battler of the Dragon Isles|n|cFFFFD200Category: |rBattle",3406,197969,392380,2103802,5,82,5,6,7,0
"Scout came to the Dragon Isles for adventure and excitement. After finding you, he got both.","|cFFFFD200Vendor: |rPatchu|n|cFFFFD200Zone: |rThe Azure Span|n|cFFFFD200Cost: |r5000|Hitem:163036|h|TInterface\ICONS\INV_Currency_PetBattle.BLP:0|t|h",3407,192108,374678,1600295,7,2,2,6,7,0
"When the Bushbeard clan decided they were going to have a wedding, they chose Petal to be the flower girl. She was spectacular.","|cFFFFD200Vendor: |rPatchu|n|cFFFFD200Zone: |rThe Azure Span|n|cFFFFD200Cost: |r100|Hitem:163036|h|TInterface\ICONS\INV_Currency_PetBattle.BLP:0|t|h",3408,198077,375223,1500941,5,2,2,6,7,0
"I wish that I could bind the tides and bend them to my will. But in its depths the sea abides and waits for no one still.","|cFFFFD200Drop:|r Zapthrottle Soul Inhaler|n|cFFFFD200Profession:|r Engineering",3409,198269,374751,252995,6,2,0,6,7,0
"When it was captured and bound to a cage made of enchanted metal, this spirit managed to twist and reshape the metal into the suit of armor it now wears.","|cFFFFD200Drop:|r Zapthrottle Soul Inhaler|n|cFFFFD200Profession:|r Engineering",3410,198271,374755,4632784,6,2,0,6,7,0
"This is the soul of a forest fire. Though its armor keeps its flames under control, you sometimes notice it gazing longingly at dead trees and dry underbrush.","|cFFFFD200Drop:|r Zapthrottle Soul Inhaler|n|cFFFFD200Profession:|r Engineering|n",3411,198272,374840,1786407,6,2,0,6,7,0
"When it was the wind, this spirit carried scents to every corner of Azeroth. Sometimes you can still smell on it the barest hint of food, smoke, or the carnage of battle.","|cFFFFD200Drop:|r Zapthrottle Soul Inhaler|n|cFFFFD200Profession:|r Engineering",3412,198273,374883,606549,6,2,0,6,7,0
"After finding a clutch of black proto-whelps, Wrathion took them under his wing.","|cFFFFD200Faction: |rWrathion|n|cFFFFD200Vendor: |rLorena Belle|n|cFFFFD200Location: |rObsidian Citadel",3414,198316,393330,4452486,1,18,2,6,7,0
"Cubbly's extended proximity to time magic has given him powers far beyond the average bear.","|cFFFFD200NPC:|r Strange Bear Cub",3415,198480,374887,4532349,7,82,0,6,7,0
"Do you dare to open this book of draconic secrets?","|cFFFFD200Vendor: |rPatchu|n|cFFFFD200Zone: |rThe Azure Span|n|cFFFFD200Cost: |r200|Hitem:163036|h|TInterface\ICONS\INV_Currency_PetBattle.BLP:0|t|h",3416,198511,375036,4549126,5,2,2,6,7,0
"With her distinctive coloration and impeccable work ethic, Pinkie has propelled herself to the top of the tallstrider fashion world.","|cFFFFD200Vendor: |rPatchu|n|cFFFFD200Zone: |rThe Azure Span|n|cFFFFD200Cost: |r500|Hitem:163036|h|TInterface\ICONS\INV_Currency_PetBattle.BLP:0|t|h",3417,198543,375043,4037556,7,2,2,6,7,0
,,3422,199938,0,2399293,8,33840,-1,6,7,0
,,3423,199940,0,2399293,8,32816,-1,6,7,0
,,3424,200003,0,2399293,8,33840,-1,6,7,0
,,3425,200004,0,2399293,8,50200,-1,6,7,0
"The call of the lithengale is unique among birds in that it has a persistent, driving rhythm.","|cFFFFD200Pet Battle: |rZaralek Cavern",3486,203358,0,4870956,2,26,4,6,7,0
"This creature is usually known to be quite docile, but try to stick a carrot in its face and YOU WILL lose feeling in your fingers.","|cFFFFD200Reputation:|r Winterpelt Furbolg|n|cFFFFD200Zone:|r Winterpelt Hollow|n",3427,200259,398170,4905304,6,18,2,6,7,0
,,3429,200684,0,237007,6,33840,-1,6,7,0
,,3430,200692,0,237008,6,33840,-1,6,7,0
,,3431,200688,0,237009,6,33840,-1,6,7,0
,,3432,200696,0,237012,6,33840,-1,6,7,0
,,3433,200682,0,237007,6,33840,-1,6,7,0
,,3434,200690,0,237008,6,33840,-1,6,7,0
,,3435,200686,0,237009,6,33840,-1,6,7,0
,,3436,200694,0,237012,6,33840,-1,6,7,0
,,3437,200685,0,237007,6,50224,-1,6,7,0
,,3438,200693,0,237008,6,50224,-1,6,7,0
,,3439,200689,0,237009,6,50224,-1,6,7,0
,,3440,200697,0,237012,6,50224,-1,6,7,0
,,3441,200680,0,4080564,2,32816,-1,6,7,0
,,3442,200679,0,2027918,8,32816,-1,6,7,0
,,3443,200678,0,4215003,2,32816,-1,6,7,0
,,3444,200677,0,2399293,8,32816,-1,6,7,0
"Arrogant from a past life in the stormy Forbidden Reach, pines after the good old days when the elements controlled the land. Bit of a blow hard really.","|cFFFFD200Quest:|r Cutting Wind |n|n|cFFFFD200Zone: |rThe Forbidden Reach",3446,200769,0,237007,6,18,1,6,7,0
"Claims to be from a long lost land from the remnants of a massive volcano, but that story seems a little shaky.","|cFFFFD200Quest:|r Shifting Ground|n|n|cFFFFD200Zone: |rThe Forbidden Reach",3447,200770,0,237008,6,18,1,6,7,0
"The flames surrounding it burn more intensely during combat. Could even say that pet battles get it stoked.","|cFFFFD200Quest:|r Combustible Vegetation|n|n|cFFFFD200Zone: |rThe Forbidden Reach",3448,200771,0,237009,6,18,1,6,7,0
"Perks its head up when hearing conversation as it likes to stay current on world affairs.","|cFFFFD200Quest:|r Flood Warning |n|n|cFFFFD200Zone: |rThe Forbidden Reach",3449,200772,0,237012,6,18,1,6,7,0
,,3450,201840,0,4533201,8,32,-1,6,7,0
,,3451,201842,0,2103802,5,32,-1,6,7,0
,,3452,201845,0,3946883,7,32,-1,6,7,0
,,3453,201849,0,4622499,1,33824,-1,6,7,0
,,3454,201858,0,4218759,4,33824,-1,6,7,0
,,3455,201884,0,652138,1,32,-1,6,7,0
,,3456,201888,0,3953210,3,32,-1,6,7,0
,,3457,201889,0,2027946,6,32,-1,6,7,0
,,3458,201900,0,3953209,6,32,-1,6,7,0
,,3459,201901,0,3995637,2,32,-1,6,7,0
,,3460,201904,0,3998673,2,32,-1,6,7,0
,,3465,202440,0,252780,0,33824,-1,6,7,0
,,3466,202452,0,4038107,9,33824,-1,6,7,0
,,3472,202492,0,645203,0,32,-1,6,7,0
,,3473,202493,0,1338949,4,32,-1,6,7,0
,,3474,202494,0,656166,1,32,-1,6,7,0
"Who needs a toolbelt when a handy robot can follow you around! Just don't bump into it too hard.","|cFFFFD200Promotion:|r Recruit-A-Friend",3475,202548,403243,4679804,9,16466,7,6,7,0
"An old and dangerous discarded toy.","|cFFFFD200Treasure:|r Tattered Gift Package|n|cFFFFD200NPC:|r Prototype Tinker-Tron|n|cFFFFD200Zone:|r Zskera Vaults, The Forbidden Reach|n",3476,202484,403072,2399252,9,2,0,6,7,0
"Puddlehoppers are known to eat bugs almost as large as they are. In one gulp!","|cFFFFD200Pet Battle: |rZaralek Cavern",3477,203287,0,4879733,8,26,4,6,7,0
"Rock martins make their nests out of scavenged pebbles.","|cFFFFD200Pet Battle: |rZaralek Cavern",3478,203288,0,4870957,2,26,4,6,7,0
"When these insects move in a swarm they look like a golden fog.","|cFFFFD200Pet Battle: |rZaralek Cavern",3479,203289,0,3995641,2,26,4,6,7,0
"This creature usually has a muddy appearance, but occasionally you may find one that shines a brilliant red.","|cFFFFD200Pet Battle: |rZaralek Cavern",3480,203292,429058,5008150,4,26,4,6,7,0
"The bright glow of a stonewhisker's ears is said to be the result of eating magical cheeses. This may also explain its extremely bad breath.","|cFFFFD200Pet Battle: |rZaralek Cavern",3481,203308,0,4616696,4,26,4,6,7,0
"Slimy, yet also gritty. It would not make a good meal.","|cFFFFD200Pet Battle: |rZaralek Cavern",3482,203310,429074,5003559,4,26,4,6,7,0
"Boulderfangs are known to make cozy nests in cabinets, shoes, and other inconvenient places.","|cFFFFD200Pet Battle: |rZaralek Cavern",3483,203311,0,5045824,7,26,4,6,7,0
"Despite being made mostly of rock, these creatures can fly. Some attribute this to the strength of their wings, but most agree it's probably just magic.","|cFFFFD200Pet Battle: |rZaralek Cavern",3484,203312,0,5009626,6,26,4,6,7,0
"Not all moths spin silk. These moths spin lies.","|cFFFFD200Pet Battle: |rZaralek Cavern",3485,203313,0,5015301,2,26,4,6,7,0
,,3587,206907,0,4048813,9,32,-1,6,7,0
"Because their dens tend to be close to drogbar settlements, these snails are both faster and stronger than those on the surface.","|cFFFFD200Pet Battle: |rZaralek Cavern",3487,203364,429073,5003562,4,26,4,6,7,0
"The fire at the center of the world burns within its carapace.","|cFFFFD200Pet Battle: |rZaralek Cavern",3488,203367,0,5009628,6,26,4,6,7,0
"A tiny sun seems to burn in its chest.","|cFFFFD200Pet Battle: |rZaralek Cavern",3489,203372,0,5045825,7,26,4,6,7,0
"Because they are often attracted to candles, these moths can be a big problem for kobolds.","|cFFFFD200Pet Battle: |rZaralek Cavern",3490,203377,0,5015306,2,26,4,6,7,0
"There must always be a Lick King.","|cFFFFD200Drop:|r Headless Horseman|n|cFFFFD200Zone:|r Scarlet Monastery",3491,203463,406225,4878473,3,82,0,6,7,0
"If Roland has taught you anything, it's that friendship comes at a price.

That price is lots and lots of cheese.","|cFFFFD200Achievement: |rThe Gift of Cheese|n|cFFFFD200Category: |rCooking",3493,204036,407492,515993,4,82,5,6,7,0
"Like a campfire, but it wants skritches.","|cFFFFD200Drop: |rFyrakk Assault ",3511,204217,407918,4952368,6,2,0,6,7,0
"Nothing sparked joy in Ambre's heart until it found the perfect match.","|cFFFFD200Drop: |rFyrakk Assault ",3512,204221,407921,4952370,6,2,0,6,7,0
"Other frogs like to play, but this one is feeling too blue.",,3513,204222,407926,4879734,8,16386,-1,6,7,0
"Being green is... not easy.",,3514,204224,407930,4879735,8,16386,-1,6,7,0
"Annuna's distinctive coloration is due to her eating nothing but orange dragonflies.","|cFFFFD200Quest: |rA Scaly Pet|n|cFFFFD200Zone: |rValdrakken",3515,204225,407932,4879736,8,82,1,6,7,0
"Crimson swoglets are considered the most scholarly of all swoglets because they're well red.","|cFFFFD200Vendor: |rCelestine of the Harvest|n|cFFFFD200Zone: |rThe Waking Shores|n|cFFFFD200Zone: |rOhn'ahran Plains|n|cFFFFD200Zone: |rThe Azure Span|n|cFFFFD200Zone: |rThaldraszus|n|cFFFFD200Cost: |r250|Hitem:207026|h|TInterface\ICONS\INV_Enchant_DustStrange.blp:0|t|h",3516,204226,407933,4879737,8,2,2,6,7,0
"Three years ago this swoglet was a fully grown adult.",,3517,204227,407935,4879738,8,16386,-1,6,7,0
"Cave swallows were once plentiful in the early days of Undermine's construction. Now, goblin construction has left the population of these beautiful birds dangerously low.","|cFFFFD200Achievement:|r Undermine Safari|n",3518,204237,407946,4870955,2,82,5,6,7,0
"Its insides are a raging inferno. Its outside is happy pup.","|cFFFFD200Achievement: |rFamily Battler of Eastern Kingdoms|n|cFFFFD200Category: |rBattle",3519,204240,407955,5041427,6,210,5,6,7,0
"Imagine the size of the birds that eat these bugs.",,3520,204261,408023,3995639,2,16386,-1,6,7,0
"Lord Stantley will arrive fashionably early to any party that serves shrimp.","|cFFFFD200Zone: |rZaralek Cavern",3521,204263,408027,5008076,6,2,0,6,7,0
"It's not really all that savage, just a little crabby.",,3522,204266,408032,5008077,6,16386,-1,6,7,0
"It got its name because its favorite food is fondue.","|cFFFFD200Vendor: |rCelestine of the Harvest|n|cFFFFD200Zone: |rThe Waking Shores|n|cFFFFD200Zone: |rOhn'ahran Plains|n|cFFFFD200Zone: |rThe Azure Span|n|cFFFFD200Zone: |rThaldraszus|n|cFFFFD200Cost: |r250|Hitem:207026|h|TInterface\ICONS\INV_Enchant_DustStrange.blp:0|t|h",3523,204268,408036,5008078,6,2,2,6,7,0
"Fortunately it mainly devours pet treats.","|cFFFFD200Drop:|r Researchers Under Fire|n|cFFFFD200Zone:|r Zaralek Cavern|n",3524,204269,408039,5008079,6,2,0,6,7,0
"A warlock won this little guy at an infernal carnival, but it quickly outgrew its aquarium.","|cFFFFD200Pet Battle:|r Hallowfall|n",3525,204271,408048,2921473,8,26,4,6,7,0
"Like Neltharion, this fish went mad listening to whispers of the Old Cods.","|cFFFFD200Quest: |rTipping the Scaled|n|cFFFFD200Zone: |rThe Coiled Isle",3526,269295,1303722,2921025,8,16386,1,6,7,0
"How exactly does one swim through a void? This creature knows, but isn't telling.",,3527,204276,408063,2921474,8,16386,-1,6,7,0
"This type of beetle feeds on dragon scales. Its bright coloration warns predators against attack.","|cFFFFD200Vendor: |rHarlowe Marl|n|cFFFFD200Zone: |rZaralek Cavern|n|cFFFFD200Cost: |r200|Hcurrency:2003|h|TInterface\ICONS\INV_Faction_WarResources.BLP:0|t|h|n",3528,204286,408081,5008154,4,18,2,6,7,0
"If bananas grew in caves, they would be Rango's favorite food.","|cFFFFD200Vendor: |rHarlowe Marl|n|cFFFFD200Zone: |rZaralek Cavern|n|cFFFFD200Cost: |r150|Hcurrency:2003|h|TInterface\ICONS\INV_Faction_WarResources.BLP:0|t|h",3529,204288,408088,5008157,4,18,2,6,7,0
"Miloh likes naps. Also snacks.","|cFFFFD200Vendor: |rExplorer Bezzert|n|cFFFFD200Zone: |rZaralek Cavern|n|cFFFFD200Cost: |r2500|Hitem:163036|h|TInterface\ICONS\INV_Currency_PetBattle.BLP:0|t|h|n|n|cFFFFD200Vendor: |rPatchu|n|cFFFFD200Zone: |rThe Azure Span|n|cFFFFD200Cost: |r2500|Hitem:163036|h|TInterface\ICONS\INV_Currency_PetBattle.BLP:0|t|h",3530,204293,408100,5008008,7,2,2,6,7,0
"Rusty's powerful nose could smell a needle in a haystack.",,3531,204295,408106,5008010,7,16386,-1,6,7,0
"Amador has a big heart and loves to help people, especially children and elders. He also likes belly rubs.",,3532,204296,408108,5008012,7,16386,-1,6,7,0
"Sure it's just a rock, but how much can it lift?","|cFFFFD200Treasure: |rChest of Massive Gains|n|cFFFFD200Zone: |rZaralek Cavern",3533,204303,408110,1322283,6,2,0,6,7,0
"Jerrie was once an ordinary rock mouse. He still is, in fact.",,3534,204305,408130,4616693,4,16386,-1,6,7,0
"These snails are especially prized by many drogbar snail-racers for being fast and looking fantastic.","|cFFFFD200Vendor: |rSaccratros|n|cFFFFD200Zone: |rZaralek Cavern|n|cFFFFD200Cost: |r50|Hitem:204727|h|TInterface\ICONS\INV_Misc_CuriousCoin.BLP:0|t|h",3535,204320,408150,5003559,4,2,2,6,7,0
"Keep it out of your backpack or it will eat all your food and then take a nap.","|cFFFFD200Pet Battle: |rEmerald Dream",4276,211177,429068,4748412,4,26,4,6,7,0
"While not as fast as some of the other snails in the Zaralek Cavern, Bashful makes up for it with sheer power.","|cFFFFD200Quest: |rA Race To The Finish|n|cFFFFD200Zone: |rZaralek Cavern",3536,204321,408153,5003563,4,82,1,6,7,0
"Known to hide money in its shell.","|cFFFFD200Vendor: |rPonzo|n|cFFFFD200Zone: |rZaralek Cavern|n|cFFFFD200Cost: |r45|Hitem:205188|h|TInterface\ICONS\INV_Stone_WeightStone_08.blp:0|t|h",3537,204323,408158,5003560,4,2,2,6,7,0
"Layers of rocky skin make Ambershells very tough to hurt.","|cFFFFD200Quest: |rA Race To The Finish|n|cFFFFD200Zone: |rZaralek Cavern",3538,204324,408161,5003564,4,82,1,6,7,0
"Roseshells are known to be very agressive, but aren't very fast. So if you mess with one, prepare to be bitten in about five seconds.",,3539,204325,408163,5003561,4,16386,-1,6,7,0
"Somehow pretty and gross at the same time.","|cFFFFD200Quest: |rA Race To The Finish|n|cFFFFD200Zone: |rZaralek Cavern",3540,204326,408165,5003563,4,82,1,6,7,0
"For a creature made of rocks it hovers quite effortlessly.","|cFFFFD200Drop: |rKob'rok|n|cFFFFD200Zone: |rZaralek Cavern",3541,204339,408251,5009625,6,2,0,6,7,0
"These pests are known for their cantankerous attitudes and affinity for nesting in the smokestacks of Undermine, much to the locals dismay.","|cFFFFD200Trading Post|r",3542,204340,408252,5009629,6,16386,11,6,7,0
"This creature can eat twice its bodyweight at a single meal.","|cFFFFD200Pet Battle: |rIsle of Dorn",3543,204341,408253,5009631,6,16386,4,6,7,0
"It doesn't even bother to chew its food.","|cFFFFD200Pet Battle: |rIsle of Dorn",3544,204342,408254,5009630,6,16386,4,6,7,0
"Perhaps you'd like to see how snakelike it can be!","|cFFFFD200Treasure: |rOuroboros Tablet and Kob'rok's Luminescent Scale|n",3545,204343,408257,5045822,5,82,0,6,7,0
"Skaarn likes to coil up inside of your backpack.","|cFFFFD200Drop: |rKob'rok|n|cFFFFD200Zone: |rZaralek Cavern",3546,204345,408264,5015299,7,2,0,6,7,0
"The Jade Cragviper's favorite food is broccoli. Actually, sorry. I just made that up.","|cFFFFD200Pet Battle:|r The Ringing Deeps|n",3547,204354,408265,5015300,7,26,4,6,7,0
"The fury of the sea in the packge of a puddle.","|cFFFFD200Drop: |rAquifon|n|cFFFFD200Zone: |rZaralek Cavern",3548,204359,408308,5041294,6,2,0,6,7,0
"Whereas some moths are attracted to light, this particular moth seems attracted to warm, fuzzy feelings. Some say the phrase ""butterflies in your stomach"" actually refers to an infestation of Heartseeker Moths.","|cFFFFD200World Event:|r Love is in the Air|n|cFFFFD200Cost: |r40 |Hitem:49927|h|TInterface\ICONS\INV_ValentinesCard01.BLP:0|t|h",3549,204360,408311,5015302,2,16386,6,6,7,0
"Undermoths are known to be some of the most intelligent moths on Azeroth. This is not saying much.","|cFFFFD200Pet Battle:|r Azj-Kahet|n",3550,204361,408314,5015303,2,26,4,6,7,0
"Contrary to their name, these moths are actually quite happy.","|cFFFFD200Drop: |rUnderlight Queen|n|cFFFFD200Zone: |rZaralek Cavern",3551,204363,408317,5015307,2,2,0,6,7,0
"While napping in shrubbery, sometimes his snaggletooth gets caught on a leaf.","|cFFFFD200Quest: |rMean Green Infusion Machine|n|cFFFFD200Zone: |rEmerald Dream",3552,201008,408323,4719555,1,2,1,6,7,0
"Augmented by Adamanthia's Ebon Might, this whelpling is ready to face any challenge.","|cFFFFD200Quest:|r Augmenting a Dragon|n",3553,204367,408325,4719553,1,16402,1,6,7,0
"Senega is always ready for a ley crystal snack.",,3554,204368,408328,4719554,1,16386,-1,6,7,0
"Axel likes to chase bees. No one knows why.","|cFFFFD200Achievement: |rWhelp, There It Is|n|cFFFFD200Category: |rCollect",3555,204369,408330,4719556,1,16464,5,6,7,0
"Kromos can often be found napping in sandboxes.",,3556,204370,408332,4719557,1,16386,-1,6,7,0
"Roggy is the kind of snail that never gives up, no matter how hard things get.","|cFFFFD200Achievement: |rSlow and Steady Wins the Race|n|cFFFFD200Category: |rDragon Isles",3557,204621,408949,5003559,4,82,5,6,7,0
,,3558,204692,0,5008011,7,32,-1,6,7,0
,,3559,204694,0,5008076,6,32,-1,6,7,0
,,3560,204695,0,5009627,2,32,-1,6,7,0
,,3565,204795,0,4007138,2,32,-1,6,7,0
,,3566,204796,0,4007141,2,32,-1,6,7,0
,,3567,204797,0,3851477,2,32,-1,6,7,0
,,3568,204929,0,5015303,2,32,-1,6,7,0
,,3569,204930,0,4952368,6,32,-1,6,7,0
,,3570,204933,0,4879733,8,32,-1,6,7,0
,,3571,204936,0,538447,5,32,-1,6,7,0
,,3572,204938,0,5003559,4,32,-1,6,7,0
,,3573,204939,0,5003562,4,32,-1,6,7,0
"Newsy delivers mail all around the Dragon Isles. She is so quick and reliable that the small holes on the letters she delivers are negligible.","|cFFFFD200Quest: |rSigned, Sealed, Self-Delivered",3578,205359,411110,5003562,4,82,1,6,7,0
"Also known as the Dreamurk, Ysergle slumbered for many long years in the Emrgrled Dream.",|cFFFFD200Promotion:|r,3579,205467,411448,4755147,0,82,7,6,7,0
"Also known as the Lord of Lies, Baa'lial is a master of deceit.","|cFFFFD200Promotion:|r Greedy Emissary",3580,205637,411791,5159899,5,16466,7,6,7,0
"The light of the new legacy illuminates the path you forge.","|cFFFFD200Treasure:|rWayward Motes of Nasz'uro |n",3581,205649,411800,5098442,6,210,10,6,7,0
"Blub's heart has always been bigger than her tank, but once the rest of her got too big she had to find a new home. Fortunately, she can now travel with you and see all the marvels of the world!","|cFFFFD200Trading Post|r|n",3582,205795,412389,4777763,8,82,11,6,7,0
"Solid and dependable, Iggy is always ready for a fierce battle or a gentle metaphor.","|cFFFFD200Quest: |rA Solid Pet|n|cFFFFD200Zone: |rValdrakken",3588,207064,375090,4554457,6,82,1,6,7,0
"Rusziona's newfound courage means she can accompany you on adventures! Nothing in all of Azeroth can stop her! Not even a duck!","|cFFFFD200Quest: |rAnatidaephobia|n|cFFFFD200Zone: |rValdrakken",3589,207176,414377,4572399,1,146,1,41,7,0
"Bela has learned some humility since you first met her, so she likely won't boss you around too much.","|cFFFFD200Quest: |rPatience, Please|n|cFFFFD200Zone: |rValdrakken",3590,207220,414428,4572404,1,146,1,6,7,0
"Ten thousand years spent floating in a time stasis is quite a bit of time to work on material.","|cFFFFD200Quest: |rBy Time Fire be Purged!",3596,207310,414533,4952382,6,18,0,6,7,0
"Princess Vorquistrasza wants you to know that she appreciates you coming to her birthday party, but is underwhelmed by your gift.","|cFFFFD200Quest: |rA Cavalier Pet|n|cFFFFD200Zone: |rValdrakken",3597,207535,414934,4218751,7,82,1,6,7,0
"Now that he's no longer sneezing through time, Zhusa is ready to accompany you on your future adventures! Or past adventures! Or future adventures!","|cFFFFD200Quest: |rTemporal Immunity|n|cFFFFD200Zone: |rValdrakken",3598,207552,414962,4572401,1,146,1,6,7,0
"Zaleth is looking forward to accompanying you on your adventures. He's already got a list of books he wants to take with him, but Lasztak said he could only bring 2.","|cFFFFD200Quest: |rSight Isn't Everything|n|cFFFFD200Zone: |rValdrakken",3599,207556,414973,4572400,1,146,1,6,7,0
"Pallibrius is an amazing book because of its wealth of arcane knowledge. Also because of all the pie recipes its previous owner scribbled in the margins.","|cFFFFD200Quest: |rA Scholar's Pet|n|cFFFFD200Zone: |rValdrakken",3600,207558,414979,4624734,5,82,1,6,7,0
"Posidriss is excited to go on adventures with you, but maybe let them have a nap first?","|cFFFFD200Quest: |rHibernation|n|cFFFFD200Zone: |rValdrakken",3601,207568,414991,4572402,1,146,1,6,7,0
"Somnius is legendary for her ability to sleep through everything except suppertime.","|cFFFFD200Quest: |rA Sleepy Pet|n|cFFFFD200Zone: |rValdrakken",3602,207571,414994,4532351,7,82,1,6,7,0
,,3608,208034,0,1738682,9,32,-1,6,7,0
,,3609,208058,0,133938,6,32,-1,6,7,0
,,3975,208096,0,3860422,2,32,-1,6,7,0
,,4237,208125,0,1357812,4,32,-1,6,7,0
"These astral phenomena are rarely sighted due to the speed of the slyvern. It is a good omen to have one following you around.","|cFFFFD200Trading Post|r |n",4253,208436,417464,5238769,2,16466,7,6,7,0
"Loves: Broccoli, playing, and smashing things. Hates: Meat, sleeping, and mean titan keepers who won't let you smash things.","|cFFFFD200Drop: |rTime Rifts|n|cFFFFD200Vendor: |rSorotis|n|cFFFFD200Zone: |rTyrhold Reservoir|n|cFFFFD200Cost: |r2750|Hcurrency:2594|h|TInterface\ICONS\TimelessCoin_yellow.BLP:0|t|h",4255,208624,418029,5242418,7,2,6,6,7,0
"Gill'dan earned his great power by drinking the blood of a demon, which would also have turned his scales green had they not already been that color.","|cFFFFD200Drop: |rTime Rifts|n|cFFFFD200Vendor: |rSir Finley Mrrgglton|n|cFFFFD200Zone: |rTyrhold Reservoir|n|cFFFFD200Cost: |r2750|Hcurrency:2594|h|TInterface\ICONS\TimelessCoin_yellow.BLP:0|t|h",4257,208630,418036,5168681,0,2,6,707,713,0
"This eye has witnessed untold horrors, and these fangs may be responsible for a few of their own.","|cFFFFD200Drop: |rTime Rifts|n|cFFFFD200Vendor: |rProvisioner Qorra|n|cFFFFD200Zone: |rTyrhold Reservoir|n|cFFFFD200Cost: |r2750|Hcurrency:2594|h|TInterface\ICONS\TimelessCoin_yellow.BLP:0|t|h",4258,208631,418038,5242523,2,2,6,6,7,0
"He seems to be very angry, but it's possible he's just hungry.","|cFFFFD200Drop: |rTime Rifts|n|cFFFFD200Vendor: |rFalara Nightsong|n|cFFFFD200Zone: |rTyrhold Reservoir|n|cFFFFD200Cost: |r2750|Hcurrency:2594|h|TInterface\ICONS\TimelessCoin_yellow.BLP:0|t|h",4259,208634,418039,5157541,5,2,6,6,7,0
"DEFECTIVE; REFUSES TO KILL. MARK FOR IMMEDIATE DESTRUCTION OR SALE TO LESS INTELLIGENT ENTITY.","|cFFFFD200Drop: |rTime Rifts|n|cFFFFD200Vendor: |rGill the Drill|n|cFFFFD200Zone: |rTyrhold Reservoir|n|cFFFFD200Cost: |r2750|Hcurrency:2594|h|TInterface\ICONS\TimelessCoin_yellow.BLP:0|t|h",4260,208636,418041,5242530,9,2,6,254,7,0
"A war-obsessed world turned her into a weapon... but they couldn't break her spirit.","|cFFFFD200Drop: |rTime Rifts|n|cFFFFD200Vendor: |rWarden Krizzik|n|cFFFFD200Zone: |rTyrhold Reservoir|n|cFFFFD200Cost: |r2750|Hcurrency:2594|h|TInterface\ICONS\TimelessCoin_yellow.BLP:0|t|h",4261,208637,418045,5194264,1,2,6,6,7,0
"A lifetime of servitude to Anub'arak, then the Lich King, and now... you!","|cFFFFD200Drop: |rTime Rifts|n|cFFFFD200Vendor: |rBaron Silver|n|cFFFFD200Zone: |rTyrhold Reservoir|n|cFFFFD200Cost: |r2750|Hcurrency:2594|h|TInterface\ICONS\TimelessCoin_yellow.BLP:0|t|h",4262,208639,418050,237410,5,2,6,6,7,0
"With a nose for secrets, Tobias is ready to be by the side of super sleuths.","|cFFFFD200Achievement:|r Community Rumor Mill|n|cFFFFD200Event:|r Secrets of Azeroth",4263,208643,418079,5279605,7,82,0,6,7,0
"Fyrn will be the first one to show up at your birthday party and the last to leaf.","|cFFFFD200In-Game Shop|r",4264,209163,419467,5003505,1,16466,9,6,7,0
"Feel the chill nipping at your toes! A menace of Azeroth, now in festive blue and travel-size!","|cFFFFD200Achievement:|r WoW's 19th Anniversary|n|cFFFFD200Category:|r Events",4265,209259,419773,5260512,1,16466,5,6,7,0
"Though this little one's flight training has yet to be completed, their playfulness and enthusiasm are already fully grown.","|cFFFFD200Promotion:|r The War Within Epic Edition|n",4266,209681,420759,5333904,2,82,7,6,7,0
"As heir to the Lord of Outland, Maggz has always shared his family's love of violence and power. He just happens to be even more in love with pet treats.",,4267,210058,421516,4891625,5,16466,-1,6,7,0
"The first thing you might notice about this creature is its huge expressive eyes. This is a mistake. Instead focus on its razor-sharp claws.","|cFFFFD200Pet Battle: |rEmerald Dream",4275,211110,0,2103796,7,26,4,6,7,0
"Sapnibblers are always up for a game of hide and squeak.","|cFFFFD200Pet Battle: |rEmerald Dream",4277,211182,429070,4883968,4,26,4,6,7,0
"This little one likes cheese, but most fawn do.","|cFFFFD200Pet Battle: |rEmerald Dream",4278,211288,429064,3636845,4,26,4,6,7,0
"As younglings, these critters need a lot of naps. Fortunately, adventurers' backpacks make good napping spots.","|cFFFFD200Pet Battle: |rEmerald Dream",4279,211295,0,4899643,7,26,4,6,7,0
"If you think the skunks of the Emerald Dream smell bad, pray that you never smell the skunks of the Emerald Nightmare.","|cFFFFD200Pet Battle: |rEmerald Dream",4280,211302,0,4866713,4,26,4,6,7,0
"When enemy combatants fly overhead, there's only one thing to do. Duck.","|cFFFFD200Achievement: |rDucks In A Row|n|cFFFFD200Category: |rDragonflight Raid",4285,211939,425454,1455891,8,82,5,743,7,0
"At a young age Aura donned her magic hat, took her crystal staff, and set off for adventure into the unknown.","|cFFFFD200Trading Post|r |n",4286,211942,425472,5211620,5,16466,7,6,7,0
"The duck of your dreams... or perhaps someone else's dreams.","|cFFFFD200Vendor: |rElianna|n|cFFFFD200Zone: |rEmerald Dream|n|cFFFFD200Cost: |r1|Hcurrency:2777|h|TInterface\ICONS\INV_Legion_Faction_DreamWeavers.BLP:0|t|h",4287,212192,426037,3953210,5,2,2,6,7,0
"If you ever have an outdoor feast in the Emerald Dream, look out for wild blueloos. A blueloo won't steal your picinic basket, but it will politely ask for some snacks.","|cFFFFD200Achievement:|r Friends in Feathers|n",4288,212206,426060,2103797,5,82,5,6,7,0
"Compared to a fully grown dreamborne scarab, this is the lesser of two weevils.","|cFFFFD200Vendor: |rElianna|n|cFFFFD200Zone: |rEmerald Dream|n|cFFFFD200Cost: |r1|Hcurrency:2777|h|TInterface\ICONS\INV_Legion_Faction_DreamWeavers.BLP:0|t|h",4289,212267,426137,5008153,5,2,2,6,7,0
"Be sure to sleep with some grass under your pillow so you can give this critter a snack while you dream.","|cFFFFD200Vendor: |rElianna|n|cFFFFD200Zone: |rEmerald Dream|n|cFFFFD200Cost: |r1|Hcurrency:2777|h|TInterface\ICONS\INV_Legion_Faction_DreamWeavers.BLP:0|t|h|n",4290,212273,426148,3636844,5,2,2,6,7,0
"Since you rescued her from Larodar, this grateful little doe hasn't stopped following you around.","|cFFFFD200Achievement:|r ""Don't Let the Doe Hit You On the Way Out""|n",4291,212275,426156,5095682,4,82,5,6,7,0
"It is said that some animals dream in black and white. This animal only dreams in green.","|cFFFFD200Vendor: |rElianna|n|cFFFFD200Zone: |rEmerald Dream|n|cFFFFD200Cost: |r1|Hcurrency:2777|h|TInterface\ICONS\INV_Legion_Faction_DreamWeavers.BLP:0|t|h",4292,212315,426168,132130,5,2,2,6,7,0
"This creature could sleep through another Cataclysm.","|cFFFFD200Vendor: |rTalisa Whisperbloom|n|cFFFFD200Zone: |rEmerald Dream|n|cFFFFD200Cost: |r1|Hitem:211376|h|TInterface\ICONS\INV_Misc_TrailofFlowers.blp:0|t|h",4295,212328,426187,4748414,4,2,2,6,7,0
"Snoozles was once given a choice between life in the timeless beautiful snowfields and life in a warm home with pet treats. We know which one he chose.","|cFFFFD200Vendor: |rSylvia Whisperbloom|n|cFFFFD200Zone: |rEmerald Dream|n|cFFFFD200Cost: |r1|Hitem:211376|h|TInterface\ICONS\INV_Misc_TrailofFlowers.blp:0|t|h|n|n|cFFFFD200Vendor: |rTalisa Whisperbloom|n|cFFFFD200Zone: |rEmerald Dream|n|cFFFFD200Cost: |r1|Hitem:211376|h|TInterface\ICONS\INV_Misc_TrailofFlowers.blp:0|t|h",4296,212329,426193,4748413,4,2,2,6,7,0
"Rescued from the Druids of the Flame's onslaught upon the Emerald Dream, this juvenile faerie dragon has taken a liking to you -- and to your food. Don't leave your snacks unattended!","|cFFFFD200Quest: |rBurning Out|n|cFFFFD200Zone: |rEmerald Dream",4297,212399,426319,3071791,1,82,1,6,7,0
"Seedles burrow beneath plants in the emerald dreams and nibble at their roots.","|cFFFFD200Vendor: |rSylvia Whisperbloom|n|cFFFFD200Zone: |rEmerald Dream|n|cFFFFD200Cost: |r1|Hitem:211376|h|TInterface\ICONS\INV_Misc_TrailofFlowers.blp:0|t|h|n|n|cFFFFD200Vendor: |rTalisa Whisperbloom|n|cFFFFD200Zone: |rEmerald Dream|n|cFFFFD200Cost: |r1|Hitem:211376|h|TInterface\ICONS\INV_Misc_TrailofFlowers.blp:0|t|h",4298,212408,426343,4883967,4,2,2,6,7,0
"Dustites scavenge among the roots of great trees for any small leavings they can find.","|cFFFFD200Vendor: |rTalisa Whisperbloom|n|cFFFFD200Zone: |rEmerald Dream|n|cFFFFD200Cost: |r1|Hitem:211376|h|TInterface\ICONS\INV_Misc_TrailofFlowers.blp:0|t|h",4299,212413,426355,4883970,4,2,2,6,7,0
"Dream on. Dream until your dream comes true!","|cFFFFD200Vendor: |rElianna|n|cFFFFD200Zone: |rEmerald Dream|n|cFFFFD200Cost: |r1|Hcurrency:2777|h|TInterface\ICONS\INV_Legion_Faction_DreamWeavers.BLP:0|t|h|n",4300,212417,426357,4883966,4,2,2,6,7,0
"These creatures live in bushes and near trees, but they sleep so soundly they're practically invisible. If you want to interrupt their dreaming, you'd best bring friends.","|cFFFFD200Pet Battle: |rEmerald Dream",4302,212437,0,4899644,7,26,4,6,7,0
"Such toof. Such snaggle.","|cFFFFD200Pet Battle: |rEmerald Dream",4303,212459,0,2103794,7,26,4,6,7,0
"A brown dream badger is a rare sight. Not so rare a smell though.","|cFFFFD200Pet Battle: |rEmerald Dream",4304,212557,0,4866714,4,26,4,6,7,0
"Snoots has a supernatural sense of smell. It's not any better than normal, it's just supernatural.","|cFFFFD200Vendor: |rSylvia Whisperbloom|n|cFFFFD200Zone: |rEmerald Dream|n|cFFFFD200Cost: |r1|Hitem:211376|h|TInterface\ICONS\INV_Misc_TrailofFlowers.blp:0|t|h|n|n|cFFFFD200Vendor: |rTalisa Whisperbloom|n|cFFFFD200Zone: |rEmerald Dream|n|cFFFFD200Cost: |r1|Hitem:211376|h|TInterface\ICONS\INV_Misc_TrailofFlowers.blp:0|t|h",4305,212562,426539,4899641,5,2,2,6,7,0
"Elmer once ate a whole cake all by himself. It wasn't even his cake.","|cFFFFD200Vendor: |rSylvia Whisperbloom
|cFFFFD200Zone: |rEmerald Dream
|cFFFFD200Cost: |r1|Hitem:211376|h|TInterface\ICONS\INV_Misc_TrailofFlowers.blp:0|t|h

|cFFFFD200Vendor: |rTalisa Whisperbloom
|cFFFFD200Zone: |rEmerald Dream
|cFFFFD200Cost: |r1|Hitem:211376|h|TInterface\ICONS\INV_Misc_TrailofFlowers.blp:0|t|h",4306,212567,426540,4899642,5,2,2,6,7,0
"What Spruce lacks in speed, she makes up for with sheer stubbornness.","|cFFFFD200Vendor: |rMoon Priestess Lasara|n|cFFFFD200Zone: |rEmerald Dream|n|cFFFFD200Cost: |r375|Hcurrency:2003|h|TInterface\ICONS\INV_Faction_WarResources.BLP:0|t|h",4307,212569,426544,3636843,4,2,2,6,7,0
"Juniper's unique coloration makes it hard to hide from predators in the Emerald Dream's lush green foliage. She therefore made the wise decision to travel with you instead.","|cFFFFD200Vendor: |rMoon Priestess Lasara|n|cFFFFD200Zone: |rEmerald Dream|n|cFFFFD200Cost: |r375|Hcurrency:2003|h|TInterface\ICONS\INV_Faction_WarResources.BLP:0|t|h",4308,212570,426545,3636846,4,2,2,6,7,0
"Is it a snail? Is it a dream? Is it the dream of a sleeping snail?","|cFFFFD200Vendor: |rElianna|n|cFFFFD200Zone: |rEmerald Dream|n|cFFFFD200Cost: |r1|Hcurrency:2777|h|TInterface\ICONS\INV_Legion_Faction_DreamWeavers.BLP:0|t|h",4309,212877,427044,1396974,5,2,2,6,7,0
"Wyvern whelps are sleepy by nature. The dreams of wyvern whelps are doubly so.","|cFFFFD200Vendor: |rElianna|n|cFFFFD200Zone: |rEmerald Dream|n|cFFFFD200Cost: |r1|Hitem:210776|h|TInterface\ICONS\10_2_RaidAbility_Green.BLP:0|t|h",4310,212954,427104,4630421,5,2,2,6,7,0
"When she grows up, Mitzy wants to guide Greatfather Winter's sleigh just like Metzen, her famous dad. Until then, she's more than happy to come with you on your adventures.","|cFFFFD200Trading Post|r ",4311,213111,427289,1339669,4,16466,7,6,7,0
"Tell them that I am free of my father's madness, and I will be free of them as well. I am to be left alone: this will be my first and only warning. - Wrathion","|cFFFFD200Promotion|r ",4316,213407,427682,5210737,1,16466,7,6,7,0
"Teele's grandparents told him they were the mice that discovered Azeroth. They were also champion fibbers.","|cFFFFD200Trading Post|r ",4402,214286,429423,4616694,4,16466,7,6,7,0
"When he's not hanging out with Harth Stonebrew or winning competitions at the tavern, Sarge loves to stow away in the backpacks of visiting adventurers.","|cFFFFD200Promotion:|r Hearthstone 10th Anniversary|n",4406,216179,432486,5502861,4,16466,7,6,7,0
"Though fully-grown maidenbugs are able to fly, Nelle is just a bit too young for that. She's happy to skitter alongside you all the same.","|cFFFFD200Trading Post|r",4407,216345,432844,5505320,4,16466,7,6,7,0
"Farmers will often release maidenbugs to battle the pests that threaten their crops. Buggsy was so good at this that she decided to go pro.","|cFFFFD200Trading Post|r",4408,216379,432888,5505319,4,16466,7,6,7,0
"Of all the shades and colors of ducklings that come forth in the spring, the most prized are the pink ones. There are many theories about why, but it's likely just because pink is awesome.","|cFFFFD200World Event:|r Noblegarden",4409,215565,433085,5456184,8,2,6,6,7,0
"Yellow maidenbugs are often mistaken for other yellow insects. This happens even more often to Beetriz, and she doesn't understand why.",|cFFFFD200Promotion|r,4410,216455,433098,5505321,4,16466,7,6,7,0
"Even Nirobin, a self-proclaimed genius of the highest caliber, could not deny the cuteness of his arcane creation.","|cFFFFD200Achievement: |rJust One More Thing",4411,216930,433791,4528781,5,82,5,6,7,0
"It is bewildering how the most arrogant and stuck up of the Azerothian Archivists can't help but create the most adorable arcane familiars. Perhaps Nirobin does have a soft side...","|cFFFFD200Achievement: |rFinally At Rest",4412,216933,433802,4093847,5,82,5,6,7,0
"Because it's her favorite holiday, Hoplet wears her Lunar Festival outfit year-ound.","|cFFFFD200In-Game Shop|r",4421,217530,434792,4680677,5,82,9,6,7,0
"Glamrok followed you back to the ship one day after a particularly good plunder, sensing your keen knack for treasure-finding.","|cFFFFD200Special Event: |rPlunderstorm",4425,218647,437601,5559624,8,16466,0,6,7,0
"Where do all of the bubbles come from? What are they made of? Perhaps some mysteries are best left unexplored.","|cFFFFD200Special Event: |rPlunderstorm",4426,218646,437600,2027924,8,18514,0,6,7,0
"It doesn't seem to know where it is, but it's happy to be here!","|cFFFFD200Special Event: |rPlunderstorm",4435,218977,438543,237309,8,16594,0,6,7,0
"The needle in Pokee's eye isn't exactly comfortable fashion, but he's stuck with it.","|cFFFFD200Trading Post|r |n",4436,219134,438775,5206188,5,16466,7,6,7,0
"Weighed down by all the loot he has plundered. He could share the burden he carries but it turns out he's a little shellfish.","|cFFFFD200Promotion|r |n",4437,218060,439994,5559623,8,16466,7,6,7,0
"Once tenacious and terrible, the riverpaw slaughtered weaker enemies without hesitation.","|cFFFFD200Vendor: |rRemembrancer Amuul|n|cFFFFD200Zone: |rDalaran|n|cFFFFD200Cost: |r10000|Hcurrency:3089|h|TInterface\ICONS\Spell_Azerite_Essence_15.BLP:0|t|h|n|n|cFFFFD200Vendor: |rMemory of a Duke|n|cFFFFD200Zone: |rSearing Gorge|n|cFFFFD200Cost: |r10000|Hcurrency:3089|h|TInterface\ICONS\Spell_Azerite_Essence_15.BLP:0|t|h",4450,220420,441643,134163,5,82,2,6,7,0
"Made from the bits and pieces of vanquished abominations, light magic, and just a pinch of nostalgia.","|cFFFFD200Vendor: |rRemembrancer Amuul|n|cFFFFD200Zone: |rDalaran|n|cFFFFD200Cost: |r10000|Hcurrency:3089|h|TInterface\ICONS\Spell_Azerite_Essence_15.BLP:0|t|h|n|n|cFFFFD200Vendor: |rEcho of the Silver Hand|n|cFFFFD200Zone: |rDragonblight|n|cFFFFD200Cost: |r10000|Hcurrency:3089|h|TInterface\ICONS\Spell_Azerite_Essence_15.BLP:0|t|h",4451,220675,442327,2492254,5,82,2,6,7,0
"The faded memory of an Onyxian whelpling, this young dragon has decided that it wants to follow in its own footsteps.","|cFFFFD200Vendor: |rRemembrancer Amuul
|cFFFFD200Zone: |rDalaran
|cFFFFD200Cost: |r10000|Hcurrency:3089|h|TInterface\ICONS\Spell_Azerite_Essence_15.BLP:0|t|h

|cFFFFD200Vendor: |rForgotten Hero
|cFFFFD200Zone: |rDustwallow Marsh
|cFFFFD200Cost: |r10000|Hcurrency:3089|h|TInterface\ICONS\Spell_Azerite_Essence_15.BLP:0|t|h",4452,220680,442337,134154,5,82,2,6,7,0
"Awww, aren't her pedipalps adorable?","|cFFFFD200Vendor: |rVes'trak|n|cFFFFD200Zone: |rAzj-Kahet|n|cFFFFD200Cost: |r2250|Hcurrency:3056|h|TInterface\ICONS\INV_10_Tailoring_SilkRare_Color3.BLP:0|t|h",4455,222046,446820,5688871,7,2,2,6,7,0
"Many arachnids are left to fend for themselves after hatching. It's a common topic in spider therapy.","|cFFFFD200Pet Battle: |rAzj-Kahet, City of Threads, Hallowfall, Shadowvein Extraction Site, The Ringing Deeps|n",4456,222066,445486,5688871,7,26,4,6,7,0
"These lambs savor a journey to the beaches of Khaz Algar to rest in warm sands.","|cFFFFD200Pet Battle: |rDornogal, Isle of Dorn",4526,222775,446797,4279015,4,26,4,6,7,0
"Tough burrowing claws make it easy for arachnids to get around subterranean areas. But it's a boring life.","|cFFFFD200Pet Battle: |rAzj-Kahet, City of Threads, Hallowfall, Shadowvein Extraction Site, The Ringing Deeps",4457,222071,445450,5688871,7,26,4,6,7,0
"Graduation from spiderling to fully-fledged spider monster is far off for this young arachnoid.","|cFFFFD200Drop:|r |n",4458,222069,445488,5688871,7,34,0,6,7,0
"Finally caught a blind cave skipper. He flopped helplessly for twenty minutes and then let out a burp. Great companion he is!",,4459,222081,445493,5763493,8,82,-1,6,7,0
"These silkie chickens were taken aboard airships by those departing the Arathi Empire in pursuit of their emperor's prophetic vision.","|cFFFFD200Pet Battle: |rHallowfall",4460,222195,445803,2027866,2,26,4,6,7,0
"Free-range chickens are difficult to take care of in Hallowfall, what with all the shadow monsters and fish people.","|cFFFFD200Pet Battle: |rHallowfall",4461,222194,445815,2027866,2,26,4,6,7,0
"Someday, his heavy footfalls and ferocious roar will match his name. Until then, Thunder remains a bolt of cuteness and loyalty.","|cFFFFD200Quest: |rTale of Tails|n|cFFFFD200Zone: |rHallowfall",4462,222203,445822,5648285,7,18,1,6,7,0
"The Imperial Lynx hails from the shore of the far-flung Arathi Empire, where they serve as fierce and loyal companions and mounts for citizens.","|cFFFFD200Vendor: |rAuralia Steelstrike|n|cFFFFD200Zone: |rHallowfall|n|cFFFFD200Cost: |r6500|Hcurrency:2815|h|TInterface\ICONS\SPELL_AZERITE_ESSENCE14.BLP:0|t|h",4463,222200,445823,5648286,7,2,2,6,7,0
"The toes! The huge toe beans! The huge toe beans are not for eating!","|cFFFFD200Vendor: |rPelefien|n|cFFFFD200Zone: |rCity of Threads|n|cFFFFD200Cost: |r2250|Hcurrency:3056|h|TInterface\ICONS\INV_10_Tailoring_SilkRare_Color3.BLP:0|t|h",4464,222202,445824,5648283,7,2,2,6,7,0
"This treasured lynx is a firm supporter of no changes.","|cFFFFD200Quest:|r Save Tomothy|n|cFFFFD200Zone: |rHallowfall",4465,222201,445826,5648287,7,2,1,6,7,0
"The Imperial Lynx is known for being stubborn and moody, but fiercely loyal to those they form bonds with.","|cFFFFD200World Event:|r Children's Week|n",4466,222204,445828,5648284,7,2,6,6,7,0
"This hallowed firefly's glow scours the darkness, a welcome omen for the Arathi living in Hallowfall.","|cFFFFD200Gather: |rHallowfall Sparkfly|n|cFFFFD200Zone: |rHallowfall",4467,222298,446004,5771176,2,18,0,6,7,0
"Woah there pardner. Were you really about to buzz by without saying howdy?","|cFFFFD200Drop: |rGoldie Baronbottom|n|cFFFFD200Zone: |rCinderbrew Meadery",4469,222318,446024,2027853,2,2,0,6,7,0
"He's a little jumpy... especially around the face.","|cFFFFD200Treasure: |rScary Dark Chest|n|cFFFFD200Zone: |rThe Ringing Deeps",4470,222319,446027,5869499,8,2,0,6,7,0
"Not a squid, nor a kid, the scootlefish prefers to keep its ink to itself except under dire circumstances.","|cFFFFD200Pet Battle: |rAzj-Kahet",4471,222325,446030,2101158,8,26,4,6,7,0
"Restoring hope to those lost in the darkness comes with its just rewards. Like cute frog friends.","|cFFFFD200Treasure:|r Shadowrooted Vine|n|cFFFFD200Zone: |rHallowfall",4472,222326,446031,2399262,8,2,0,6,7,0
"She'll try spinning, that's a good trick.","|cFFFFD200Treasure: |rTrapped Trove|n|cFFFFD200Zone: |rCity of Threads",4473,222339,446046,5342948,3,2,0,6,7,0
"He hears little hearts melting. Faster now!",,4474,222340,446047,5342947,3,16386,-1,6,7,0
"Web ball! Stone of reality! Web ball! Stone of reality!","|cFFFFD200Achievement: |rFamily Battler of Northrend|n|cFFFFD200Category: |rBattle|n|n",4475,222342,446048,5342949,3,82,5,6,7,0
"A bug? Wait a minute, no, it's a small friendly spider!","|cFFFFD200Vendor: |rClutchmother Marn'tiq|n|cFFFFD200Zone: |rCity of Threads|n|cFFFFD200Cost: |r2250|Hcurrency:3056|h|TInterface\ICONS\INV_10_Tailoring_SilkRare_Color3.BLP:0|t|h",4476,222341,446049,5342950,3,2,2,6,7,0
"Cute at this size, the humble scootlefish poses a real threat to ships when it grows larger.","|cFFFFD200Pet Battle: |rAzj-Kahet",4477,222344,446050,5869500,8,26,4,6,7,0
"Known to dissolve most materials, use extreme caution when approaching this caustic ooze!","|cFFFFD200Vendor:|r |n",4478,222348,446055,3459797,5,34,2,6,7,0
"The perfect pet if you love stepping on something wet in the middle of the night.","|cFFFFD200Pet Battle: |rAzj-Kahet",4480,222351,446057,3459800,5,26,4,6,7,0
"If you hold this up to your ear, you can hear whispers of the Old Gods. Just like a seashell!","|cFFFFD200Pet Battle: |rAzj-Kahet",4481,222354,446058,3459799,5,26,4,6,7,0
"The early worms get the bird.","|cFFFFD200Discovery:|r Khaz Algar Thaumaturgy|n",4482,222359,446059,3459801,5,2,10,6,7,0
"Sweet is the black blood. It tastes of wars past, and wars to come.","|cFFFFD200Pet Battle: |rAzj-Kahet",4483,222421,446115,1723705,4,26,4,6,7,0
"Most people don't find congealed blood particularly appetizing. Bloodticks, though...","|cFFFFD200Pet Battle: |rThe Ringing Deeps",4484,222420,446119,1723702,4,26,4,6,7,0
"Imagine being so slow moving that moss grows on your back. Couldn't be me.","|cFFFFD200Pet Battle: |rIsle of Dorn",4485,222499,446247,5003559,4,26,4,6,7,0
,"|cFFFFD200Pet Battle: |rThe Ringing Deeps",4488,222535,0,387415,9,33824,4,6,7,0
"Awww, aren't it's fuzzy little pedipalps cute?","|cFFFFD200Drop:|r Nerubian Delve's Heavy Trunk",4489,222532,446434,5755546,7,2,0,6,7,0
"The next time you're sitting in the dark and feel something brush against your heel, don't worry! It's just Fuzzy.","|cFFFFD200Achievement:|r Family Battler of Khaz Algar|n|cFFFFD200Category:|r Battle",4490,222574,446435,5755548,7,82,5,6,7,0
"I jump, Jon. It's what I do.","|cFFFFD200Vendor: |rLady Vinazian|n|cFFFFD200Zone: |rAzj-Kahet|n|cFFFFD200Cost: |r2250|Hcurrency:3056|h|TInterface\ICONS\INV_10_Tailoring_SilkRare_Color3.BLP:0|t|h|n|n|cFFFFD200Vendor: |rY'tekhi|n|cFFFFD200Zone: |rAzj-Kahet|n|cFFFFD200Cost: |r2250|Hcurrency:3056|h|TInterface\ICONS\INV_10_Tailoring_SilkRare_Color3.BLP:0|t|h",4491,222575,446438,5755547,7,2,2,6,7,0
"Someone once mistook Fringe for an azerite node. He's too young to remember azerite, though.","|cFFFFD200Vendor: |rClutchmother Marn'tiq|n|cFFFFD200Zone: |rCity of Threads|n|cFFFFD200Cost: |r2250|Hcurrency:3056|h|TInterface\ICONS\INV_10_Tailoring_SilkRare_Color3.BLP:0|t|h",4492,222576,446440,5755549,7,2,2,6,7,0
"Though eye-catching, their namesake coloration is rubbish for camouflage. The blind skiplings couldn't care less.",,4493,222080,446452,5763495,8,34,-1,6,7,0
"Watch Skippy swim, and then watch him run. The perfect amphibian. Sorry, frogs.","|cFFFFD200Vendor: |rWorld Vendors|n|cFFFFD200Cost: |r50|Hitem:163036|h|TInterface\ICONS\INV_Currency_PetBattle.BLP:0|t|h",4495,222079,446463,5763497,8,2,2,6,7,0
"The wily fish has never been caught at the end of an angler's hook. He was caught a completely different way.","|cFFFFD200Drop:|r Kobyss Delve's Heavy Trunk|n",4496,222078,446464,5763494,8,2,0,6,7,0
"Waddles was rejected by the other cave skippers and fell through the cracks, literally, all the way down to Harandar. He's known to follow around people he finds.","|cFFFFD200Zone: |rHarandar",4497,222077,446465,5763496,8,154,10,6,7,0
"Hard to spot in the dark, these worms have taught many adventureres a lesson, when sticking their fingers where they don't belong.","|cFFFFD200Pet Battle: |rAzj-Kahet, City of Threads, Hallowfall, Shadowvein Extraction Site, The Ringing Deeps",4498,222582,446490,5659379,4,26,4,6,7,0
"Used both in battle and as pack animals when they're larger, at this size they're only a danger to your ankles.","|cFFFFD200Pet Battle: |rAzj-Kahet, City of Threads, Hallowfall, Shadowvein Extraction Site, The Ringing Deeps",4499,222584,446492,5659381,4,26,4,6,7,0
"Lil' Bonechewer loves you, even if you were a worm. Especially if you were a worm.","|cFFFFD200Achievement: |rWorm Theory|n|cFFFFD200Category: |rWar Within",4500,222583,446493,5659382,4,82,5,6,7,0
"This one may lack the size and color of it's famed cousin, but it can still pack a punch.","|cFFFFD200Vendor:|r |n",4502,222585,446491,5659380,4,34,2,6,7,0
"Worm Facts",,4503,222588,446496,1120721,7,16416,-1,6,7,0
"Worm Facts",,4504,222589,446497,1120721,7,16416,-1,6,7,0
"Worm Facts",,4505,222591,446499,1120721,7,16416,-1,6,7,0
"Dangerous, toxic spores? What if it was purple?!","|cFFFFD200Drop:|r Fungarian Delve's Heavy Trunk|n",4506,222590,446498,5789327,5,2,0,6,7,0
"Fungal spores awash in the blood of fallen monstrosities.","|cFFFFD200Pet Battle: |rThe Ringing Deeps",4507,222592,446500,5789325,5,26,4,6,7,0
"This collection of spores exploded one too many times on its previous owner. Maybe you'll have better luck with it.","|cFFFFD200Vendor: |rMaterialist Ophinell|n|cFFFFD200Zone: |rTwilight Highlands|n|cFFFFD200Cost: |r30|Hcurrency:3319|h|TInterface\ICONS\INV12_Twilight_ Blade_Cultist_Insignia.BLP:0|t|h",4508,222593,446501,5789324,5,16402,2,6,7,0
"Worm Facts",,4509,222594,446502,1120721,7,16416,-1,6,7,0
"It's a bird! It's a gyrocopter! No wait, it's something way worse. Run.","|cFFFFD200Pet Battle: |rAzj-Kahet, Hallowfall",4510,222608,446510,5162543,2,26,4,6,7,0
"It's not the most original anti-hero name. But it promises to be a compelling crossover.","|cFFFFD200Vendor: |rWorld Vendors|n|cFFFFD200Cost: |r50|Hitem:163036|h|TInterface\ICONS\INV_Currency_PetBattle.BLP:0|t|h",4511,222607,446512,5162542,2,2,2,6,7,0
"This dark-shelled monster thrives in shadows. It's where he does all his best thinking.",,4512,222609,446513,5162541,2,16386,-1,6,7,0
"Is it possible to drink bones? Not without a positive mental attitude it's not!","|cFFFFD200Treasure: |rNest Egg|n|cFFFFD200Zone: |rAzj-Kahet",4513,222606,446514,5162544,2,82,0,6,7,0
"The green glow of this firefly is seen as an ill-omen for those who travel in darkness.","|cFFFFD200Pet Battle: |rDornogal, Hallowfall, Isle of Dorn, The Ringing Deeps",4514,222613,446583,5771178,2,26,4,6,7,0
"The flickering of these lightbugs is said to bring an unnatural and eerie calm to travelers and predators alike.","|cFFFFD200Pet Battle: |rAzj-Kahet, City of Threads, Hallowfall, Shadowvein Extraction Site, The Ringing Deeps",4515,222614,446584,5771177,2,26,4,6,7,0
"Though their light is sometimes mistaken for the glow of toxic substances or dark magic, nerubians and Arathi alike find these insects hauntingly beautiful.","|cFFFFD200Pet Battle: |rAzj-Kahet, City of Threads, Hallowfall, Shadowvein Extraction Site, The Ringing Deeps",4516,222615,446585,5771179,2,26,4,6,7,0
"In a miracle of dreams and wishes, Waxwick awoke and climbed off a kobold's head to pursue her own path.","|cFFFFD200Achievement:|r Khaz Algar Safari|n",4517,222711,446734,5757162,6,82,5,6,7,0
"Not to be kept indoors if you live in a wooden house.","|cFFFFD200Pet Battle: |rDornogal, The Ringing Deeps",4518,222713,446744,3996704,6,26,4,6,7,0
"Look out! He's comin' right for us! Gradually!",,4519,222714,446750,3996703,6,16386,-1,6,7,0
"In the depths of the Endless Sea, strange thalassic horrors lurk. Not this fella, though. He's completely normal.","|cFFFFD200Quest:|r Return to the Sea|n|cFFFFD200Zone: |rHallowfall",4520,222717,446755,2763645,8,2,1,6,7,0
"Found predominately underground, some of them prefer the surface. But that's none of my business.","|cFFFFD200Pet Battle: |rAzj-Kahet, City of Threads, Hallowfall, Isle of Dorn, The Ringing Deeps",4521,222736,446767,2399261,8,26,4,6,7,0
"The sound of the troglofrog echoing throughout deep caverns sounds almost like... ragtime music?","|cFFFFD200Pet Battle: |rAzj-Kahet, City of Threads, Deepforge Golemworks, Hallowfall, Isle of Dorn, The Ringing Deeps",4522,222739,446768,2399263,8,26,4,6,7,0
"Brightly colored means do not touch. Red is nature's warning light!","|cFFFFD200Vendor: |rWorld Vendors|n|cFFFFD200Cost: |r50|Hitem:163036|h|TInterface\ICONS\INV_Currency_PetBattle.BLP:0|t|h",4524,222764,446791,2399260,8,2,2,6,7,0
"Protosheep spend winters bereft their flowers. When the seasons turn, the plains are filled with a variety of earthy, sweet scents.","|cFFFFD200Pet Battle: |rIsle of Dorn",4525,222774,446796,4279015,4,26,4,6,7,0
"Counting sheep to a dream of springtime.","|cFFFFD200Treasure: |rMosswool Flower|n|cFFFFD200Zone: |rIsle of Dorn",4527,222782,446798,4279015,4,82,0,6,7,0
"Mosswools appreciate a seasonal shear.",,4528,222777,446799,4279015,4,58,-1,6,7,0
"Expert Earthen florists are capable of arranging beautiful floral patterns upon the backs of protosheep.","|cFFFFD200Pet Battle: |rIsle of Dorn",4529,222778,446800,4279015,4,26,4,6,7,0
"The softest and fluffiest protosheep made of the softest and fluffiest soil.","|cFFFFD200Vendor: |rAuditor Balwurz|n|cFFFFD200Zone: |rDornogal|n|cFFFFD200Cost: |r6500|Hcurrency:2815|h|TInterface\ICONS\SPELL_AZERITE_ESSENCE14.BLP:0|t|h",4530,222779,446801,4279015,4,2,2,6,7,0
"Fungal lashers are typically violent and carnivorous. This diminuative variety is better suited to shyly flail its limbs against fellow small fry.","|cFFFFD200Pet Battle: |rHallowfall, Isle of Dorn, The Ringing Deeps",4533,222875,447008,5791589,6,26,4,6,7,0
"These highly destructive pests are known to destroy crops in Hallowfall.","|cFFFFD200Treasure: |rNightfarm Growthling|n|cFFFFD200Zone: |rHallowfall",4534,222880,447009,5791588,6,18,0,6,7,0
"The alluring twin mushroom cap colors of these fungal creatures attracts sentient and beastial victims alike.","|cFFFFD200Pet Battle: |rHallowfall, Isle of Dorn, The Ringing Deeps",4535,222877,447010,5791587,6,26,4,6,7,0
"Please keep your blightbud on a leash at all times! They are notorious for the havoc they can wreak on unprotected gardens.","|cFFFFD200Treasure: |rDislodged Blockage|n|cFFFFD200Zone: |rThe Ringing Deeps",4536,222879,447012,5791586,6,2,0,6,7,0
"Part lean, mean candle-throwing machine. Part adventurer wannabe. All kobold.","|cFFFFD200Drop:|r Delve's Bountiful Coffer and Hidden Trove|n",4537,222883,447016,134168,0,2,0,6,7,0
"The grand horns of these beasts spark jealousy in other horned grazing animals.","|cFFFFD200Pet Battle: |rIsle of Dorn",4538,223094,447499,5767166,7,26,4,6,7,0
"Earthen ranchers keep a variety of horned beasts for labor and company. None are so proud as the ramolith.","|cFFFFD200Pet Battle: |rIsle of Dorn",4539,223093,447501,5767165,7,26,4,6,7,0
"Protorams leave behind stony dust as they frolic, battle, and rest.","|cFFFFD200Pet Battle: |rIsle of Dorn",4540,223092,447502,5767172,7,26,4,6,7,0
"Young protorams love to play and bluff charge. They also love to actually charge.","|cFFFFD200Pet Battle: |rDornogal, Isle of Dorn",4541,223090,447503,5767167,7,26,4,6,7,0
"One kobyss's meal is another adventurer's bestie.","|cFFFFD200Quest:|r Grand, Gutsy Solutions|n|cFFFFD200Zone: |rAzj-Kahet",4542,223138,447900,2027953,8,82,1,6,7,0
"The shadowy creature has been following Sir Finley Mrrgglton around ever since he happened upon it during one of his expeditions. Having grown quite fond of the tenebrous friend, Sir Finley won't part with it easily.","|cFFFFD200Vendor: |rSir Finley Mrrgglton|n|cFFFFD200Zone: |rDornogal|n|cFFFFD200Cost: |r10000|Hcurrency:2803|h|TInterface\ICONS\INV_Misc_ElvenCoins.blp:0|t|h",4543,223135,447902,135945,5,2,2,6,7,0
"These swarms of void energy cannot persist in Beledar's light.","|cFFFFD200Pet Battle: |rHallowfall",4544,223136,447903,136221,5,26,4,6,7,0
"The swooping horns of protorams bear the scars of every charge.",,4545,223087,447933,5404335,7,16386,-1,6,7,0
"They loves sand. It's coarse, and it gets everywhere.","|cFFFFD200Vendor: |rWorld Vendors|n|cFFFFD200Cost: |r50|Hitem:163036|h|TInterface\ICONS\INV_Currency_PetBattle.BLP:0|t|h",4546,223088,447934,5767168,7,2,2,6,7,0
"Ancient Gorian blood runs through Marrlok's veins. As far as anyone knows, his desire to rest for long stretches of time on a sunny beach keeps his imperial ambitions in check.","|cFFFFD200Trading Post|r",4548,223316,448355,4215254,0,16466,11,6,7,0
,"|cFFFFD200Pet Battle: |rIsle of Dorn",4549,223343,0,4554457,6,32,4,6,7,0
,"|cFFFFD200Pet Battle: |rIsle of Dorn",4550,223344,0,135227,6,32,4,6,7,0
,"|cFFFFD200Pet Battle: |rIsle of Dorn",4551,223346,0,1016353,6,32,4,6,7,0
,"|cFFFFD200Pet Battle: |rHallowfall",4552,223347,0,1519491,9,32,4,6,7,0
,"|cFFFFD200Pet Battle: |rThe Ringing Deeps",4553,223366,0,647701,4,32,4,6,7,0
,"|cFFFFD200Pet Battle: |rThe Ringing Deeps",4554,223367,0,648918,4,32,4,6,7,0
,"|cFFFFD200Pet Battle: |rHallowfall",4555,223368,0,5648286,7,32,4,6,7,0
,"|cFFFFD200Pet Battle: |rCity of Threads",4556,223399,0,5342950,3,32,4,6,7,0
,"|cFFFFD200Pet Battle: |rCity of Threads",4557,223400,0,5172874,2,32,4,6,7,0
,"|cFFFFD200Pet Battle: |rCity of Threads",4558,223401,0,5688871,7,32,4,6,7,0
,"|cFFFFD200Pet Battle: |rHallowfall",4559,223402,0,5771176,2,32,4,6,7,0
,"|cFFFFD200Pet Battle: |rAzj-Kahet",4560,223406,0,5688857,7,33824,4,6,7,0
,"|cFFFFD200Pet Battle: |rIsle of Dorn",4561,223407,0,1981044,9,33824,4,6,7,0
,"|cFFFFD200Pet Battle: |rHallowfall",4562,223409,0,3860419,6,33824,4,6,7,0
,"|cFFFFD200Pet Battle: |rThe Ringing Deeps",4564,223435,0,5777859,7,32,4,6,7,0
"She sees you when you're sleeping.","|cFFFFD200Trading Post|r|n",4565,223600,449046,5788267,0,16466,11,6,7,0
"Maybe give up! Maybe surrender!","|cFFFFD200Trading Post|r",4566,223645,449173,5751507,0,16466,11,6,7,0
"Delivers the goods while also looking good.","|cFFFFD200In-Game Shop|r",4568,223691,0,5739778,2,16466,9,6,7,0
"As master of all the ball pit lords, Manny rules over playgrounds with a spirit filled with fun and mischievousness.",,4569,223695,449286,4891624,5,16466,-1,6,7,0
"Now that is one spicy bee!","|cFFFFD200Quest:|r Home Is Where the Candle Is|n|cFFFFD200Zone: |rThe Ringing Deeps",4570,223351,449511,5633720,6,2,1,6,7,0
"So wrinkly!! So scrunchy!!","|cFFFFD200Pet Battle: |rAzj-Kahet, The Ringing Deeps",4571,223706,449369,5777859,7,26,4,6,7,0
"Capable of sensing vibrations and tremors nearly a mile away, these young moles tend to burrow at the first sign of mortal danger.","|cFFFFD200Pet Battle: |rAzj-Kahet, The Ringing Deeps",4573,223712,449472,5777860,7,26,4,6,7,0
"Even hard sediment poses little challenge to the digging claws of these critters.","|cFFFFD200Pet Battle: |rThe Ringing Deeps",4574,223715,449473,5777855,7,10,4,6,7,0
"She's got a schnoz for sniffin'!","|cFFFFD200Drop:|r Kobold Delve's Heavy Trunk",4575,223718,449475,5777853,7,2,0,6,7,0
"This snuffling loves limes.","|cFFFFD200Vendor: |rWaxmonger Squick|n|cFFFFD200Zone: |rThe Ringing Deeps|n|cFFFFD200Cost: |r6500|Hcurrency:2815|h|TInterface\ICONS\SPELL_AZERITE_ESSENCE14.BLP:0|t|h",4576,223717,449477,5777857,7,2,2,6,7,0
"THE BEES ARE ON FIRE NOW?","|cFFFFD200Pet Battle: |rIsle of Dorn",4577,223698,449513,5633719,6,26,4,6,7,0
"This little yak is far snugglier than most of it's kin. And slightly less smelly!","|cFFFFD200Achievement:|r Pandaria: Remix - Townlong Steppes|n",4579,223785,449550,5751887,7,82,5,6,7,0
"It is said that the Astral Emperor wove these creatures from the stuff of the stars themselves. It is also said that he used only the cutest star-stuff.","|cFFFFD200Achievement:|r Pandaria: Remix - Timeless Isle|n",4580,223810,449626,5754532,1,82,5,6,7,0
"Stagshells crave violence. Or at least simulated representations of violence.","|cFFFFD200Achievement: |rA Champion's Tour: The War Within|n|cFFFFD200Category: |rWorld",4581,223859,449807,5764867,7,82,5,6,7,0
"Raised as living tanks for Anub'azal's army, Rak-Ush's battleshells are surprisingly affectionate. Who's a good beetle?","|cFFFFD200Quest: |rPermanent Hire|n|cFFFFD200Zone: |rAzj-Kahet",4582,223861,449808,5764865,7,2,1,6,7,0
,,4583,223863,449809,5764866,7,58,-1,6,7,0
,,4584,223862,449810,5764868,7,58,-1,6,7,0
"When you tell a bad joke, he'll be there to let you know.","|cFFFFD200Vendor: |rWorld Vendors|n|cFFFFD200Cost: |r50|Hitem:163036|h|TInterface\ICONS\INV_Currency_PetBattle.BLP:0|t|h",4586,224090,451193,5795781,4,2,2,6,7,0
"A Stormrider's stormrook can not only navigate extreme winds with grace but can also conjure fierce tempests to defend themselves.","|cFFFFD200Promotion:|r The War Within Epic Edition|n",4589,224717,452221,5333905,2,82,7,6,7,0
"Emberrooks are the rarest and most aggressive of the rook elementals.","|cFFFFD200Promotion:|r The War Within Epic Edition|n",4590,224716,452222,5333906,2,82,7,6,7,0
"A full-sized stormrook's thunder can be heard for miles. The chirps of this small spark sound like a faulty electrical device.","|cFFFFD200Promotion:|r The War Within Epic Edition|n",4591,224718,452223,5333907,2,82,7,6,7,0
"There are many creatures lurking in the Cape of Stranglethorn who would be glad to kill you. Misty is just curious to see the rest of the world.","|cFFFFD200Vendor: |rBobadormu|n|cFFFFD200Zone: |rTanaris|n|cFFFFD200Cost: |r2200|Hcurrency:1166|h|TInterface\ICONS\PVECurrency-Justice.blp:0|t|h|n|n|cFFFFD200Vendor: |rGrannadormu|n|cFFFFD200Zone: |rTanaris|n|cFFFFD200Cost: |r2200|Hcurrency:1166|h|TInterface\ICONS\PVECurrency-Justice.blp:0|t|h",4592,224915,452706,132189,7,82,2,6,7,0
"This boarlet escaped Coldridge Valley in search of adventure and maybe a nice apple if she can find one.","|cFFFFD200Vendor: |rBobadormu|n|cFFFFD200Zone: |rTanaris|n|cFFFFD200Cost: |r2200|Hcurrency:1166|h|TInterface\ICONS\PVECurrency-Justice.blp:0|t|h|n|n|cFFFFD200Vendor: |rGrannadormu|n|cFFFFD200Zone: |rTanaris|n|cFFFFD200Cost: |r2200|Hcurrency:1166|h|TInterface\ICONS\PVECurrency-Justice.blp:0|t|h",4593,224916,452711,237175,7,82,2,6,7,0
"More than a typical turtle, he's a hero in a half shell!","|cFFFFD200Treasure:|r Dalaran Sewer Turtle|n|cFFFFD200Zone: |rIsle of Dorn",4594,225238,453076,1738657,8,82,10,6,7,0
"Lil' Flameo is ready to drop foolish pets if they get in the way.","|cFFFFD200Promotion:|r Steelseries x World of Warcraft|n",4595,225354,453266,4891623,5,16466,7,6,7,0
"No longer lost or lonely, your faithful companion has decided that by your side is the best place to be.","|cFFFFD200Treasure:|r Half-Buried Dog Bowl|n|cFFFFD200Zone: |rIsle of Dorn",4596,225537,453741,538568,7,146,0,6,7,0
"Incredibly lifelike, this enchanted wax statue could pass for a real mole. If petting it didn't cause it to melt, that is.","|cFFFFD200Vendor: |rGnawbles|n|cFFFFD200Zone: |rThe Ringing Deeps|n|cFFFFD200Cost: |r1|Hitem:224642|h|TInterface\ICONS\INV_Jewelcrafting_NobleTopaz_02.blp:0|t|h",4597,225632,453913,5777858,6,18,2,6,7,0
"One hero's trash is another kobold's treasure. This unfortunately does not work in reverse.","|cFFFFD200Vendor: |rGnawbles|n|cFFFFD200Zone: |rThe Ringing Deeps|n|cFFFFD200Cost: |r1|Hitem:224642|h|TInterface\ICONS\INV_Jewelcrafting_NobleTopaz_02.blp:0|t|h",4598,225554,453923,134168,0,18,2,6,7,0
"One shudders to imagine whether the name was based off of what it is... or what it does.","|cFFFFD200Treasure: |rMemory Cache|n|cFFFFD200Zone: |rAzj-Kahet",4599,226125,455184,3459799,5,2,0,6,7,0
"Claudius is known for being brutally honest as well as a great singer. He knows your jewels would look better on him.","|cFFFFD200Trading Post|r |n",4602,227414,457689,5559625,8,16466,11,6,7,0
"In life, Gizmo never hurt a soul. Having been brutally murdered, he now considers violence.","|cFFFFD200World Event:|r WoW's Anniversary|n",4614,229779,462942,646059,4,90,6,6,7,0
"Ancient Gorian blood runs through Parrlok's veins. As far as anyone knows, his desire for enjoying pastries and chatting with his friends keeps his imperial ambitions in check.","|cFFFFD200Trading Post|r",4615,229846,463079,4215254,0,16466,11,6,7,0
"Gummi baubleworms have an abundance of natural predators, as they are known for their rubbery texture and sweet flavors.","|cFFFFD200Promotion|r |n",4616,229860,463148,5852399,7,16450,7,6,7,0
"PRIMARY DIRECTIVE: ENGAGE IN HEROICS.
PREFERRED HEROICS: THRILLING.
SECONDARY DIRECTIVE: BECOME HERO.
PREFERRED HERO: BIG.","|cFFFFD200Promotion|r |n",4617,229890,463242,5869666,9,16450,7,254,7,0
"RELAXATION MODE: ENGAGED.
RELAXATION LEVEL: MAXIMUM.
INTERNAL TEMPERATURE: LOW.","|cFFFFD200Promotion|r |n",4618,229901,463251,5869665,9,16450,7,254,7,0
"These small krolusks seem to prefer the sandy shoals and high humidity of the isles' many beaches.","|cFFFFD200Pet Battle: |rSiren Isle",4628,230394,0,1573605,7,26,4,6,7,0
"A master of distractions, Brrrgl can steal your heart with a dance, a fish or some friends.","|cFFFFD200Promotion|r |n",4629,198987,464798,4693217,0,16402,7,6,7,0
"Gill'el stepped down from leading Frostfin clan to commune with the elements. His return has sparked excitement in all.",|cFFFFD200Promotion|r,4630,230834,464808,5834819,0,16466,7,939,940,0
"Eagerly attends every cookout. He just wants to grill for gob's sake!","|cFFFFD200Achievement: |rFamily Battler of Undermine|n|cFFFFD200Category: |rBattle",4631,231469,471902,5928915,7,82,5,6,7,0
"He's just a bit tuckered out. He's just a little guy.","|cFFFFD200Vendor: |rLab Assistant Laszly|n|cFFFFD200Zone: |rUndermine|n|cFFFFD200Cost: |r6500|Hcurrency:2815|h|TInterface\ICONS\SPELL_AZERITE_ESSENCE14.BLP:0|t|h",4632,231468,471904,5928912,7,2,2,6,7,0
"Gotta be tough with the scruff.","|cFFFFD200Vendor: |rMaterialist Ophinell|n|cFFFFD200Zone: |rTwilight Highlands|n|cFFFFD200Cost: |r30|Hcurrency:3319|h|TInterface\ICONS\INV12_Twilight_ Blade_Cultist_Insignia.BLP:0|t|h",4633,231467,471901,5928911,7,16402,2,6,7,0
"Look, she likes it! She's smiling, see!",,4634,231465,471903,5928910,7,34,-1,6,7,0
"Do the hyenas need to wear goggles? Absolutely not. Does it look extremely cool? Incredibly.","|cFFFFD200World Event:|r Children's Week|n",4635,231466,471900,5928914,7,2,6,6,7,0
"One more thing... Show my hound some respect.","|cFFFFD200Drop:|r Shipping and Handling|n|cFFFFD200Zone: |rUndermine",4636,231464,471907,5928913,7,2,0,6,7,0
"And then, woosh! It comes stampeding out of the ocean and like, roars! Raaargh!","|cFFFFD200Vendor: |rBoatswain Hardee|n|cFFFFD200Zone: |rUndermine|n|cFFFFD200Cost: |r6500|Hcurrency:2815|h|TInterface\ICONS\SPELL_AZERITE_ESSENCE14.BLP:0|t|h",4637,231457,471942,6105005,9,2,2,6,7,0
"It's red because it like, killed so many bad guys! It's all their blood! And it's on fire too!","|cFFFFD200Vendor: |rDitty Fuzeboy|n|cFFFFD200Zone: |rUndermine|n|cFFFFD200Cost: |r10|Hitem:234741|h|TInterface\ICONS\INV_Engineering_90_Toolbox_Orange.BLP:0|t|h",4638,231455,471939,6105007,9,2,2,6,7,0
"It totally fell into a pit of acid but then it came back ten times stronger! So cool!!!","|cFFFFD200Drop:|r Sifted Pile of Scrap|n|cFFFFD200Zone: |rUndermine",4639,231456,471944,6105006,9,2,0,6,7,0
"Nuh-uh! Yellow is coolest! It's themed after the original, who's totally gonna beat that stupid gorilla!","|cFFFFD200Vendor: |rSnix Longpocket|n|cFFFFD200Zone: |rLiberation of Undermine",4640,231454,471933,6105008,9,18,2,6,7,0
"And even if they reach the danish, they'll never get past Rocketfist!","|cFFFFD200Vendor: |rShredz the Scrapper|n|cFFFFD200Zone: |rUndermine|n|cFFFFD200Cost: |r6500|Hcurrency:2815|h|TInterface\ICONS\SPELL_AZERITE_ESSENCE14.BLP:0|t|h",4641,231450,471918,5904914,9,2,2,6,7,0
"Mega-Mecha Gorilla possesses the strength of not one, but FIVE gorillas.","Quest: Mega-Mecha Gorilla|nZone: Undermine",4642,231451,471935,5904911,9,18,1,6,7,0
"Tiny Torq's dad could TOTALLY beat up Flarendo's dad.","|cFFFFD200Vendor: |rSkitto Screwjack|n|cFFFFD200Zone: |rLiberation of Undermine",4643,231448,471945,5904913,9,131090,2,6,7,0
"And he was all like, Primal Punch!!","|cFFFFD200Vendor: |rDitty Fuzeboy|n|cFFFFD200Zone: |rUndermine|n|cFFFFD200Cost: |r8|Hitem:234741|h|TInterface\ICONS\INV_Engineering_90_Toolbox_Orange.BLP:0|t|h",4644,231453,471940,5904912,9,2,2,6,7,0
"Scrap metal hunks hauling junk.","|cFFFFD200Vendor: |rRocco Razzboom|n|cFFFFD200Zone: |rUndermine|n|cFFFFD200Cost: |r6500|Hcurrency:2815|h|TInterface\ICONS\SPELL_AZERITE_ESSENCE14.BLP:0|t|h",4645,231458,471925,6383539,9,2,2,6,7,0
"Fun for the whole family! A self-detonating robot for all occasions!","|cFFFFD200Drop:|r Shipping and Handling|n|cFFFFD200Zone: |rUndermine",4646,231463,471923,6383541,9,2,0,6,7,0
"Originally built by Dr. DELVER to compete with renowned treasure hunter Brann Bronzebeard. Never really panned out though, so now he just helps out.","|cFFFFD200Drop:|r Goblin Delve's Heavy Trunk",4647,231462,471922,6383541,9,2,0,6,7,0
"It's lame to have a hunchbacked crony mewl 'yes master' when you can just get a robot to do it for free.","|cFFFFD200Vendor: |rDitty Fuzeboy|n|cFFFFD200Zone: |rUndermine|n|cFFFFD200Cost: |r5|Hitem:234741|h|TInterface\ICONS\INV_Engineering_90_Toolbox_Orange.BLP:0|t|h",4648,231461,471924,6383542,9,2,2,6,7,0
"Being a pirate is alright with me, especially if you've got this thing willing to carry your grog.","|cFFFFD200Vendor: |rDitty Fuzeboy|n|cFFFFD200Zone: |rUndermine|n|cFFFFD200Cost: |r5|Hitem:234741|h|TInterface\ICONS\INV_Engineering_90_Toolbox_Orange.BLP:0|t|h",4649,231459,471920,6383540,9,2,2,6,7,0
"Yes boss! Yes boss! Yes boss!","|cFFFFD200Vendor: |rDitty Fuzeboy|n|cFFFFD200Zone: |rUndermine|n|cFFFFD200Cost: |r5|Hitem:234741|h|TInterface\ICONS\INV_Engineering_90_Toolbox_Orange.BLP:0|t|h",4650,231460,471921,6383543,9,2,2,6,7,0
"The thicker and more gangly the whiskers, the more devious the rodent. That's just basic biology.","|cFFFFD200Pet Battle: |rUndermine",4651,231477,471893,6383519,4,26,4,6,7,0
"Stop me if you've heard this one before: they fell into a vat of radioactive acid.","|cFFFFD200Pet Battle: |rUndermine",4652,231470,471896,6383521,4,26,4,6,7,0
"They weren't lying, this rat can absolutely get that dang cheese.","|cFFFFD200Vendor: |rAngelo Rustbin|n|cFFFFD200Zone: |rUndermine|n|cFFFFD200Cost: |r3|Hcurrency:3220|h|TInterface\ICONS\INV_Drink_21.blp:0|t|h",4653,231479,471895,6383522,4,2,2,6,7,0
"Scientists, engineers, and gamers of Undermine must keep their desks clean lest they be visited by the underroaches.","|cFFFFD200Pet Battle: |rUndermine",4654,231481,471897,5847066,4,26,4,6,7,0
"The itchy legs! The wiggly antennae! Okay, fine, he's not cute. But he's trying!","|cFFFFD200Vendor: |rAngelo Rustbin|n|cFFFFD200Zone: |rUndermine|n|cFFFFD200Cost: |r1|Hcurrency:3220|h|TInterface\ICONS\INV_Drink_21.blp:0|t|h",4655,231548,471899,5847065,4,2,2,6,7,0
"The natural habitat of these crabs is so polluted and devoid of shells that they've been forced to take shelter in discarded goblin munitions. Are you gonna keep littering after learning that?","|cFFFFD200Pet Battle: |rUndermine",4656,231550,471909,5874197,8,26,4,6,7,0
"In a pinch, Venture Co. workers might use these creatures for some impromptu demolition. Get it? Pinch?","|cFFFFD200Pet Battle: |rUndermine",4657,231567,471908,5874201,8,26,4,6,7,0
"Buried amid sand and sediment, these crabs blend right into their environment.","|cFFFFD200Pet Battle: |rUndermine",4658,231570,471910,5874148,8,26,4,6,7,0
"Did it spend too long near kaja'mite? Did someone give it kaja'cola? Who knows, but the name is great branding.","|cFFFFD200Pet Battle: |rZuldazar",4659,231572,471911,5874149,8,26,4,6,7,0
"Paleshell cave crabs are said to be the tastiest variety. Perhaps that's why they're the hardest to find.","|cFFFFD200Pet Battle: |rUndermine",4660,231574,471917,5874152,8,26,4,6,7,0
"Do you see pity in these blinking, soulless eyes? I didn't think so.","|cFFFFD200Vendor: |rDitty Fuzeboy|n|cFFFFD200Zone: |rUndermine|n|cFFFFD200Cost: |r5|Hitem:234741|h|TInterface\ICONS\INV_Engineering_90_Toolbox_Orange.BLP:0|t|h",4661,231622,471941,2126356,9,2,2,6,7,0
"Before the Mark II, Varmints were a sorry excuse for an annoying and over-engineered pest. Now, though? They're absolutely infuriating!","|cFFFFD200Pet Battle: |rUndermine",4662,231577,471932,2126361,9,26,4,6,7,0
"The acid-green accents add a sporty vibe to this flightless robotic bird thing.","|cFFFFD200Pet Battle:|r Undermine|n",4663,231579,471934,3004141,9,26,4,6,7,0
"Shrugs off boiling oil and eleven secret herbs and spices. Just don't introduce it to rust.","|cFFFFD200Achievement: |rHonored with the Cartels
|cFFFFD200Category: |rWar Within",4664,231621,471946,3004141,9,82,5,6,7,0
"Yellow Tropical Frog",,4665,231613,0,2399264,8,42,-1,6,7,0
"A recent excavation on Zuldazar obliterated the natural habitat of these creatures and sent them spilling into the wilds.","|cFFFFD200Pet Battle: |rZuldazar",4666,231616,471912,2399242,8,26,4,6,7,0
"A robotic frog might seem useless, but once you're attacked by a swarm of mechanical flies, you'll be wishing you had one.","|cFFFFD200Pet Battle:|r Undermine|n",4667,231684,471943,2399257,9,26,4,6,7,0
"Faster. Stronger. And it can double jump.","|cFFFFD200Pet Battle: |rUndermine",4668,231686,471937,2399248,9,26,4,6,7,0
"Bluedoo's magic and skills in accupuncture will help any in need of relaxation.","|cFFFFD200Trading Post|r |n",4669,231713,466179,5206186,5,16466,7,6,7,0
,,4670,231756,0,5874200,8,32,-1,6,7,0
,,4671,231757,0,798062,9,32,-1,6,7,0
,,4672,231758,0,1521022,9,32,-1,6,7,0
,,4673,231760,0,645341,6,32,-1,6,7,0
,,4674,231762,0,2484341,6,32,-1,6,7,0
,,4675,231763,0,2399252,9,32,-1,6,7,0
,,4676,231628,0,3004141,9,33824,-1,6,7,0
,,4677,231627,0,5874147,8,33824,-1,6,7,0
,"|cFFFFD200Vendor: |rHistorian Ma'di|n|cFFFFD200Zone: |rTanaris|n|cFFFFD200Cost: |r10|Hcurrency:3100|h|TInterface\ICONS\INV_10_DungeonJewelry_Dragon_Necklace_1_Bronze.BLP:0|t|h",4678,231840,466575,6116549,0,82,2,6,7,0
,"|cFFFFD200Drop: |rLord Kazzak|n|cFFFFD200Zone: |rBlasted Lands",4679,231841,466576,6116552,0,2,0,6,7,0
"The game's afoot. Except when it is time to nap. Afterwards though, it's game on!","|cFFFFD200In-Game Shop|r|n",4682,232502,468186,6075526,7,82,9,6,7,0
"It is almost as if a wooden toy has come to life. Keep this pet away from children.","|cFFFFD200In-Game Shop|r",4684,232533,468228,6124758,2,2,9,6,7,0
"Found by Taunka as a newborn pup Specter is fiercely loyal. Yet he is beginning to live up to his name as he stalks into the world.","|cFFFFD200Vendor: |rAuzin|n|cFFFFD200Zone: |rDalaran|n|cFFFFD200Cost: |r2200|Hcurrency:1166|h|TInterface\ICONS\PVECurrency-Justice.blp:0|t|h",4686,232579,468317,132266,7,82,2,6,7,0
"Rarely captured alive, syphoners are some of the most dangerous of the mana wyrms. This one happened to have been distracted while binging on a particularly juicy spell book in the Karazhan library.","|cFFFFD200Vendor: |rCupri|n|cFFFFD200Zone: |rShattrath City|n|cFFFFD200Cost: |r2200|Hcurrency:1166|h|TInterface\ICONS\PVECurrency-Justice.blp:0|t|h",4689,232585,468338,132841,5,82,2,6,7,0
"Razeshi B. is known for her short temper, quick wit and sharp barbs. The B. stands for ""Best check yourself.""",|cFFFFD200Promotion|r|n,4690,233481,470914,5788265,0,16466,7,6,7,0
"It's best not to ask how Grunch acquired all these gifts because you know it's not because he's been nice.","|cFFFFD200Quest:|r You're A Mean One...|n|cFFFFD200World Event:|r Winter Veil|n",4691,233564,471121,6027035,7,16386,1,6,7,0
"Reaching for what you thought was a pile of plunder turned out to be Sparklesnap's treasure-laden shell. After mistakenly petting his back, he now eagerly follows you.","|cFFFFD200Special Event: |rPlunderstorm",4692,233797,471479,5559622,8,16466,0,6,7,0
"Lab leaks are sometimes dangerous. Sometimes, they're cute. Sometimes, both!","|cFFFFD200Pet Battle: |rUndermine",4693,231728,471898,3459799,5,26,4,6,7,0
"Previous owners of the crate have reported the disappearance of other pets from their collection.","|cFFFFD200World Event:|r Winter Veil",4694,233965,471751,133202,5,147538,6,33,7,0
"Very unhappy. Always goes for the jugular. Kind of cute.","|cFFFFD200Drop:|r Delve's End of Run Rewards|n",4961,256269,1268690,7119302,7,210,0,6,7,0
"Parley is a rather serious and grumpy bird. If you value your eyeballs, it's best not to ask if Parley wants a cracker.","|cFFFFD200Special Event: |rPlunderstorm",4695,233967,471798,4395379,2,16466,0,6,7,0
"People get turned into rats sometimes. It's not that weird.","|cFFFFD200Quest:|r Unsolicited Feedback|n|cFFFFD200Zone: |rUndermine",4701,234071,472194,6351952,4,2,1,6,7,0
"Once protected by the thick forests of the isle, these smaller and less aggressive krolusks have had to rapidly adapt to their recently deforested home.","|cFFFFD200Pet Battle: |rSiren Isle",4702,234097,0,1573607,7,26,4,6,7,0
"Like many species of Krolusk, this variety seems to prefer the isles network of underground caves.","|cFFFFD200Pet Battle: |rSiren Isle",4703,234101,0,1573608,7,26,4,6,7,0
"When being adored, a Living Rose emits beautifully intoxicating aromas. When ignored, those aromas become actually toxic.","|cFFFFD200World Event:|r Love is in the Air|n|cFFFFD200Cost: |r40 |Hitem:49927|h|TInterface\ICONS\INV_ValentinesCard01.BLP:0|t|h",4704,234131,472439,6210765,6,16386,6,6,7,0
"Though left behind on the Siren Isle, this old but very good boy proves that some things only get better with age.","|cFFFFD200Discovery:|r Siren Isle|n",4708,234365,472536,5279603,7,82,10,6,7,0
"This good girl loves nothing more than the feeling of the warm sun on her coat and freshly dug earth between her paws.",,4709,234366,473127,5279604,7,16496,-1,6,7,0
"This beautiful macaw is awfully far from home, and seeks the company of a more worthy companion than it's previous 'owners'.","|cFFFFD200Pet Battle: |rSiren Isle",4710,234367,0,1716282,2,26,4,6,7,0
"It is said that the bite of a snapdragon pup is many times stronger and more potent than the adults.","|cFFFFD200Pet Battle: |rSiren Isle",4711,234369,0,2766227,8,26,4,6,7,0
"Like most young meeksi, Liu has a penchant for finding both trouble and adventure. Unlike other meeksi, Liu can teleport across great distances in search of both.","|cFFFFD200In-Game Shop|r",4717,234439,473300,6310496,0,16466,7,6,7,0
"With a face this lovable Wuffi is sure you'll wind-up being the best of friends.","|cFFFFD200Trading Post|r",4718,234663,473942,6231699,9,16466,2,6,7,0
"A wag of their tail always brings a smile to your face, like clockwork.","|cFFFFD200Trading Post|r",4719,234664,473945,6231700,9,16466,2,6,7,0
"These small cubs are as fiesty as they are cuddly.","|cFFFFD200Pet Battle: |rSiren Isle",4723,234710,0,298596,7,26,4,6,7,0
"Rigorously trained from birth these young boars eat, fight and sleep in their armor.","|cFFFFD200Pet Battle:|r Siren Isle",4724,234734,0,132184,7,26,10,6,7,0
,"|cFFFFD200Zone: |rSiren Isle",4725,234908,474730,897131,9,16416,0,6,7,0
"This small cub has been influenced by constant storms on Siren Isle. Just petting it's soft fur sends static shocks across your hand.","|cFFFFD200Zone: |rSiren Isle|n|cFFFFD200Drop: |rStormtouched Pridetalon",4726,235124,1213821,298588,7,2,10,6,7,0
"This krolusk seems to display an unusual level of intellegence in it's shiny red, reflective eyes.","|cFFFFD200Vendor: |rSoweezi|n|cFFFFD200Zone: |rSiren Isle|n|cFFFFD200Cost: |r750|Hcurrency:3090|h|TInterface\ICONS\INV_Siren_Isle_FlameBlessed_Iron.BLP:0|t|h",4727,235130,1213831,2011146,7,18,2,6,7,0
"The meeksi Teatuft Tamers love lounging with their Teatufts and sipping a cup of mystical tea after a long lazy day.","|cFFFFD200Trading Post|r",4728,235152,1213903,6310499,0,16466,11,6,7,0
"The Fullbelly meeksi will often put their own safety at risk if they smell food. Nothing brings them happiness like a cup of tea and a warm meal.","|cFFFFD200Trading Post|r",4729,235159,1213933,6310498,0,16466,11,6,7,0
"Meet your new best mech-friend, Maya. Maya loves a good, tight wind-up so she can spring into action.","|cFFFFD200In-Game Shop|r",4730,236016,1215317,6231701,9,16466,9,6,7,0
"Snapdragon pups that were abandoned on the shores have become infused with the energies of the Seafury Tempest, as the other Siren Isle creatures have.","|cFFFFD200Pet Battle: |rSiren Isle: Seafury Tempest",4731,236040,0,2766226,8,26,4,6,7,0
"It is said that from the moment they hatch snapdragons are independent from their parents, though the more recent venture to Nazjatar has seemingly debunked this theory.","|cFFFFD200Pet Battle:|r Siren Isle, Seafury Tempest|n",4732,236041,0,2766228,8,26,4,6,7,0
"This thing is equally as evil as it is adorable.","|cFFFFD200Promotion|r |n",4733,236783,1216564,6243478,6,147538,7,6,7,0
,"|cFFFFD200Pet Battle:|r Undermine|n",4737,237701,0,892833,9,33824,4,6,7,0
,,4738,237706,0,667691,2,32802,-1,6,7,0
,,4739,237707,0,6351952,4,32802,-1,6,7,0
,,4740,237708,0,5928913,7,32802,-1,6,7,0
,"|cFFFFD200Pet Battle: |rUndermine",4741,237713,0,5874197,8,32802,4,6,7,0
,"|cFFFFD200Pet Battle: |rUndermine",4742,237714,0,1716280,2,32802,4,6,7,0
,"|cFFFFD200Pet Battle: |rUndermine",4743,237715,0,6383540,9,32802,4,6,7,0
,"|cFFFFD200Pet Battle: |rUndermine",4744,237720,0,5847066,4,32802,4,6,7,0
,"|cFFFFD200Pet Battle: |rUndermine",4745,237721,0,5847067,4,32802,4,6,7,0
,"|cFFFFD200Pet Battle: |rUndermine",4746,237719,0,5847065,4,32802,4,6,7,0
"For so many years Mathias Shaw had his eyes and ears gathering intelligence around Azeroth. Now at least some eyes have come home.","|cFFFFD200Treasure:|r Valeera's Corrupted Chest|n|cFFFFD200Zone:|r Vision of Stormwind (Revisited)",4747,237850,1218378,3004126,5,2,0,41,7,0
"This watcher's ennui is as eternal as the struggle between the Light and the Void.","|cFFFFD200Drop:|r Vibrating Box|n|cFFFFD200Zone: |rK'aresh",4828,245475,1238271,7119296,5,2,0,6,7,0
"Stormwind's Trade District sees many goods and animals pass through its auction house. Once the parrots of Stranglethorn were an expensive luxury. Now those present when N'zoth took over are a scourge.","|cFFFFD200Treasure:|r Wyrmbane's Corrupted Chest|n|cFFFFD200Zone:|r Vision of Stormwind (Revisited)",4748,237852,1218379,2103815,2,2,0,6,7,0
"A creature prized by rogues for its venom. Many lived in the many holes and warrens of the Drag, but after the fall these new horrors emerged to menace the survivors.","|cFFFFD200Treasure:|r Garona's Corrupted Chest|n|cFFFFD200Zone:|r Vision of Orgrimmar (Revisited)|n",4749,237855,1218381,132195,7,2,2,6,7,0
"Rarely raised in captivity, Tallstrider's are extremely territorial. A small clutch of eggs was found during a hunt, and a tauren trainer came to Orgrimmar to show them off. However, after the fall, they have become deadly once more. So far, no one has been able to direct their corrupted forms.","|cFFFFD200Treasure:|r Geya'rah's Corrupted Chest|n|cFFFFD200Zone:|r Vision of Orgrimmar (Revisited)|n",4750,237856,1218383,132198,2,2,0,6,7,0
"The Gallagio is well-known in Undermine for unexpectedly animating piles of valuables in unexpected places.","|cFFFFD200Drop: |rGallagio Garbage|n|cFFFFD200Zone: |rUndermine",4755,237976,1219016,237281,6,16416,0,6,7,0
"The Scourge of the Aspects is consumed by rage and filled with a hunger to consume. Its presense is a sign of an unpredictable and erratic future for any form of dragonkin.","|cFFFFD200Vendor:|r Torie|n|cFFFFD200Zone:|r Dornogal|n|cFFFFD200Cost: |r5000|Hcurrency:3149|h|TInterface\ICONS\Archaeology_5_0_MoguCoin.blp:0|t|h",4756,238064,1219265,6648449,1,82,2,6,7,0
"These grumpy, frumpy meeksi only seem to find joy when drinking a boba milk tea with salted caramel and cookie dough.","|cFFFFD200Trading Post|r",4757,238178,1219626,6310497,0,16466,11,6,7,0
"Small, snappy, and with a temper as explosive as its name. Handle with caution!","|cFFFFD200Drop: |rSwampface|n|cFFFFD200Zone: |rOperation: Floodgate",4759,238393,1220834,5874196,8,2,0,6,7,0
"PH - Tech was made to allow customizations.","|cFFFFD200Trading Post|r",4761,239362,1222968,6642732,7,16466,11,6,7,0
"Tock the Clocker Spaniel is one of the best watch dogs you can ask for.","|cFFFFD200In-Game Shop|r",4762,240137,1224569,6231698,9,16466,9,6,7,0
"Hungry? Try eating your foes!","|cFFFFD200Zone: |rVoidstorm",4790,240014,1226298,3535736,7,154,10,6,7,0
"Thrrrdgl is content with not being a top choice or even a second choice.  Thrrrdgl believes that first and second are the worst and third is the best.","|cFFFFD200Promotion|r |n",4791,198989,1226305,4693218,0,16466,7,6,7,0
"PH - Tech was made to allow customizations.","|cFFFFD200Trading Post|r",4792,240994,1226412,6642732,7,16466,11,6,7,0
"Weechi adores attention and what better way to get attention than wearing a costume? Simply seek out a Pet Grooming Station, near any Trading Post, to customize this sweet, wonderous little buddy.","|cFFFFD200Trading Post|r",4793,241150,1226743,6642732,7,82,11,6,7,0
"Given his boisterous behavior, we can only assume that he became imbued with the void from starting a fight. The question remains; who won?","|cFFFFD200Vendor: |rLars Bronsmaelt|n|cFFFFD200Zone: |rHallowfall|n|cFFFFD200Cost: |r6500|Hcurrency:2815|h|TInterface\ICONS\SPELL_AZERITE_ESSENCE14.BLP:0|t|h",4794,241297,1226942,5648283,7,18,2,6,7,0
"Formented in the chaos and dust of Voidstorm. It hasn't even learned how to hate yet!","|cFFFFD200Zone: |rVoidstorm",4795,241439,1250138,537022,5,154,10,6,7,0
"According to Tol'vir beliefs, a crocolisk nest that hatches during the Festival of the Sun is said to be blessed by the river guardian, Sa'bak.",|cFFFFD200Promotion|r,4796,241416,1227251,6694821,8,16466,7,6,7,0
"Most felstalkers are fiercesome and ravenous. This one, however, seems to be feeling a bit lonely.","|cFFFFD200World Event:|r WoW Remix: Legion",4801,242176,1229381,6918291,4,16466,6,6,7,0
"Known to take a bite out of his owner. Pet cautiously.","|cFFFFD200World Event:|r WoW Remix: Legion",4802,242180,1229382,6918290,4,16466,6,6,7,0
"Glows green, occassionally.","|cFFFFD200Achievement: |rMidnight Dungeon Hero|n|cFFFFD200Category: |rDungeons & Raids",4803,242452,1230550,7301943,4,210,5,6,7,0
"Cub of Blazeclaw and valiant courier of Flame's Radiance. Swiftpaw serves the Sacred Flame more ferociously than some Arathi do.","|cFFFFD200Vendor: |rLars Bronsmaelt|n|cFFFFD200Zone: |rHallowfall|n|cFFFFD200Cost: |r6500|Hcurrency:2815|h|TInterface\ICONS\SPELL_AZERITE_ESSENCE14.BLP:0|t|h",4804,242652,1231110,5648285,7,18,2,6,7,0
"Now this is one, spicy, mean, ball.","|cFFFFD200Promotion:|r Dastardly Duos",4806,241346,1227066,6851837,9,16466,7,6,7,0
"Wherever it goes, it leaves behind a soft glow that stirs hope in even the darkest places","|cFFFFD200Promotion|r |n",4811,244145,1234588,6792419,1,2,7,6,7,0
"It glides through the air with shadowy wings and a trail of eerie whispers.","|cFFFFD200Promotion|r ",4812,244146,1234591,6792054,1,2,7,6,7,0
"Ixthal enjoys hide-and-seek when not contemplating the slow devouring of entire worlds by the Void.","|cFFFFD200Zone:|r K'aresh",4813,244263,1234822,7119297,5,18,0,6,7,0
"When does a hatchling become a fledgling if hawkstriders never fledge?","|cFFFFD200Quest: |rFirst Step Into Parenthood|n|cFFFFD200Zone: |rEversong Woods",4816,245043,1236986,6703757,4,146,1,6,7,0
,,4824,245204,1237372,6159152,4,16418,-1,6,7,0
"This baby thorntail's favorite activity is splashing in small puddles.","|cFFFFD200Drop:|r Vibrating Box|n|cFFFFD200Zone: |rK'aresh",4825,245215,1237377,6159151,4,2,0,6,7,0
"This little thorntail just loves to get into scraps and scrapes with its greatest foe: lapbugs.","|cFFFFD200Drop:|r Vibrating Box|n|cFFFFD200Zone: |rK'aresh",4826,245217,1237379,6159150,4,2,0,6,7,0
"Early attempts to integrate with the ecosystem resulted in multiple specimens being eyeblasted.","|cFFFFD200Drop:|r Vibrating Box|n|cFFFFD200Zone: |rK'aresh",4827,245474,1238270,7119296,5,2,0,6,7,0
"Warning: It may root against you.","|cFFFFD200Trading Post|r",4963,256559,1269346,7467152,6,16466,11,6,7,0
"It waits and watches from the shadows. Softly. Softly.","|cFFFFD200Vendor: |rShad'anis|n|cFFFFD200Zone: |rK'aresh|n|cFFFFD200Cost: |r4|Hcurrency:3303|h|TInterface\ICONS\INV_Misc_Coin_08.blp:0|t|h",4829,245476,1238272,7119389,5,18,2,6,7,0
"Ever watchful, never blinking.","|cFFFFD200Vendor: |rMaterialist Ophinell|n|cFFFFD200Zone: |rTwilight Highlands|n|cFFFFD200Cost: |r30|Hcurrency:3319|h|TInterface\ICONS\INV12_Twilight_ Blade_Cultist_Insignia.BLP:0|t|h",4830,245477,1238273,7119297,5,16402,2,6,7,0
"While not viewed as insightful enough to be a Watcher just yet, he's on the lookout for others to share his vision with.","|cFFFFD200Faction: |rManaforge Vandals|n|cFFFFD200Renown: |r13|n|cFFFFD200Location: |rShadow Point",4832,245479,1238275,7119298,5,18,1,6,7,0
"Siphonmites generally feed on the energies of dying worlds, but this one is perfectly content with getting some scritches from researchers instead.","|cFFFFD200Drop:|r Vibrating Box|n|cFFFFD200Zone: |rK'aresh",4833,245480,1238282,6841595,7,2,0,6,7,0
"Jimmy's actual name is Morgilito, Spawn of Morgil, Chosen Enemy of Tazavesh, Devourer of K'aresh...but everyone just calls him Jimmy.","|cFFFFD200Drop: |rMorgil the Netherspawn|n|cFFFFD200Zone: |rK'aresh",4834,245481,1238283,6841594,7,18,0,6,7,0
"How this siphonmite snuck its way into a stasis container is anyone's guess.","|cFFFFD200Drop:|r Vibrating Box|n|cFFFFD200Zone: |rK'aresh",4835,245482,1238284,6841593,7,2,0,6,7,0
"Who knew these things could eat so much?","|cFFFFD200Drop:|r Vibrating Box|n|cFFFFD200Zone: |rK'aresh",4836,245494,1238328,7119390,7,2,0,6,7,0
,"
",4837,245495,1238329,7119302,7,16418,9,6,7,0
"Still not quite old enough to leave the nest.","|cFFFFD200Drop: |rMalek'ta|n|cFFFFD200Zone: |rK'aresh",4838,245496,1238330,7119299,7,18,0,6,7,0
"Projections showed a less than one percent chance of successful integration, but this one is too cute to eliminate.","|cFFFFD200Drop:|r Vibrating Box|n|cFFFFD200Zone: |rK'aresh",4839,245497,1238331,7119300,7,2,0,6,7,0
"Efforts to rewire the more desctructive tendencies of the species left this specimen more docile than most, but it was still not a successful endeavor.","|cFFFFD200Drop:|r Vibrating Box|n|cFFFFD200Zone: |rK'aresh",4840,245498,1238332,6328733,2,2,0,6,7,0
"Seeks out the light of the stars. Even in the daytime.","|cFFFFD200Achievement: |rBounty Seeker
|cFFFFD200Category: |rWar Within",4841,245499,1238333,6328732,2,82,-1,6,7,0
"Drawn to shiny objects. And darkness. Especially darkness.","|cFFFFD200Drop: |rThe Nightreaver|n|cFFFFD200Zone: |rK'aresh",4842,245500,1238336,6328734,2,18,0,6,7,0
"A very friendly cosmic being. Direct eye contact will obliterate your soul.","|cFFFFD200Drop:|r Ethereal Delve's Heavy Trunk|n",4843,245501,1238334,6328735,2,2,0,6,7,0
"This cosmic ray pup is curious about a great many things. Don't let it get into trouble (again)!","|cFFFFD200Drop:|r Vibrating Box|n|cFFFFD200Zone: |rK'aresh",4844,245502,1238335,6328736,2,2,0,6,7,0
"A favorite pet of some poor soul from before the fall of K'aresh, found trapped in stasis.","|cFFFFD200Treasure: |rAncient Coffer|n|cFFFFD200Zone: |rK'aresh",4845,245503,1238337,7119393,4,18,0,6,7,0
"This exceptionally loud lapbug's calls were enough to throw the already destabilized elements in the local area into complete disarray. Now it's your turn to get bugged.","|cFFFFD200Drop: |rHeka'tamos|n|cFFFFD200Zone: |rK'aresh",4846,245504,1238338,7119308,4,18,0,6,7,0
"Lapbugs were widely prized as domesticated pets before the fall of K'aresh. Copper lapbugs were especially sought-after.","|cFFFFD200Drop:|r Vibrating Box|n|cFFFFD200Zone: |rK'aresh",4847,245505,1238341,7119309,4,2,0,6,7,0
"Widely prized as pets, cerulean lapbugs were thought to bring good fortune.","|cFFFFD200Drop:|r Vibrating Box|n|cFFFFD200Zone: |rK'aresh",4848,245506,1238346,7119391,4,2,0,6,7,0
"These tiny harvesters are often deployed along the coastline during low tide to collect cargo and timbers that have washed ashore from shipwrecks.","|cFFFFD200Vendor: |rChurbro|n|cFFFFD200Zone: |rZuldazar|n|cFFFFD200Zone: |rBoralus Harbor|n|cFFFFD200World Event:|r Battle for Azeroth Timewalking",4849,245545,1238913,5728024,9,82,2,6,7,0
"So much holiday spirit inside an itty-bitty amount of snow, it only makes sense to share it with the world!","|cFFFFD200World Event:|r Feast of Winter Veil|n",4851,245616,1238915,655957,6,16466,6,6,7,0
"Ancient dinomancers once believed that pure white scales on dinosaurs indicated the influence of celestial bodies.  In their pursuit of balance, the Lun'alai have embraced these superstitions in their efforts to restore the white brutosaur.","|cFFFFD200Vendor: |rChurbro|n|cFFFFD200Zone: |rZuldazar|n|cFFFFD200Zone: |rBoralus Harbor|n|cFFFFD200World Event:|r Battle for Azeroth Timewalking|n",4852,245647,1239142,4559244,7,82,6,6,7,0
"Fel Snooters have a very good sense of smell. They will often immolate piles of leaves, scrap or snow to find grass and seeds.","|cFFFFD200Trading Post|r",4853,246660,1241750,6993780,7,16466,11,6,7,0
"The dark, fel-infused fur of the duskytooth allows them to more easily hide in the forests of Felwood.","|cFFFFD200Trading Post|r",4854,246661,1241756,6993781,7,16466,11,6,7,0
"An especially aggressive snooter. Its unpleasant disposition makes it an outcast among other snooters.","|cFFFFD200Trading Post|r",4855,246662,1241760,6993783,7,16466,11,6,7,0
"Of all snooters, this one has the scruffiest and warmest fur. It is a very friendly snooter but use extreme caution when petting it.","|cFFFFD200Trading Post|r",4856,246663,1241763,6993782,7,16466,11,6,7,0
"If you have milk tea, keep an eye on it. Brewthieves love to pop out of the shadows and steal tea. Even worse, once in paw they love to show off their newly acquired beverage.",|cFFFFD200Promotion|r,4858,246983,1242265,6310500,0,16466,7,6,7,0
"Zo'ya is cunning and beautiful, both highly desirable traits among purrkins. Despite being the culprit behind many mishaps, her warm glow ensures she is forgiven for any transgression.","|cFFFFD200Faction: |rManaforge Vandals|n|cFFFFD200Renown: |r8|n|cFFFFD200Location: |rShadow Point",4859,247463,1243337,3742946,7,2,1,6,7,0
"While purrkin have a knack for getting lost, none have ever been so talented as this one. Purrfectly unbothered however, this curious creature can thrive in any situation.","|cFFFFD200Source: |r???
|cFFFFD200Zone: |rTazavesh, the Veiled Market",4860,247465,1243343,3742947,7,82,-1,6,7,0
"With boundless energy and unbridled enthusiasm, the foal seeks the skies. It may not be ready, but exercise caution if you try to hold it back.","|cFFFFD200In-Game Shop|r",4862,248495,1246166,7142516,7,16466,9,6,7,0
"The molted feathers of these young eagles are used to build comfortable bedding for the Amani.","|cFFFFD200Zone: |rZul'Aman",4874,249812,1250374,7210233,2,154,10,6,7,0
"Young grovecrawlers are known to curl up around the ankles of its protectors for rest.","|cFFFFD200Zone: |rHarandar",4875,249815,1250373,7152801,7,154,10,6,7,0
"They do NOT taste like potatoes. Promise.","|cFFFFD200Zone: |rHarandar",4876,249816,1250371,7132154,8,154,10,6,7,0
"These prissy, flightless birds are known to relentlessly groom themselves. Much like their riders.","|cFFFFD200Zone: |rEversong Woods",4877,249817,1250370,6703756,4,154,10,6,7,0
"Oh snap!! Lizard!","|cFFFFD200Zone: |rZul'Aman",4878,249818,1250369,7116030,7,154,10,6,7,0
"You'd think with all those spikes, it might pop its own pustule sac. But no! Its pustule sac is actually really sturdy! Pustule sac!","|cFFFFD200Zone: |rVoidstorm",4879,249819,1250360,7119300,7,154,10,6,7,0
"Lurking beneath dark waters with needle sharp teeth. You can bite and drink their blood too, though. It's allowed.","|cFFFFD200Zone: |rZul'Aman",4880,249820,1250368,7119390,7,154,10,6,7,0
"A gnashing maw of teeth and tongues. This beast bears an uncanny resemblance to Azerothian leeches.","|cFFFFD200Treasure: |rQuivering Egg|n|cFFFFD200Zone: |rVoidstorm",4881,258803,1277679,538440,7,146,0,6,7,0
"Distinct from the sporebats that reside on Draenor and Outland. It's just a coincidence.","|cFFFFD200Zone: |rHarandar",4882,249822,1250366,132197,2,154,10,6,7,0
"These dragonhawks developed in the wilds of Zul'aman, where their green feathers and molt help them hide from hunters and predators.","|cFFFFD200Zone: |rZul'Aman",4883,249824,1250365,6739636,2,154,10,6,7,0
"He's scheming. Smirking. Don't trust him.","|cFFFFD200Zone: |rZul'Aman",4884,249825,1250363,4632788,7,154,10,6,7,0
"Have a hoppy day!","|cFFFFD200Zone: |rZul'Aman",4885,249826,1250362,2399289,8,154,10,6,7,0
"Totally gonna transform into a beautiful winged creature, yup. It just might take a few dozen years.","|cFFFFD200Zone: |rHarandar",4886,249827,1250361,4209348,4,154,10,6,7,0
[PH],,4887,249488,1249256,6351950,4,146,-1,6,7,0
"With war paint on her fur and a growl in her belly, Naloki dreams of one day roaring like Nalorakk.","|cFFFFD200Vendor: |rMagovu|n|cFFFFD200Zone: |rZul'Aman|n|cFFFFD200Cost: |r2500|Hcurrency:3316|h|TInterface\ICONS\INV_112_RaidTrinkets_VoidPrism.BLP:0|t|h",4888,250583,1251593,7523128,4,146,2,6,7,0
"Arcane-infused wyrms are favored familiars of Eversong mages.","|cFFFFD200Zone: |rIsle of Quel'Danas",4889,250571,1251746,7301940,5,154,10,6,7,0
"The mana wyrm population really picked up after the Arcane Torrent nerf.","|cFFFFD200Zone: |rEversong Woods",4890,250572,1251770,7266832,5,154,10,6,7,0
"It's popping wings! Run!","|cFFFFD200Zone: |rIsle of Quel'Danas",4891,250573,1251771,7301941,5,154,10,6,7,0
"Rumored to be the familiar of a ren'dorei mage that escaped to the wilds of Voidstorm and became even more void infused.","|cFFFFD200Zone: |rVoidstorm",4892,250680,1251782,7301942,5,154,10,6,7,0
"Kindness gives hope golden wings, and the Heartglow Listener's feathers are with us through every tranquil night.","|cFFFFD200In-Game Shop|r",4894,251511,0,7292703,2,16466,9,6,7,0
"If you have a fish odds are Lil' Chompers will be nearby.","|cFFFFD200Trading Post|r",4895,251804,1254162,7277076,8,16466,11,6,7,0
"Slippery Saul loves to slide around the ground or the sea looking for fish.","|cFFFFD200Trading Post|r",4896,251817,1254201,7277076,8,16466,11,6,7,0
"You can never have too many fish according to May.","|cFFFFD200Trading Post|r",4897,251819,1254207,7277052,8,16466,11,6,7,0
"Frozen fish are Keith's favorite treat. If you've got frozen fish, you've got a new best friend.","|cFFFFD200Achievement:|r Climate Strange: Val|n|cFFFFD200Vendor: |rKifaan|n|cFFFFD200Zone: |rNaigtal or Val|n|cFFFFD200Cost: |r50|Hitem:238365|h|TInterface\ICONS\INV_Misc_Fish_41.blp:0|t|h |n|n",4898,251820,1254208,7277052,8,82,2,6,7,0
"Winter festivities seem to follow Eve wherever she goes.","|cFFFFD200Trading Post|r",4899,251821,1254212,7277045,8,16466,11,6,7,0
"Once native to the northern regions of the Eastern Kingdoms, this species of seal is now only common in Northrend after being hunted for food and leather during the Second War.","|cFFFFD200Trading Post|r",4900,251822,1254213,7277045,8,16466,11,6,7,0
"This young fledgeling is ready and eager to begin training.","|cFFFFD200World Event:|r WoW Remix: Legion",4901,251889,1254381,7197225,2,16466,6,6,7,0
"A rare auspicious beast in Pandaria. Well-traveled hozen call it a ""mobile luck amplifier.""","|cFFFFD200In-Game Shop|r",4902,252686,1256380,7315561,4,16466,9,34,60,0
"Curious and inquisitive, this starry-eyed whelpling has big dreams and a wish to explore every world in the cosmos.","|cFFFFD200Promotion|r ",4903,252859,1257069,7317259,1,16466,7,6,7,0
"Hatched from a long-forgotten egg, this scruffy little eagle has decided you're its new flock, whether you're ready or not.","|cFFFFD200Zone: |rZul'Aman",4906,253399,1258975,7210234,4,146,0,6,7,0
"No one knows how Lil' Coalee got his name. Was it his black heart? Was it his love for a warm fire? Was it simply that one of his parents were Big Coalee. Asking him yields no answers, only rage.","|cFFFFD200Promotion|r ",4907,254356,1261676,4891621,5,16466,9,6,7,0
,"|cFFFFD200Trading Post|r",4964,256560,1269350,7467153,6,16466,11,6,7,0
"Lil' Ashlee quietly bides her time waiting for a power vacuum. Once in power Lil' Ashlee will bring fun, merriment and fire to all!","|cFFFFD200Promotion|r ",4908,254359,1261687,4891622,5,16466,9,6,7,0
"Like his father, Do speaks little but is a friend to almost everyone except those who harm innocents.","|cFFFFD200Achievement: |rMidnight Safari",4910,254689,1262925,2205238,7,82,5,6,7,0
"While the markets of Tazavesh are a well-oiled machine, the P.O.S.T. service is a whirlwind of parchment, cartons, and rambunctious livestock. The use of P.O.S.T. assistants to handle dangerous material has saved a great many headaches.","|cFFFFD200Vendor: |rCollector Ta'steld|n|cFFFFD200Zone: |rOribos|n|cFFFFD200Cost: |r2200|Hcurrency:1166|h|TInterface\ICONS\PVECurrency-Justice.blp:0|t|h",4911,253374,1258852,4327618,5,82,2,6,7,0
"Magisters love to turn on their enchanted brooms before heading off to work, only to find it stuck in a corner of their Silvermoon apartment.","|cFFFFD200Zone: |rSilvermoon City",4912,254885,1263739,7354716,5,154,10,38,7,0
"Since Amirdrassil's emergence, many faerie dragons have taken refuge in Belameth. But many others continue to call Kalimdor home.","|cFFFFD200Achievement: |rFamily Battler of Kalimdor|n|cFFFFD200Category: |rBattle",4913,254979,1263911,5840606,1,210,5,6,7,0
"Chill out. It's just a spider.",,4914,254986,1263916,2027946,6,242,-1,6,7,0
"This potadpole is constantly getting stuck in things.","|cFFFFD200Treasure: |rKemet's Simmering Cauldron|n|cFFFFD200Zone: |rHarandar",4927,255119,1264236,7132153,8,210,0,6,7,0
"This tiny breed of dragonhawk is popular for those who prefer to keep their companions travel sized. Just keep them away from curtains.","|cFFFFD200Vendor: |rCaeris Fairdawn|n|cFFFFD200Zone: |rEversong Woods|n|cFFFFD200Cost: |r2500|Hcurrency:3316|h|TInterface\ICONS\INV_112_RaidTrinkets_VoidPrism.BLP:0|t|h",4928,255257,1264611,6739638,1,2,2,6,7,0
"A young grovecrawler that has been lovingly cared for by the Hara'ti.","|cFFFFD200Vendor: |rNaynar|n|cFFFFD200Zone: |rHarandar|n|cFFFFD200Cost: |r2500|Hcurrency:3316|h|TInterface\ICONS\INV_112_RaidTrinkets_VoidPrism.BLP:0|t|h",4929,255295,1264733,7152800,7,18,2,6,7,0
"This wyrm can't wait to grow up big and strong so it can hunt Prey too!","|cFFFFD200Vendor: |rConstruct E'nui|n|cFFFFD200Zone: |rSilvermoon City|n|cFFFFD200Cost: |r1200|Hcurrency:3392|h|TInterface\ICONS\INV_10_ElementalCombinedFoozles_Blood.BLP:0|t|h",4930,255522,1265397,7301938,5,18,2,6,7,0
"A roiling memory drawn to you from the Rift of Aln.","|cFFFFD200Quest:|r The Empty Cradle",4942,255689,1265969,135782,6,210,1,6,7,0
"Star just hatched and is ready for adventure. Sometimes napping is the greatest adventure of all.","|cFFFFD200In-Game Shop|r|n",4943,255736,1266115,7442919,1,16466,9,6,7,0
"Gummi the Glow Wyrm has an abundance of natural predators, as it is known for their rubbery texture and sweet flavors.","|cFFFFD200Promotion|r |n",4944,255750,1266148,7352245,5,16450,7,6,7,0
"Aud'rei will devour just about anything in her path to grow big and strong.","|cFFFFD200Quest:|r Re-Hydra-ted|n",4945,255832,1266364,237425,6,242,1,6,7,0
"This potadpole is grateful for your assistance after having been exposed to the Lightboom.","|cFFFFD200Quest:|r OK Bloomer|n",4946,255921,1266590,7132152,8,210,1,6,7,0
"Assistant Botanist Leafy is an expert at identifying edible plants... which is all of them.","|cFFFFD200Quest:|r Re-Hydra-ted|n",4947,256014,1266770,7152802,6,210,1,6,7,0
"After being rudely stuffed into a gourd in a vain effort to treat a Lightbloom infestation, this sporebat's just grateful to be out.","|cFFFFD200Treasure: |rImpenatrably Sealed Gourd|n|cFFFFD200Zone: |rHarandar",4948,256059,1266834,7233369,2,210,0,6,7,0
"A lingering remnant of Fyrakk's attempt at corrupting Amirdrassil.","|cFFFFD200Vendor: |rXydan|n|cFFFFD200Zone: |rValdrakken|n|cFFFFD200Cost: |r2200|Hcurrency:1166|h|TInterface\ICONS\PVECurrency-Justice.blp:0|t|h",4949,256080,1266976,4952369,6,18,2,6,7,0
"While it didn't make a good test subject, perhaps it will make a good companion.","|cFFFFD200Quest:|r Mighty and Superior|n",4950,256107,1267050,7126994,7,210,1,6,7,0
"What a happy snapling!","|cFFFFD200Profession:|r Fishing|n",4951,256201,1267090,7116030,7,154,3,6,7,0
"Evolving in the Voidstorm has really made its smaller inhabitants significantly more aggressive.","|cFFFFD200Vendor: |rVoid Researcher Anomander|n|cFFFFD200Zone: |rVoidstorm|n|cFFFFD200Cost: |r2500|Hcurrency:3316|h|TInterface\ICONS\INV_112_RaidTrinkets_VoidPrism.BLP:0|t|h",4952,256271,1268696,7119299,7,10,1,6,7,0
"""In this house we don't lay spores in people's ears when they sleep, no matter how funny their face is when they wake up.""","|cFFFFD200Drop:|r Delve's End of Run Rewards",4953,256264,1268686,7233370,2,210,0,6,7,0
"Ziorg'pharon, Emissary of the Cosmic Unknown, Ender of All That Is, Was, and Will Ever Be, or Zigy, as his friends call him, is physically incapable of harming a fly.","|cFFFFD200Drop:|r Delve's End of Run Rewards",4954,256276,1268698,6992624,6,210,0,6,7,0
"It doesn't bite. It rips and tears.","|cFFFFD200Vendor: |rNaleidea Rivergleam|n|cFFFFD200Zone: |rSilvermoon City|n|cFFFFD200Cost: |r10000|Hcurrency:2803|h|TInterface\ICONS\INV_Misc_ElvenCoins.blp:0|t|h",4955,256272,1268693,1723704,7,210,2,6,7,0
"Waddles around in a constant cloud of spores. Harmless? Hard to say--we're still waiting on the research team... or what's left of them.","|cFFFFD200Drop:|r Delve's End of Run Rewards",4956,256237,1267219,5791588,6,210,0,6,7,0
"Nothing is known for certain, though some believe it calls the night sky its home.","|cFFFFD200Drop:|r Delve's End of Run Rewards",4957,256282,1268718,7439212,5,210,0,6,7,0
"Truly evil, undeniably powerful... but above all, spectacularly lazy.","|cFFFFD200Drop:|r Nullaeus",4958,256265,1268687,5041293,6,210,0,6,7,0
"In the wrong place at the wrong time.","|cFFFFD200Drop:|r Delve's End of Run Rewards",4959,256278,1268704,2399292,7,210,0,6,7,0
"A curious species found only within treasure chests. Harmless enough, unless you happen to be wearing jewelry.","|cFFFFD200Drop:|r Delve's End of Run Rewards",4960,256238,1267222,1618563,7,210,0,6,7,0
"Nestled in his cozy cave, this little mandrake sprout was one of the last. Over time though his favorite mushrooms stopped growing in his cave. So he decided to sleep... waiting for his favorite spores to blow in again.","|cFFFFD200Zone: |rNaigtal|n|cFFFFD200Drop: |rSleeper's Grotto",4965,256565,1269356,7467154,6,82,11,6,7,0
,"|cFFFFD200Trading Post|r",4966,256566,1269358,7467155,6,16466,11,6,7,0
"A living anomaly and Kasreth's most treasured experiment, this pink-furred creature scampers joyfully through conduits and pipes.","|cFFFFD200Zone: |rNexus-Point Xenas",4967,256567,1269361,2205238,7,82,5,6,7,0
"Stars walk among us in the shape of a baby brutosaur.","|cFFFFD200Promotion|r |n",4968,256663,1269535,7489719,7,16466,7,6,7,0
"Roofus is ready to lend a paw for any construction project. Treats aren't required, but are appreciated.",|cFFFFD200Promotion|r,4969,256698,1269627,7481108,7,16466,7,6,7,0
"Luma knows all kinds of tricks such as ""sit,"" ""stay,"" and ""steal.""","|cFFFFD200Quest: |rThief at Bark
|cFFFFD200Zone: |rEversong Woods",4971,256759,1269889,6891875,7,210,1,6,7,0
"This bold elfhound was born to chase mana wyrms, and mana wyrm-shaped objects... Like unattended sausages.","|cFFFFD200Treasure: |rHalf-Digested Viscera|n|cFFFFD200Zone: |rVoidstorm",4972,256985,1270553,6891874,7,210,0,41,7,0
"Dali, bored of his days basking in the comfort of the Solaarian Sunbath, seeks a world of new inspiration. You are that inspiration, and he will bring color to your world.","|cFFFFD200Treasure: |rBurbling Paint Pot|n|cFFFFD200Zone: |rEversong Woods",4974,246696,1241794,2399292,8,210,0,42,7,0
"Razeshi C. is known for her understanding tempermant, measured responses and a love for gossip. The C. stands for ""Class act.""",|cFFFFD200Promotion|r|n,4975,257493,1271843,5788264,0,16466,7,6,7,0
"Sometimes the void's call is faint, so smaller, younger voidwalkers heed its call.","|cFFFFD200Vendor: |rConstruct E'nui|n|cFFFFD200Zone: |rSilvermoon City|n|cFFFFD200Cost: |r800|Hcurrency:3392|h|TInterface\ICONS\INV_10_ElementalCombinedFoozles_Blood.BLP:0|t|h",4976,257546,1271988,6992623,6,194,2,6,7,0
"Born near the funeral pyre in Solemn Valley, this young eagle's burgundy feathers still carry the scent of smoke and ash. A quiet reminder that even in loss, something new can take wing.","|cFFFFD200Quest:|r A Quiet Farewell|n|cFFFFD200Zone: |rZul'Aman",4977,257616,1272165,7210236,2,146,1,6,7,0
"He is a lover, not a battler.","|cFFFFD200Drop:|r Slayer's Duellum Trove|n|cFFFFD200Zone:|r Masters' Perch",4981,257695,1272755,6703753,4,210,0,6,7,0
"A rare black-furred Eversong lynx kitten, its fur faintly thrumming with arcane energy, bred by Silvermoon's Magisters as both companion and conduit of magical study.","|cFFFFD200Vendor: |rApprentice Diell|n|cFFFFD200Zone: |rEversong Woods|n|cFFFFD200Cost: |r200|Hcurrency:3379|h|TInterface\ICONS\INV_Elemental_Primal_Mana.blp:0|t|h",4982,257857,1272852,7390433,7,146,2,6,7,0
"Formed by the latent energies from the Singularity Anchor this Behemoth will be loyal till the end.","|cFFFFD200Drop:|r Victorious Stormarion Cache|n|cFFFFD200Zone:|r Voidstorm",4983,257908,1273131,7126992,7,18,6,6,7,0
"She hates head pats, hence the spiky armor.","|cFFFFD200Vendor: |rThraxadar|n|cFFFFD200Zone: |rMasters' Perch|n|cFFFFD200Faction: |rSlayer's Duellum - Revered|n|cFFFFD200Cost: |r2500|Hcurrency:3316|h|TInterface\ICONS\INV_112_RaidTrinkets_VoidPrism.BLP:0|t|h",4984,257802,1272858,3007472,5,210,2,6,7,0
"Taking after her mother, Dame Bloodshed, the Princess is armed with the sharpest of claws and the furriest of ears.","|cFFFFD200Drop: |rDame Bloodshed|n|cFFFFD200Zone: |rEversong Woods",4985,258281,1276430,7390435,7,2,0,6,7,0
"Born and raised in Sunwing Rookery, this fella loves causing mischief when the tamers aren't looking.","|cFFFFD200Treasure: |rRookery Cache|n|cFFFFD200Zone: |rSilvermoon City",5003,259728,1281048,6739639,1,210,0,6,7,0
"This eagle was a favored companion of Kinduru's during his travels through Zul'Aman.","|cFFFFD200Quest: |rDead End|n|cFFFFD200Zone: |rZul'Aman|n|n",5007,260149,1282832,7210231,7,210,1,6,7,0
"This young snake was hatched from a purified egg of Ula'tek. His sister, Zarra, befriended a lonely beast stranded on Atal'Utek. However, he bonded to you and will be your fierce friend forever.","|cFFFFD200Quest: |rA Little Kindness|n|cFFFFD200Zone: |rThe Coiled Isle|n|n",5011,260792,1283105,8032874,7,210,1,6,7,0
"This magical scout can often be found rummaging for arcane treats  in the refuse of long-past adventurers.","|cFFFFD200Achievement: |rTreasures of Eversong Woods|n|cFFFFD200Category: |rMidnight",5012,260899,1284800,7390434,7,210,5,6,7,0
"The eagles of Zul'Aman are a regal species yet they have suffered without Akil'zon watching over them. Faithbreaker Ger'lok has been especially cruel testing his dark magic on the young eaglets.","|cFFFFD200Ritual Site:|r Broken Throne ",5017,261676,1286610,7210236,2,82,0,6,7,0
"Separated from his mother when they were captured. Chubs is sad but fierce. He takes pride when he can bite his Twilight Blade handlers hands at feeding time.","|cFFFFD200Ritual Site:|r Broken Throne",5019,261684,1286634,7523130,7,82,0,6,7,0
"The naga's mix of arcane and void magics have disturbed the mana wyrms around Daggerspine Point making them extremely hostile. The very few manalings remaining in the aftermath of their ritual are showing unique abilities.","|cFFFFD200Drop: |rMana-Gorged Greatwyrm|n|cFFFFD200Ritual Site: |rDaggerspine Point",5020,262066,1287339,1386549,5,2,0,6,7,0
"The loyal snapdragon are the perfect companion to any naga. They adapt well to their environment especially when the environment likes to adapt them.","|cFFFFD200Ritual Site: |rDaggerspine Point",5021,262089,1287374,2766227,8,82,0,6,7,0
"Ravaged by the invading naga, many hawkstriders died in the area of Daggerspine Point. It is rare to find any of their young yet alive.","|cFFFFD200Ritual Sites: |rDaggerspine Point",5022,262090,1287376,6703754,4,82,10,6,7,0
"This curious kitten has been hanging around one too many ritual sites.","|cFFFFD200Ritual Sites: |rRustling Underbrush",5023,262092,1287380,7390433,7,82,0,6,7,0
"When you weren't looking, Murkidan killed Lil'Kruul. He's back now, though.","|cFFFFD200Achievement: |rFamily Battler of Outland|n|cFFFFD200Category: |rBattle|n|n",5026,262210,1287493,6116551,0,82,5,6,7,0
"She's perfect! Unlike the genetic absurdities you call twilight whelpings!","|cFFFFD200Achievement: |rFamily Battler of Cataclysm|n|cFFFFD200Category: |rBattle|n|n",5027,262220,1287534,5194263,1,82,5,6,7,0
"They suck. That's it.","|cFFFFD200Zone:|r The Coiled Isle",5028,262222,1287537,7119299,7,154,4,6,7,0
"The Curse of Ula'tek manifests serpents of all varieties. Including ones that are tiny and vaguely cute!","|cFFFFD200Zone:|r The Coiled Isle",5029,262226,1287600,2399230,7,154,4,6,7,0
"These snakes dredge themselves out of the venom to live miserable existences. Also, do you mind if they crash at your place for a weekend?","|cFFFFD200Zone:|r The Coiled Isle",5030,262246,1287593,2399235,7,154,4,6,7,0
"There's Children of Ula'tek, and then there's the BABY of Ula'tek!","|cFFFFD200Pet Battle: |rVaults of Atal'Utek",5031,262247,1287592,8032872,7,154,4,6,7,0
"It's said that the capybara has no enemies, but the Children of Ula'tek didn't get that memo.","|cFFFFD200Zone:|r The Coiled Isle",5032,262245,1287594,2205590,4,154,4,6,7,0
"The snakebiters of Atal'Utek have had their hands full as of late. They're bigs fans of your recent arrival.","|cFFFFD200Zone:|r The Coiled Isle",5033,262244,1287598,2027893,4,154,4,6,7,0
"Really, really good at staring contests.","|cFFFFD200Zone:|r The Coiled Isle",5034,262243,1287599,2399288,8,154,4,6,7,0
"Adapted to survive in the autumnal hues of Zul'Aman foliage.","|cFFFFD200Zone:|r The Coiled Isle",5035,262248,1287603,7116032,7,154,4,6,7,0
"The exposure to void energy was minimal, however it is already showing signs of new void abilities. Its abilities can be managed with the right training. - Sergeant Vornin","|cFFFFD200Vendor: |rSergeant Vornin|n|cFFFFD200Zone: |rSilvermoon City|n|cFFFFD200Renown: |rRitual Sites Rank 6|n|cFFFFD200Cost:|r 1800(INV_112_RaidTrinkets_VoidPrism.BLP)",5036,262422,1287849,6739641,1,82,2,6,7,0
"The mindbreakers are a rare creature of the deep. Little is known of their true origins but they link back to the days of the Black Empire.","|cFFFFD200Vendor: |rSergeant Vornin|n|cFFFFD200Zone: |rSilvermoon City|n|cFFFFD200Renown: |rRitual Sites Rank 6|n|cFFFFD200Cost:|r 1800(INV_112_RaidTrinkets_VoidPrism.BLP)|n",5037,262427,1287856,6011928,5,82,2,6,7,0
"At home in small dens, these little guys wriggle into all sorts of tight spots, even sometimes supply pouches.","|cFFFFD200Drop: |rWriggling Field Pouch|n|cFFFFD200Hostile Activity: |rZul'Aman",5038,262786,1288378,2205589,7,2,0,6,7,0
"Having the bad luck to face many void corruption hostilities, Cappy has persevered. He is one of the few creatures to make it through mostly unscathed.","|cFFFFD200Vendor: |rSergeant Vornin|n|cFFFFD200Zone: |rSilvermoon City|n|cFFFFD200Achievemnent: |rCosmic Exterminator|n|cFFFFD200Cost:|r 1800(INV_112_RaidTrinkets_VoidPrism.BLP)",5039,262787,1288380,2205590,7,82,0,6,7,0
"The saying curiosity killed the cat wasn't written about the Eversong lynx, even if their reckless kittens do find their way to the frontlines. A few rangers have found a lifelong companion stowed away in the supply wagons on campaign.","|cFFFFD200Drop: |rWriggling Field Pouch|n|cFFFFD200Hostile Activity: |rEversong Woods",5040,262788,1288381,7390432,7,2,0,6,7,0
"Kindled in a ritual of flame and feather, she grows with a restless heat, drawn to the softest morsels and the sharpest scents, her tiny wings carrying both comfort and cinders wherever she flits.","|cFFFFD200Quest: |rLike Dragonhawks to a Flame|n|cFFFFD200Zone: |rZul'Aman|n|n",5041,262985,1288774,6739637,1,210,1,6,7,0
"A rare mutation gives this dredbat its green, ghastly glow making it a sought after gift for pet collectors with eclectic tastes.","|cFFFFD200In-Game Shop|r",5042,263232,1289296,7657804,2,16466,9,6,7,0
"Lazy as a mote of dust in a sunbeam, this moth drifts with the breeze as if in no particular hurry to be anywhere.","|cFFFFD200In-Game Shop|r|n",5052,263995,1291367,7570980,2,16466,9,6,7,0
"Sha has warped this hippogryph hatchling into an adorable but fearsome creature. The big emotions that flow through this creature make it an adorable harbinger of doom.","|cFFFFD200In-Game Shop|r",5060,264163,1291667,7657991,2,16466,9,6,7,0
,,5061,264280,0,2027906,4,1056,-1,6,7,0
,"|cFFFFD200Promotion:|r BlizzCon 2026",5064,264863,1293301,7845057,0,82,7,6,7,0
"A true Abyss Angler, certified by Depthdiver Jeju himself.","|cFFFFD200Vendor: |rDepthdiver Tu'nakit|n|cFFFFD200Zone: |rZul'Aman|n|cFFFFD200Cost: |r2400|Hcurrency:3373|h|TInterface\ICONS\Item_enchantedpearl.blp:0|t|h|n|n",5065,264933,1293499,2205592,4,154,10,6,7,0
"As potent as he is dimunitive.","|cFFFFD200Vendor:|r Second Mate Sluggs",5070,265786,1295938,5041291,6,210,2,6,7,0
"They're so cute when they're young! You still don't want to touch it...","|cFFFFD200Vendor: |rSkull of Er'inye|n|cFFFFD200Zone: |rVaults of Atal'Utek|n|cFFFFD200Cost: |r5000|Hcurrency:3448|h|TInterface\ICONS\INV_121_Ulatek_Currency.BLP:0|t|h",5071,266464,1297094,8032870,7,210,2,6,7,0
"The youngest venomfangs have the deadliest bites.","|cFFFFD200Vendor: |rSkull of Er'inye|n|cFFFFD200Zone: |rVaults of Atal'Utek|n|cFFFFD200Cost: |r5000|Hcurrency:3448|h|TInterface\ICONS\INV_121_Ulatek_Currency.BLP:0|t|h",5072,266469,1297098,8125100,7,210,2,6,7,0
"Trying to live up to her ancestry, this little one is ready to rampage. She is going to start with small spiders and work up from there.","|cFFFFD200Achievement:|r Ultradon Carnage|n|cFFFFD200Vendor: |rKifaan|n|cFFFFD200Zones: |rVal or Naigtal|n|cFFFFD200Cost: |r15|Hcurrency:3316|h|TInterface\ICONS\INV_112_RaidTrinkets_VoidPrism.BLP:0|t|h",5073,266577,1267050,7126995,7,82,5,6,7,0
"Unlike most Voidwalkers in the Voidstorm, Silento prefers the peace and quiet of silence. Even if that means silencing the more chatty of his kin.","|cFFFFD200Achievements:|r Showdown Success: Val and Showdown Success: Naigtal|n|cFFFFD200Vendor: |rKifaan|n|cFFFFD200Zones: |rVal or Naigtal|n|cFFFFD200Cost: |r15|Hcurrency:3316|h|TInterface\ICONS\INV_112_RaidTrinkets_VoidPrism.BLP:0|t|h",5074,266580,1297418,6992623,6,82,5,6,7,0
"A floating heart of magic drives a body made for the finish.","|cFFFFD200Vendor: |rConstruct V'anore|n|cFFFFD200Zone: |rSilvermoon City|n|cFFFFD200Cost: |r1200|Hcurrency:3392|h|TInterface\ICONS\INV_10_ElementalCombinedFoozles_Blood.BLP:0|t|h",5076,266833,1297702,7881305,9,18,2,6,7,0
,,5077,266834,1297703,7881306,9,32,-1,6,7,0
"Each step hums with mana; each punch ends the chase.","|cFFFFD200Vendor: |rConstruct V'anore|n|cFFFFD200Zone: |rSilvermoon City|n|cFFFFD200Cost: |r1200|Hcurrency:3392|h|TInterface\ICONS\INV_10_ElementalCombinedFoozles_Blood.BLP:0|t|h",5078,266835,1297704,7881307,9,18,2,6,7,0
"Ula'tek's venom gave rise to new color variants of wind serpents, like this little pink one.","|cFFFFD200Drop: |rWriggling Venom-Soaked Satchel|n|cFFFFD200Zone: |rThe Coiled Isle",5092,267689,1299089,8125117,7,210,0,6,7,0
"Demands scritches and blood sacrifices.","|cFFFFD200Vendor: |rJan'sari the Watchful|n|cFFFFD200Zone: |rThe Coiled Isle|n|cFFFFD200Cost: |r2500|Hcurrency:3316|h|TInterface\ICONS\INV_112_RaidTrinkets_VoidPrism.BLP:0|t|h|n|n",5093,267805,1299255,8125118,7,210,2,6,7,0
"Don't be put off by this cat's icy demeanor.","|cFFFFD200Trading Post|r",5114,268609,1301935,8014864,7,16466,11,6,7,0
"Knocks potions and reagents off shelves for ""research purposes.""","|cFFFFD200Trading Post|r",5115,268636,1302008,8014864,7,16466,11,6,7,0
"Sometimes a good cat nap is all you need to stave of death.","|cFFFFD200Trading Post|r",5116,268671,1302084,7977787,7,16466,11,6,7,0
"Do not let this cat cross your path.","|cFFFFD200Trading Post|r",5117,268672,1302088,7977787,7,16466,11,6,7,0
"When a cat has been raised among the Tol'vir can you blame themd being a bit aloof?","|cFFFFD200Trading Post|r",5118,268675,1302094,7977817,7,16466,11,6,7,0
"Amewbisath is a meance to the smallest of qiraji.","|cFFFFD200Trading Post|r",5119,268676,1302095,7977817,7,16466,11,6,7,0
"Even a failed ritual can leave something behind.","|cFFFFD200Drop: |rNek'zali the Soulcoiler|n|cFFFFD200Zone: |rThe Venomous Abyss",5125,269501,1304581,7558868,5,202,0,6,7,0
"Its bite carries more than venom.","|cFFFFD200Drop:|r Ral'kala|n",5126,269712,1305199,2399234,7,18,0,6,7,0
"Rescued from the Altar of Fangs, Slitherfang is a tenacious, fierce, and positively adorable survivor.","|cFFFFD200Zone:|r Altar of Fangs",5129,270147,1306197,8032873,7,194,5,6,7,0
"Found during your ordeal in The Venemous Abyss, this little fella sure has a strong bite!","|cFFFFD200Achievement: |rNo Egg Scramble|n|cFFFFD200Category: |rMidnight Raid",5130,270425,1306694,8125119,7,210,5,6,7,0
"The Snip Snapper. Also known as the Snip Snacker.","|cFFFFD200Achievement: |rA Stack of Snacks|n|cFFFFD200Category: |rMidnight",5131,270857,1307328,8032875,8,210,5,6,7,0
"His bite has a zing to it.","|cFFFFD200Achievement: |rThe Coiled Isle Safari",5132,271086,1307843,8125120,7,210,5,6,7,0
"Lost in an eternal battle of who croaks first.","|cFFFFD200Treasure: |rUnfortunate Scout's Satchel|n|cFFFFD200Zone: |rThe Coiled Isle",5133,271106,1307875,2399247,7,210,0,6,7,0
"Infused with a raging spirit and a combination of pristine ritual ingredients.","|cFFFFD200Discovery: |rOfi's Offerings",5134,271163,1307902,7558868,5,138,0,6,7,0
"Big Mon was all alone until he found an injured snakebiter. He nursed the snakebiter back to health and named him Lil' Mon. Big Mon may have been undead, but he wasn't heartless. He loved Lil' Mon and would do anything to protect his only friend.","|cFFFFD200Drop:|r Big Mon|n|cFFFFD200Zone:|r The Coiled Isle|n",5137,271772,1309175,2027894,7,210,0,6,7,0
"Got into a spot of trouble digging through magical garbage in Silvermoon. Luckily, you were there to help him out!","|cFFFFD200Discovery:|r Silvermoon City|n",5164,273775,1313813,8284165,4,82,10,6,7,0
"Quack. Beep. Beep. Quack.","|cFFFFD200Promotion:|r BlizzCon 2026",5123,269373,1304105,8029660,8,82,7,6,7,0
"Beep. Beep. Quack. Quack.","|cFFFFD200Promotion:|r BlizzCon 2026",5124,269374,12243,8029660,8,82,7,6,7,0
"Skipper loves water and magic. Watch out if you get her angry!",|cFFFFD200Promotion|r|n,5127,269780,1305392,8030676,4,16466,7,6,7,0
"Pinky just hatched and is ready for adventure. But naptime may take precedence.",|cFFFFD200Promotion|r|n,5080,266912,1297823,7889090,1,16466,9,6,7,0
,"|cFFFFD200In-Game Shop|r|n",5067,265748,1295658,7864628,7,16466,9,6,7,0
"The emerald sheen of this murloc is likely formed from constant grooming and a robust exercise routine.","|cFFFFD200Promotion|r ",4893,250776,1251934,7264939,0,16466,1,6,7,0
"After getting lost in the thick of battle, this hawkstrider chick needs a new home.","|cFFFFD200World Quest: |rThe Battle of the Bridge|n|cFFFFD200Zone: |rSilvermoon City",4909,254647,1262832,6703755,4,210,1,6,7,0
