ID,Region,Looping,HolidayNameID,HolidayDescriptionID,Priority,CalendarFilterType,Flags,Duration_0,Duration_1,Duration_2,Duration_3,Duration_4,Duration_5,Duration_6,Duration_7,Duration_8,Duration_9,Date_0,Date_1,Date_2,Date_3,Date_4,Date_5,Date_6,Date_7,Date_8,Date_9,Date_10,Date_11,Date_12,Date_13,Date_14,Date_15,Date_16,Date_17,Date_18,Date_19,Date_20,Date_21,Date_22,Date_23,Date_24,Date_25,CalendarFlags_0,CalendarFlags_1,CalendarFlags_2,CalendarFlags_3,CalendarFlags_4,CalendarFlags_5,CalendarFlags_6,CalendarFlags_7,CalendarFlags_8,CalendarFlags_9,TextureFileDataID_0,TextureFileDataID_1,TextureFileDataID_2
62,0,0,12,11,4,255,1,18,0,0,0,0,0,0,0,0,0,526449280,0,0,0,0,0,0,0,0,0,0,0,0,0,0,0,0,0,0,0,0,0,0,0,0,0,3,0,0,0,0,0,0,0,0,0,235457,0,0
141,0,0,14,13,5,255,1,432,0,0,0,0,0,0,0,0,0,531872384,0,0,0,0,0,0,0,0,0,0,0,0,0,0,0,0,0,0,0,0,0,0,0,0,0,3,0,0,0,0,0,0,0,0,0,235485,235484,235482
181,0,0,15,14,5,255,1,168,0,0,0,0,0,0,0,0,0,120715264,136689664,154564608,170981376,188086272,204601344,221264512,238369408,254900864,270989952,288635520,305166976,322271872,338901632,355547776,372537984,389184128,405813888,422918784,439450240,455555712,473184896,489716352,506821248,0,0,3,0,0,0,0,0,0,0,0,0,235477,235476,235475
201,0,0,13,12,5,255,1,168,0,0,0,0,0,0,0,0,0,71333888,88094720,104298496,121059328,138475520,155236352,171997184,188758016,204945408,221723264,238484096,255244928,272661120,289421952,305625728,322992768,339753600,356563584,373324416,390085248,406272640,423033472,439794304,457226880,473971328,490175104,3,0,0,0,0,0,0,0,0,0,235445,235444,235443
283,0,0,22,22,0,2,1,96,1752,0,0,0,0,0,0,0,0,127301632,0,0,0,0,0,0,0,0,0,0,0,0,0,0,0,0,0,0,0,0,0,0,0,0,0,3,0,0,0,0,0,0,0,0,0,0,0,0
284,0,0,25,25,0,2,1,96,1752,0,0,0,0,0,0,0,0,127956992,0,0,0,0,0,0,0,0,0,0,0,0,0,0,0,0,0,0,0,0,0,0,0,0,0,3,0,0,0,0,0,0,0,0,0,0,0,0
285,0,0,23,23,0,2,1,96,1752,0,0,0,0,0,0,0,0,127072256,0,0,0,0,0,0,0,0,0,0,0,0,0,0,0,0,0,0,0,0,0,0,0,0,0,3,0,0,0,0,0,0,0,0,0,0,0,0
321,0,0,17,16,5,255,1,168,0,0,0,0,0,0,0,0,0,92469248,110131200,126220288,142735360,159823872,176420864,193034240,210106368,226704000,243300992,260389504,276970112,294075008,310672000,327318144,344406656,360987264,377584256,394672768,411253376,428898944,444938880,461552256,0,0,0,3,0,0,0,0,0,0,0,0,0,235465,235464,235463
324,0,0,16,15,5,255,1,337,0,0,0,0,0,0,0,0,0,529840768,0,0,0,0,0,0,0,0,0,0,0,0,0,0,0,0,0,0,0,0,0,0,0,0,0,3,0,0,0,0,0,0,0,0,0,235462,235461,235460
327,0,0,18,17,5,255,1,336,0,0,0,0,0,0,0,0,0,101104000,118749568,135346560,151386496,169048448,184924160,201684992,218544128,235207296,252967552,269499008,285555328,303315584,319224448,335936128,353450624,369588864,386267776,403749504,419887744,437516928,454064768,0,0,0,0,3,0,0,0,0,0,0,0,0,0,235471,235470,235469
335,0,0,9,9,5,255,1,120,0,0,0,0,0,0,0,0,0,0,0,0,0,0,0,0,0,0,0,0,0,0,0,0,0,0,0,0,0,0,0,0,0,0,0,3,0,0,0,0,0,0,0,0,0,235468,235467,235466
341,0,0,11,10,5,255,1,336,0,0,0,0,0,0,0,0,0,525679232,0,0,0,0,0,0,0,0,0,0,0,0,0,0,0,0,0,0,0,0,0,0,0,0,0,3,0,0,0,0,0,0,0,0,0,235474,235473,235472
353,0,0,24,24,0,2,1,96,1752,0,0,0,0,0,0,0,0,127186944,0,0,0,0,0,0,0,0,0,0,0,0,0,0,0,0,0,0,0,0,0,0,0,0,0,3,0,0,0,0,0,0,0,0,0,0,0,0
372,0,0,7,8,6,255,1,168,384,0,0,0,0,0,0,0,0,528693696,0,0,0,0,0,0,0,0,0,0,0,0,0,0,0,0,0,0,0,0,0,0,0,0,0,0,3,0,0,0,0,0,0,0,0,235442,235441,235440
398,0,0,21,21,5,255,1,24,0,0,0,0,0,0,0,0,0,528792192,0,0,0,0,0,0,0,0,0,0,0,0,0,0,0,0,0,0,0,0,0,0,0,0,0,3,0,0,0,0,0,0,0,0,0,235481,0,0
400,0,0,41,41,0,2,1,96,1752,0,0,0,0,0,0,0,0,128071680,0,0,0,0,0,0,0,0,0,0,0,0,0,0,0,0,0,0,0,0,0,0,0,0,0,3,0,0,0,0,0,0,0,0,0,0,0,0
404,0,0,101,101,5,255,1,167,0,0,0,0,0,0,0,0,0,161839168,178600000,195360832,212105280,228997760,245758592,262519424,279263872,296024704,312785536,329661056,346405504,363182720,379910784,396671616,413530752,430291584,447052416,463813248,480574080,0,0,0,0,0,0,3,0,0,0,0,0,0,0,0,0,235465,235464,235463
406,0,0,61,61,0,255,0,0,0,0,0,0,0,0,0,0,0,144914432,0,0,0,0,0,0,0,0,0,0,0,0,0,0,0,0,0,0,0,0,0,0,0,0,0,3,0,0,0,0,0,0,0,0,0,249163,0,0
409,1999,0,81,81,10,255,1,48,0,0,0,0,0,0,0,0,0,530594432,0,0,0,0,0,0,0,0,0,0,0,0,0,0,0,0,0,0,0,0,0,0,0,0,0,3,0,0,0,0,0,0,0,0,0,307365,840589,307364
420,0,0,121,121,0,2,1,96,1752,0,0,0,0,0,0,0,0,128186368,0,0,0,0,0,0,0,0,0,0,0,0,0,0,0,0,0,0,0,0,0,0,0,0,0,3,0,0,0,0,0,0,0,0,0,0,0,0
423,0,0,9,9,5,255,1,336,0,0,0,0,0,0,0,0,0,168933376,185694208,202455040,219314176,236092032,252738176,269728384,286374528,303069824,320010880,336722560,353499776,370260608,387021440,403782272,420526720,437402240,454163072,0,0,0,0,0,0,0,0,3,0,0,0,0,0,0,0,0,0,235468,235467,235466
424,0,0,161,161,0,0,1,1,0,0,0,0,0,0,0,0,0,100660096,0,0,0,0,0,0,0,0,0,0,0,0,0,0,0,0,0,0,0,0,0,0,0,0,0,3,0,0,0,0,0,0,0,0,0,235458,0,0
435,0,0,162,162,0,2,1,96,1752,0,0,0,0,0,0,0,0,128301056,0,0,0,0,0,0,0,0,0,0,0,0,0,0,0,0,0,0,0,0,0,0,0,0,0,3,0,0,0,0,0,0,0,0,0,0,0,0
436,0,0,163,163,0,2,1,96,1752,0,0,0,0,0,0,0,0,128415744,0,0,0,0,0,0,0,0,0,0,0,0,0,0,0,0,0,0,0,0,0,0,0,0,0,3,0,0,0,0,0,0,0,0,0,0,0,0
442,0,1,165,165,0,2,1,168,168,0,0,0,0,0,0,0,0,0,0,0,0,0,0,0,0,0,0,0,0,0,0,0,0,0,0,0,0,0,0,0,0,0,0,3,0,0,0,0,0,0,0,0,0,0,0,0
443,0,0,166,166,0,2,1,168,336,0,0,0,0,0,0,0,0,0,0,0,0,0,0,0,0,0,0,0,0,0,0,0,0,0,0,0,0,0,0,0,0,0,0,3,0,0,0,0,0,0,0,0,0,0,0,0
467,0,0,203,188,0,255,1,336,0,0,0,0,0,0,0,0,0,195360768,0,0,0,0,0,0,0,0,0,0,0,0,0,0,0,0,0,0,0,0,0,0,0,0,0,3,0,0,0,0,0,0,0,0,0,0,0,0
479,0,0,1,201,1,1,1,48,168,0,0,0,0,0,0,0,0,419477504,419936256,420935680,422639616,423655424,424114176,425785344,426784768,427898880,428914688,429373440,431044608,436238336,436697088,437696512,439400448,440416256,441530368,442546176,443004928,444659712,445675520,446134272,447805440,0,0,0,3,0,0,0,0,0,0,0,0,235448,235447,235446
484,0,0,220,188,0,255,1,336,0,0,0,0,0,0,0,0,0,212105216,0,0,0,0,0,0,0,0,0,0,0,0,0,0,0,0,0,0,0,0,0,0,0,0,0,3,0,0,0,0,0,0,0,0,0,0,0,0
488,0,0,222,204,0,2,1,96,1752,0,0,0,0,0,0,0,0,129087488,0,0,0,0,0,0,0,0,0,0,0,0,0,0,0,0,0,0,0,0,0,0,0,0,0,3,0,0,0,0,0,0,0,0,0,0,0,0
489,0,0,223,205,0,2,1,96,1752,0,0,0,0,0,0,0,0,129202176,0,0,0,0,0,0,0,0,0,0,0,0,0,0,0,0,0,0,0,0,0,0,0,0,0,3,0,0,0,0,0,0,0,0,0,0,0,0
490,0,0,22,22,0,2,1,72,1776,0,0,0,0,0,0,0,0,129038336,0,0,0,0,0,0,0,0,0,0,0,0,0,0,0,0,0,0,0,0,0,0,0,0,0,3,0,0,0,0,0,0,0,0,0,0,0,0
491,0,0,23,23,0,2,1,72,1776,0,0,0,0,0,0,0,0,128251904,0,0,0,0,0,0,0,0,0,0,0,0,0,0,0,0,0,0,0,0,0,0,0,0,0,3,0,0,0,0,0,0,0,0,0,0,0,0
492,0,0,24,24,0,2,1,72,1776,0,0,0,0,0,0,0,0,128366592,0,0,0,0,0,0,0,0,0,0,0,0,0,0,0,0,0,0,0,0,0,0,0,0,0,3,0,0,0,0,0,0,0,0,0,0,0,0
493,0,0,121,121,0,2,1,72,1776,0,0,0,0,0,0,0,0,129382400,0,0,0,0,0,0,0,0,0,0,0,0,0,0,0,0,0,0,0,0,0,0,0,0,0,3,0,0,0,0,0,0,0,0,0,0,0,0
494,0,0,222,204,0,2,1,72,1776,0,0,0,0,0,0,0,0,127367168,0,0,0,0,0,0,0,0,0,0,0,0,0,0,0,0,0,0,0,0,0,0,0,0,0,3,0,0,0,0,0,0,0,0,0,0,0,0
495,0,0,41,41,0,2,1,72,1776,0,0,0,0,0,0,0,0,129267712,0,0,0,0,0,0,0,0,0,0,0,0,0,0,0,0,0,0,0,0,0,0,0,0,0,3,0,0,0,0,0,0,0,0,0,0,0,0
496,0,0,223,205,0,2,1,72,1776,0,0,0,0,0,0,0,0,128022528,0,0,0,0,0,0,0,0,0,0,0,0,0,0,0,0,0,0,0,0,0,0,0,0,0,3,0,0,0,0,0,0,0,0,0,0,0,0
497,0,0,162,162,0,2,1,72,1776,0,0,0,0,0,0,0,0,127137792,0,0,0,0,0,0,0,0,0,0,0,0,0,0,0,0,0,0,0,0,0,0,0,0,0,3,0,0,0,0,0,0,0,0,0,0,0,0
498,0,0,163,163,0,2,1,72,1776,0,0,0,0,0,0,0,0,127252480,0,0,0,0,0,0,0,0,0,0,0,0,0,0,0,0,0,0,0,0,0,0,0,0,0,3,0,0,0,0,0,0,0,0,0,0,0,0
499,0,0,25,25,0,2,1,72,1776,0,0,0,0,0,0,0,0,129153024,0,0,0,0,0,0,0,0,0,0,0,0,0,0,0,0,0,0,0,0,0,0,0,0,0,3,0,0,0,0,0,0,0,0,0,0,0,0
507,0,0,0,0,0,255,0,1,0,0,0,0,0,0,0,0,0,536855872,536856000,0,0,0,0,0,0,0,0,0,0,0,0,0,0,0,0,0,0,0,0,0,0,0,0,3,0,0,0,0,0,0,0,0,0,0,0,0
508,0,0,0,0,0,255,0,7,0,0,0,0,0,0,0,0,0,536855552,0,0,0,0,0,0,0,0,0,0,0,0,0,0,0,0,0,0,0,0,0,0,0,0,0,3,0,0,0,0,0,0,0,0,0,0,0,0
509,0,0,229,188,0,255,1,336,0,0,0,0,0,0,0,0,0,228883072,0,0,0,0,0,0,0,0,0,0,0,0,0,0,0,0,0,0,0,0,0,0,0,0,0,3,0,0,0,0,0,0,0,0,0,0,0,0
514,0,0,231,188,0,255,1,168,0,0,0,0,0,0,0,0,0,251755136,0,0,0,0,0,0,0,0,0,0,0,0,0,0,0,0,0,0,0,0,0,0,0,0,0,3,0,0,0,0,0,0,0,0,0,1084434,1084433,1084432
515,0,0,230,215,0,2,1,96,1752,0,0,0,0,0,0,0,0,129316864,0,0,0,0,0,0,0,0,0,0,0,0,0,0,0,0,0,0,0,0,0,0,0,0,0,3,0,0,0,0,0,0,0,0,0,0,0,0
516,0,0,230,215,0,2,1,72,1776,0,0,0,0,0,0,0,0,128137216,0,0,0,0,0,0,0,0,0,0,0,0,0,0,0,0,0,0,0,0,0,0,0,0,0,3,0,0,0,0,0,0,0,0,0,0,0,0
517,0,0,0,0,0,255,0,7,0,0,0,0,0,0,0,0,0,536855680,0,0,0,0,0,0,0,0,0,0,0,0,0,0,0,0,0,0,0,0,0,0,0,0,0,3,0,0,0,0,0,0,0,0,0,0,0,0
518,0,0,0,0,0,255,0,1,0,0,0,0,0,0,0,0,0,536855744,536855894,0,0,0,0,0,0,0,0,0,0,0,0,0,0,0,0,0,0,0,0,0,0,0,0,3,0,0,0,0,0,0,0,0,0,0,0,0
519,0,0,0,0,0,255,0,1,0,0,0,0,0,0,0,0,0,536855808,536855936,0,0,0,0,0,0,0,0,0,0,0,0,0,0,0,0,0,0,0,0,0,0,0,0,3,0,0,0,0,0,0,0,0,0,0,0,0
559,961,0,239,222,0,0,13,167,0,0,0,0,0,0,0,0,0,411318784,413219264,420542912,424720896,425736704,436304320,442956288,0,0,0,0,0,0,0,0,0,0,0,0,0,0,0,0,0,0,0,3,0,0,0,0,0,0,0,0,0,1129674,1129673,1129672
560,961,0,240,223,0,0,1,165,0,0,0,0,0,0,0,0,0,274135552,275921408,0,0,0,0,0,0,0,0,0,0,0,0,0,0,0,0,0,0,0,0,0,0,0,0,3,0,0,0,0,0,0,0,0,0,1129668,1129667,1129666
561,961,0,238,221,0,0,13,167,0,0,0,0,0,0,0,0,0,412563968,414579136,420657600,422705664,424065536,425736704,426850816,428308992,430209472,436419008,439581184,441596416,442956288,444955136,446855616,0,0,0,0,0,0,0,0,0,0,0,3,0,0,0,0,0,0,0,0,0,1129680,1129679,1129678
562,961,0,237,220,0,0,13,167,0,0,0,0,0,0,0,0,0,412219904,413563328,420657600,0,426965504,436648384,443955712,0,0,0,0,0,0,0,0,0,0,0,0,0,0,0,0,0,0,0,3,0,0,0,0,0,0,0,0,0,1129686,1129685,1129684
563,961,0,236,219,0,0,13,167,0,0,0,0,0,0,0,0,0,411433472,413448640,419658176,421591488,423049728,424835584,425966080,427194880,429210112,431110592,437303744,438581760,440482304,441825792,443841024,445856256,447756800,0,0,0,0,0,0,0,0,0,3,0,0,0,0,0,0,0,0,0,1129671,1129670,1129669
564,961,0,235,218,0,0,1,165,0,0,0,0,0,0,0,0,0,274807296,276036096,0,0,0,0,0,0,0,0,0,0,0,0,0,0,0,0,0,0,0,0,0,0,0,0,3,0,0,0,0,0,0,0,0,0,1129683,1129682,1129681
565,961,0,234,217,0,0,13,167,0,0,0,0,0,0,0,0,0,412219904,413563328,419658176,421591488,422935040,424835584,426195456,428079616,429980096,431339968,437418432,438811136,440711680,442612224,443955712,445856256,447756736,0,0,0,0,0,0,0,0,0,3,0,0,0,0,0,0,0,0,0,1129677,1129676,1129675
566,0,0,233,188,0,255,1,336,0,0,0,0,0,0,0,0,0,262404736,0,0,0,0,0,0,0,0,0,0,0,0,0,0,0,0,0,0,0,0,0,0,0,0,0,3,0,0,0,0,0,0,0,0,0,1084434,1084433,1084432
587,961,0,239,224,0,0,13,167,0,0,0,0,0,0,0,0,0,414464448,420772288,0,427850240,431454656,438811136,444840448,0,0,0,0,0,0,0,0,0,0,0,0,0,0,0,0,0,0,0,3,0,0,0,0,0,0,0,0,0,1304688,1304687,1304686
589,0,0,241,188,0,255,1,336,0,0,0,0,0,0,0,0,0,279181952,0,0,0,0,0,0,0,0,0,0,0,0,0,0,0,0,0,0,0,0,0,0,0,0,0,3,0,0,0,0,0,0,0,0,0,1084434,1084433,1084432
590,1953,0,242,188,0,255,3,504,0,0,0,0,0,0,0,0,0,279181952,295959168,312736384,329366016,346045056,363051648,379681408,396622464,412449280,430176896,446970496,0,0,0,0,0,0,0,0,0,0,0,0,0,0,0,3,0,0,0,0,0,0,0,0,0,1084434,1084433,1084432
591,961,0,243,225,0,0,13,167,0,0,0,0,0,0,0,0,0,278280704,280181184,285718976,287652352,289552896,290896384,292796928,294697472,296040896,302135744,303479232,305412608,307313152,308673024,0,0,0,0,0,0,0,0,0,0,0,0,3,0,0,0,0,0,0,0,0,0,1467047,1467046,1467045
592,961,0,244,226,0,0,13,167,0,0,0,0,0,0,0,0,0,411204096,413333952,414693824,420886976,422820352,424065536,425851392,427080192,428980736,430995904,436533696,439810560,441711104,443726336,445069824,447084992,0,0,0,0,0,0,0,0,0,0,3,0,0,0,0,0,0,0,0,0,1467050,1467049,1467048
593,4,0,240,223,0,0,1,165,0,0,0,0,0,0,0,0,0,274152000,275937856,0,0,0,0,0,0,0,0,0,0,0,0,0,0,0,0,0,0,0,0,0,0,0,0,3,0,0,0,0,0,0,0,0,0,1129668,1129667,1129666
594,24,0,240,223,0,0,1,165,0,0,0,0,0,0,0,0,0,274168256,275954112,0,0,0,0,0,0,0,0,0,0,0,0,0,0,0,0,0,0,0,0,0,0,0,0,3,0,0,0,0,0,0,0,0,0,1129668,1129667,1129666
595,2,0,240,223,0,0,1,165,0,0,0,0,0,0,0,0,0,274168320,275954176,0,0,0,0,0,0,0,0,0,0,0,0,0,0,0,0,0,0,0,0,0,0,0,0,3,0,0,0,0,0,0,0,0,0,1129668,1129667,1129666
596,4,0,235,218,0,0,1,165,0,0,0,0,0,0,0,0,0,274823744,276052544,0,0,0,0,0,0,0,0,0,0,0,0,0,0,0,0,0,0,0,0,0,0,0,0,3,0,0,0,0,0,0,0,0,0,1129683,1129682,1129681
597,24,0,235,218,0,0,1,165,0,0,0,0,0,0,0,0,0,274840000,276068800,0,0,0,0,0,0,0,0,0,0,0,0,0,0,0,0,0,0,0,0,0,0,0,0,3,0,0,0,0,0,0,0,0,0,1129683,1129682,1129681
598,2,0,235,218,0,0,1,165,0,0,0,0,0,0,0,0,0,274840064,276068864,0,0,0,0,0,0,0,0,0,0,0,0,0,0,0,0,0,0,0,0,0,0,0,0,3,0,0,0,0,0,0,0,0,0,1129683,1129682,1129681
599,4,0,234,217,0,0,13,167,0,0,0,0,0,0,0,0,0,412236160,413579584,419674432,421607808,422951296,424851840,426211712,428095872,429996352,431356224,437434688,439368064,440727936,442628480,443971968,445872512,447772992,0,0,0,0,0,0,0,0,0,3,0,0,0,0,0,0,0,0,0,1129677,1129676,1129675
600,24,0,234,217,0,0,13,167,0,0,0,0,0,0,0,0,0,412252608,413596096,419690944,421624256,422967744,424868288,426228160,428112320,430012864,431372736,437451200,439384512,440744384,442644928,443988416,445888960,447789504,0,0,0,0,0,0,0,0,0,3,0,0,0,0,0,0,0,0,0,1129677,1129676,1129675
601,2,0,234,217,0,0,13,167,0,0,0,0,0,0,0,0,0,412252672,413596160,419691008,421624320,422967808,424868352,426228224,428112384,430012928,431372800,437451264,439384576,440744448,442644992,443988480,445889024,447789568,0,0,0,0,0,0,0,0,0,3,0,0,0,0,0,0,0,0,0,1129677,1129676,1129675
602,4,0,236,219,0,0,13,167,0,0,0,0,0,0,0,0,0,411449728,413464896,419674432,421607744,423065984,424851840,425982336,427211136,429226368,431126848,437320000,438597952,440498560,441842048,443857280,445872512,447772992,0,0,0,0,0,0,0,0,0,3,0,0,0,0,0,0,0,0,0,1129671,1129670,1129669
603,24,0,236,219,0,0,13,167,0,0,0,0,0,0,0,0,0,411466176,413481408,419690944,421624256,423639488,424868288,425998784,427227584,429242816,431143360,437336512,438614464,440515008,441858496,443873728,445888960,447789504,0,0,0,0,0,0,0,0,0,3,0,0,0,0,0,0,0,0,0,1129671,1129670,1129669
604,2,0,236,219,0,0,13,167,0,0,0,0,0,0,0,0,0,411466240,413481472,419691008,421624320,423639552,424868352,425998848,427227648,429242880,431143424,437336576,438614528,440515072,441858560,443873792,445889024,447789568,0,0,0,0,0,0,0,0,0,3,0,0,0,0,0,0,0,0,0,1129671,1129670,1129669
605,4,0,243,225,0,0,13,165,0,0,0,0,0,0,0,0,0,278297152,280197632,286276096,287668736,289569344,290912832,292813376,294713920,296057344,302152192,303495680,305429056,307329600,308689472,0,0,0,0,0,0,0,0,0,0,0,0,3,0,0,0,0,0,0,0,0,0,1467047,1467046,1467045
606,24,0,243,225,0,0,13,165,0,0,0,0,0,0,0,0,0,278313408,280213952,286292416,287685056,289585600,290929088,292829632,294730176,296073664,302168512,304101824,305445312,307345856,308705728,0,0,0,0,0,0,0,0,0,0,0,0,3,0,0,0,0,0,0,0,0,0,1467047,1467046,1467045
607,2,0,243,225,0,0,13,165,0,0,0,0,0,0,0,0,0,278313472,280214016,286292480,287685120,289585664,290929152,292829696,294730240,296073728,302168576,304101888,305445376,307345920,308705792,0,0,0,0,0,0,0,0,0,0,0,0,3,0,0,0,0,0,0,0,0,0,1467047,1467046,1467045
610,4,0,238,221,0,0,13,167,0,0,0,0,0,0,0,0,0,412580160,414595392,420673856,422721920,424081792,425752960,426867072,428882304,430225728,436435264,439597440,441612672,442972544,444971392,446871872,0,0,0,0,0,0,0,0,0,0,0,3,0,0,0,0,0,0,0,0,0,1129680,1129679,1129678
611,24,0,238,221,0,0,13,167,0,0,0,0,0,0,0,0,0,412596672,414611904,420690368,422738368,424098240,425769408,426883520,428898752,430242240,436451776,439613888,441629120,442988992,444987840,446888384,0,0,0,0,0,0,0,0,0,0,0,3,0,0,0,0,0,0,0,0,0,1129680,1129679,1129678
612,2,0,238,221,0,0,13,167,0,0,0,0,0,0,0,0,0,412596736,414611968,420690432,422738432,424098304,425769472,426883584,428898816,430242304,436451840,438385152,439613952,441629184,442989056,444987904,446888448,0,0,0,0,0,0,0,0,0,0,3,0,0,0,0,0,0,0,0,0,1129680,1129679,1129678
613,4,0,244,226,0,0,13,167,0,0,0,0,0,0,0,0,0,411220352,413350208,419445056,420903232,422836608,424081792,425867648,427096448,428996992,431012160,436549952,439826816,441727360,443742592,445086080,447101248,0,0,0,0,0,0,0,0,0,0,3,0,0,0,0,0,0,0,0,0,1467050,1467049,1467048
614,24,0,244,226,0,0,13,167,0,0,0,0,0,0,0,0,0,411236800,413366720,419461568,420919744,422853056,424098240,425884096,427112896,429013440,431028672,436566464,439843264,441743808,443759040,445659584,447117760,0,0,0,0,0,0,0,0,0,0,3,0,0,0,0,0,0,0,0,0,1467050,1467049,1467048
615,2,0,244,226,0,0,13,167,0,0,0,0,0,0,0,0,0,411236864,413366784,419461632,420919808,422853120,424098304,425884160,427112960,429013504,431028672,436566528,439843328,441743872,443759104,445659648,447117824,0,0,0,0,0,0,0,0,0,0,3,0,0,0,0,0,0,0,0,0,1467050,1467049,1467048
616,4,0,237,220,0,0,13,167,0,0,0,0,0,0,0,0,0,412236160,413579584,420673856,0,426981760,436664640,443971968,0,0,0,0,0,0,0,0,0,0,0,0,0,0,0,0,0,0,0,3,0,0,0,0,0,0,0,0,0,1129686,1129685,1129684
617,24,0,237,220,0,0,13,167,0,0,0,0,0,0,0,0,0,412252608,413596096,420690368,0,426998208,436681152,443988416,0,0,0,0,0,0,0,0,0,0,0,0,0,0,0,0,0,0,0,3,0,0,0,0,0,0,0,0,0,1129686,1129685,1129684
618,2,0,237,220,0,0,13,167,0,0,0,0,0,0,0,0,0,412252672,413596160,420690432,0,426998272,436681216,443988480,0,0,0,0,0,0,0,0,0,0,0,0,0,0,0,0,0,0,0,3,0,0,0,0,0,0,0,0,0,1129686,1129685,1129684
622,4,0,239,222,0,0,13,167,0,0,0,0,0,0,0,0,0,411335040,413235520,420559168,424737152,425752960,436320576,442972544,0,0,0,0,0,0,0,0,0,0,0,0,0,0,0,0,0,0,0,3,0,0,0,0,0,0,0,0,0,1129674,1129673,1129672
623,24,0,239,222,0,0,13,167,0,0,0,0,0,0,0,0,0,411351488,413252032,420575680,424753600,425769408,436337088,442988992,0,0,0,0,0,0,0,0,0,0,0,0,0,0,0,0,0,0,0,3,0,0,0,0,0,0,0,0,0,1129674,1129673,1129672
624,2,0,239,222,0,0,13,167,0,0,0,0,0,0,0,0,0,411351552,413252096,420575744,424753664,425769472,436337152,442989056,0,0,0,0,0,0,0,0,0,0,0,0,0,0,0,0,0,0,0,3,0,0,0,0,0,0,0,0,0,1129674,1129673,1129672
628,4,0,239,224,0,0,13,167,0,0,0,0,0,0,0,0,0,414480704,420788544,0,427866496,431470912,0,439368064,444856704,0,0,0,0,0,0,0,0,0,0,0,0,0,0,0,0,0,0,3,0,0,0,0,0,0,0,0,0,1304688,1304687,1304686
629,24,0,239,224,0,0,13,167,0,0,0,0,0,0,0,0,0,414497216,420805056,0,427882944,436222400,0,439384512,444873152,0,0,0,0,0,0,0,0,0,0,0,0,0,0,0,0,0,0,3,0,0,0,0,0,0,0,0,0,1304688,1304687,1304686
630,2,0,239,224,0,0,13,167,0,0,0,0,0,0,0,0,0,414497280,420805120,0,427883008,436222464,0,439384576,444873216,0,0,0,0,0,0,0,0,0,0,0,0,0,0,0,0,0,0,3,0,0,0,0,0,0,0,0,0,1304688,1304687,1304686
634,0,0,245,230,10,255,1,24,0,0,0,0,0,0,0,0,0,521517056,0,0,0,0,0,0,0,0,0,0,0,0,0,0,0,0,0,0,0,0,0,0,0,0,0,3,0,0,0,0,0,0,0,0,0,1574966,0,0
635,0,0,246,227,10,255,1,24,0,0,0,0,0,0,0,0,0,523696128,0,0,0,0,0,0,0,0,0,0,0,0,0,0,0,0,0,0,0,0,0,0,0,0,0,3,0,0,0,0,0,0,0,0,0,1572479,0,0
638,0,0,248,229,1,255,1,72,0,0,0,0,0,0,0,0,0,520435712,0,0,0,0,0,0,0,0,0,0,0,0,0,0,0,0,0,0,0,0,0,0,0,0,0,3,0,0,0,0,0,0,0,0,0,1574965,1574964,1574963
642,0,0,249,231,10,255,1,72,0,0,0,0,0,0,0,0,0,525432832,0,0,0,0,0,0,0,0,0,0,0,0,0,0,0,0,0,0,0,0,0,0,0,0,0,3,0,0,0,0,0,0,0,0,0,1572478,1572477,1572476
643,961,0,239,237,0,0,13,167,0,0,0,0,0,0,0,0,0,419543488,421706240,425064960,428194304,431110592,439695872,445741568,0,0,0,0,0,0,0,0,0,0,0,0,0,0,0,0,0,0,0,3,0,0,0,0,0,0,0,0,0,1530590,1530589,1530588
644,0,0,250,232,10,255,1,72,0,0,0,0,0,0,0,0,0,522467328,0,0,0,0,0,0,0,0,0,0,0,0,0,0,0,0,0,0,0,0,0,0,0,0,0,3,0,0,0,0,0,0,0,0,0,1574970,1574969,1580529
645,0,0,251,233,10,255,1,72,0,0,0,0,0,0,0,0,0,524449792,0,0,0,0,0,0,0,0,0,0,0,0,0,0,0,0,0,0,0,0,0,0,0,0,0,3,0,0,0,0,0,0,0,0,0,1572475,1572474,1572473
646,0,0,252,234,10,255,3,24,0,0,0,0,0,0,0,0,0,0,0,0,0,0,0,0,0,0,0,0,0,0,0,0,0,0,0,0,0,0,0,0,0,0,0,3,0,0,0,0,0,0,0,0,0,1574967,0,0
647,0,0,253,235,10,255,1,24,0,0,0,0,0,0,0,0,0,523319296,0,0,0,0,0,0,0,0,0,0,0,0,0,0,0,0,0,0,0,0,0,0,0,0,0,3,0,0,0,0,0,0,0,0,0,1572472,0,0
648,0,0,254,236,10,255,1,24,0,0,0,0,0,0,0,0,0,524728320,0,0,0,0,0,0,0,0,0,0,0,0,0,0,0,0,0,0,0,0,0,0,0,0,0,3,0,0,0,0,0,0,0,0,0,1572471,0,0
651,961,0,0,0,0,0,13,192,0,0,0,0,0,0,0,0,0,419543488,421706240,425064960,428194304,431110592,439695872,445741568,0,0,0,0,0,0,0,0,0,0,0,0,0,0,0,0,0,0,0,3,0,0,0,0,0,0,0,0,0,0,0,0
652,4,0,239,237,0,0,13,167,0,0,0,0,0,0,0,0,0,419559744,421722496,425081216,428210560,431126848,439712128,445757760,0,0,0,0,0,0,0,0,0,0,0,0,0,0,0,0,0,0,0,3,0,0,0,0,0,0,0,0,0,1530590,1530589,1530588
653,4,0,0,0,0,0,13,192,0,0,0,0,0,0,0,0,0,419559744,421722496,425081216,428210560,431126912,439712128,445757760,0,0,0,0,0,0,0,0,0,0,0,0,0,0,0,0,0,0,0,3,0,0,0,0,0,0,0,0,0,0,0,0
654,24,0,239,237,0,0,13,167,0,0,0,0,0,0,0,0,0,419576256,421739008,425097664,428227008,431143360,439728576,445774272,0,0,0,0,0,0,0,0,0,0,0,0,0,0,0,0,0,0,0,3,0,0,0,0,0,0,0,0,0,1530590,1530589,1530588
655,24,0,0,0,0,0,13,192,0,0,0,0,0,0,0,0,0,419576256,421739008,425097664,428227008,431143360,439728576,445774272,0,0,0,0,0,0,0,0,0,0,0,0,0,0,0,0,0,0,0,3,0,0,0,0,0,0,0,0,0,0,0,0
656,2,0,239,237,0,0,13,167,0,0,0,0,0,0,0,0,0,419576320,421739008,425097728,428227072,431143424,439728640,445774336,0,0,0,0,0,0,0,0,0,0,0,0,0,0,0,0,0,0,0,3,0,0,0,0,0,0,0,0,0,1530590,1530589,1530588
657,2,0,0,0,0,0,13,192,0,0,0,0,0,0,0,0,0,419576320,421739008,425097728,428227072,431143424,439728640,445774336,0,0,0,0,0,0,0,0,0,0,0,0,0,0,0,0,0,0,0,3,0,0,0,0,0,0,0,0,0,0,0,0
658,0,0,5,2,3,255,1,12,0,0,0,0,0,0,0,0,0,532135040,0,0,0,0,0,0,0,0,0,0,0,0,0,0,0,0,0,0,0,0,0,0,0,0,0,3,0,0,0,0,0,0,0,0,0,235457,0,0
659,1984,1,255,239,0,2,13,168,1680,0,0,0,0,0,0,0,0,338147840,0,0,0,0,0,0,0,0,0,0,0,0,0,0,0,0,0,0,0,0,0,0,0,0,0,3,0,0,0,0,0,0,0,0,0,1616334,0,0
660,1984,1,256,238,0,2,13,168,1680,0,0,0,0,0,0,0,0,337000960,0,0,0,0,0,0,0,0,0,0,0,0,0,0,0,0,0,0,0,0,0,0,0,0,0,3,0,0,0,0,0,0,0,0,0,1616334,0,0
662,1,1,256,238,0,2,13,168,1680,0,0,0,0,0,0,0,0,337000960,0,0,0,0,0,0,0,0,0,0,0,0,0,0,0,0,0,0,0,0,0,0,0,0,0,3,0,0,0,0,0,0,0,0,0,1616334,0,0
663,1,1,255,239,0,2,13,168,1680,0,0,0,0,0,0,0,0,338147840,0,0,0,0,0,0,0,0,0,0,0,0,0,0,0,0,0,0,0,0,0,0,0,0,0,3,0,0,0,0,0,0,0,0,0,1616334,0,0
664,1,1,257,240,0,2,13,168,1680,0,0,0,0,0,0,0,0,336656896,0,0,0,0,0,0,0,0,0,0,0,0,0,0,0,0,0,0,0,0,0,0,0,0,0,3,0,0,0,0,0,0,0,0,0,1616334,0,0
666,1,1,262,416,0,2,13,168,1680,0,0,0,0,0,0,0,0,338033152,0,0,0,0,0,0,0,0,0,0,0,0,0,0,0,0,0,0,0,0,0,0,0,0,0,3,0,0,0,0,0,0,0,0,0,1616334,0,0
667,1,1,265,240,0,2,13,168,1680,0,0,0,0,0,0,0,0,337803776,0,0,0,0,0,0,0,0,0,0,0,0,0,0,0,0,0,0,0,0,0,0,0,0,0,3,0,0,0,0,0,0,0,0,0,1616334,0,0
669,4,1,256,238,0,2,13,168,1680,0,0,0,0,0,0,0,0,337017344,0,0,0,0,0,0,0,0,0,0,0,0,0,0,0,0,0,0,0,0,0,0,0,0,0,3,0,0,0,0,0,0,0,0,0,1616334,0,0
670,4,1,255,239,0,2,13,168,1680,0,0,0,0,0,0,0,0,338704896,0,0,0,0,0,0,0,0,0,0,0,0,0,0,0,0,0,0,0,0,0,0,0,0,0,3,0,0,0,0,0,0,0,0,0,1616334,0,0
671,4,1,257,240,0,2,13,168,1680,0,0,0,0,0,0,0,0,336673280,0,0,0,0,0,0,0,0,0,0,0,0,0,0,0,0,0,0,0,0,0,0,0,0,0,3,0,0,0,0,0,0,0,0,0,1616334,0,0
673,4,1,262,416,0,2,13,168,1680,0,0,0,0,0,0,0,0,338049536,0,0,0,0,0,0,0,0,0,0,0,0,0,0,0,0,0,0,0,0,0,0,0,0,0,3,0,0,0,0,0,0,0,0,0,1616334,0,0
674,4,1,265,240,0,2,13,168,1680,0,0,0,0,0,0,0,0,337820160,0,0,0,0,0,0,0,0,0,0,0,0,0,0,0,0,0,0,0,0,0,0,0,0,0,3,0,0,0,0,0,0,0,0,0,1616334,0,0
676,24,1,256,238,0,2,13,168,1680,0,0,0,0,0,0,0,0,337033728,0,0,0,0,0,0,0,0,0,0,0,0,0,0,0,0,0,0,0,0,0,0,0,0,0,3,0,0,0,0,0,0,0,0,0,1616334,0,0
677,24,1,255,239,0,2,13,168,1680,0,0,0,0,0,0,0,0,338721280,0,0,0,0,0,0,0,0,0,0,0,0,0,0,0,0,0,0,0,0,0,0,0,0,0,3,0,0,0,0,0,0,0,0,0,1616334,0,0
678,24,1,257,240,0,2,13,168,1680,0,0,0,0,0,0,0,0,336689664,0,0,0,0,0,0,0,0,0,0,0,0,0,0,0,0,0,0,0,0,0,0,0,0,0,3,0,0,0,0,0,0,0,0,0,1616334,0,0
680,24,1,262,416,0,2,13,168,1680,0,0,0,0,0,0,0,0,338065920,0,0,0,0,0,0,0,0,0,0,0,0,0,0,0,0,0,0,0,0,0,0,0,0,0,3,0,0,0,0,0,0,0,0,0,1616334,0,0
681,24,1,265,240,0,2,13,168,1680,0,0,0,0,0,0,0,0,337836544,0,0,0,0,0,0,0,0,0,0,0,0,0,0,0,0,0,0,0,0,0,0,0,0,0,3,0,0,0,0,0,0,0,0,0,1616334,0,0
683,2,1,256,238,0,2,13,168,1680,0,0,0,0,0,0,0,0,337033728,0,0,0,0,0,0,0,0,0,0,0,0,0,0,0,0,0,0,0,0,0,0,0,0,0,3,0,0,0,0,0,0,0,0,0,1616334,0,0
684,2,1,255,239,0,2,13,168,1680,0,0,0,0,0,0,0,0,338721280,0,0,0,0,0,0,0,0,0,0,0,0,0,0,0,0,0,0,0,0,0,0,0,0,0,3,0,0,0,0,0,0,0,0,0,1616334,0,0
685,2,1,257,240,0,2,13,168,1680,0,0,0,0,0,0,0,0,336689664,0,0,0,0,0,0,0,0,0,0,0,0,0,0,0,0,0,0,0,0,0,0,0,0,0,3,0,0,0,0,0,0,0,0,0,1616334,0,0
687,2,1,262,416,0,2,13,168,1680,0,0,0,0,0,0,0,0,338065920,0,0,0,0,0,0,0,0,0,0,0,0,0,0,0,0,0,0,0,0,0,0,0,0,0,3,0,0,0,0,0,0,0,0,0,1616334,0,0
688,2,1,265,240,0,2,13,168,1680,0,0,0,0,0,0,0,0,337836544,0,0,0,0,0,0,0,0,0,0,0,0,0,0,0,0,0,0,0,0,0,0,0,0,0,3,0,0,0,0,0,0,0,0,0,1616334,0,0
691,0,0,258,241,10,255,1,168,0,0,0,0,0,0,0,0,0,527448704,522517120,0,0,0,0,0,0,0,0,0,0,0,0,0,0,0,0,0,0,0,0,0,0,0,0,3,0,0,0,0,0,0,0,0,0,1671631,1671630,1671629
692,0,0,259,242,10,255,1,24,0,0,0,0,0,0,0,0,0,526743552,0,0,0,0,0,0,0,0,0,0,0,0,0,0,0,0,0,0,0,0,0,0,0,0,0,3,0,0,0,0,0,0,0,0,0,1671624,0,0
693,0,0,260,188,0,255,1,336,0,0,0,0,0,0,0,0,0,295959168,0,0,0,0,0,0,0,0,0,0,0,0,0,0,0,0,0,0,0,0,0,0,0,0,0,3,0,0,0,0,0,0,0,0,0,1084434,1084433,1084432
694,0,0,261,243,10,255,1,24,0,0,0,0,0,0,0,0,0,530774016,0,0,0,0,0,0,0,0,0,0,0,0,0,0,0,0,0,0,0,0,0,0,0,0,0,3,0,0,0,0,0,0,0,0,0,1671628,0,0
696,0,0,266,244,10,255,1,48,0,0,0,0,0,0,0,0,0,445806592,462567424,479426560,496187392,512948224,0,0,0,0,0,0,0,0,0,0,0,0,0,0,0,0,0,0,0,0,0,3,0,0,0,0,0,0,0,0,0,1671627,1671626,1671625
701,1984,1,265,240,0,2,13,168,1680,0,0,0,0,0,0,0,0,337803776,0,0,0,0,0,0,0,0,0,0,0,0,0,0,0,0,0,0,0,0,0,0,0,0,0,3,0,0,0,0,0,0,0,0,0,1616334,0,0
702,1,1,267,240,0,2,13,168,1680,0,0,0,0,0,0,0,0,337918464,0,0,0,0,0,0,0,0,0,0,0,0,0,0,0,0,0,0,0,0,0,0,0,0,0,3,0,0,0,0,0,0,0,0,0,1616334,0,0
704,4,1,267,240,0,2,13,168,1680,0,0,0,0,0,0,0,0,337934848,0,0,0,0,0,0,0,0,0,0,0,0,0,0,0,0,0,0,0,0,0,0,0,0,0,3,0,0,0,0,0,0,0,0,0,1616334,0,0
705,24,1,267,240,0,2,13,168,1680,0,0,0,0,0,0,0,0,337951232,0,0,0,0,0,0,0,0,0,0,0,0,0,0,0,0,0,0,0,0,0,0,0,0,0,3,0,0,0,0,0,0,0,0,0,1616334,0,0
706,2,1,267,240,0,2,13,168,1680,0,0,0,0,0,0,0,0,337951232,0,0,0,0,0,0,0,0,0,0,0,0,0,0,0,0,0,0,0,0,0,0,0,0,0,3,0,0,0,0,0,0,0,0,0,1616334,0,0
710,961,0,269,245,1,255,13,24,0,0,0,0,0,0,0,0,0,290781696,0,0,0,0,0,0,0,0,0,0,0,0,0,0,0,0,0,0,0,0,0,0,0,0,0,3,0,0,0,0,0,0,0,0,0,1676232,0,0
711,4,0,269,245,1,255,13,24,0,0,0,0,0,0,0,0,0,290798080,0,0,0,0,0,0,0,0,0,0,0,0,0,0,0,0,0,0,0,0,0,0,0,0,0,3,0,0,0,0,0,0,0,0,0,1676232,0,0
712,24,0,269,245,1,255,13,24,0,0,0,0,0,0,0,0,0,290814464,0,0,0,0,0,0,0,0,0,0,0,0,0,0,0,0,0,0,0,0,0,0,0,0,0,3,0,0,0,0,0,0,0,0,0,1676232,0,0
713,2,0,269,245,1,255,13,24,0,0,0,0,0,0,0,0,0,290814464,0,0,0,0,0,0,0,0,0,0,0,0,0,0,0,0,0,0,0,0,0,0,0,0,0,3,0,0,0,0,0,0,0,0,0,1676232,0,0
714,961,0,269,246,1,255,13,24,0,0,0,0,0,0,0,0,0,290896384,0,0,0,0,0,0,0,0,0,0,0,0,0,0,0,0,0,0,0,0,0,0,0,0,0,3,0,0,0,0,0,0,0,0,0,1676232,0,0
715,4,0,269,246,1,255,13,24,0,0,0,0,0,0,0,0,0,290912832,0,0,0,0,0,0,0,0,0,0,0,0,0,0,0,0,0,0,0,0,0,0,0,0,0,3,0,0,0,0,0,0,0,0,0,1676232,0,0
716,24,0,269,246,1,255,13,24,0,0,0,0,0,0,0,0,0,290929152,0,0,0,0,0,0,0,0,0,0,0,0,0,0,0,0,0,0,0,0,0,0,0,0,0,3,0,0,0,0,0,0,0,0,0,1676232,0,0
717,2,0,269,246,1,255,13,24,0,0,0,0,0,0,0,0,0,290929152,0,0,0,0,0,0,0,0,0,0,0,0,0,0,0,0,0,0,0,0,0,0,0,0,0,3,0,0,0,0,0,0,0,0,0,1676232,0,0
718,961,0,269,247,1,255,13,24,0,0,0,0,0,0,0,0,0,291682816,0,0,0,0,0,0,0,0,0,0,0,0,0,0,0,0,0,0,0,0,0,0,0,0,0,3,0,0,0,0,0,0,0,0,0,1676232,0,0
719,4,0,269,247,1,255,13,24,0,0,0,0,0,0,0,0,0,291699264,0,0,0,0,0,0,0,0,0,0,0,0,0,0,0,0,0,0,0,0,0,0,0,0,0,3,0,0,0,0,0,0,0,0,0,1676232,0,0
720,24,0,269,247,1,255,13,24,0,0,0,0,0,0,0,0,0,291715584,0,0,0,0,0,0,0,0,0,0,0,0,0,0,0,0,0,0,0,0,0,0,0,0,0,3,0,0,0,0,0,0,0,0,0,1676232,0,0
721,2,0,269,247,1,255,13,24,0,0,0,0,0,0,0,0,0,291715584,0,0,0,0,0,0,0,0,0,0,0,0,0,0,0,0,0,0,0,0,0,0,0,0,0,3,0,0,0,0,0,0,0,0,0,1676232,0,0
722,961,0,269,248,1,255,13,24,0,0,0,0,0,0,0,0,0,291912192,0,0,0,0,0,0,0,0,0,0,0,0,0,0,0,0,0,0,0,0,0,0,0,0,0,3,0,0,0,0,0,0,0,0,0,1676232,0,0
723,4,0,269,248,1,255,13,24,0,0,0,0,0,0,0,0,0,291928640,0,0,0,0,0,0,0,0,0,0,0,0,0,0,0,0,0,0,0,0,0,0,0,0,0,3,0,0,0,0,0,0,0,0,0,1676232,0,0
724,24,0,269,248,1,255,13,24,0,0,0,0,0,0,0,0,0,291944960,0,0,0,0,0,0,0,0,0,0,0,0,0,0,0,0,0,0,0,0,0,0,0,0,0,3,0,0,0,0,0,0,0,0,0,1676232,0,0
725,2,0,269,248,1,255,13,24,0,0,0,0,0,0,0,0,0,291944960,0,0,0,0,0,0,0,0,0,0,0,0,0,0,0,0,0,0,0,0,0,0,0,0,0,3,0,0,0,0,0,0,0,0,0,1676232,0,0
726,961,0,269,249,1,255,13,24,0,0,0,0,0,0,0,0,0,292682240,0,0,0,0,0,0,0,0,0,0,0,0,0,0,0,0,0,0,0,0,0,0,0,0,0,3,0,0,0,0,0,0,0,0,0,1676232,0,0
727,4,0,269,249,1,255,13,24,0,0,0,0,0,0,0,0,0,292698688,0,0,0,0,0,0,0,0,0,0,0,0,0,0,0,0,0,0,0,0,0,0,0,0,0,3,0,0,0,0,0,0,0,0,0,1676232,0,0
728,24,0,269,249,1,255,13,24,0,0,0,0,0,0,0,0,0,292715008,0,0,0,0,0,0,0,0,0,0,0,0,0,0,0,0,0,0,0,0,0,0,0,0,0,3,0,0,0,0,0,0,0,0,0,1676232,0,0
729,2,0,269,249,1,255,13,24,0,0,0,0,0,0,0,0,0,292715008,0,0,0,0,0,0,0,0,0,0,0,0,0,0,0,0,0,0,0,0,0,0,0,0,0,3,0,0,0,0,0,0,0,0,0,1676232,0,0
730,768,0,269,245,1,255,13,24,0,0,0,0,0,0,0,0,0,290470400,0,0,0,0,0,0,0,0,0,0,0,0,0,0,0,0,0,0,0,0,0,0,0,0,0,3,0,0,0,0,0,0,0,0,0,1676232,0,0
736,1984,1,267,240,0,2,13,168,1680,0,0,0,0,0,0,0,0,337918464,0,0,0,0,0,0,0,0,0,0,0,0,0,0,0,0,0,0,0,0,0,0,0,0,0,3,0,0,0,0,0,0,0,0,0,1616334,0,0
737,1984,1,262,416,0,2,13,168,1680,0,0,0,0,0,0,0,0,338033152,0,0,0,0,0,0,0,0,0,0,0,0,0,0,0,0,0,0,0,0,0,0,0,0,0,3,0,0,0,0,0,0,0,0,0,1616334,0,0
744,961,0,270,250,1,255,13,24,0,0,0,0,0,0,0,0,0,293681664,0,0,0,0,0,0,0,0,0,0,0,0,0,0,0,0,0,0,0,0,0,0,0,0,0,3,0,0,0,0,0,0,0,0,0,1721461,0,0
745,961,0,271,251,1,255,13,24,0,0,0,0,0,0,0,0,0,293796352,0,0,0,0,0,0,0,0,0,0,0,0,0,0,0,0,0,0,0,0,0,0,0,0,0,3,0,0,0,0,0,0,0,0,0,1721462,0,0
746,2,0,270,250,1,255,13,24,0,0,0,0,0,0,0,0,0,293714432,0,0,0,0,0,0,0,0,0,0,0,0,0,0,0,0,0,0,0,0,0,0,0,0,0,3,0,0,0,0,0,0,0,0,0,1721461,0,0
747,4,0,270,250,1,255,13,24,0,0,0,0,0,0,0,0,0,293698112,0,0,0,0,0,0,0,0,0,0,0,0,0,0,0,0,0,0,0,0,0,0,0,0,0,3,0,0,0,0,0,0,0,0,0,1721461,0,0
748,24,0,270,250,1,255,13,24,0,0,0,0,0,0,0,0,0,293714432,0,0,0,0,0,0,0,0,0,0,0,0,0,0,0,0,0,0,0,0,0,0,0,0,0,3,0,0,0,0,0,0,0,0,0,1721461,0,0
749,24,0,271,251,1,255,13,24,0,0,0,0,0,0,0,0,0,293829120,0,0,0,0,0,0,0,0,0,0,0,0,0,0,0,0,0,0,0,0,0,0,0,0,0,3,0,0,0,0,0,0,0,0,0,1721462,0,0
750,2,0,271,251,1,255,13,24,0,0,0,0,0,0,0,0,0,293829120,0,0,0,0,0,0,0,0,0,0,0,0,0,0,0,0,0,0,0,0,0,0,0,0,0,3,0,0,0,0,0,0,0,0,0,1721462,0,0
751,4,0,271,251,1,255,13,24,0,0,0,0,0,0,0,0,0,293812800,0,0,0,0,0,0,0,0,0,0,0,0,0,0,0,0,0,0,0,0,0,0,0,0,0,3,0,0,0,0,0,0,0,0,0,1721462,0,0
756,24,0,273,252,1,255,13,24,0,0,0,0,0,0,0,0,0,297089472,0,0,0,0,0,0,0,0,0,0,0,0,0,0,0,0,0,0,0,0,0,0,0,0,0,3,0,0,0,0,0,0,0,0,0,1724837,0,0
757,4,0,273,252,1,255,13,24,0,0,0,0,0,0,0,0,0,297073152,0,0,0,0,0,0,0,0,0,0,0,0,0,0,0,0,0,0,0,0,0,0,0,0,0,3,0,0,0,0,0,0,0,0,0,1724837,0,0
758,2,0,273,252,1,255,13,24,0,0,0,0,0,0,0,0,0,297089536,0,0,0,0,0,0,0,0,0,0,0,0,0,0,0,0,0,0,0,0,0,0,0,0,0,3,0,0,0,0,0,0,0,0,0,1724837,0,0
759,961,0,273,252,1,255,13,24,0,0,0,0,0,0,0,0,0,297056704,0,0,0,0,0,0,0,0,0,0,0,0,0,0,0,0,0,0,0,0,0,0,0,0,0,3,0,0,0,0,0,0,0,0,0,1724837,0,0
760,24,0,273,253,1,255,13,24,0,0,0,0,0,0,0,0,0,302053824,0,0,0,0,0,0,0,0,0,0,0,0,0,0,0,0,0,0,0,0,0,0,0,0,0,3,0,0,0,0,0,0,0,0,0,1724837,0,0
761,4,0,273,253,1,255,13,24,0,0,0,0,0,0,0,0,0,302037504,0,0,0,0,0,0,0,0,0,0,0,0,0,0,0,0,0,0,0,0,0,0,0,0,0,3,0,0,0,0,0,0,0,0,0,1724837,0,0
762,2,0,273,253,1,255,13,24,0,0,0,0,0,0,0,0,0,302053888,0,0,0,0,0,0,0,0,0,0,0,0,0,0,0,0,0,0,0,0,0,0,0,0,0,3,0,0,0,0,0,0,0,0,0,1724837,0,0
763,961,0,273,253,1,255,13,24,0,0,0,0,0,0,0,0,0,302021056,0,0,0,0,0,0,0,0,0,0,0,0,0,0,0,0,0,0,0,0,0,0,0,0,0,3,0,0,0,0,0,0,0,0,0,1724837,0,0
764,24,0,273,254,1,255,13,24,0,0,0,0,0,0,0,0,0,302283200,0,0,0,0,0,0,0,0,0,0,0,0,0,0,0,0,0,0,0,0,0,0,0,0,0,3,0,0,0,0,0,0,0,0,0,1724837,0,0
765,4,0,273,254,1,255,13,24,0,0,0,0,0,0,0,0,0,302266880,0,0,0,0,0,0,0,0,0,0,0,0,0,0,0,0,0,0,0,0,0,0,0,0,0,3,0,0,0,0,0,0,0,0,0,1724837,0,0
766,2,0,273,254,1,255,13,24,0,0,0,0,0,0,0,0,0,302283264,0,0,0,0,0,0,0,0,0,0,0,0,0,0,0,0,0,0,0,0,0,0,0,0,0,3,0,0,0,0,0,0,0,0,0,1724837,0,0
767,961,0,273,254,1,255,13,24,0,0,0,0,0,0,0,0,0,302250432,0,0,0,0,0,0,0,0,0,0,0,0,0,0,0,0,0,0,0,0,0,0,0,0,0,3,0,0,0,0,0,0,0,0,0,1724837,0,0
768,24,0,273,255,1,255,13,24,0,0,0,0,0,0,0,0,0,296860096,0,0,0,0,0,0,0,0,0,0,0,0,0,0,0,0,0,0,0,0,0,0,0,0,0,3,0,0,0,0,0,0,0,0,0,1724837,0,0
769,4,0,273,255,1,255,13,24,0,0,0,0,0,0,0,0,0,296843776,0,0,0,0,0,0,0,0,0,0,0,0,0,0,0,0,0,0,0,0,0,0,0,0,0,3,0,0,0,0,0,0,0,0,0,1724837,0,0
770,2,0,273,255,1,255,13,24,0,0,0,0,0,0,0,0,0,296860160,0,0,0,0,0,0,0,0,0,0,0,0,0,0,0,0,0,0,0,0,0,0,0,0,0,3,0,0,0,0,0,0,0,0,0,1724837,0,0
771,961,0,273,255,1,255,13,24,0,0,0,0,0,0,0,0,0,296827328,0,0,0,0,0,0,0,0,0,0,0,0,0,0,0,0,0,0,0,0,0,0,0,0,0,3,0,0,0,0,0,0,0,0,0,1724837,0,0
772,24,0,273,256,1,255,13,24,0,0,0,0,0,0,0,0,0,296188352,0,0,0,0,0,0,0,0,0,0,0,0,0,0,0,0,0,0,0,0,0,0,0,0,0,3,0,0,0,0,0,0,0,0,0,1724837,0,0
773,4,0,273,256,1,255,13,24,0,0,0,0,0,0,0,0,0,296172032,0,0,0,0,0,0,0,0,0,0,0,0,0,0,0,0,0,0,0,0,0,0,0,0,0,3,0,0,0,0,0,0,0,0,0,1724837,0,0
774,2,0,273,256,1,255,13,24,0,0,0,0,0,0,0,0,0,296188416,0,0,0,0,0,0,0,0,0,0,0,0,0,0,0,0,0,0,0,0,0,0,0,0,0,3,0,0,0,0,0,0,0,0,0,1724837,0,0
775,961,0,273,256,1,255,13,24,0,0,0,0,0,0,0,0,0,296155584,0,0,0,0,0,0,0,0,0,0,0,0,0,0,0,0,0,0,0,0,0,0,0,0,0,3,0,0,0,0,0,0,0,0,0,1724837,0,0
776,768,0,273,256,1,255,13,24,0,0,0,0,0,0,0,0,0,0,0,0,0,0,0,0,0,0,0,0,0,0,0,0,0,0,0,0,0,0,0,0,0,0,0,3,0,0,0,0,0,0,0,0,0,1676232,0,0
807,0,0,274,188,0,255,1,336,0,0,0,0,0,0,0,0,0,312736384,0,0,0,0,0,0,0,0,0,0,0,0,0,0,0,0,0,0,0,0,0,0,0,0,0,3,0,0,0,0,0,0,0,0,0,1084434,1084433,1084432
808,991,0,275,188,0,255,1,1512,0,0,0,0,0,0,0,0,0,329333184,0,0,0,0,0,0,0,0,0,0,0,0,0,0,0,0,0,0,0,0,0,0,0,0,0,3,0,0,0,0,0,0,0,0,0,1084434,1084433,1084432
918,193,0,379,358,1,255,1,487,0,0,0,0,0,0,0,0,0,308673024,0,0,0,0,0,0,0,0,0,0,0,0,0,0,0,0,0,0,0,0,0,0,0,0,0,3,0,0,0,0,0,0,0,0,0,2153725,2153724,2153723
920,768,0,381,360,1,255,13,24,0,0,0,0,0,0,0,0,0,0,0,0,0,0,0,0,0,0,0,0,0,0,0,0,0,0,0,0,0,0,0,0,0,0,0,3,0,0,0,0,0,0,0,0,0,2178746,0,0
921,961,0,381,360,1,255,13,24,0,0,0,0,0,0,0,0,0,310442496,0,0,0,0,0,0,0,0,0,0,0,0,0,0,0,0,0,0,0,0,0,0,0,0,0,3,0,0,0,0,0,0,0,0,0,2178746,0,0
922,2,0,381,360,1,255,13,24,0,0,0,0,0,0,0,0,0,310475264,0,0,0,0,0,0,0,0,0,0,0,0,0,0,0,0,0,0,0,0,0,0,0,0,0,3,0,0,0,0,0,0,0,0,0,2178746,0,0
923,4,0,381,360,1,255,13,24,0,0,0,0,0,0,0,0,0,310458944,0,0,0,0,0,0,0,0,0,0,0,0,0,0,0,0,0,0,0,0,0,0,0,0,0,3,0,0,0,0,0,0,0,0,0,2178746,0,0
924,24,0,381,360,1,255,13,24,0,0,0,0,0,0,0,0,0,310475200,0,0,0,0,0,0,0,0,0,0,0,0,0,0,0,0,0,0,0,0,0,0,0,0,0,3,0,0,0,0,0,0,0,0,0,2178746,0,0
925,961,0,381,362,1,255,13,24,0,0,0,0,0,0,0,0,0,310557184,0,0,0,0,0,0,0,0,0,0,0,0,0,0,0,0,0,0,0,0,0,0,0,0,0,3,0,0,0,0,0,0,0,0,0,2178746,0,0
926,2,0,381,362,1,255,13,24,0,0,0,0,0,0,0,0,0,310589952,0,0,0,0,0,0,0,0,0,0,0,0,0,0,0,0,0,0,0,0,0,0,0,0,0,3,0,0,0,0,0,0,0,0,0,2178746,0,0
927,4,0,381,362,1,255,13,24,0,0,0,0,0,0,0,0,0,310573632,0,0,0,0,0,0,0,0,0,0,0,0,0,0,0,0,0,0,0,0,0,0,0,0,0,3,0,0,0,0,0,0,0,0,0,2178746,0,0
928,24,0,381,362,1,255,13,24,0,0,0,0,0,0,0,0,0,310589888,0,0,0,0,0,0,0,0,0,0,0,0,0,0,0,0,0,0,0,0,0,0,0,0,0,3,0,0,0,0,0,0,0,0,0,2178746,0,0
929,961,0,381,363,1,255,13,24,0,0,0,0,0,0,0,0,0,310786560,0,0,0,0,0,0,0,0,0,0,0,0,0,0,0,0,0,0,0,0,0,0,0,0,0,3,0,0,0,0,0,0,0,0,0,2178746,0,0
930,2,0,381,363,1,255,13,24,0,0,0,0,0,0,0,0,0,310819328,0,0,0,0,0,0,0,0,0,0,0,0,0,0,0,0,0,0,0,0,0,0,0,0,0,3,0,0,0,0,0,0,0,0,0,2178746,0,0
931,4,0,381,363,1,255,13,24,0,0,0,0,0,0,0,0,0,310803008,0,0,0,0,0,0,0,0,0,0,0,0,0,0,0,0,0,0,0,0,0,0,0,0,0,3,0,0,0,0,0,0,0,0,0,2178746,0,0
932,24,0,381,363,1,255,13,24,0,0,0,0,0,0,0,0,0,310819264,0,0,0,0,0,0,0,0,0,0,0,0,0,0,0,0,0,0,0,0,0,0,0,0,0,3,0,0,0,0,0,0,0,0,0,2178746,0,0
933,961,0,381,364,1,255,13,24,0,0,0,0,0,0,0,0,0,311572992,0,0,0,0,0,0,0,0,0,0,0,0,0,0,0,0,0,0,0,0,0,0,0,0,0,3,0,0,0,0,0,0,0,0,0,2178746,0,0
934,2,0,381,364,1,255,13,24,0,0,0,0,0,0,0,0,0,311605760,0,0,0,0,0,0,0,0,0,0,0,0,0,0,0,0,0,0,0,0,0,0,0,0,0,3,0,0,0,0,0,0,0,0,0,2178746,0,0
935,4,0,381,364,1,255,13,24,0,0,0,0,0,0,0,0,0,311589440,0,0,0,0,0,0,0,0,0,0,0,0,0,0,0,0,0,0,0,0,0,0,0,0,0,3,0,0,0,0,0,0,0,0,0,2178746,0,0
936,24,0,381,364,1,255,13,24,0,0,0,0,0,0,0,0,0,311605696,0,0,0,0,0,0,0,0,0,0,0,0,0,0,0,0,0,0,0,0,0,0,0,0,0,3,0,0,0,0,0,0,0,0,0,2178746,0,0
938,4,0,382,361,0,0,13,165,0,0,0,0,0,0,0,0,0,319912448,321305088,323205696,325106240,326449728,328350272,329693696,335788544,337705472,339049024,340949568,342309440,344193600,0,0,0,0,0,0,346094080,0,0,0,0,0,0,3,0,0,0,0,0,0,0,0,0,2185212,0,2185211
939,24,0,382,361,0,0,13,165,0,0,0,0,0,0,0,0,0,319928768,321321408,323221952,325122496,326465984,328366528,329710016,335804864,337721792,339065280,340965824,342325696,344209856,0,0,0,0,0,0,346110400,0,0,0,0,0,0,3,0,0,0,0,0,0,0,0,0,2185212,0,2185211
940,2,0,382,361,0,0,13,165,0,0,0,0,0,0,0,0,0,319928832,321321472,323222016,325122560,326466048,328366592,329710080,335804928,337721856,339065344,340965888,342325760,344209920,0,0,0,0,0,0,346110464,0,0,0,0,0,0,3,0,0,0,0,0,0,0,0,0,2185212,0,2185211
941,961,0,382,361,0,0,13,165,0,0,0,0,0,0,0,0,0,319896000,321288704,323189248,325089792,326433280,328333824,329677248,335772096,337689024,339032576,340933120,342292992,344177152,0,0,0,0,0,0,0,346077632,0,0,0,0,0,3,0,0,0,0,0,0,0,0,0,2185212,0,2185211
956,4,0,379,358,1,255,1,472,0,0,0,0,0,0,0,0,0,308689408,0,0,0,0,0,0,0,0,0,0,0,0,0,0,0,0,0,0,0,0,0,0,0,0,0,3,0,0,0,0,0,0,0,0,0,2153725,2153724,2153723
957,24,0,379,358,1,255,1,454,0,0,0,0,0,0,0,0,0,308705792,0,0,0,0,0,0,0,0,0,0,0,0,0,0,0,0,0,0,0,0,0,0,0,0,0,3,0,0,0,0,0,0,0,0,0,2153725,2153724,2153723
958,2,0,379,358,1,255,1,455,0,0,0,0,0,0,0,0,0,308705792,0,0,0,0,0,0,0,0,0,0,0,0,0,0,0,0,0,0,0,0,0,0,0,0,0,3,0,0,0,0,0,0,0,0,0,2153725,2153724,2153723
959,320,0,379,358,1,255,1,504,0,0,0,0,0,0,0,0,0,308606976,0,0,0,0,0,0,0,0,0,0,0,0,0,0,0,0,0,0,0,0,0,0,0,0,0,3,0,0,0,0,0,0,0,0,0,2153725,2153724,2153723
965,1,0,379,358,1,255,1,504,0,0,0,0,0,0,0,0,0,0,0,0,0,0,0,0,0,0,0,0,0,0,0,0,0,0,0,0,0,0,0,0,0,0,0,3,0,0,0,0,0,0,0,0,0,2153725,2153724,2153723
967,512,0,379,358,1,255,1,504,0,0,0,0,0,0,0,0,0,308657197,0,0,0,0,0,0,0,0,0,0,0,0,0,0,0,0,0,0,0,0,0,0,0,0,0,3,0,0,0,0,0,0,0,0,0,2153725,2153724,2153723
973,128,0,379,358,1,255,1,24,0,0,0,0,0,0,0,0,0,308295680,0,0,0,0,0,0,0,0,0,0,0,0,0,0,0,0,0,0,0,0,0,0,0,0,0,3,0,0,0,0,0,0,0,0,0,2153725,2153724,2153723
979,768,0,381,360,1,255,13,24,0,0,0,0,0,0,0,0,0,0,0,0,0,0,0,0,0,0,0,0,0,0,0,0,0,0,0,0,0,0,0,0,0,0,0,3,0,0,0,0,0,0,0,0,0,2178746,0,0
1025,961,0,390,375,1,255,13,24,0,0,0,0,0,0,0,0,0,319125952,0,0,0,0,0,0,0,0,0,0,0,0,0,0,0,0,0,0,0,0,0,0,0,0,0,3,0,0,0,0,0,0,0,0,0,2575223,0,0
1026,2,0,390,375,1,255,13,24,0,0,0,0,0,0,0,0,0,319158784,0,0,0,0,0,0,0,0,0,0,0,0,0,0,0,0,0,0,0,0,0,0,0,0,0,3,0,0,0,0,0,0,0,0,0,2575223,0,0
1027,4,0,390,375,1,255,13,24,0,0,0,0,0,0,0,0,0,319142400,0,0,0,0,0,0,0,0,0,0,0,0,0,0,0,0,0,0,0,0,0,0,0,0,0,3,0,0,0,0,0,0,0,0,0,2575223,0,0
1028,24,0,390,375,1,255,13,24,0,0,0,0,0,0,0,0,0,319158720,0,0,0,0,0,0,0,0,0,0,0,0,0,0,0,0,0,0,0,0,0,0,0,0,0,3,0,0,0,0,0,0,0,0,0,2575223,0,0
1029,768,0,390,375,1,255,13,24,0,0,0,0,0,0,0,0,0,0,0,0,0,0,0,0,0,0,0,0,0,0,0,0,0,0,0,0,0,0,0,0,0,0,0,3,0,0,0,0,0,0,0,0,0,2575223,0,0
1030,961,0,390,376,1,255,13,24,0,0,0,0,0,0,0,0,0,319240640,0,0,0,0,0,0,0,0,0,0,0,0,0,0,0,0,0,0,0,0,0,0,0,0,0,3,0,0,0,0,0,0,0,0,0,2575223,0,0
1031,2,0,390,376,1,255,13,24,0,0,0,0,0,0,0,0,0,319273472,0,0,0,0,0,0,0,0,0,0,0,0,0,0,0,0,0,0,0,0,0,0,0,0,0,3,0,0,0,0,0,0,0,0,0,2575223,0,0
1032,4,0,390,376,1,255,13,24,0,0,0,0,0,0,0,0,0,319257088,0,0,0,0,0,0,0,0,0,0,0,0,0,0,0,0,0,0,0,0,0,0,0,0,0,3,0,0,0,0,0,0,0,0,0,2575223,0,0
1033,24,0,390,376,1,255,13,24,0,0,0,0,0,0,0,0,0,319273408,0,0,0,0,0,0,0,0,0,0,0,0,0,0,0,0,0,0,0,0,0,0,0,0,0,3,0,0,0,0,0,0,0,0,0,2575223,0,0
1034,961,0,390,377,1,255,13,24,0,0,0,0,0,0,0,0,0,320010688,0,0,0,0,0,0,0,0,0,0,0,0,0,0,0,0,0,0,0,0,0,0,0,0,0,3,0,0,0,0,0,0,0,0,0,2575223,0,0
1035,2,0,390,377,1,255,13,24,0,0,0,0,0,0,0,0,0,320043520,0,0,0,0,0,0,0,0,0,0,0,0,0,0,0,0,0,0,0,0,0,0,0,0,0,3,0,0,0,0,0,0,0,0,0,2575223,0,0
1036,4,0,390,377,1,255,13,24,0,0,0,0,0,0,0,0,0,320027136,0,0,0,0,0,0,0,0,0,0,0,0,0,0,0,0,0,0,0,0,0,0,0,0,0,3,0,0,0,0,0,0,0,0,0,2575223,0,0
1037,24,0,390,377,1,255,13,24,0,0,0,0,0,0,0,0,0,320043456,0,0,0,0,0,0,0,0,0,0,0,0,0,0,0,0,0,0,0,0,0,0,0,0,0,3,0,0,0,0,0,0,0,0,0,2575223,0,0
1038,961,0,390,378,1,255,13,24,0,0,0,0,0,0,0,0,0,320240064,0,0,0,0,0,0,0,0,0,0,0,0,0,0,0,0,0,0,0,0,0,0,0,0,0,3,0,0,0,0,0,0,0,0,0,2575223,0,0
1039,2,0,390,378,1,255,13,24,0,0,0,0,0,0,0,0,0,320272896,0,0,0,0,0,0,0,0,0,0,0,0,0,0,0,0,0,0,0,0,0,0,0,0,0,3,0,0,0,0,0,0,0,0,0,2575223,0,0
1040,4,0,390,378,1,255,13,24,0,0,0,0,0,0,0,0,0,320256512,0,0,0,0,0,0,0,0,0,0,0,0,0,0,0,0,0,0,0,0,0,0,0,0,0,3,0,0,0,0,0,0,0,0,0,2575223,0,0
1041,24,0,390,378,1,255,13,24,0,0,0,0,0,0,0,0,0,320272832,0,0,0,0,0,0,0,0,0,0,0,0,0,0,0,0,0,0,0,0,0,0,0,0,0,3,0,0,0,0,0,0,0,0,0,2575223,0,0
1047,1,1,391,240,0,2,13,168,1680,0,0,0,0,0,0,0,0,336771584,0,0,0,0,0,0,0,0,0,0,0,0,0,0,0,0,0,0,0,0,0,0,0,0,0,3,0,0,0,0,0,0,0,0,0,1616334,0,0
1048,2,1,391,240,0,2,13,168,1680,0,0,0,0,0,0,0,0,336804352,0,0,0,0,0,0,0,0,0,0,0,0,0,0,0,0,0,0,0,0,0,0,0,0,0,3,0,0,0,0,0,0,0,0,0,1616334,0,0
1049,4,1,391,240,0,2,13,168,1680,0,0,0,0,0,0,0,0,336787968,0,0,0,0,0,0,0,0,0,0,0,0,0,0,0,0,0,0,0,0,0,0,0,0,0,3,0,0,0,0,0,0,0,0,0,1616334,0,0
1050,1984,1,391,240,0,2,13,168,1680,0,0,0,0,0,0,0,0,336771584,0,0,0,0,0,0,0,0,0,0,0,0,0,0,0,0,0,0,0,0,0,0,0,0,0,3,0,0,0,0,0,0,0,0,0,1616334,0,0
1051,24,1,391,240,0,2,13,168,1680,0,0,0,0,0,0,0,0,336804352,0,0,0,0,0,0,0,0,0,0,0,0,0,0,0,0,0,0,0,0,0,0,0,0,0,3,0,0,0,0,0,0,0,0,0,1616334,0,0
1052,0,0,392,379,10,255,1,24,0,0,0,0,0,0,0,0,0,0,0,0,0,0,0,0,531740672,0,0,0,0,0,0,0,0,0,0,0,0,0,0,0,0,0,0,3,0,0,0,0,0,0,0,0,0,2827084,0,0
1053,0,0,393,380,10,255,1,24,0,0,0,0,0,0,0,0,0,0,0,0,0,0,0,0,527693824,0,0,0,0,0,0,0,0,0,0,0,0,0,0,0,0,0,0,3,0,0,0,0,0,0,0,0,0,2827082,0,0
1054,0,0,394,381,10,255,1,24,0,0,0,0,0,0,0,0,0,0,0,0,0,0,0,0,526596096,0,0,0,0,0,0,0,0,0,0,0,0,0,0,0,0,0,0,3,0,0,0,0,0,0,0,0,0,2827083,0,0
1056,961,0,239,382,0,0,13,167,0,0,0,0,0,0,0,0,0,419658240,422590976,425851392,429095424,436419008,440596992,446085632,0,0,0,0,0,0,0,0,0,0,0,0,0,0,0,0,0,0,0,3,0,0,0,0,0,0,0,0,0,1129683,1129682,1129681
1062,64,0,394,381,10,255,1,168,0,0,0,0,0,0,0,0,0,319895552,0,0,0,0,0,0,526596096,0,0,0,0,0,0,0,0,0,0,0,0,0,0,0,0,0,0,3,0,0,0,0,0,0,0,0,0,2827083,0,0
1063,4,0,239,382,0,0,13,167,0,0,0,0,0,0,0,0,0,419674432,422607232,425867648,429111680,436435264,440613248,446101824,0,0,0,0,0,0,0,0,0,0,0,0,0,0,0,0,0,0,0,3,0,0,0,0,0,0,0,0,0,1129683,1129682,1129681
1065,2,0,239,382,0,0,13,167,0,0,0,0,0,0,0,0,0,419691008,422623744,425884160,429128192,436451840,440629760,446118400,0,0,0,0,0,0,0,0,0,0,0,0,0,0,0,0,0,0,0,3,0,0,0,0,0,0,0,0,0,1129683,1129682,1129681
1068,24,0,239,382,0,0,13,167,0,0,0,0,0,0,0,0,0,419690944,422623680,425884096,429128128,436451776,440629696,446118336,0,0,0,0,0,0,0,0,0,0,0,0,0,0,0,0,0,0,0,3,0,0,0,0,0,0,0,0,0,1129683,1129682,1129681
1069,961,0,396,383,1,255,13,24,0,0,0,0,0,0,0,0,0,322173440,0,0,0,0,0,0,0,0,0,0,0,0,0,0,0,0,0,0,0,0,0,0,0,0,0,3,0,0,0,0,0,0,0,0,0,2576479,0,0
1070,2,0,396,383,1,255,13,24,0,0,0,0,0,0,0,0,0,322206208,0,0,0,0,0,0,0,0,0,0,0,0,0,0,0,0,0,0,0,0,0,0,0,0,0,3,0,0,0,0,0,0,0,0,0,2576479,0,0
1071,4,0,396,383,1,255,13,24,0,0,0,0,0,0,0,0,0,322189888,0,0,0,0,0,0,0,0,0,0,0,0,0,0,0,0,0,0,0,0,0,0,0,0,0,3,0,0,0,0,0,0,0,0,0,2576479,0,0
1072,24,0,396,383,1,255,13,24,0,0,0,0,0,0,0,0,0,322206144,0,0,0,0,0,0,0,0,0,0,0,0,0,0,0,0,0,0,0,0,0,0,0,0,0,3,0,0,0,0,0,0,0,0,0,2576479,0,0
1073,0,0,396,383,1,255,13,24,0,0,0,0,0,0,0,0,0,0,0,0,0,0,0,0,0,0,0,0,0,0,0,0,0,0,0,0,0,0,0,0,0,0,0,3,0,0,0,0,0,0,0,0,0,2576479,0,0
1074,961,0,396,384,1,255,13,24,0,0,0,0,0,0,0,0,0,322288128,0,0,0,0,0,0,0,0,0,0,0,0,0,0,0,0,0,0,0,0,0,0,0,0,0,3,0,0,0,0,0,0,0,0,0,2576479,0,0
1075,4,0,396,384,1,255,13,24,0,0,0,0,0,0,0,0,0,322304576,0,0,0,0,0,0,0,0,0,0,0,0,0,0,0,0,0,0,0,0,0,0,0,0,0,3,0,0,0,0,0,0,0,0,0,2576479,0,0
1076,2,0,396,384,1,255,13,24,0,0,0,0,0,0,0,0,0,322320896,0,0,0,0,0,0,0,0,0,0,0,0,0,0,0,0,0,0,0,0,0,0,0,0,0,3,0,0,0,0,0,0,0,0,0,2576479,0,0
1077,24,0,396,384,1,255,13,24,0,0,0,0,0,0,0,0,0,322320832,0,0,0,0,0,0,0,0,0,0,0,0,0,0,0,0,0,0,0,0,0,0,0,0,0,3,0,0,0,0,0,0,0,0,0,2576479,0,0
1078,0,0,396,384,1,255,13,24,0,0,0,0,0,0,0,0,0,0,0,0,0,0,0,0,0,0,0,0,0,0,0,0,0,0,0,0,0,0,0,0,0,0,0,3,0,0,0,0,0,0,0,0,0,2576479,0,0
1098,961,0,397,387,1,255,13,24,0,0,0,0,0,0,0,0,0,325204480,0,0,0,0,0,0,0,0,0,0,0,0,0,0,0,0,0,0,0,0,0,0,0,0,0,3,0,0,0,0,0,0,0,0,0,3025317,0,0
1099,2,0,397,387,1,255,13,24,0,0,0,0,0,0,0,0,0,325237248,0,0,0,0,0,0,0,0,0,0,0,0,0,0,0,0,0,0,0,0,0,0,0,0,0,3,0,0,0,0,0,0,0,0,0,3025317,0,0
1100,4,0,397,387,1,255,13,24,0,0,0,0,0,0,0,0,0,325220928,0,0,0,0,0,0,0,0,0,0,0,0,0,0,0,0,0,0,0,0,0,0,0,0,0,3,0,0,0,0,0,0,0,0,0,3025317,0,0
1101,24,0,397,387,1,255,13,24,0,0,0,0,0,0,0,0,0,325237184,0,0,0,0,0,0,0,0,0,0,0,0,0,0,0,0,0,0,0,0,0,0,0,0,0,3,0,0,0,0,0,0,0,0,0,3025317,0,0
1102,961,0,397,388,1,255,13,24,0,0,0,0,0,0,0,0,0,325319168,0,0,0,0,0,0,0,0,0,0,0,0,0,0,0,0,0,0,0,0,0,0,0,0,0,3,0,0,0,0,0,0,0,0,0,3025317,0,0
1103,2,0,397,388,1,255,13,24,0,0,0,0,0,0,0,0,0,325351936,0,0,0,0,0,0,0,0,0,0,0,0,0,0,0,0,0,0,0,0,0,0,0,0,0,3,0,0,0,0,0,0,0,0,0,3025317,0,0
1104,4,0,397,388,1,255,13,24,0,0,0,0,0,0,0,0,0,325335616,0,0,0,0,0,0,0,0,0,0,0,0,0,0,0,0,0,0,0,0,0,0,0,0,0,3,0,0,0,0,0,0,0,0,0,3025317,0,0
1105,24,0,397,388,1,255,13,24,0,0,0,0,0,0,0,0,0,325351872,0,0,0,0,0,0,0,0,0,0,0,0,0,0,0,0,0,0,0,0,0,0,0,0,0,3,0,0,0,0,0,0,0,0,0,3025317,0,0
1106,4,0,397,389,1,255,13,24,0,0,0,0,0,0,0,0,0,325564992,0,0,0,0,0,0,0,0,0,0,0,0,0,0,0,0,0,0,0,0,0,0,0,0,0,3,0,0,0,0,0,0,0,0,0,3025317,0,0
1107,24,0,397,389,1,255,13,24,0,0,0,0,0,0,0,0,0,326121920,0,0,0,0,0,0,0,0,0,0,0,0,0,0,0,0,0,0,0,0,0,0,0,0,0,3,0,0,0,0,0,0,0,0,0,3025317,0,0
1108,961,0,397,390,1,255,13,24,0,0,0,0,0,0,0,0,0,326318592,0,0,0,0,0,0,0,0,0,0,0,0,0,0,0,0,0,0,0,0,0,0,0,0,0,3,0,0,0,0,0,0,0,0,0,3025317,0,0
1109,2,0,397,390,1,255,13,24,0,0,0,0,0,0,0,0,0,326351360,0,0,0,0,0,0,0,0,0,0,0,0,0,0,0,0,0,0,0,0,0,0,0,0,0,3,0,0,0,0,0,0,0,0,0,3025317,0,0
1110,4,0,397,390,1,255,13,24,0,0,0,0,0,0,0,0,0,326335040,0,0,0,0,0,0,0,0,0,0,0,0,0,0,0,0,0,0,0,0,0,0,0,0,0,3,0,0,0,0,0,0,0,0,0,3025317,0,0
1111,24,0,397,390,1,255,13,24,0,0,0,0,0,0,0,0,0,326351296,0,0,0,0,0,0,0,0,0,0,0,0,0,0,0,0,0,0,0,0,0,0,0,0,0,3,0,0,0,0,0,0,0,0,0,3025317,0,0
1112,2,0,397,389,1,255,13,24,0,0,0,0,0,0,0,0,0,326121984,0,0,0,0,0,0,0,0,0,0,0,0,0,0,0,0,0,0,0,0,0,0,0,0,0,3,0,0,0,0,0,0,0,0,0,3025317,0,0
1113,961,0,397,389,1,255,13,24,0,0,0,0,0,0,0,0,0,325548544,0,0,0,0,0,0,0,0,0,0,0,0,0,0,0,0,0,0,0,0,0,0,0,0,0,3,0,0,0,0,0,0,0,0,0,3025317,0,0
1120,1,1,398,391,0,2,13,168,1680,0,0,0,0,0,0,0,0,337689088,0,0,0,0,0,0,0,0,0,0,0,0,0,0,0,0,0,0,0,0,0,0,0,0,0,3,0,0,0,0,0,0,0,0,0,1616334,0,0
1121,2,1,398,391,0,2,13,168,1680,0,0,0,0,0,0,0,0,337721856,0,0,0,0,0,0,0,0,0,0,0,0,0,0,0,0,0,0,0,0,0,0,0,0,0,3,0,0,0,0,0,0,0,0,0,1616334,0,0
1122,4,1,398,391,0,2,13,168,1680,0,0,0,0,0,0,0,0,337705472,0,0,0,0,0,0,0,0,0,0,0,0,0,0,0,0,0,0,0,0,0,0,0,0,0,3,0,0,0,0,0,0,0,0,0,1616334,0,0
1123,1984,1,398,391,0,2,13,168,1680,0,0,0,0,0,0,0,0,337689088,0,0,0,0,0,0,0,0,0,0,0,0,0,0,0,0,0,0,0,0,0,0,0,0,0,3,0,0,0,0,0,0,0,0,0,1616334,0,0
1124,24,1,398,391,0,2,13,168,1680,0,0,0,0,0,0,0,0,337721856,0,0,0,0,0,0,0,0,0,0,0,0,0,0,0,0,0,0,0,0,0,0,0,0,0,3,0,0,0,0,0,0,0,0,0,1616334,0,0
1140,961,0,399,392,1,255,13,24,0,0,0,0,0,0,0,0,0,335886784,0,0,0,0,0,0,0,0,0,0,0,0,0,0,0,0,0,0,0,0,0,0,0,0,0,3,0,0,0,0,0,0,0,0,0,3221461,0,0
1141,2,0,399,392,1,255,13,24,0,0,0,0,0,0,0,0,0,335919616,0,0,0,0,0,0,0,0,0,0,0,0,0,0,0,0,0,0,0,0,0,0,0,0,0,3,0,0,0,0,0,0,0,0,0,3221461,0,0
1142,4,0,399,392,1,255,13,24,0,0,0,0,0,0,0,0,0,335903232,0,0,0,0,0,0,0,0,0,0,0,0,0,0,0,0,0,0,0,0,0,0,0,0,0,3,0,0,0,0,0,0,0,0,0,3221461,0,0
1143,24,0,399,392,1,255,13,24,0,0,0,0,0,0,0,0,0,335919552,0,0,0,0,0,0,0,0,0,0,0,0,0,0,0,0,0,0,0,0,0,0,0,0,0,3,0,0,0,0,0,0,0,0,0,3221461,0,0
1144,961,0,399,393,1,0,13,24,0,0,0,0,0,0,0,0,0,336001472,0,0,0,0,0,0,0,0,0,0,0,0,0,0,0,0,0,0,0,0,0,0,0,0,0,3,0,0,0,0,0,0,0,0,0,3221461,0,0
1145,2,0,399,393,1,0,13,24,0,0,0,0,0,0,0,0,0,336034304,0,0,0,0,0,0,0,0,0,0,0,0,0,0,0,0,0,0,0,0,0,0,0,0,0,3,0,0,0,0,0,0,0,0,0,3221461,0,0
1146,4,0,399,393,1,0,13,24,0,0,0,0,0,0,0,0,0,336017920,0,0,0,0,0,0,0,0,0,0,0,0,0,0,0,0,0,0,0,0,0,0,0,0,0,3,0,0,0,0,0,0,0,0,0,3221461,0,0
1147,24,0,399,393,1,0,13,24,0,0,0,0,0,0,0,0,0,336034240,0,0,0,0,0,0,0,0,0,0,0,0,0,0,0,0,0,0,0,0,0,0,0,0,0,3,0,0,0,0,0,0,0,0,0,3221461,0,0
1148,961,0,399,394,1,0,13,24,0,0,0,0,0,0,0,0,0,336771520,0,0,0,0,0,0,0,0,0,0,0,0,0,0,0,0,0,0,0,0,0,0,0,0,0,3,0,0,0,0,0,0,0,0,0,3221461,0,0
1149,2,0,399,394,1,0,13,24,0,0,0,0,0,0,0,0,0,336804352,0,0,0,0,0,0,0,0,0,0,0,0,0,0,0,0,0,0,0,0,0,0,0,0,0,3,0,0,0,0,0,0,0,0,0,3221461,0,0
1150,4,0,399,394,1,0,13,24,0,0,0,0,0,0,0,0,0,336787968,0,0,0,0,0,0,0,0,0,0,0,0,0,0,0,0,0,0,0,0,0,0,0,0,0,3,0,0,0,0,0,0,0,0,0,3221461,0,0
1151,24,0,399,394,1,0,13,24,0,0,0,0,0,0,0,0,0,336804288,0,0,0,0,0,0,0,0,0,0,0,0,0,0,0,0,0,0,0,0,0,0,0,0,0,3,0,0,0,0,0,0,0,0,0,3221461,0,0
1152,961,0,399,395,1,0,13,24,0,0,0,0,0,0,0,0,0,337000896,0,0,0,0,0,0,0,0,0,0,0,0,0,0,0,0,0,0,0,0,0,0,0,0,0,3,0,0,0,0,0,0,0,0,0,3221461,0,0
1153,2,0,399,395,1,0,13,24,0,0,0,0,0,0,0,0,0,337033728,0,0,0,0,0,0,0,0,0,0,0,0,0,0,0,0,0,0,0,0,0,0,0,0,0,3,0,0,0,0,0,0,0,0,0,3221461,0,0
1154,4,0,399,395,1,0,13,24,0,0,0,0,0,0,0,0,0,337017344,0,0,0,0,0,0,0,0,0,0,0,0,0,0,0,0,0,0,0,0,0,0,0,0,0,3,0,0,0,0,0,0,0,0,0,3221461,0,0
1155,24,0,399,395,1,0,13,24,0,0,0,0,0,0,0,0,0,337033664,0,0,0,0,0,0,0,0,0,0,0,0,0,0,0,0,0,0,0,0,0,0,0,0,0,3,0,0,0,0,0,0,0,0,0,3221461,0,0
1156,961,0,399,396,1,0,13,24,0,0,0,0,0,0,0,0,0,337803776,0,0,0,0,0,0,0,0,0,0,0,0,0,0,0,0,0,0,0,0,0,0,0,0,0,3,0,0,0,0,0,0,0,0,0,3221461,0,0
1157,2,0,399,396,1,0,13,24,0,0,0,0,0,0,0,0,0,337836544,0,0,0,0,0,0,0,0,0,0,0,0,0,0,0,0,0,0,0,0,0,0,0,0,0,3,0,0,0,0,0,0,0,0,0,3221461,0,0
1158,4,0,399,396,1,0,13,24,0,0,0,0,0,0,0,0,0,337820160,0,0,0,0,0,0,0,0,0,0,0,0,0,0,0,0,0,0,0,0,0,0,0,0,0,3,0,0,0,0,0,0,0,0,0,3221461,0,0
1159,24,0,399,396,1,0,13,24,0,0,0,0,0,0,0,0,0,337836480,0,0,0,0,0,0,0,0,0,0,0,0,0,0,0,0,0,0,0,0,0,0,0,0,0,3,0,0,0,0,0,0,0,0,0,3221461,0,0
1166,1984,1,264,0,0,2,13,168,1680,0,0,0,0,0,0,0,0,336886272,0,0,0,0,0,0,0,0,0,0,0,0,0,0,0,0,0,0,0,0,0,0,0,0,0,3,0,0,0,0,0,0,0,0,0,1616334,0,0
1167,2,1,264,239,0,2,13,168,1680,0,0,0,0,0,0,0,0,336919040,0,0,0,0,0,0,0,0,0,0,0,0,0,0,0,0,0,0,0,0,0,0,0,0,0,3,0,0,0,0,0,0,0,0,0,1616334,0,0
1168,24,1,264,239,0,2,13,168,1680,0,0,0,0,0,0,0,0,336919040,0,0,0,0,0,0,0,0,0,0,0,0,0,0,0,0,0,0,0,0,0,0,0,0,0,3,0,0,0,0,0,0,0,0,0,1616334,0,0
1169,4,1,264,239,0,2,13,168,1680,0,0,0,0,0,0,0,0,336902656,0,0,0,0,0,0,0,0,0,0,0,0,0,0,0,0,0,0,0,0,0,0,0,0,0,3,0,0,0,0,0,0,0,0,0,1616334,0,0
1170,1,1,264,239,0,2,13,168,1680,0,0,0,0,0,0,0,0,336886272,0,0,0,0,0,0,0,0,0,0,0,0,0,0,0,0,0,0,0,0,0,0,0,0,0,3,0,0,0,0,0,0,0,0,0,1616334,0,0
1181,0,0,402,188,1,255,1,504,0,0,0,0,0,0,0,0,0,346045056,0,0,0,0,0,0,0,0,0,0,0,0,0,0,0,0,0,0,0,0,0,0,0,0,0,3,0,0,0,0,0,0,0,0,0,1084434,1084433,1084432
1186,1,0,0,0,10,255,3,744,0,0,0,0,0,0,0,0,0,344995840,0,0,0,0,0,0,0,0,0,0,0,0,0,0,0,0,0,0,0,0,0,0,0,0,0,3,0,0,0,0,0,0,0,0,0,0,0,0
1187,24,0,0,0,10,255,3,744,0,0,0,0,0,0,0,0,0,344995840,0,0,0,0,0,0,0,0,0,0,0,0,0,0,0,0,0,0,0,0,0,0,0,0,0,3,0,0,0,0,0,0,0,0,0,0,0,0
1188,2,0,0,0,10,255,3,744,0,0,0,0,0,0,0,0,0,344995840,0,0,0,0,0,0,0,0,0,0,0,0,0,0,0,0,0,0,0,0,0,0,0,0,0,3,0,0,0,0,0,0,0,0,0,0,0,0
1189,4,0,0,0,10,255,3,744,0,0,0,0,0,0,0,0,0,344995840,0,0,0,0,0,0,0,0,0,0,0,0,0,0,0,0,0,0,0,0,0,0,0,0,0,3,0,0,0,0,0,0,0,0,0,0,0,0
1194,961,0,404,400,1,255,13,24,0,0,0,0,0,0,0,0,0,347208128,0,0,0,0,0,0,0,0,0,0,0,0,0,0,0,0,0,0,0,0,0,0,0,0,0,3,0,0,0,0,0,0,0,0,0,3759950,0,0
1195,961,0,404,399,1,255,13,24,0,0,0,0,0,0,0,0,0,347322816,0,0,0,0,0,0,0,0,0,0,0,0,0,0,0,0,0,0,0,0,0,0,0,0,0,3,0,0,0,0,0,0,0,0,0,3759950,0,0
1196,961,0,404,397,1,255,13,24,0,0,0,0,0,0,0,0,0,352401856,0,0,0,0,0,0,0,0,0,0,0,0,0,0,0,0,0,0,0,0,0,0,0,0,0,3,0,0,0,0,0,0,0,0,0,3759950,0,0
1197,961,0,404,398,1,255,13,24,0,0,0,0,0,0,0,0,0,352631232,0,0,0,0,0,0,0,0,0,0,0,0,0,0,0,0,0,0,0,0,0,0,0,0,0,3,0,0,0,0,0,0,0,0,0,3759950,0,0
1198,4,0,404,400,1,255,13,24,0,0,0,0,0,0,0,0,0,347224576,0,0,0,0,0,0,0,0,0,0,0,0,0,0,0,0,0,0,0,0,0,0,0,0,0,3,0,0,0,0,0,0,0,0,0,3759950,0,0
1199,4,0,404,399,1,255,13,24,0,0,0,0,0,0,0,0,0,347339264,0,0,0,0,0,0,0,0,0,0,0,0,0,0,0,0,0,0,0,0,0,0,0,0,0,3,0,0,0,0,0,0,0,0,0,3759950,0,0
1200,4,0,404,397,1,255,13,24,0,0,0,0,0,0,0,0,0,352418304,0,0,0,0,0,0,0,0,0,0,0,0,0,0,0,0,0,0,0,0,0,0,0,0,0,3,0,0,0,0,0,0,0,0,0,3759950,0,0
1201,4,0,404,398,1,255,13,24,0,0,0,0,0,0,0,0,0,352647680,0,0,0,0,0,0,0,0,0,0,0,0,0,0,0,0,0,0,0,0,0,0,0,0,0,3,0,0,0,0,0,0,0,0,0,3759950,0,0
1202,2,0,404,400,1,255,13,24,0,0,0,0,0,0,0,0,0,347240960,0,0,0,0,0,0,0,0,0,0,0,0,0,0,0,0,0,0,0,0,0,0,0,0,0,3,0,0,0,0,0,0,0,0,0,3759950,0,0
1203,2,0,404,399,1,255,13,24,0,0,0,0,0,0,0,0,0,347355648,0,0,0,0,0,0,0,0,0,0,0,0,0,0,0,0,0,0,0,0,0,0,0,0,0,3,0,0,0,0,0,0,0,0,0,3759950,0,0
1204,2,0,404,397,1,255,13,24,0,0,0,0,0,0,0,0,0,352434688,0,0,0,0,0,0,0,0,0,0,0,0,0,0,0,0,0,0,0,0,0,0,0,0,0,3,0,0,0,0,0,0,0,0,0,3759950,0,0
1205,2,0,404,398,1,255,13,24,0,0,0,0,0,0,0,0,0,352664064,0,0,0,0,0,0,0,0,0,0,0,0,0,0,0,0,0,0,0,0,0,0,0,0,0,3,0,0,0,0,0,0,0,0,0,3759950,0,0
1206,24,0,404,400,1,255,13,24,0,0,0,0,0,0,0,0,0,347240896,0,0,0,0,0,0,0,0,0,0,0,0,0,0,0,0,0,0,0,0,0,0,0,0,0,3,0,0,0,0,0,0,0,0,0,3759950,0,0
1207,24,0,404,399,1,255,13,24,0,0,0,0,0,0,0,0,0,347355584,0,0,0,0,0,0,0,0,0,0,0,0,0,0,0,0,0,0,0,0,0,0,0,0,0,3,0,0,0,0,0,0,0,0,0,3759950,0,0
1208,24,0,404,397,1,255,13,24,0,0,0,0,0,0,0,0,0,352434624,0,0,0,0,0,0,0,0,0,0,0,0,0,0,0,0,0,0,0,0,0,0,0,0,0,3,0,0,0,0,0,0,0,0,0,3759950,0,0
1209,24,0,404,398,1,255,13,24,0,0,0,0,0,0,0,0,0,352664000,0,0,0,0,0,0,0,0,0,0,0,0,0,0,0,0,0,0,0,0,0,0,0,0,0,3,0,0,0,0,0,0,0,0,0,3759950,0,0
1210,961,0,404,401,1,255,13,24,0,0,0,0,0,0,0,0,0,353401280,0,0,0,0,0,0,0,0,0,0,0,0,0,0,0,0,0,0,0,0,0,0,0,0,0,3,0,0,0,0,0,0,0,0,0,3759950,0,0
1211,4,0,404,401,1,255,13,24,0,0,0,0,0,0,0,0,0,353417728,0,0,0,0,0,0,0,0,0,0,0,0,0,0,0,0,0,0,0,0,0,0,0,0,0,3,0,0,0,0,0,0,0,0,0,3759950,0,0
1212,2,0,404,401,1,255,13,24,0,0,0,0,0,0,0,0,0,353434112,0,0,0,0,0,0,0,0,0,0,0,0,0,0,0,0,0,0,0,0,0,0,0,0,0,3,0,0,0,0,0,0,0,0,0,3759950,0,0
1213,24,0,404,401,1,255,13,24,0,0,0,0,0,0,0,0,0,353434048,0,0,0,0,0,0,0,0,0,0,0,0,0,0,0,0,0,0,0,0,0,0,0,0,0,3,0,0,0,0,0,0,0,0,0,3759950,0,0
1214,0,0,405,402,0,255,5,168,1848,0,0,0,0,0,0,0,0,378599424,0,0,0,0,0,0,0,0,0,0,0,0,0,0,0,0,0,0,0,0,0,0,0,0,0,3,0,0,0,0,0,0,0,0,0,3747963,0,0
1215,0,0,406,403,0,255,5,168,1848,0,0,0,0,0,0,0,0,380057600,0,0,0,0,0,0,0,0,0,0,0,0,0,0,0,0,0,0,0,0,0,0,0,0,0,3,0,0,0,0,0,0,0,0,0,3747963,0,0
1216,0,0,407,404,0,255,5,168,1848,0,0,0,0,0,0,0,0,379598848,0,0,0,0,0,0,0,0,0,0,0,0,0,0,0,0,0,0,0,0,0,0,0,0,0,3,0,0,0,0,0,0,0,0,0,3747963,0,0
1217,961,0,408,405,0,0,13,167,0,0,0,0,0,0,0,0,0,347322816,353401280,354793984,356694528,358038016,359938560,361839104,363182528,369277376,371325376,372668928,374684160,376584704,378599936,0,0,0,0,0,0,0,0,0,0,0,0,3,0,0,0,0,0,0,0,0,0,3817202,0,3817200
1218,4,0,408,405,0,0,13,167,0,0,0,0,0,0,0,0,0,347339264,353417728,354810368,356710976,358054464,359955008,361855552,363198976,369293824,371341824,372685376,374700608,376601152,378616384,0,0,0,0,0,0,0,0,0,0,0,0,3,0,0,0,0,0,0,0,0,0,3817202,0,3817200
1219,24,0,408,405,0,0,13,167,0,0,0,0,0,0,0,0,0,347355584,353434048,354826688,356727232,358627776,359971264,361871808,363215296,369310144,371358144,372701632,374716864,376617408,378632640,0,0,0,0,0,0,0,0,0,0,0,0,3,0,0,0,0,0,0,0,0,0,3817202,0,3817200
1220,2,0,408,405,0,0,13,167,0,0,0,0,0,0,0,0,0,347355648,353434112,354826752,356727296,358627840,359971328,361871872,363215360,369310208,371358208,372701696,374716928,376617472,378632704,0,0,0,0,0,0,0,0,0,0,0,0,3,0,0,0,0,0,0,0,0,0,3817202,0,3817200
1221,1984,1,257,240,0,2,13,168,1680,0,0,0,0,0,0,0,0,336656896,0,0,0,0,0,0,0,0,0,0,0,0,0,0,0,0,0,0,0,0,0,0,0,0,0,3,0,0,0,0,0,0,0,0,0,1616334,0,0
1222,32,0,404,400,1,255,13,24,0,0,0,0,0,0,0,0,0,346307008,0,0,0,0,0,0,0,0,0,0,0,0,0,0,0,0,0,0,0,0,0,0,0,0,0,3,0,0,0,0,0,0,0,0,0,3759950,0,0
1225,0,0,410,188,1,255,1,504,0,0,0,0,0,0,0,0,0,363051648,0,0,0,0,0,0,0,0,0,0,0,0,0,0,0,0,0,0,0,0,0,0,0,0,0,3,0,0,0,0,0,0,0,0,0,1084434,1084433,1084432
1226,961,0,411,407,1,255,13,24,0,0,0,0,0,0,0,0,0,358709760,0,0,0,0,0,0,0,0,0,0,0,0,0,0,0,0,0,0,0,0,0,0,0,0,0,3,0,0,0,0,0,0,0,0,0,4181532,0,0
1227,961,0,411,408,1,255,13,24,0,0,0,0,0,0,0,0,0,358824448,0,0,0,0,0,0,0,0,0,0,0,0,0,0,0,0,0,0,0,0,0,0,0,0,0,3,0,0,0,0,0,0,0,0,0,4181532,0,0
1228,961,0,411,409,1,255,13,24,0,0,0,0,0,0,0,0,0,359053824,0,0,0,0,0,0,0,0,0,0,0,0,0,0,0,0,0,0,0,0,0,0,0,0,0,3,0,0,0,0,0,0,0,0,0,4181532,0,0
1229,961,0,411,410,1,255,13,24,0,0,0,0,0,0,0,0,0,359823872,0,0,0,0,0,0,0,0,0,0,0,0,0,0,0,0,0,0,0,0,0,0,0,0,0,3,0,0,0,0,0,0,0,0,0,4181532,0,0
1230,961,0,411,411,1,255,13,24,0,0,0,0,0,0,0,0,0,360053248,0,0,0,0,0,0,0,0,0,0,0,0,0,0,0,0,0,0,0,0,0,0,0,0,0,3,0,0,0,0,0,0,0,0,0,4181532,0,0
1232,1984,0,268,413,0,2,13,168,1680,0,0,0,0,0,0,0,0,338803200,0,0,0,0,0,0,0,0,0,0,0,0,0,0,0,0,0,0,0,0,0,0,0,0,0,0,0,0,0,0,0,0,0,0,0,1616334,0,0
1233,1,1,268,413,0,2,13,168,1680,0,0,0,0,0,0,0,0,336001536,0,0,0,0,0,0,0,0,0,0,0,0,0,0,0,0,0,0,0,0,0,0,0,0,0,3,0,0,0,0,0,0,0,0,0,1616334,0,0
1234,1984,0,395,414,0,2,15,168,1680,0,0,0,0,0,0,0,0,338803200,0,0,0,0,0,0,0,0,0,0,0,0,0,0,0,0,0,0,0,0,0,0,0,0,0,3,0,0,0,0,0,0,0,0,0,1616334,0,0
1235,1,0,395,414,0,2,15,0,0,0,0,0,0,0,0,0,0,338803200,0,0,0,0,0,0,0,0,0,0,0,0,0,0,0,0,0,0,0,0,0,0,0,0,0,3,0,0,0,0,0,0,0,0,0,1616334,0,0
1236,4,0,395,414,0,2,15,168,1680,0,0,0,0,0,0,0,0,338819584,0,0,0,0,0,0,0,0,0,0,0,0,0,0,0,0,0,0,0,0,0,0,0,0,0,3,0,0,0,0,0,0,0,0,0,1616334,0,0
1237,24,0,395,414,0,2,15,168,1680,0,0,0,0,0,0,0,0,338835968,0,0,0,0,0,0,0,0,0,0,0,0,0,0,0,0,0,0,0,0,0,0,0,0,0,3,0,0,0,0,0,0,0,0,0,1616334,0,0
1238,2,0,395,414,0,2,15,168,1680,0,0,0,0,0,0,0,0,338835968,0,0,0,0,0,0,0,0,0,0,0,0,0,0,0,0,0,0,0,0,0,0,0,0,0,3,0,0,0,0,0,0,0,0,0,1616334,0,0
1239,1984,1,263,415,0,2,13,168,1680,0,0,0,0,0,0,0,0,335886848,0,0,0,0,0,0,0,0,0,0,0,0,0,0,0,0,0,0,0,0,0,0,0,0,0,3,0,0,0,0,0,0,0,0,0,1616334,0,0
1240,1,1,263,415,0,2,13,168,1680,0,0,0,0,0,0,0,0,335886848,0,0,0,0,0,0,0,0,0,0,0,0,0,0,0,0,0,0,0,0,0,0,0,0,0,3,0,0,0,0,0,0,0,0,0,1616334,0,0
1241,4,1,263,415,0,2,13,168,1680,0,0,0,0,0,0,0,0,335903232,0,0,0,0,0,0,0,0,0,0,0,0,0,0,0,0,0,0,0,0,0,0,0,0,0,3,0,0,0,0,0,0,0,0,0,1616334,0,0
1242,24,1,263,415,0,2,13,168,1680,0,0,0,0,0,0,0,0,335919616,0,0,0,0,0,0,0,0,0,0,0,0,0,0,0,0,0,0,0,0,0,0,0,0,0,3,0,0,0,0,0,0,0,0,0,1616334,0,0
1243,2,1,263,415,0,2,13,168,1680,0,0,0,0,0,0,0,0,335919616,0,0,0,0,0,0,0,0,0,0,0,0,0,0,0,0,0,0,0,0,0,0,0,0,0,3,0,0,0,0,0,0,0,0,0,1616334,0,0
1244,4,1,268,413,0,2,13,168,1680,0,0,0,0,0,0,0,0,336017920,0,0,0,0,0,0,0,0,0,0,0,0,0,0,0,0,0,0,0,0,0,0,0,0,0,3,0,0,0,0,0,0,0,0,0,1616334,0,0
1245,24,1,268,413,0,2,13,168,1680,0,0,0,0,0,0,0,0,336034304,0,0,0,0,0,0,0,0,0,0,0,0,0,0,0,0,0,0,0,0,0,0,0,0,0,3,0,0,0,0,0,0,0,0,0,1616334,0,0
1246,2,1,268,413,0,2,13,168,1680,0,0,0,0,0,0,0,0,336034304,0,0,0,0,0,0,0,0,0,0,0,0,0,0,0,0,0,0,0,0,0,0,0,0,0,3,0,0,0,0,0,0,0,0,0,1616334,0,0
1247,4,0,411,407,1,255,13,24,0,0,0,0,0,0,0,0,0,358726208,0,0,0,0,0,0,0,0,0,0,0,0,0,0,0,0,0,0,0,0,0,0,0,0,0,3,0,0,0,0,0,0,0,0,0,4181532,0,0
1248,4,0,411,408,1,255,13,24,0,0,0,0,0,0,0,0,0,358840896,0,0,0,0,0,0,0,0,0,0,0,0,0,0,0,0,0,0,0,0,0,0,0,0,0,3,0,0,0,0,0,0,0,0,0,4181532,0,0
1249,4,0,411,409,1,255,13,24,0,0,0,0,0,0,0,0,0,359070272,0,0,0,0,0,0,0,0,0,0,0,0,0,0,0,0,0,0,0,0,0,0,0,0,0,3,0,0,0,0,0,0,0,0,0,4181532,0,0
1250,4,0,411,410,1,255,13,24,0,0,0,0,0,0,0,0,0,359840320,0,0,0,0,0,0,0,0,0,0,0,0,0,0,0,0,0,0,0,0,0,0,0,0,0,3,0,0,0,0,0,0,0,0,0,4181532,0,0
1251,4,0,411,411,1,255,13,24,0,0,0,0,0,0,0,0,0,360069696,0,0,0,0,0,0,0,0,0,0,0,0,0,0,0,0,0,0,0,0,0,0,0,0,0,3,0,0,0,0,0,0,0,0,0,4181532,0,0
1252,24,0,411,407,1,255,13,24,0,0,0,0,0,0,0,0,0,358742464,0,0,0,0,0,0,0,0,0,0,0,0,0,0,0,0,0,0,0,0,0,0,0,0,0,3,0,0,0,0,0,0,0,0,0,4181532,0,0
1253,24,0,411,408,1,255,13,24,0,0,0,0,0,0,0,0,0,358857152,0,0,0,0,0,0,0,0,0,0,0,0,0,0,0,0,0,0,0,0,0,0,0,0,0,3,0,0,0,0,0,0,0,0,0,4181532,0,0
1254,24,0,411,409,1,255,13,24,0,0,0,0,0,0,0,0,0,359086528,0,0,0,0,0,0,0,0,0,0,0,0,0,0,0,0,0,0,0,0,0,0,0,0,0,3,0,0,0,0,0,0,0,0,0,4181532,0,0
1255,24,0,411,410,1,255,13,24,0,0,0,0,0,0,0,0,0,359856576,0,0,0,0,0,0,0,0,0,0,0,0,0,0,0,0,0,0,0,0,0,0,0,0,0,3,0,0,0,0,0,0,0,0,0,4181532,0,0
1256,24,0,411,411,1,255,13,24,0,0,0,0,0,0,0,0,0,360085952,0,0,0,0,0,0,0,0,0,0,0,0,0,0,0,0,0,0,0,0,0,0,0,0,0,3,0,0,0,0,0,0,0,0,0,4181532,0,0
1257,2,0,411,407,1,255,13,24,0,0,0,0,0,0,0,0,0,358742528,0,0,0,0,0,0,0,0,0,0,0,0,0,0,0,0,0,0,0,0,0,0,0,0,0,3,0,0,0,0,0,0,0,0,0,4181532,0,0
1258,2,0,411,408,1,255,13,24,0,0,0,0,0,0,0,0,0,358857216,0,0,0,0,0,0,0,0,0,0,0,0,0,0,0,0,0,0,0,0,0,0,0,0,0,3,0,0,0,0,0,0,0,0,0,4181532,0,0
1259,2,0,411,409,1,255,13,24,0,0,0,0,0,0,0,0,0,359086592,0,0,0,0,0,0,0,0,0,0,0,0,0,0,0,0,0,0,0,0,0,0,0,0,0,3,0,0,0,0,0,0,0,0,0,4181532,0,0
1260,2,0,411,410,1,255,13,24,0,0,0,0,0,0,0,0,0,359856640,0,0,0,0,0,0,0,0,0,0,0,0,0,0,0,0,0,0,0,0,0,0,0,0,0,3,0,0,0,0,0,0,0,0,0,4181532,0,0
1261,2,0,411,411,1,255,13,24,0,0,0,0,0,0,0,0,0,360086016,0,0,0,0,0,0,0,0,0,0,0,0,0,0,0,0,0,0,0,0,0,0,0,0,0,3,0,0,0,0,0,0,0,0,0,4181532,0,0
1262,0,0,412,188,1,255,1,504,0,0,0,0,0,0,0,0,0,379681408,0,0,0,0,0,0,0,0,0,0,0,0,0,0,0,0,0,0,0,0,0,0,0,0,0,3,0,0,0,0,0,0,0,0,0,1084434,1084433,1084432
1263,961,0,239,417,0,0,13,167,0,0,0,0,0,0,0,0,0,419772864,422935040,425966080,429980096,431339968,441481728,446970304,0,0,0,0,0,0,0,0,0,0,0,0,0,0,0,0,0,0,0,3,0,0,0,0,0,0,0,0,0,1467047,1467046,1467045
1265,4,0,239,417,0,0,13,167,0,0,0,0,0,0,0,0,0,419789120,422951296,425982336,429996352,431356224,441497984,446986560,0,0,0,0,0,0,0,0,0,0,0,0,0,0,0,0,0,0,0,3,0,0,0,0,0,0,0,0,0,1467047,1467046,1467045
1267,2,0,239,417,0,0,13,167,0,0,0,0,0,0,0,0,0,419805696,422967808,425998848,430012928,431372800,441514496,447003136,0,0,0,0,0,0,0,0,0,0,0,0,0,0,0,0,0,0,0,3,0,0,0,0,0,0,0,0,0,1467047,1467046,1467045
1269,24,0,239,417,0,0,13,167,0,0,0,0,0,0,0,0,0,419805632,422967744,425998784,430012864,431372736,441514432,447003072,0,0,0,0,0,0,0,0,0,0,0,0,0,0,0,0,0,0,0,3,0,0,0,0,0,0,0,0,0,1467047,1467046,1467045
1271,961,0,239,417,0,0,13,669,0,0,0,0,0,0,0,0,0,363968960,0,0,0,0,0,0,0,0,0,0,0,0,0,0,0,0,0,0,0,0,0,0,0,0,0,3,0,0,0,0,0,0,0,0,0,1467047,1467046,1467045
1273,4,0,239,417,0,0,13,669,0,0,0,0,0,0,0,0,0,363985408,0,0,0,0,0,0,0,0,0,0,0,0,0,0,0,0,0,0,0,0,0,0,0,0,0,3,0,0,0,0,0,0,0,0,0,1467047,1467046,1467045
1275,2,0,239,417,0,0,13,669,0,0,0,0,0,0,0,0,0,364001792,0,0,0,0,0,0,0,0,0,0,0,0,0,0,0,0,0,0,0,0,0,0,0,0,0,3,0,0,0,0,0,0,0,0,0,1467047,1467046,1467045
1277,24,0,239,417,0,0,13,669,0,0,0,0,0,0,0,0,0,364001728,0,0,0,0,0,0,0,0,0,0,0,0,0,0,0,0,0,0,0,0,0,0,0,0,0,3,0,0,0,0,0,0,0,0,0,1467047,1467046,1467045
1287,961,0,414,419,1,255,13,24,0,0,0,0,0,0,0,0,0,371210688,0,0,0,0,0,0,0,0,0,0,0,0,0,0,0,0,0,0,0,0,0,0,0,0,0,3,0,0,0,0,0,0,0,0,0,4425896,0,0
1288,2,0,414,419,1,255,13,24,0,0,0,0,0,0,0,0,0,371243520,0,0,0,0,0,0,0,0,0,0,0,0,0,0,0,0,0,0,0,0,0,0,0,0,0,3,0,0,0,0,0,0,0,0,0,4425896,0,0
1289,4,0,414,419,1,255,13,24,0,0,0,0,0,0,0,0,0,371227136,0,0,0,0,0,0,0,0,0,0,0,0,0,0,0,0,0,0,0,0,0,0,0,0,0,3,0,0,0,0,0,0,0,0,0,4425896,0,0
1290,24,0,414,419,1,255,13,24,0,0,0,0,0,0,0,0,0,371243456,0,0,0,0,0,0,0,0,0,0,0,0,0,0,0,0,0,0,0,0,0,0,0,0,0,3,0,0,0,0,0,0,0,0,0,4425896,0,0
1291,961,0,414,420,1,255,13,24,0,0,0,0,0,0,0,0,0,371325376,0,0,0,0,0,0,0,0,0,0,0,0,0,0,0,0,0,0,0,0,0,0,0,0,0,3,0,0,0,0,0,0,0,0,0,4425896,0,0
1292,2,0,414,420,1,255,13,24,0,0,0,0,0,0,0,0,0,371358208,0,0,0,0,0,0,0,0,0,0,0,0,0,0,0,0,0,0,0,0,0,0,0,0,0,3,0,0,0,0,0,0,0,0,0,4425896,0,0
1293,4,0,414,420,1,255,13,24,0,0,0,0,0,0,0,0,0,371341824,0,0,0,0,0,0,0,0,0,0,0,0,0,0,0,0,0,0,0,0,0,0,0,0,0,3,0,0,0,0,0,0,0,0,0,4425896,0,0
1294,24,0,414,420,1,255,13,24,0,0,0,0,0,0,0,0,0,371358144,0,0,0,0,0,0,0,0,0,0,0,0,0,0,0,0,0,0,0,0,0,0,0,0,0,3,0,0,0,0,0,0,0,0,0,4425896,0,0
1295,961,0,414,421,1,255,13,24,0,0,0,0,0,0,0,0,0,371554816,0,0,0,0,0,0,0,0,0,0,0,0,0,0,0,0,0,0,0,0,0,0,0,0,0,3,0,0,0,0,0,0,0,0,0,4425896,0,0
1296,4,0,414,421,1,255,13,24,0,0,0,0,0,0,0,0,0,371571200,0,0,0,0,0,0,0,0,0,0,0,0,0,0,0,0,0,0,0,0,0,0,0,0,0,3,0,0,0,0,0,0,0,0,0,4425896,0,0
1297,2,0,414,421,1,255,13,24,0,0,0,0,0,0,0,0,0,371587584,0,0,0,0,0,0,0,0,0,0,0,0,0,0,0,0,0,0,0,0,0,0,0,0,0,3,0,0,0,0,0,0,0,0,0,4425896,0,0
1298,24,0,414,421,1,255,13,24,0,0,0,0,0,0,0,0,0,371587520,0,0,0,0,0,0,0,0,0,0,0,0,0,0,0,0,0,0,0,0,0,0,0,0,0,3,0,0,0,0,0,0,0,0,0,4425896,0,0
1299,961,0,414,422,1,255,13,24,0,0,0,0,0,0,0,0,0,372324864,0,0,0,0,0,0,0,0,0,0,0,0,0,0,0,0,0,0,0,0,0,0,0,0,0,3,0,0,0,0,0,0,0,0,0,4425896,0,0
1300,2,0,414,422,1,255,13,24,0,0,0,0,0,0,0,0,0,372357632,0,0,0,0,0,0,0,0,0,0,0,0,0,0,0,0,0,0,0,0,0,0,0,0,0,3,0,0,0,0,0,0,0,0,0,4425896,0,0
1301,4,0,414,422,1,255,13,24,0,0,0,0,0,0,0,0,0,372341312,0,0,0,0,0,0,0,0,0,0,0,0,0,0,0,0,0,0,0,0,0,0,0,0,0,3,0,0,0,0,0,0,0,0,0,4425896,0,0
1302,24,0,414,422,1,255,13,24,0,0,0,0,0,0,0,0,0,372357568,0,0,0,0,0,0,0,0,0,0,0,0,0,0,0,0,0,0,0,0,0,0,0,0,0,3,0,0,0,0,0,0,0,0,0,4425896,0,0
1303,961,0,414,423,1,255,13,24,0,0,0,0,0,0,0,0,0,372554240,0,0,0,0,0,0,0,0,0,0,0,0,0,0,0,0,0,0,0,0,0,0,0,0,0,3,0,0,0,0,0,0,0,0,0,4425896,0,0
1304,2,0,414,423,1,255,13,24,0,0,0,0,0,0,0,0,0,372587008,0,0,0,0,0,0,0,0,0,0,0,0,0,0,0,0,0,0,0,0,0,0,0,0,0,3,0,0,0,0,0,0,0,0,0,4425896,0,0
1305,4,0,414,423,1,255,13,24,0,0,0,0,0,0,0,0,0,372570688,0,0,0,0,0,0,0,0,0,0,0,0,0,0,0,0,0,0,0,0,0,0,0,0,0,3,0,0,0,0,0,0,0,0,0,4425896,0,0
1306,24,0,414,423,1,255,13,24,0,0,0,0,0,0,0,0,0,372586944,0,0,0,0,0,0,0,0,0,0,0,0,0,0,0,0,0,0,0,0,0,0,0,0,0,3,0,0,0,0,0,0,0,0,0,4425896,0,0
1307,1984,0,413,418,0,2,15,1000,0,0,0,0,0,0,0,0,0,371210752,0,0,0,0,0,0,0,0,0,0,0,0,0,0,0,0,0,0,0,0,0,0,0,0,0,0,0,0,0,0,0,0,0,0,0,1616334,0,0
1308,24,0,413,418,0,2,15,1000,0,0,0,0,0,0,0,0,0,371243520,0,0,0,0,0,0,0,0,0,0,0,0,0,0,0,0,0,0,0,0,0,0,0,0,0,0,0,0,0,0,0,0,0,0,0,1616334,0,0
1309,4,0,413,418,0,2,15,1000,0,0,0,0,0,0,0,0,0,371227136,0,0,0,0,0,0,0,0,0,0,0,0,0,0,0,0,0,0,0,0,0,0,0,0,0,0,0,0,0,0,0,0,0,0,0,1616334,0,0
1310,2,0,413,418,0,2,15,1000,0,0,0,0,0,0,0,0,0,371243520,0,0,0,0,0,0,0,0,0,0,0,0,0,0,0,0,0,0,0,0,0,0,0,0,0,0,0,0,0,0,0,0,0,0,0,1616334,0,0
1311,1,0,413,418,0,2,15,1000,0,0,0,0,0,0,0,0,0,371210752,0,0,0,0,0,0,0,0,0,0,0,0,0,0,0,0,0,0,0,0,0,0,0,0,0,0,0,0,0,0,0,0,0,0,0,1616334,0,0
1312,1984,1,268,413,0,2,13,168,1680,0,0,0,0,0,0,0,0,336001536,0,0,0,0,0,0,0,0,0,0,0,0,0,0,0,0,0,0,0,0,0,0,0,0,0,3,0,0,0,0,0,0,0,0,0,1616334,0,0
1315,961,0,415,424,1,255,13,168,0,0,0,0,0,0,0,0,0,376469952,376814016,377698752,378599872,0,0,0,0,0,0,0,0,0,0,0,0,0,0,0,0,0,0,0,0,0,0,3,0,0,0,0,0,0,0,0,0,3759950,0,0
1316,961,0,417,425,1,255,13,168,0,0,0,0,0,0,0,0,0,376584640,376928704,377813440,378714560,0,0,0,0,0,0,0,0,0,0,0,0,0,0,0,0,0,0,0,0,0,0,3,0,0,0,0,0,0,0,0,0,4181532,0,0
1317,961,0,416,426,1,255,13,168,0,0,0,0,0,0,0,0,0,376699328,377584064,377928128,378829248,0,0,0,0,0,0,0,0,0,0,0,0,0,0,0,0,0,0,0,0,0,0,3,0,0,0,0,0,0,0,0,0,4425896,0,0
1325,4,0,415,424,1,255,13,168,0,0,0,0,0,0,0,0,0,376486400,376830464,377715200,378616320,0,0,0,0,0,0,0,0,0,0,0,0,0,0,0,0,0,0,0,0,0,0,3,0,0,0,0,0,0,0,0,0,3759950,0,0
1326,24,0,415,424,1,255,13,168,0,0,0,0,0,0,0,0,0,376502720,376846784,377731520,378632640,0,0,0,0,0,0,0,0,0,0,0,0,0,0,0,0,0,0,0,0,0,0,3,0,0,0,0,0,0,0,0,0,3759950,0,0
1327,2,0,415,424,1,255,13,168,0,0,0,0,0,0,0,0,0,376502784,376846848,377731584,378632704,0,0,0,0,0,0,0,0,0,0,0,0,0,0,0,0,0,0,0,0,0,0,3,0,0,0,0,0,0,0,0,0,3759950,0,0
1328,4,0,417,425,1,255,13,168,0,0,0,0,0,0,0,0,0,376601088,376945152,377829888,378731008,0,0,0,0,0,0,0,0,0,0,0,0,0,0,0,0,0,0,0,0,0,0,3,0,0,0,0,0,0,0,0,0,4181532,0,0
1329,24,0,417,425,1,255,13,168,0,0,0,0,0,0,0,0,0,376617408,377502144,377846208,378747328,0,0,0,0,0,0,0,0,0,0,0,0,0,0,0,0,0,0,0,0,0,0,3,0,0,0,0,0,0,0,0,0,4181532,0,0
1330,2,0,417,425,1,255,13,168,0,0,0,0,0,0,0,0,0,376617472,377502208,377846272,378747392,0,0,0,0,0,0,0,0,0,0,0,0,0,0,0,0,0,0,0,0,0,0,3,0,0,0,0,0,0,0,0,0,4181532,0,0
1331,4,0,416,426,1,255,13,168,0,0,0,0,0,0,0,0,0,376715776,377600512,377944576,378845696,0,0,0,0,0,0,0,0,0,0,0,0,0,0,0,0,0,0,0,0,0,0,3,0,0,0,0,0,0,0,0,0,4425896,0,0
1332,24,0,416,426,1,255,13,168,0,0,0,0,0,0,0,0,0,376732096,377616832,377960896,378862016,0,0,0,0,0,0,0,0,0,0,0,0,0,0,0,0,0,0,0,0,0,0,3,0,0,0,0,0,0,0,0,0,4425896,0,0
1333,2,0,416,426,1,255,13,168,0,0,0,0,0,0,0,0,0,376732160,377616896,377960960,378862080,0,0,0,0,0,0,0,0,0,0,0,0,0,0,0,0,0,0,0,0,0,0,3,0,0,0,0,0,0,0,0,0,4425896,0,0
1335,961,0,418,427,0,0,13,167,0,0,0,0,0,0,0,0,0,381073856,387037632,388315648,390101504,391215616,392460800,393689600,395475456,397490624,402684352,403913152,405174784,406960640,408189440,409434624,0,0,0,0,0,0,0,0,0,0,0,3,0,0,0,0,0,0,0,0,0,4868796,0,4868795
1336,961,0,419,428,1,255,13,24,0,0,0,0,0,0,0,0,0,380844480,0,0,0,0,0,0,0,0,0,0,0,0,0,0,0,0,0,0,0,0,0,0,0,0,0,3,0,0,0,0,0,0,0,0,0,4868797,0,0
1337,961,0,419,429,1,255,13,24,0,0,0,0,0,0,0,0,0,380959168,0,0,0,0,0,0,0,0,0,0,0,0,0,0,0,0,0,0,0,0,0,0,0,0,0,3,0,0,0,0,0,0,0,0,0,4868797,0,0
1338,961,0,419,430,1,255,13,24,0,0,0,0,0,0,0,0,0,385923520,0,0,0,0,0,0,0,0,0,0,0,0,0,0,0,0,0,0,0,0,0,0,0,0,0,3,0,0,0,0,0,0,0,0,0,4868797,0,0
1339,961,0,419,431,1,255,13,24,0,0,0,0,0,0,0,0,0,386152896,0,0,0,0,0,0,0,0,0,0,0,0,0,0,0,0,0,0,0,0,0,0,0,0,0,3,0,0,0,0,0,0,0,0,0,4868797,0,0
1340,4,0,419,428,1,255,13,24,0,0,0,0,0,0,0,0,0,380860736,0,0,0,0,0,0,0,0,0,0,0,0,0,0,0,0,0,0,0,0,0,0,0,0,0,3,0,0,0,0,0,0,0,0,0,4868797,0,0
1341,4,0,419,429,1,255,13,24,0,0,0,0,0,0,0,0,0,380975424,0,0,0,0,0,0,0,0,0,0,0,0,0,0,0,0,0,0,0,0,0,0,0,0,0,3,0,0,0,0,0,0,0,0,0,4868797,0,0
1342,4,0,419,430,1,255,13,24,0,0,0,0,0,0,0,0,0,385939776,0,0,0,0,0,0,0,0,0,0,0,0,0,0,0,0,0,0,0,0,0,0,0,0,0,3,0,0,0,0,0,0,0,0,0,4868797,0,0
1343,4,0,419,431,1,255,13,24,0,0,0,0,0,0,0,0,0,386169152,0,0,0,0,0,0,0,0,0,0,0,0,0,0,0,0,0,0,0,0,0,0,0,0,0,3,0,0,0,0,0,0,0,0,0,4868797,0,0
1344,2,0,419,428,1,255,13,24,0,0,0,0,0,0,0,0,0,380877312,0,0,0,0,0,0,0,0,0,0,0,0,0,0,0,0,0,0,0,0,0,0,0,0,0,3,0,0,0,0,0,0,0,0,0,4868797,0,0
1345,2,0,419,429,1,255,13,24,0,0,0,0,0,0,0,0,0,380992000,0,0,0,0,0,0,0,0,0,0,0,0,0,0,0,0,0,0,0,0,0,0,0,0,0,3,0,0,0,0,0,0,0,0,0,4868797,0,0
1346,2,0,419,430,1,255,13,24,0,0,0,0,0,0,0,0,0,385956352,0,0,0,0,0,0,0,0,0,0,0,0,0,0,0,0,0,0,0,0,0,0,0,0,0,3,0,0,0,0,0,0,0,0,0,4868797,0,0
1347,2,0,419,431,1,255,13,24,0,0,0,0,0,0,0,0,0,386185728,0,0,0,0,0,0,0,0,0,0,0,0,0,0,0,0,0,0,0,0,0,0,0,0,0,3,0,0,0,0,0,0,0,0,0,4868797,0,0
1348,24,0,419,428,1,255,13,24,0,0,0,0,0,0,0,0,0,380877248,0,0,0,0,0,0,0,0,0,0,0,0,0,0,0,0,0,0,0,0,0,0,0,0,0,3,0,0,0,0,0,0,0,0,0,4868797,0,0
1349,24,0,419,429,1,255,13,24,0,0,0,0,0,0,0,0,0,380991936,0,0,0,0,0,0,0,0,0,0,0,0,0,0,0,0,0,0,0,0,0,0,0,0,0,3,0,0,0,0,0,0,0,0,0,4868797,0,0
1350,24,0,419,430,1,255,13,24,0,0,0,0,0,0,0,0,0,385956288,0,0,0,0,0,0,0,0,0,0,0,0,0,0,0,0,0,0,0,0,0,0,0,0,0,3,0,0,0,0,0,0,0,0,0,4868797,0,0
1351,24,0,419,431,1,255,13,24,0,0,0,0,0,0,0,0,0,386185664,0,0,0,0,0,0,0,0,0,0,0,0,0,0,0,0,0,0,0,0,0,0,0,0,0,3,0,0,0,0,0,0,0,0,0,4868797,0,0
1352,4,0,418,427,0,0,13,167,0,0,0,0,0,0,0,0,0,381090112,387053888,388331840,390117760,391231872,392477056,393705856,395491712,397506880,402700608,403929408,405191040,406976896,408205696,409450880,0,0,0,0,0,0,0,0,0,0,0,3,0,0,0,0,0,0,0,0,0,4868796,0,4868795
1353,24,0,418,427,0,0,13,167,0,0,0,0,0,0,0,0,0,381106624,387070400,388348352,390134208,391248320,392493504,393722304,395622848,397523392,402717120,403945920,405207488,406993344,408222144,410008000,0,0,0,0,0,0,0,0,0,0,0,3,0,0,0,0,0,0,0,0,0,4868796,0,4868795
1354,2,0,418,427,0,0,13,167,0,0,0,0,0,0,0,0,0,381106688,387070464,388348416,390134272,391248384,392493568,393722368,395508224,397523456,402717184,403945984,405207552,406993408,408222208,410008064,0,0,0,0,0,0,0,0,0,0,0,3,0,0,0,0,0,0,0,0,0,4868796,0,4868795
1355,961,0,420,432,0,0,13,1,0,0,0,0,0,0,0,0,0,380042176,0,0,0,0,0,0,0,0,0,0,0,0,0,0,0,0,0,0,0,0,0,0,0,0,0,3,0,0,0,0,0,0,0,0,0,4868794,0,0
1356,4,0,420,432,0,0,13,1,0,0,0,0,0,0,0,0,0,380057600,0,0,0,0,0,0,0,0,0,0,0,0,0,0,0,0,0,0,0,0,0,0,0,0,0,3,0,0,0,0,0,0,0,0,0,4868794,0,0
1357,24,0,420,432,0,0,13,1,0,0,0,0,0,0,0,0,0,380058048,0,0,0,0,0,0,0,0,0,0,0,0,0,0,0,0,0,0,0,0,0,0,0,0,0,3,0,0,0,0,0,0,0,0,0,4868794,0,0
1358,2,0,420,432,0,0,13,1,0,0,0,0,0,0,0,0,0,380058112,0,0,0,0,0,0,0,0,0,0,0,0,0,0,0,0,0,0,0,0,0,0,0,0,0,3,0,0,0,0,0,0,0,0,0,4868794,0,0
1361,961,0,421,433,1,255,13,24,0,0,0,0,0,0,0,0,0,390216192,0,0,0,0,0,0,0,0,0,0,0,0,0,0,0,0,0,0,0,0,0,0,0,0,0,0,0,0,0,0,0,0,0,0,0,5149426,0,0
1362,2,0,421,433,1,255,13,0,0,0,0,0,0,0,0,0,0,390248960,0,0,0,0,0,0,0,0,0,0,0,0,0,0,0,0,0,0,0,0,0,0,0,0,0,0,0,0,0,0,0,0,0,0,0,5149426,0,0
1363,4,0,421,433,1,255,13,0,0,0,0,0,0,0,0,0,0,390232448,0,0,0,0,0,0,0,0,0,0,0,0,0,0,0,0,0,0,0,0,0,0,0,0,0,0,0,0,0,0,0,0,0,0,0,5149426,0,0
1364,24,0,421,433,1,255,13,0,0,0,0,0,0,0,0,0,0,390248896,0,0,0,0,0,0,0,0,0,0,0,0,0,0,0,0,0,0,0,0,0,0,0,0,0,0,0,0,0,0,0,0,0,0,0,5149426,0,0
1365,961,0,421,434,1,255,13,0,0,0,0,0,0,0,0,0,0,390216192,0,0,0,0,0,0,0,0,0,0,0,0,0,0,0,0,0,0,0,0,0,0,0,0,0,0,0,0,0,0,0,0,0,0,0,5149426,0,0
1366,2,0,421,434,1,255,13,0,0,0,0,0,0,0,0,0,0,390248960,0,0,0,0,0,0,0,0,0,0,0,0,0,0,0,0,0,0,0,0,0,0,0,0,0,0,0,0,0,0,0,0,0,0,0,5149426,0,0
1367,4,0,421,434,1,255,13,0,0,0,0,0,0,0,0,0,0,390232640,0,0,0,0,0,0,0,0,0,0,0,0,0,0,0,0,0,0,0,0,0,0,0,0,0,0,0,0,0,0,0,0,0,0,0,5149426,0,0
1368,24,0,421,434,1,255,13,0,0,0,0,0,0,0,0,0,0,390248896,0,0,0,0,0,0,0,0,0,0,0,0,0,0,0,0,0,0,0,0,0,0,0,0,0,0,0,0,0,0,0,0,0,0,0,5149426,0,0
1369,961,0,421,435,1,255,13,0,0,0,0,0,0,0,0,0,0,390445568,0,0,0,0,0,0,0,0,0,0,0,0,0,0,0,0,0,0,0,0,0,0,0,0,0,0,0,0,0,0,0,0,0,0,0,5149426,0,0
1370,2,0,421,435,1,255,13,0,0,0,0,0,0,0,0,0,0,390478336,0,0,0,0,0,0,0,0,0,0,0,0,0,0,0,0,0,0,0,0,0,0,0,0,0,0,0,0,0,0,0,0,0,0,0,5149426,0,0
1371,4,0,421,435,1,255,13,0,0,0,0,0,0,0,0,0,0,390462016,0,0,0,0,0,0,0,0,0,0,0,0,0,0,0,0,0,0,0,0,0,0,0,0,0,0,0,0,0,0,0,0,0,0,0,5149426,0,0
1372,24,0,421,435,1,255,13,0,0,0,0,0,0,0,0,0,0,390478272,0,0,0,0,0,0,0,0,0,0,0,0,0,0,0,0,0,0,0,0,0,0,0,0,0,0,0,0,0,0,0,0,0,0,0,5149426,0,0
1373,961,0,421,436,1,255,13,0,0,0,0,0,0,0,0,0,0,391215616,0,0,0,0,0,0,0,0,0,0,0,0,0,0,0,0,0,0,0,0,0,0,0,0,0,0,0,0,0,0,0,0,0,0,0,5149426,0,0
1374,4,0,421,436,1,255,13,0,0,0,0,0,0,0,0,0,0,391232064,0,0,0,0,0,0,0,0,0,0,0,0,0,0,0,0,0,0,0,0,0,0,0,0,0,0,0,0,0,0,0,0,0,0,0,5149426,0,0
1375,2,0,421,436,1,255,13,0,0,0,0,0,0,0,0,0,0,391248384,0,0,0,0,0,0,0,0,0,0,0,0,0,0,0,0,0,0,0,0,0,0,0,0,0,0,0,0,0,0,0,0,0,0,0,5149426,0,0
1376,24,0,421,436,1,255,13,0,0,0,0,0,0,0,0,0,0,391248320,0,0,0,0,0,0,0,0,0,0,0,0,0,0,0,0,0,0,0,0,0,0,0,0,0,0,0,0,0,0,0,0,0,0,0,5149426,0,0
1377,961,0,421,437,1,255,13,0,0,0,0,0,0,0,0,0,0,391444992,0,0,0,0,0,0,0,0,0,0,0,0,0,0,0,0,0,0,0,0,0,0,0,0,0,0,0,0,0,0,0,0,0,0,0,5149426,0,0
1378,2,0,421,437,1,255,13,0,0,0,0,0,0,0,0,0,0,391477760,0,0,0,0,0,0,0,0,0,0,0,0,0,0,0,0,0,0,0,0,0,0,0,0,0,0,0,0,0,0,0,0,0,0,0,5149426,0,0
1379,4,0,421,437,1,255,13,0,0,0,0,0,0,0,0,0,0,391461440,0,0,0,0,0,0,0,0,0,0,0,0,0,0,0,0,0,0,0,0,0,0,0,0,0,0,0,0,0,0,0,0,0,0,0,5149426,0,0
1380,24,0,421,437,1,255,13,0,0,0,0,0,0,0,0,0,0,391477696,0,0,0,0,0,0,0,0,0,0,0,0,0,0,0,0,0,0,0,0,0,0,0,0,0,0,0,0,0,0,0,0,0,0,0,5149426,0,0
1382,1953,0,422,438,10,255,1,672,0,0,0,0,0,0,0,0,0,0,425736704,0,0,0,0,0,0,0,0,0,0,0,0,0,0,0,0,0,0,0,0,0,0,0,0,3,0,0,0,0,0,0,0,0,0,5212619,0,0
1383,2047,0,423,439,10,255,1,744,0,0,0,0,0,0,0,0,0,391363200,0,0,0,0,0,0,0,0,0,0,0,0,0,0,0,0,0,0,0,0,0,0,0,0,0,3,0,0,0,0,0,0,0,0,0,5212621,5212620,5212787
1395,0,0,424,440,10,255,1,336,0,0,0,0,0,0,0,0,0,393459712,420886528,454408192,488028160,0,0,0,0,0,0,0,0,0,0,0,0,0,0,0,0,0,0,0,0,0,0,3,0,0,0,0,0,0,0,0,0,5213738,0,5213737
1396,2017,0,425,441,1,0,1,336,0,0,0,0,0,0,0,0,0,393722816,0,0,0,0,0,0,0,0,0,0,0,0,0,0,0,0,0,0,0,0,0,0,0,0,0,3,0,0,0,0,0,0,0,0,0,5249640,5249639,5249638
1397,0,0,426,188,11,255,1,504,0,0,0,0,0,0,0,0,0,396622464,0,0,0,0,0,0,0,0,0,0,0,0,0,0,0,0,0,0,0,0,0,0,0,0,0,3,0,0,0,0,0,0,0,0,0,1084434,1084433,1084432
1398,4,0,425,442,1,0,1,336,0,0,0,0,0,0,0,0,0,394278912,0,0,0,0,0,0,0,0,0,0,0,0,0,0,0,0,0,0,0,0,0,0,0,0,0,3,0,0,0,0,0,0,0,0,0,5249640,5249639,5249638
1399,10,0,425,443,1,0,1,336,0,0,0,0,0,0,0,0,0,394279360,0,0,0,0,0,0,0,0,0,0,0,0,0,0,0,0,0,0,0,0,0,0,0,0,0,3,0,0,0,0,0,0,0,0,0,5249640,5249639,5249638
1400,0,0,427,444,10,255,1,336,0,0,0,0,0,0,0,0,0,395376640,427194368,460716032,494336000,0,0,0,0,0,0,0,0,0,0,0,0,0,0,0,0,0,0,0,0,0,0,3,0,0,0,0,0,0,0,0,0,5225884,0,5225883
1405,832,0,16,15,5,255,1,337,0,0,0,0,0,0,0,0,0,392575616,0,0,0,0,0,0,0,0,0,0,0,0,0,0,0,0,0,0,0,0,0,0,0,0,0,3,0,0,0,0,0,0,0,0,0,235462,235461,235460
1406,0,0,0,0,1,255,1,48,168,0,0,0,0,0,0,0,0,391608320,0,394278912,395360256,0,0,0,0,0,0,0,0,0,0,0,0,0,0,0,0,0,0,0,0,0,0,0,3,0,0,0,0,0,0,0,0,0,0,0
1407,0,0,428,445,10,255,1,336,0,0,0,0,0,0,0,0,0,402946048,437647360,471169024,504788992,0,0,0,0,0,0,0,0,0,0,0,0,0,0,0,0,0,0,0,0,0,0,3,0,0,0,0,0,0,0,0,0,5566979,0,5566978
1408,1984,0,429,446,0,2,15,1000,0,0,0,0,0,0,0,0,0,392591872,0,0,0,0,0,0,0,0,0,0,0,0,0,0,0,0,0,0,0,0,0,0,0,0,0,0,0,0,0,0,0,0,0,0,0,1616334,0,0
1409,2017,0,0,0,0,0,3,168,0,0,0,0,0,0,0,0,0,520501248,521500672,522598400,523630592,524695552,525727744,526792704,527841280,528873472,529938432,530970624,532035584,0,0,0,0,0,0,0,0,0,0,0,0,0,0,3,0,0,0,0,0,0,0,0,0,0,0,0
1410,4,0,0,0,0,0,3,165,0,0,0,0,0,0,0,0,0,520501248,521500672,522598400,523630592,524695552,525727744,526792704,527841280,528873472,529938432,530970624,532035584,0,0,0,0,0,0,0,0,0,0,0,0,0,0,3,0,0,0,0,0,0,0,0,0,0,0,0
1411,2,0,0,0,0,0,3,168,0,0,0,0,0,0,0,0,0,520501248,521500672,522598400,523630592,524695552,525727744,526792704,527841280,528873472,529938432,530970624,532035584,0,0,0,0,0,0,0,0,0,0,0,0,0,0,3,0,0,0,0,0,0,0,0,0,0,0,0
1412,24,0,0,0,0,0,3,168,0,0,0,0,0,0,0,0,0,520501248,521500672,522598400,523630592,524695552,525727744,526792704,527841280,528873472,529938432,530970624,532035584,0,0,0,0,0,0,0,0,0,0,0,0,0,0,3,0,0,0,0,0,0,0,0,0,0,0,0
1413,2017,0,0,0,0,0,3,168,168,168,168,0,0,0,0,0,0,535836672,0,0,0,0,0,0,0,0,0,0,0,0,0,0,0,0,0,0,0,0,0,0,0,0,0,3,0,0,0,0,0,0,0,0,0,0,0,0
1421,0,0,0,0,1,255,1,168,0,0,0,0,0,0,0,0,0,391608320,0,394279424,0,0,0,0,0,0,0,0,0,0,0,0,0,0,0,0,0,0,0,0,0,0,0,3,0,0,0,0,0,0,0,0,0,0,0,0
1422,4,0,0,0,1,255,1,160,0,0,0,0,0,0,0,0,0,391608320,0,394279424,0,0,0,0,0,0,0,0,0,0,0,0,0,0,0,0,0,0,0,0,0,0,0,3,0,0,0,0,0,0,0,0,0,0,0,0
1423,0,0,0,0,1,255,1,168,0,0,0,0,0,0,0,0,0,391591936,0,394279424,0,0,0,0,0,0,0,0,0,0,0,0,0,0,0,0,0,0,0,0,0,0,0,3,0,0,0,0,0,0,0,0,0,0,0,0
1425,961,0,430,447,10,255,1,1008,0,0,0,0,0,0,0,0,0,394689024,419543488,424950272,430995904,441940480,0,0,0,0,0,0,0,0,0,0,0,0,0,0,0,0,0,0,0,0,0,3,3,3,3,3,0,0,0,0,0,5345151,5345150,5345149
1426,1,0,0,0,1,255,1,48,168,0,0,0,0,0,0,0,0,391444480,0,394344448,395409408,0,0,0,0,0,0,0,0,0,0,0,0,0,0,0,0,0,0,0,0,0,0,0,3,0,0,0,0,0,0,0,0,0,0,0
1427,260,0,0,0,1,255,1,48,168,0,0,0,0,0,0,0,0,391526400,0,394393600,395442176,0,0,0,0,0,0,0,0,0,0,0,0,0,0,0,0,0,0,0,0,0,0,0,3,0,0,0,0,0,0,0,0,0,0,0
1428,1823,0,0,0,0,0,3,0,0,0,0,0,0,0,0,0,0,394377536,0,0,0,0,0,0,0,0,0,0,0,0,0,0,0,0,0,0,0,0,0,0,0,0,0,0,0,0,0,0,0,0,0,0,0,0,0,0
1429,0,0,431,448,10,255,1,336,0,0,0,0,0,0,0,0,0,406288384,443955200,477575168,511096832,0,0,0,0,0,0,0,0,0,0,0,0,0,0,0,0,0,0,0,0,0,0,3,0,0,0,0,0,0,0,0,0,5225888,0,5225887
1432,961,0,434,451,1,255,13,24,0,0,0,0,0,0,0,0,0,396589504,0,0,0,0,0,0,0,0,0,0,0,0,0,0,0,0,0,0,0,0,0,0,0,0,0,3,0,0,0,0,0,0,0,0,0,5409266,0,0
1433,4,0,434,451,1,255,13,24,0,0,0,0,0,0,0,0,0,396605760,0,0,0,0,0,0,0,0,0,0,0,0,0,0,0,0,0,0,0,0,0,0,0,0,0,3,0,0,0,0,0,0,0,0,0,5409266,0,0
1434,2,0,434,451,1,255,13,24,0,0,0,0,0,0,0,0,0,396622336,0,0,0,0,0,0,0,0,0,0,0,0,0,0,0,0,0,0,0,0,0,0,0,0,0,3,0,0,0,0,0,0,0,0,0,5409266,0,0
1435,24,0,434,451,1,255,13,24,0,0,0,0,0,0,0,0,0,396622272,0,0,0,0,0,0,0,0,0,0,0,0,0,0,0,0,0,0,0,0,0,0,0,0,0,3,0,0,0,0,0,0,0,0,0,5409266,0,0
1436,961,0,434,452,1,255,13,24,0,0,0,0,0,0,0,0,0,396589504,0,0,0,0,0,0,0,0,0,0,0,0,0,0,0,0,0,0,0,0,0,0,0,0,0,3,0,0,0,0,0,0,0,0,0,5409266,0,0
1437,4,0,434,452,1,255,13,24,0,0,0,0,0,0,0,0,0,396605760,0,0,0,0,0,0,0,0,0,0,0,0,0,0,0,0,0,0,0,0,0,0,0,0,0,3,0,0,0,0,0,0,0,0,0,5409266,0,0
1438,2,0,434,452,1,255,13,24,0,0,0,0,0,0,0,0,0,396622336,0,0,0,0,0,0,0,0,0,0,0,0,0,0,0,0,0,0,0,0,0,0,0,0,0,3,0,0,0,0,0,0,0,0,0,5409266,0,0
1439,24,0,434,452,1,255,13,24,0,0,0,0,0,0,0,0,0,396622272,0,0,0,0,0,0,0,0,0,0,0,0,0,0,0,0,0,0,0,0,0,0,0,0,0,3,0,0,0,0,0,0,0,0,0,5409266,0,0
1440,961,0,434,453,1,255,13,24,0,0,0,0,0,0,0,0,0,396704192,0,0,0,0,0,0,0,0,0,0,0,0,0,0,0,0,0,0,0,0,0,0,0,0,0,3,0,0,0,0,0,0,0,0,0,5409266,0,0
1441,4,0,434,453,1,255,13,24,0,0,0,0,0,0,0,0,0,396720448,0,0,0,0,0,0,0,0,0,0,0,0,0,0,0,0,0,0,0,0,0,0,0,0,0,3,0,0,0,0,0,0,0,0,0,5409266,0,0
1442,2,0,434,453,1,255,13,24,0,0,0,0,0,0,0,0,0,396737024,0,0,0,0,0,0,0,0,0,0,0,0,0,0,0,0,0,0,0,0,0,0,0,0,0,3,0,0,0,0,0,0,0,0,0,5409266,0,0
1443,24,0,434,453,1,255,13,24,0,0,0,0,0,0,0,0,0,396736960,0,0,0,0,0,0,0,0,0,0,0,0,0,0,0,0,0,0,0,0,0,0,0,0,0,3,0,0,0,0,0,0,0,0,0,5409266,0,0
1444,961,0,434,454,1,255,13,24,0,0,0,0,0,0,0,0,0,396818880,0,0,0,0,0,0,0,0,0,0,0,0,0,0,0,0,0,0,0,0,0,0,0,0,0,3,0,0,0,0,0,0,0,0,0,5409266,0,0
1445,4,0,434,454,1,255,13,24,0,0,0,0,0,0,0,0,0,396835136,0,0,0,0,0,0,0,0,0,0,0,0,0,0,0,0,0,0,0,0,0,0,0,0,0,3,0,0,0,0,0,0,0,0,0,5409266,0,0
1446,2,0,434,454,1,255,13,24,0,0,0,0,0,0,0,0,0,396851712,0,0,0,0,0,0,0,0,0,0,0,0,0,0,0,0,0,0,0,0,0,0,0,0,0,3,0,0,0,0,0,0,0,0,0,5409266,0,0
1447,24,0,434,454,1,255,13,24,0,0,0,0,0,0,0,0,0,396851648,0,0,0,0,0,0,0,0,0,0,0,0,0,0,0,0,0,0,0,0,0,0,0,0,0,3,0,0,0,0,0,0,0,0,0,5409266,0,0
1448,961,0,434,455,1,255,13,24,0,0,0,0,0,0,0,0,0,397605312,0,0,0,0,0,0,0,0,0,0,0,0,0,0,0,0,0,0,0,0,0,0,0,0,0,3,0,0,0,0,0,0,0,0,0,5409266,0,0
1449,4,0,434,455,1,255,13,24,0,0,0,0,0,0,0,0,0,397621568,0,0,0,0,0,0,0,0,0,0,0,0,0,0,0,0,0,0,0,0,0,0,0,0,0,3,0,0,0,0,0,0,0,0,0,5409266,0,0
1450,2,0,434,455,1,255,13,24,0,0,0,0,0,0,0,0,0,397638144,0,0,0,0,0,0,0,0,0,0,0,0,0,0,0,0,0,0,0,0,0,0,0,0,0,3,0,0,0,0,0,0,0,0,0,5409266,0,0
1451,24,0,434,455,1,255,13,24,0,0,0,0,0,0,0,0,0,397638080,0,0,0,0,0,0,0,0,0,0,0,0,0,0,0,0,0,0,0,0,0,0,0,0,0,3,0,0,0,0,0,0,0,0,0,5409266,0,0
1452,1,0,429,446,0,2,15,1000,0,0,0,0,0,0,0,0,0,392591872,0,0,0,0,0,0,0,0,0,0,0,0,0,0,0,0,0,0,0,0,0,0,0,0,0,0,0,0,0,0,0,0,0,0,0,1616334,0,0
1453,4,0,429,446,0,2,15,1000,0,0,0,0,0,0,0,0,0,392591872,0,0,0,0,0,0,0,0,0,0,0,0,0,0,0,0,0,0,0,0,0,0,0,0,0,0,0,0,0,0,0,0,0,0,0,1616334,0,0
1454,2,0,429,446,0,2,15,1000,0,0,0,0,0,0,0,0,0,392591872,0,0,0,0,0,0,0,0,0,0,0,0,0,0,0,0,0,0,0,0,0,0,0,0,0,0,0,0,0,0,0,0,0,0,0,1616334,0,0
1455,24,0,429,446,0,2,15,1000,0,0,0,0,0,0,0,0,0,392591872,0,0,0,0,0,0,0,0,0,0,0,0,0,0,0,0,0,0,0,0,0,0,0,0,0,0,0,0,0,0,0,0,0,0,0,1616334,0,0
1458,4,0,430,447,10,255,1,1008,0,0,0,0,0,0,0,0,0,394705216,419559744,424966528,431012160,442513792,0,0,0,0,0,0,0,0,0,0,0,0,0,0,0,0,0,0,0,0,0,3,3,3,3,3,0,0,0,0,0,5345151,5345150,5345149
1459,2,0,430,447,10,255,1,1008,0,0,0,0,0,0,0,0,0,394721792,419576320,424983040,431028736,442530304,0,0,0,0,0,0,0,0,0,0,0,0,0,0,0,0,0,0,0,0,0,3,3,3,3,3,0,0,0,0,0,5345151,5345150,5345149
1460,24,0,430,447,10,255,1,1008,0,0,0,0,0,0,0,0,0,394721728,419576256,424982976,431028672,442530240,0,0,0,0,0,0,0,0,0,0,0,0,0,0,0,0,0,0,0,0,0,3,3,3,3,3,0,0,0,0,0,5345151,5345150,5345149
1462,0,0,435,456,10,255,1,264,0,0,0,0,0,0,0,0,0,404929152,0,0,0,0,0,0,0,0,0,0,0,0,0,0,0,0,0,0,0,0,0,0,0,0,0,3,0,0,0,0,0,0,0,0,0,5524882,5524881,0
1470,2017,0,0,0,0,0,3,96,96,96,96,96,96,96,0,0,0,535836672,0,0,0,0,0,0,0,0,0,0,0,0,0,0,0,0,0,0,0,0,0,0,0,0,0,3,0,0,0,0,0,0,0,0,0,0,0,0
1474,4,0,0,0,0,0,3,168,168,168,168,0,0,0,0,0,0,535836672,0,0,0,0,0,0,0,0,0,0,0,0,0,0,0,0,0,0,0,0,0,0,0,0,0,3,0,0,0,0,0,0,0,0,0,0,0,0
1475,2,0,0,0,0,0,3,168,168,168,168,0,0,0,0,0,0,535836672,0,0,0,0,0,0,0,0,0,0,0,0,0,0,0,0,0,0,0,0,0,0,0,0,0,3,0,0,0,0,0,0,0,0,0,0,0,0
1476,24,0,0,0,0,0,3,168,168,168,168,0,0,0,0,0,0,535836672,0,0,0,0,0,0,0,0,0,0,0,0,0,0,0,0,0,0,0,0,0,0,0,0,0,3,0,0,0,0,0,0,0,0,0,0,0,0
1477,4,0,0,0,0,0,3,96,96,96,96,96,96,96,0,0,0,535836672,0,0,0,0,0,0,0,0,0,0,0,0,0,0,0,0,0,0,0,0,0,0,0,0,0,3,0,0,0,0,0,0,0,0,0,0,0,0
1478,2,0,0,0,0,0,3,96,96,96,96,96,96,96,0,0,0,535836672,0,0,0,0,0,0,0,0,0,0,0,0,0,0,0,0,0,0,0,0,0,0,0,0,0,3,0,0,0,0,0,0,0,0,0,0,0,0
1479,24,0,0,0,0,0,3,96,96,96,96,96,96,96,0,0,0,535836672,0,0,0,0,0,0,0,0,0,0,0,0,0,0,0,0,0,0,0,0,0,0,0,0,0,3,0,0,0,0,0,0,0,0,0,0,0,0
1495,1952,0,437,458,4,255,1,2302,0,0,0,0,0,0,0,0,0,0,407108224,0,0,0,0,0,0,0,0,0,0,0,0,0,0,0,0,0,0,0,0,0,0,0,0,3,0,0,0,0,0,0,0,0,0,5788369,5788368,5788367
1496,0,0,437,0,4,255,3,408,0,0,0,0,0,0,0,0,0,407107584,0,0,0,0,0,0,0,0,0,0,0,0,0,0,0,0,0,0,0,0,0,0,0,0,0,3,0,0,0,0,0,0,0,0,0,0,0,0
1497,0,0,437,0,4,255,3,720,0,0,0,0,0,0,0,0,0,407910400,0,0,0,0,0,0,0,0,0,0,0,0,0,0,0,0,0,0,0,0,0,0,0,0,0,3,0,0,0,0,0,0,0,0,0,0,0,0
1500,1953,0,438,188,11,255,1,1848,0,0,0,0,0,0,0,0,0,412449280,0,0,0,0,0,0,0,0,0,0,0,0,0,0,0,0,0,0,0,0,0,0,0,0,0,3,0,0,0,0,0,0,0,0,0,6238552,6238551,6238550
1501,0,0,439,188,11,255,1,504,0,0,0,0,0,0,0,0,0,430176896,0,0,0,0,0,0,0,0,0,0,0,0,0,0,0,0,0,0,0,0,0,0,0,0,0,3,0,0,0,0,0,0,0,0,0,6238552,6238551,6238550
1502,0,0,437,0,4,255,3,744,0,0,0,0,0,0,0,0,0,408958977,0,0,0,0,0,0,0,0,0,0,0,0,0,0,0,0,0,0,0,0,0,0,0,0,0,3,0,0,0,0,0,0,0,0,0,0,0,0
1503,0,0,437,0,4,255,3,456,0,0,0,0,0,0,0,0,0,410007552,0,0,0,0,0,0,0,0,0,0,0,0,0,0,0,0,0,0,0,0,0,0,0,0,0,3,0,0,0,0,0,0,0,0,0,0,0,0
1504,0,0,0,0,0,0,3,48,0,0,0,0,0,0,0,0,0,169212544,0,0,0,0,0,0,0,0,0,0,0,0,0,0,0,0,0,0,0,0,0,0,0,0,0,3,0,0,0,0,0,0,0,0,0,0,0,0
1505,1919,0,0,0,1,0,3,48,0,0,0,0,0,0,0,0,0,409237696,0,0,0,0,0,0,0,0,0,0,0,0,0,0,0,0,0,0,0,0,0,0,0,0,0,0,0,0,0,0,0,0,0,0,0,0,0,0
1506,832,0,0,0,1,0,3,655,0,0,0,0,0,0,0,0,0,409434624,0,0,0,0,0,0,0,0,0,0,0,0,0,0,0,0,0,0,0,0,0,0,0,0,0,0,0,0,0,0,0,0,0,0,0,0,0,0
1507,64,0,437,458,4,255,1,60,0,0,0,0,0,0,0,0,0,405994112,0,0,0,0,0,0,0,0,0,0,0,0,0,0,0,0,0,0,0,0,0,0,0,0,0,3,0,0,0,0,0,0,0,0,0,5788369,5788368,5788367
1508,1953,0,237,465,3,255,13,167,0,0,0,0,0,0,0,0,0,412449280,412563968,413333952,413448640,414235072,414349760,414579136,414693824,423836160,419887552,426080768,431225280,442841600,454179264,0,0,0,0,0,0,0,0,0,0,0,0,3,0,3,0,3,0,3,0,0,0,6006159,6006158,6006157
1509,0,0,438,188,11,255,3,1776,0,0,0,0,0,0,0,0,0,412482048,0,0,0,0,0,0,0,0,0,0,0,0,0,0,0,0,0,0,0,0,0,0,0,0,0,3,0,0,0,0,0,0,0,0,0,1084434,1084433,1084432
1514,4,0,437,458,4,255,1,2308,0,0,0,0,0,0,0,0,0,407108800,0,0,0,0,0,0,0,0,0,0,0,0,0,0,0,0,0,0,0,0,0,0,0,0,0,3,0,0,0,0,0,0,0,0,0,5788369,5788368,5788367
1515,2,0,437,458,4,255,1,2308,0,0,0,0,0,0,0,0,0,407124096,0,0,0,0,0,0,0,0,0,0,0,0,0,0,0,0,0,0,0,0,0,0,0,0,0,3,0,0,0,0,0,0,0,0,0,5788369,5788368,5788367
1516,8,0,437,458,4,255,1,2308,0,0,0,0,0,0,0,0,0,407124032,0,0,0,0,0,0,0,0,0,0,0,0,0,0,0,0,0,0,0,0,0,0,0,0,0,3,0,0,0,0,0,0,0,0,0,5788369,5788368,5788367
1525,1,0,437,458,4,255,1,2302,0,0,0,0,0,0,0,0,0,0,407108224,0,0,0,0,0,0,0,0,0,0,0,0,0,0,0,0,0,0,0,0,0,0,0,0,3,0,0,0,0,0,0,0,0,0,5788369,5788368,5788367
1526,961,0,440,459,1,255,13,24,0,0,0,0,0,0,0,0,0,411318784,0,0,0,0,0,0,0,0,0,0,0,0,0,0,0,0,0,0,0,0,0,0,0,0,0,3,0,0,0,0,0,0,0,0,0,5912555,0,0
1527,2,0,440,459,1,255,13,24,0,0,0,0,0,0,0,0,0,411351552,0,0,0,0,0,0,0,0,0,0,0,0,0,0,0,0,0,0,0,0,0,0,0,0,0,3,0,0,0,0,0,0,0,0,0,5912555,0,0
1528,4,0,440,459,1,255,13,24,0,0,0,0,0,0,0,0,0,411335040,0,0,0,0,0,0,0,0,0,0,0,0,0,0,0,0,0,0,0,0,0,0,0,0,0,3,0,0,0,0,0,0,0,0,0,5912555,0,0
1529,24,0,440,459,1,255,13,24,0,0,0,0,0,0,0,0,0,411351488,0,0,0,0,0,0,0,0,0,0,0,0,0,0,0,0,0,0,0,0,0,0,0,0,0,3,0,0,0,0,0,0,0,0,0,5912555,0,0
1530,24,0,440,461,1,255,13,24,0,0,0,0,0,0,0,0,0,411351488,0,0,0,0,0,0,0,0,0,0,0,0,0,0,0,0,0,0,0,0,0,0,0,0,0,3,0,0,0,0,0,0,0,0,0,5912555,0,0
1531,4,0,440,461,1,255,13,24,0,0,0,0,0,0,0,0,0,411335040,0,0,0,0,0,0,0,0,0,0,0,0,0,0,0,0,0,0,0,0,0,0,0,0,0,3,0,0,0,0,0,0,0,0,0,5912555,0,0
1532,2,0,440,461,1,255,13,24,0,0,0,0,0,0,0,0,0,411351552,0,0,0,0,0,0,0,0,0,0,0,0,0,0,0,0,0,0,0,0,0,0,0,0,0,3,0,0,0,0,0,0,0,0,0,5912555,0,0
1533,961,0,440,461,1,255,13,24,0,0,0,0,0,0,0,0,0,411318784,0,0,0,0,0,0,0,0,0,0,0,0,0,0,0,0,0,0,0,0,0,0,0,0,0,3,0,0,0,0,0,0,0,0,0,5912555,0,0
1534,24,0,440,462,1,255,13,24,0,0,0,0,0,0,0,0,0,411466176,0,0,0,0,0,0,0,0,0,0,0,0,0,0,0,0,0,0,0,0,0,0,0,0,0,3,0,0,0,0,0,0,0,0,0,5912555,0,0
1535,4,0,440,462,1,255,13,24,0,0,0,0,0,0,0,0,0,411449728,0,0,0,0,0,0,0,0,0,0,0,0,0,0,0,0,0,0,0,0,0,0,0,0,0,3,0,0,0,0,0,0,0,0,0,5912555,0,0
1536,2,0,440,462,1,255,13,24,0,0,0,0,0,0,0,0,0,411466240,0,0,0,0,0,0,0,0,0,0,0,0,0,0,0,0,0,0,0,0,0,0,0,0,0,3,0,0,0,0,0,0,0,0,0,5912555,0,0
1537,961,0,440,462,1,255,13,24,0,0,0,0,0,0,0,0,0,411433472,0,0,0,0,0,0,0,0,0,0,0,0,0,0,0,0,0,0,0,0,0,0,0,0,0,3,0,0,0,0,0,0,0,0,0,5912555,0,0
1538,24,0,440,463,1,255,13,24,0,0,0,0,0,0,0,0,0,411236800,0,0,0,0,0,0,0,0,0,0,0,0,0,0,0,0,0,0,0,0,0,0,0,0,0,3,0,0,0,0,0,0,0,0,0,5912555,0,0
1539,4,0,440,463,1,255,13,24,0,0,0,0,0,0,0,0,0,411220352,0,0,0,0,0,0,0,0,0,0,0,0,0,0,0,0,0,0,0,0,0,0,0,0,0,3,0,0,0,0,0,0,0,0,0,5912555,0,0
1540,2,0,440,463,1,255,13,24,0,0,0,0,0,0,0,0,0,411236864,0,0,0,0,0,0,0,0,0,0,0,0,0,0,0,0,0,0,0,0,0,0,0,0,0,3,0,0,0,0,0,0,0,0,0,5912555,0,0
1541,961,0,440,463,1,255,13,24,0,0,0,0,0,0,0,0,0,411204096,0,0,0,0,0,0,0,0,0,0,0,0,0,0,0,0,0,0,0,0,0,0,0,0,0,3,0,0,0,0,0,0,0,0,0,5912555,0,0
1558,961,0,441,466,0,0,13,167,0,0,0,0,0,0,0,0,0,412334592,414349760,420542912,421935616,423950848,425064960,426195456,428079616,430094784,431454656,0,0,0,0,0,0,0,0,0,0,0,0,0,0,0,0,3,0,0,0,0,0,0,0,0,0,5916813,0,5916812
1559,961,0,442,467,0,0,13,167,0,0,0,0,0,0,0,0,0,412105216,414235072,419772864,421820928,423721472,424950272,426080768,427964928,429324800,431339968,437418432,438696448,440711680,442612224,444611072,445970944,447986112,0,0,0,0,0,0,0,0,0,3,0,0,0,0,0,0,0,0,0,6033781,0,6033780
1560,4,0,442,467,0,0,13,167,0,0,0,0,0,0,0,0,0,412121472,414251328,419789120,421837120,423737728,424966528,426097024,427981184,429341056,431356224,437434688,438712640,440727936,442628480,444627328,445987200,448002368,0,0,0,0,0,0,0,0,0,3,0,0,0,0,0,0,0,0,0,6033781,0,6033780
1561,24,0,442,467,0,0,13,167,0,0,0,0,0,0,0,0,0,412137920,414267840,419805632,421853632,423754176,424982976,426113472,427997632,429357504,431372736,437451200,438729152,440744384,442644928,444643776,446003648,448018880,0,0,0,0,0,0,0,0,0,3,0,0,0,0,0,0,0,0,0,6033781,0,6033780
1562,2,0,442,467,0,0,13,167,0,0,0,0,0,0,0,0,0,412137984,414267904,419805696,421853696,423754240,424983040,426113536,427997696,429357568,431372800,437451264,438729216,440744448,442644992,444643840,446003712,448018944,0,0,0,0,0,0,0,0,0,3,0,0,0,0,0,0,0,0,0,6033781,0,6033780
1563,4,0,441,466,0,0,13,167,0,0,0,0,0,0,0,0,0,412350848,414366016,420559168,421951808,423967104,425081216,426211712,428095872,430111040,431470912,0,0,0,0,0,0,0,0,0,0,0,0,0,0,0,0,3,0,0,0,0,0,0,0,0,0,5916813,0,5916812
1564,24,0,441,466,0,0,13,167,0,0,0,0,0,0,0,0,0,412367296,414382528,420575680,421968320,423983552,425097664,426228160,428112320,430127552,436222400,0,0,0,0,0,0,0,0,0,0,0,0,0,0,0,0,3,0,0,0,0,0,0,0,0,0,5916813,0,5916812
1565,2,0,441,466,0,0,13,167,0,0,0,0,0,0,0,0,0,412367360,414382592,420575744,421968384,423983616,425097728,426228224,428112384,430127616,436222464,0,0,0,0,0,0,0,0,0,0,0,0,0,0,0,0,3,0,0,0,0,0,0,0,0,0,5916813,0,5916812
1566,4,0,440,468,1,255,13,24,0,0,0,0,0,0,0,0,0,411335040,0,0,0,0,0,0,0,0,0,0,0,0,0,0,0,0,0,0,0,0,0,0,0,0,0,0,0,0,0,0,0,0,0,0,0,5912555,0,0
1567,24,0,440,468,1,255,13,24,0,0,0,0,0,0,0,0,0,411351488,0,0,0,0,0,0,0,0,0,0,0,0,0,0,0,0,0,0,0,0,0,0,0,0,0,0,0,0,0,0,0,0,0,0,0,5912555,0,0
1568,2,0,440,468,1,255,13,24,0,0,0,0,0,0,0,0,0,411351552,0,0,0,0,0,0,0,0,0,0,0,0,0,0,0,0,0,0,0,0,0,0,0,0,0,0,0,0,0,0,0,0,0,0,0,5912555,0,0
1569,961,0,440,468,1,255,13,24,0,0,0,0,0,0,0,0,0,411318784,0,0,0,0,0,0,0,0,0,0,0,0,0,0,0,0,0,0,0,0,0,0,0,0,0,0,0,0,0,0,0,0,0,0,0,5912555,0,0
1570,24,0,440,469,1,255,13,24,0,0,0,0,0,0,0,0,0,411236800,0,0,0,0,0,0,0,0,0,0,0,0,0,0,0,0,0,0,0,0,0,0,0,0,0,0,0,0,0,0,0,0,0,0,0,5912555,0,0
1571,4,0,440,469,1,255,13,24,0,0,0,0,0,0,0,0,0,411220352,0,0,0,0,0,0,0,0,0,0,0,0,0,0,0,0,0,0,0,0,0,0,0,0,0,0,0,0,0,0,0,0,0,0,0,5912555,0,0
1572,2,0,440,469,1,255,13,24,0,0,0,0,0,0,0,0,0,411236864,0,0,0,0,0,0,0,0,0,0,0,0,0,0,0,0,0,0,0,0,0,0,0,0,0,0,0,0,0,0,0,0,0,0,0,5912555,0,0
1573,961,0,440,469,1,255,13,24,0,0,0,0,0,0,0,0,0,411204096,0,0,0,0,0,0,0,0,0,0,0,0,0,0,0,0,0,0,0,0,0,0,0,0,0,0,0,0,0,0,0,0,0,0,0,5912555,0,0
1574,1,0,0,0,1,0,3,655,0,0,0,0,0,0,0,0,0,409434624,0,0,0,0,0,0,0,0,0,0,0,0,0,0,0,0,0,0,0,0,0,0,0,0,0,0,0,0,0,0,0,0,0,0,0,0,0,0
1575,4,0,0,0,1,0,3,642,0,0,0,0,0,0,0,0,0,409450880,0,0,0,0,0,0,0,0,0,0,0,0,0,0,0,0,0,0,0,0,0,0,0,0,0,0,0,0,0,0,0,0,0,0,0,0,0,0
1576,2,0,0,0,1,0,3,623,0,0,0,0,0,0,0,0,0,410008064,0,0,0,0,0,0,0,0,0,0,0,0,0,0,0,0,0,0,0,0,0,0,0,0,0,0,0,0,0,0,0,0,0,0,0,0,0,0
1577,24,0,0,0,1,0,3,623,0,0,0,0,0,0,0,0,0,410008000,0,0,0,0,0,0,0,0,0,0,0,0,0,0,0,0,0,0,0,0,0,0,0,0,0,0,0,0,0,0,0,0,0,0,0,0,0,0
1578,784,0,435,471,10,255,1,432,0,0,0,0,0,0,0,0,0,411466368,0,0,0,0,0,0,0,0,0,0,0,0,0,0,0,0,0,0,0,0,0,0,0,0,0,3,0,0,0,0,0,0,0,0,0,5524882,5524881,0
1583,4,0,237,465,3,255,13,167,0,0,0,0,0,0,0,0,0,412465536,412580160,413350208,413464896,414251328,414366016,414595392,419445056,419903808,423852416,426097024,431241536,442857856,454195520,0,0,0,0,0,0,0,0,0,0,0,0,3,0,3,0,3,0,3,0,0,0,6006159,6006158,6006157
1584,2,0,237,465,3,255,13,167,0,0,0,0,0,0,0,0,0,412482048,412596736,413366784,413481472,414267904,414382592,414611968,419461632,419920384,423868928,426113536,431258112,442874368,454212096,0,0,0,0,0,0,0,0,0,0,0,0,3,0,3,0,3,0,3,0,0,0,6006159,6006158,6006157
1585,24,0,237,465,3,255,13,167,0,0,0,0,0,0,0,0,0,412481984,412596672,413366720,413481408,414267840,414382528,414611904,419461568,419920320,423868864,426113472,431258048,442874304,454212032,0,0,0,0,0,0,0,0,0,0,0,0,3,0,3,0,3,0,3,0,0,0,6006159,6006158,6006157
1587,4,0,242,188,0,255,3,504,0,0,0,0,0,0,0,0,0,279181952,295959168,312736384,329366016,346045056,363051648,379681408,396622464,412465536,430176896,446970496,0,0,0,0,0,0,0,0,0,0,0,0,0,0,0,3,0,0,0,0,0,0,0,0,0,1084434,1084433,1084432
1588,2,0,242,188,0,255,3,504,0,0,0,0,0,0,0,0,0,279181952,295959168,312736384,329366016,346045056,363051648,379681408,396622464,412482048,430176896,446970496,0,0,0,0,0,0,0,0,0,0,0,0,0,0,0,3,0,0,0,0,0,0,0,0,0,1084434,1084433,1084432
1589,24,0,242,188,0,255,3,504,0,0,0,0,0,0,0,0,0,279181952,295959168,312736384,329366016,346045056,363051648,379681408,396622464,412481984,430176896,446970496,0,0,0,0,0,0,0,0,0,0,0,0,0,0,0,3,0,0,0,0,0,0,0,0,0,1084434,1084433,1084432
1590,64,0,242,188,0,255,3,504,0,0,0,0,0,0,0,0,0,279181952,295959168,312736384,329366016,346045056,363051648,379681408,396622464,411253440,430176896,446970496,0,0,0,0,0,0,0,0,0,0,0,0,0,0,0,3,0,0,0,0,0,0,0,0,0,1084434,1084433,1084432
1592,4,0,438,188,11,255,1,1848,0,0,0,0,0,0,0,0,0,412465536,0,0,0,0,0,0,0,0,0,0,0,0,0,0,0,0,0,0,0,0,0,0,0,0,0,3,0,0,0,0,0,0,0,0,0,6238552,6238551,6238550
1593,2,0,438,188,11,255,1,1848,0,0,0,0,0,0,0,0,0,412482048,0,0,0,0,0,0,0,0,0,0,0,0,0,0,0,0,0,0,0,0,0,0,0,0,0,3,0,0,0,0,0,0,0,0,0,6238552,6238551,6238550
1594,24,0,438,188,11,255,1,1848,0,0,0,0,0,0,0,0,0,412481984,0,0,0,0,0,0,0,0,0,0,0,0,0,0,0,0,0,0,0,0,0,0,0,0,0,3,0,0,0,0,0,0,0,0,0,6238552,6238551,6238550
1595,64,0,438,188,11,255,1,1608,0,0,0,0,0,0,0,0,0,411253440,0,0,0,0,0,0,0,0,0,0,0,0,0,0,0,0,0,0,0,0,0,0,0,0,0,3,0,0,0,0,0,0,0,0,0,6238552,6238551,6238550
1599,929,0,451,485,10,255,1,1008,0,0,0,0,0,0,0,0,0,424720896,0,0,0,0,0,0,0,0,0,0,0,0,0,0,0,0,0,0,0,0,0,0,0,0,0,3,0,0,0,0,0,0,0,0,0,6736083,6736082,6736081
1601,769,0,444,472,2,255,9,1000,0,0,0,0,0,0,0,0,0,419658368,0,0,0,0,0,0,0,0,0,0,0,0,0,0,0,0,0,0,0,0,0,0,0,0,0,3,0,0,0,0,0,0,0,0,0,6350313,0,6350312
1602,0,0,0,0,0,0,2,720,0,0,0,0,0,0,0,0,0,420493312,437270528,444610560,0,0,0,0,0,0,0,0,0,0,0,0,0,0,0,0,0,0,0,0,0,0,0,0,0,0,0,0,0,0,0,0,0,0,0,0
1603,929,0,0,0,0,0,2,168,168,168,168,168,168,0,0,0,0,424720896,0,0,0,0,0,0,0,0,0,0,0,0,0,0,0,0,0,0,0,0,0,0,0,0,0,0,0,0,0,0,0,0,0,0,0,0,0,0
1605,961,0,445,473,1,255,13,24,0,0,0,0,0,0,0,0,0,421591488,0,0,0,0,0,0,0,0,0,0,0,0,0,0,0,0,0,0,0,0,0,0,0,0,0,3,0,0,0,0,0,0,0,0,0,6422471,0,0
1606,2,0,445,473,1,255,13,24,0,0,0,0,0,0,0,0,0,421624320,0,0,0,0,0,0,0,0,0,0,0,0,0,0,0,0,0,0,0,0,0,0,0,0,0,3,0,0,0,0,0,0,0,0,0,6422471,0,0
1607,4,0,445,473,1,255,13,24,0,0,0,0,0,0,0,0,0,421607744,0,0,0,0,0,0,0,0,0,0,0,0,0,0,0,0,0,0,0,0,0,0,0,0,0,3,0,0,0,0,0,0,0,0,0,6422471,0,0
1608,24,0,445,473,1,255,13,24,0,0,0,0,0,0,0,0,0,421624256,0,0,0,0,0,0,0,0,0,0,0,0,0,0,0,0,0,0,0,0,0,0,0,0,0,3,0,0,0,0,0,0,0,0,0,6422471,0,0
1609,961,0,445,474,1,255,13,24,0,0,0,0,0,0,0,0,0,421591488,0,0,0,0,0,0,0,0,0,0,0,0,0,0,0,0,0,0,0,0,0,0,0,0,0,3,0,0,0,0,0,0,0,0,0,6422471,0,0
1610,2,0,445,474,1,255,13,24,0,0,0,0,0,0,0,0,0,421624320,0,0,0,0,0,0,0,0,0,0,0,0,0,0,0,0,0,0,0,0,0,0,0,0,0,3,0,0,0,0,0,0,0,0,0,6422471,0,0
1611,4,0,445,474,1,255,13,24,0,0,0,0,0,0,0,0,0,421607744,0,0,0,0,0,0,0,0,0,0,0,0,0,0,0,0,0,0,0,0,0,0,0,0,0,3,0,0,0,0,0,0,0,0,0,6422471,0,0
1612,24,0,445,474,1,255,13,24,0,0,0,0,0,0,0,0,0,421624256,0,0,0,0,0,0,0,0,0,0,0,0,0,0,0,0,0,0,0,0,0,0,0,0,0,3,0,0,0,0,0,0,0,0,0,6422471,0,0
1613,961,0,445,475,1,255,13,24,0,0,0,0,0,0,0,0,0,421591488,0,0,0,0,0,0,0,0,0,0,0,0,0,0,0,0,0,0,0,0,0,0,0,0,0,3,0,0,0,0,0,0,0,0,0,6422471,0,0
1614,2,0,445,475,1,255,13,24,0,0,0,0,0,0,0,0,0,421624320,0,0,0,0,0,0,0,0,0,0,0,0,0,0,0,0,0,0,0,0,0,0,0,0,0,3,0,0,0,0,0,0,0,0,0,6422471,0,0
1615,4,0,445,475,1,255,13,24,0,0,0,0,0,0,0,0,0,421607744,0,0,0,0,0,0,0,0,0,0,0,0,0,0,0,0,0,0,0,0,0,0,0,0,0,3,0,0,0,0,0,0,0,0,0,6422471,0,0
1616,24,0,445,475,1,255,13,24,0,0,0,0,0,0,0,0,0,421624256,0,0,0,0,0,0,0,0,0,0,0,0,0,0,0,0,0,0,0,0,0,0,0,0,0,3,0,0,0,0,0,0,0,0,0,6422471,0,0
1617,961,0,445,476,1,255,13,24,0,0,0,0,0,0,0,0,0,421706240,0,0,0,0,0,0,0,0,0,0,0,0,0,0,0,0,0,0,0,0,0,0,0,0,0,3,0,0,0,0,0,0,0,0,0,6422471,0,0
1618,2,0,445,476,1,255,13,24,0,0,0,0,0,0,0,0,0,421739072,0,0,0,0,0,0,0,0,0,0,0,0,0,0,0,0,0,0,0,0,0,0,0,0,0,3,0,0,0,0,0,0,0,0,0,6422471,0,0
1619,4,0,445,476,1,255,13,24,0,0,0,0,0,0,0,0,0,421722496,0,0,0,0,0,0,0,0,0,0,0,0,0,0,0,0,0,0,0,0,0,0,0,0,0,3,0,0,0,0,0,0,0,0,0,6422471,0,0
1620,24,0,445,476,1,255,13,24,0,0,0,0,0,0,0,0,0,421739008,0,0,0,0,0,0,0,0,0,0,0,0,0,0,0,0,0,0,0,0,0,0,0,0,0,3,0,0,0,0,0,0,0,0,0,6422471,0,0
1621,961,0,445,477,1,255,13,24,0,0,0,0,0,0,0,0,0,421820928,0,0,0,0,0,0,0,0,0,0,0,0,0,0,0,0,0,0,0,0,0,0,0,0,0,3,0,0,0,0,0,0,0,0,0,6422471,0,0
1622,2,0,445,477,1,255,13,24,0,0,0,0,0,0,0,0,0,421853760,0,0,0,0,0,0,0,0,0,0,0,0,0,0,0,0,0,0,0,0,0,0,0,0,0,3,0,0,0,0,0,0,0,0,0,6422471,0,0
1623,4,0,445,477,1,255,13,24,0,0,0,0,0,0,0,0,0,421837184,0,0,0,0,0,0,0,0,0,0,0,0,0,0,0,0,0,0,0,0,0,0,0,0,0,3,0,0,0,0,0,0,0,0,0,6422471,0,0
1624,24,0,445,477,1,255,13,24,0,0,0,0,0,0,0,0,0,421853696,0,0,0,0,0,0,0,0,0,0,0,0,0,0,0,0,0,0,0,0,0,0,0,0,0,3,0,0,0,0,0,0,0,0,0,6422471,0,0
1625,961,0,445,478,1,255,13,24,0,0,0,0,0,0,0,0,0,421935616,0,0,0,0,0,0,0,0,0,0,0,0,0,0,0,0,0,0,0,0,0,0,0,0,0,3,0,0,0,0,0,0,0,0,0,6422471,0,0
1626,2,0,445,478,1,255,13,24,0,0,0,0,0,0,0,0,0,421968448,0,0,0,0,0,0,0,0,0,0,0,0,0,0,0,0,0,0,0,0,0,0,0,0,0,3,0,0,0,0,0,0,0,0,0,6422471,0,0
1627,4,0,445,478,1,255,13,24,0,0,0,0,0,0,0,0,0,421951872,0,0,0,0,0,0,0,0,0,0,0,0,0,0,0,0,0,0,0,0,0,0,0,0,0,3,0,0,0,0,0,0,0,0,0,6422471,0,0
1628,24,0,445,478,1,255,13,24,0,0,0,0,0,0,0,0,0,421968384,0,0,0,0,0,0,0,0,0,0,0,0,0,0,0,0,0,0,0,0,0,0,0,0,0,3,0,0,0,0,0,0,0,0,0,6422471,0,0
1629,961,0,445,479,1,255,13,24,0,0,0,0,0,0,0,0,0,421706240,0,0,0,0,0,0,0,0,0,0,0,0,0,0,0,0,0,0,0,0,0,0,0,0,0,0,0,0,0,0,0,0,0,0,0,6422471,0,0
1630,2,0,445,479,1,255,13,24,0,0,0,0,0,0,0,0,0,421739072,0,0,0,0,0,0,0,0,0,0,0,0,0,0,0,0,0,0,0,0,0,0,0,0,0,0,0,0,0,0,0,0,0,0,0,6422471,0,0
1631,4,0,445,479,1,255,13,24,0,0,0,0,0,0,0,0,0,421722496,0,0,0,0,0,0,0,0,0,0,0,0,0,0,0,0,0,0,0,0,0,0,0,0,0,0,0,0,0,0,0,0,0,0,0,6422471,0,0
1632,24,0,445,479,1,255,13,24,0,0,0,0,0,0,0,0,0,421739008,0,0,0,0,0,0,0,0,0,0,0,0,0,0,0,0,0,0,0,0,0,0,0,0,0,0,0,0,0,0,0,0,0,0,0,6422471,0,0
1633,4,0,444,472,2,255,9,998,0,0,0,0,0,0,0,0,0,419674176,0,0,0,0,0,0,0,0,0,0,0,0,0,0,0,0,0,0,0,0,0,0,0,0,0,3,0,0,0,0,0,0,0,0,0,6350313,0,6350312
1634,2,0,444,472,2,255,9,983,0,0,0,0,0,0,0,0,0,419690816,0,0,0,0,0,0,0,0,0,0,0,0,0,0,0,0,0,0,0,0,0,0,0,0,0,3,0,0,0,0,0,0,0,0,0,6350313,0,6350312
1635,24,0,444,472,2,255,9,983,0,0,0,0,0,0,0,0,0,419690816,0,0,0,0,0,0,0,0,0,0,0,0,0,0,0,0,0,0,0,0,0,0,0,0,0,3,0,0,0,0,0,0,0,0,0,6350313,0,6350312
1636,961,0,450,484,10,255,1,366,0,0,0,0,0,0,0,0,0,422935040,425966080,436648384,444725696,0,0,0,0,0,0,0,0,0,0,0,0,0,0,0,0,0,0,0,0,0,0,3,0,0,0,0,0,0,0,0,0,4868796,0,4868795
1637,1889,0,446,480,0,0,5,1,0,0,0,0,0,0,0,0,0,423950848,0,0,0,0,0,0,0,0,0,0,0,0,0,0,0,0,0,0,0,0,0,0,0,0,0,3,0,0,0,0,0,0,0,0,0,6727018,6727017,6727016
1638,4,0,446,480,0,0,5,1,0,0,0,0,0,0,0,0,0,423967104,0,0,0,0,0,0,0,0,0,0,0,0,0,0,0,0,0,0,0,0,0,0,0,0,0,3,0,0,0,0,0,0,0,0,0,6727018,6727017,6727016
1639,26,0,446,480,0,0,5,1,0,0,0,0,0,0,0,0,0,423983616,0,0,0,0,0,0,0,0,0,0,0,0,0,0,0,0,0,0,0,0,0,0,0,0,0,3,0,0,0,0,0,0,0,0,0,6727018,6727017,6727016
1640,64,0,447,481,4,255,1,840,0,0,0,0,0,0,0,0,0,426982016,0,0,0,0,0,0,0,0,0,0,0,0,0,0,0,0,0,0,0,0,0,0,0,0,0,3,0,0,0,0,0,0,0,0,0,5788369,5788368,5788367
1641,24,0,447,481,4,255,1,168,0,0,0,0,0,0,0,0,0,429013440,0,0,0,0,0,0,0,0,0,0,0,0,0,0,0,0,0,0,0,0,0,0,0,0,0,3,0,0,0,0,0,0,0,0,0,5788369,5788368,5788367
1642,769,0,447,481,4,255,1,168,0,0,0,0,0,0,0,0,0,428980736,0,0,0,0,0,0,0,0,0,0,0,0,0,0,0,0,0,0,0,0,0,0,0,0,0,3,0,0,0,0,0,0,0,0,0,5788369,5788368,5788367
1643,4,0,447,481,4,255,1,168,0,0,0,0,0,0,0,0,0,428996992,0,0,0,0,0,0,0,0,0,0,0,0,0,0,0,0,0,0,0,0,0,0,0,0,0,3,0,0,0,0,0,0,0,0,0,5788369,5788368,5788367
1644,2,0,447,481,4,255,1,168,0,0,0,0,0,0,0,0,0,429013504,0,0,0,0,0,0,0,0,0,0,0,0,0,0,0,0,0,0,0,0,0,0,0,0,0,3,0,0,0,0,0,0,0,0,0,5788369,5788368,5788367
1645,961,0,448,482,1,255,13,0,0,0,0,0,0,0,0,0,0,426965440,0,0,0,0,0,0,0,0,0,0,0,0,0,0,0,0,0,0,0,0,0,0,0,0,0,3,0,0,0,0,0,0,0,0,0,7050717,0,0
1646,2,0,448,482,1,255,13,0,0,0,0,0,0,0,0,0,0,426998272,0,0,0,0,0,0,0,0,0,0,0,0,0,0,0,0,0,0,0,0,0,0,0,0,0,3,0,0,0,0,0,0,0,0,0,7050717,0,0
1647,4,0,448,482,1,255,13,0,0,0,0,0,0,0,0,0,0,426981696,0,0,0,0,0,0,0,0,0,0,0,0,0,0,0,0,0,0,0,0,0,0,0,0,0,3,0,0,0,0,0,0,0,0,0,7050717,0,0
1648,24,0,448,482,1,255,13,0,0,0,0,0,0,0,0,0,0,426998208,0,0,0,0,0,0,0,0,0,0,0,0,0,0,0,0,0,0,0,0,0,0,0,0,0,3,0,0,0,0,0,0,0,0,0,7050717,0,0
1649,961,0,448,487,1,255,13,0,0,0,0,0,0,0,0,0,0,426965440,0,0,0,0,0,0,0,0,0,0,0,0,0,0,0,0,0,0,0,0,0,0,0,0,0,3,0,0,0,0,0,0,0,0,0,7050717,0,0
1650,4,0,448,487,1,255,13,0,0,0,0,0,0,0,0,0,0,426981696,0,0,0,0,0,0,0,0,0,0,0,0,0,0,0,0,0,0,0,0,0,0,0,0,0,3,0,0,0,0,0,0,0,0,0,7050717,0,0
1651,2,0,448,487,1,255,13,0,0,0,0,0,0,0,0,0,0,426998272,0,0,0,0,0,0,0,0,0,0,0,0,0,0,0,0,0,0,0,0,0,0,0,0,0,3,0,0,0,0,0,0,0,0,0,7050717,0,0
1652,24,0,448,487,1,255,13,0,0,0,0,0,0,0,0,0,0,426998208,0,0,0,0,0,0,0,0,0,0,0,0,0,0,0,0,0,0,0,0,0,0,0,0,0,3,0,0,0,0,0,0,0,0,0,7050717,0,0
1653,961,0,448,488,1,255,13,0,0,0,0,0,0,0,0,0,0,427080128,0,0,0,0,0,0,0,0,0,0,0,0,0,0,0,0,0,0,0,0,0,0,0,0,0,3,0,0,0,0,0,0,0,0,0,7050717,0,0
1654,2,0,448,488,1,255,13,0,0,0,0,0,0,0,0,0,0,427112960,0,0,0,0,0,0,0,0,0,0,0,0,0,0,0,0,0,0,0,0,0,0,0,0,0,3,0,0,0,0,0,0,0,0,0,7050717,0,0
1655,4,0,448,488,1,255,13,0,0,0,0,0,0,0,0,0,0,427096384,0,0,0,0,0,0,0,0,0,0,0,0,0,0,0,0,0,0,0,0,0,0,0,0,0,3,0,0,0,0,0,0,0,0,0,7050717,0,0
1656,24,0,448,488,1,255,13,0,0,0,0,0,0,0,0,0,0,427112896,0,0,0,0,0,0,0,0,0,0,0,0,0,0,0,0,0,0,0,0,0,0,0,0,0,3,0,0,0,0,0,0,0,0,0,7050717,0,0
1657,24,0,448,489,1,255,13,0,0,0,0,0,0,0,0,0,0,427227584,0,0,0,0,0,0,0,0,0,0,0,0,0,0,0,0,0,0,0,0,0,0,0,0,0,3,0,0,0,0,0,0,0,0,0,7050717,0,0
1658,4,0,448,489,1,255,13,0,0,0,0,0,0,0,0,0,0,427211072,0,0,0,0,0,0,0,0,0,0,0,0,0,0,0,0,0,0,0,0,0,0,0,0,0,3,0,0,0,0,0,0,0,0,0,7050717,0,0
1659,2,0,448,489,1,255,13,0,0,0,0,0,0,0,0,0,0,427227648,0,0,0,0,0,0,0,0,0,0,0,0,0,0,0,0,0,0,0,0,0,0,0,0,0,3,0,0,0,0,0,0,0,0,0,7050717,0,0
1660,961,0,448,489,1,255,13,0,0,0,0,0,0,0,0,0,0,427194816,0,0,0,0,0,0,0,0,0,0,0,0,0,0,0,0,0,0,0,0,0,0,0,0,0,3,0,0,0,0,0,0,0,0,0,7050717,0,0
1666,24,0,239,483,0,0,13,167,0,0,0,0,0,0,0,0,0,424982976,426228160,430356928,436566464,442644928,447904192,0,0,0,0,0,0,0,0,0,0,0,0,0,0,0,0,0,0,0,0,3,0,0,0,0,0,0,0,0,0,2185212,0,2185211
1667,4,0,239,483,0,0,13,167,0,0,0,0,0,0,0,0,0,424966528,426211712,430340416,436549952,442628480,447887680,0,0,0,0,0,0,0,0,0,0,0,0,0,0,0,0,0,0,0,0,3,0,0,0,0,0,0,0,0,0,2185212,0,2185211
1668,2,0,239,483,0,0,13,167,0,0,0,0,0,0,0,0,0,424983040,426228224,430356992,436566528,442644992,447904256,0,0,0,0,0,0,0,0,0,0,0,0,0,0,0,0,0,0,0,0,3,0,0,0,0,0,0,0,0,0,2185212,0,2185211
1669,897,0,239,483,0,0,13,167,0,0,0,0,0,0,0,0,0,424950272,426195456,430324160,436533696,442612224,447871424,0,0,0,0,0,0,0,0,0,0,0,0,0,0,0,0,0,0,0,0,3,0,0,0,0,0,0,0,0,0,2185212,0,2185211
1670,4,0,450,484,10,255,1,366,0,0,0,0,0,0,0,0,0,422951296,425982336,436664640,444742080,0,0,0,0,0,0,0,0,0,0,0,0,0,0,0,0,0,0,0,0,0,0,3,0,0,0,0,0,0,0,0,0,4868796,0,4868795
1671,2,0,450,484,10,255,1,366,0,0,0,0,0,0,0,0,0,422967808,425998848,436681216,444758464,0,0,0,0,0,0,0,0,0,0,0,0,0,0,0,0,0,0,0,0,0,0,3,0,0,0,0,0,0,0,0,0,4868796,0,4868795
1672,8,0,450,484,10,255,1,366,0,0,0,0,0,0,0,0,0,422967744,425998784,436681152,444758464,0,0,0,0,0,0,0,0,0,0,0,0,0,0,0,0,0,0,0,0,0,0,3,0,0,0,0,0,0,0,0,0,4868796,0,4868795
1673,64,0,451,485,10,255,1,48,0,0,0,0,0,0,0,0,0,422738304,0,0,0,0,0,0,0,0,0,0,0,0,0,0,0,0,0,0,0,0,0,0,0,0,0,3,0,0,0,0,0,0,0,0,0,6736083,6736082,6736081
1674,2017,0,452,486,20,255,1,672,0,0,0,0,0,0,0,0,0,425736704,0,0,0,0,0,0,0,0,0,0,0,0,0,0,0,0,0,0,0,0,0,0,0,0,0,3,0,0,0,0,0,0,0,0,0,1129668,1129667,1129666
1675,64,0,0,0,0,0,2,168,0,0,0,0,0,0,0,0,0,422738560,0,0,0,0,0,0,0,0,0,0,0,0,0,0,0,0,0,0,0,0,0,0,0,0,0,0,0,0,0,0,0,0,0,0,0,0,0,0
1679,961,0,448,490,1,255,13,0,0,0,0,0,0,0,0,0,0,427080128,0,0,0,0,0,0,0,0,0,0,0,0,0,0,0,0,0,0,0,0,0,0,0,0,0,3,0,0,0,0,0,0,0,0,0,7050717,0,0
1680,2,0,448,490,1,255,13,0,0,0,0,0,0,0,0,0,0,427112960,0,0,0,0,0,0,0,0,0,0,0,0,0,0,0,0,0,0,0,0,0,0,0,0,0,3,0,0,0,0,0,0,0,0,0,7050717,0,0
1681,4,0,448,490,1,255,13,0,0,0,0,0,0,0,0,0,0,427096384,0,0,0,0,0,0,0,0,0,0,0,0,0,0,0,0,0,0,0,0,0,0,0,0,0,3,0,0,0,0,0,0,0,0,0,7050717,0,0
1682,24,0,448,490,1,255,13,0,0,0,0,0,0,0,0,0,0,427112896,0,0,0,0,0,0,0,0,0,0,0,0,0,0,0,0,0,0,0,0,0,0,0,0,0,3,0,0,0,0,0,0,0,0,0,7050717,0,0
1683,16,0,450,484,10,255,1,336,0,0,0,0,0,0,0,0,0,425998784,436681152,0,444758464,0,0,0,0,0,0,0,0,0,0,0,0,0,0,0,0,0,0,0,0,0,0,3,0,0,0,0,0,0,0,0,0,4868796,0,4868795
1688,64,0,422,438,10,255,1,744,0,0,0,0,0,0,0,0,0,390478464,0,423753728,0,0,0,0,0,0,0,0,0,0,0,0,0,0,0,0,0,0,0,0,0,0,0,3,0,0,0,0,0,0,0,0,0,5212619,0,0
1689,30,0,451,485,10,255,1,1008,0,0,0,0,0,0,0,0,0,424737280,0,0,0,0,0,0,0,0,0,0,0,0,0,0,0,0,0,0,0,0,0,0,0,0,0,3,0,0,0,0,0,0,0,0,0,6736083,6736082,6736081
1690,30,0,0,0,0,0,2,168,168,168,168,168,168,0,0,0,0,424737280,0,0,0,0,0,0,0,0,0,0,0,0,0,0,0,0,0,0,0,0,0,0,0,0,0,0,0,0,0,0,0,0,0,0,0,0,0,0
1691,4,0,422,438,10,255,1,672,0,0,0,0,0,0,0,0,0,390478464,425752960,0,0,0,0,0,0,0,0,0,0,0,0,0,0,0,0,0,0,0,0,0,0,0,0,3,0,0,0,0,0,0,0,0,0,5212619,0,0
1692,10,0,422,438,10,255,1,672,0,0,0,0,0,0,0,0,0,390478464,425769472,0,0,0,0,0,0,0,0,0,0,0,0,0,0,0,0,0,0,0,0,0,0,0,0,3,0,0,0,0,0,0,0,0,0,5212619,0,0
1693,16,0,422,438,10,255,1,672,0,0,0,0,0,0,0,0,0,390478464,425769472,0,0,0,0,0,0,0,0,0,0,0,0,0,0,0,0,0,0,0,0,0,0,0,0,3,0,0,0,0,0,0,0,0,0,5212619,0,0
1694,4,0,452,486,20,255,1,672,0,0,0,0,0,0,0,0,0,425752960,0,0,0,0,0,0,0,0,0,0,0,0,0,0,0,0,0,0,0,0,0,0,0,0,0,3,0,0,0,0,0,0,0,0,0,1129668,1129667,1129666
1695,10,0,452,486,20,255,1,672,0,0,0,0,0,0,0,0,0,425769472,0,0,0,0,0,0,0,0,0,0,0,0,0,0,0,0,0,0,0,0,0,0,0,0,0,3,0,0,0,0,0,0,0,0,0,1129668,1129667,1129666
1696,16,0,452,486,20,255,1,672,0,0,0,0,0,0,0,0,0,425769472,0,0,0,0,0,0,0,0,0,0,0,0,0,0,0,0,0,0,0,0,0,0,0,0,0,3,0,0,0,0,0,0,0,0,0,1129668,1129667,1129666
1697,1919,0,447,481,4,255,15,168,0,0,0,0,0,0,0,0,0,436468224,0,0,0,0,0,0,0,0,0,0,0,0,0,0,0,0,0,0,0,0,0,0,0,0,0,3,0,0,0,0,0,0,0,0,0,5788369,5788368,5788367
1698,1889,0,453,491,0,0,5,1,0,0,0,0,0,0,0,0,0,424950272,0,0,0,0,0,0,0,0,0,0,0,0,0,0,0,0,0,0,0,0,0,0,0,0,0,3,0,0,0,0,0,0,0,0,0,6033781,0,6033780
1699,4,0,453,491,0,0,5,1,0,0,0,0,0,0,0,0,0,424966528,0,0,0,0,0,0,0,0,0,0,0,0,0,0,0,0,0,0,0,0,0,0,0,0,0,3,0,0,0,0,0,0,0,0,0,6033781,0,6033780
1700,26,0,453,491,0,0,5,1,0,0,0,0,0,0,0,0,0,424983040,0,0,0,0,0,0,0,0,0,0,0,0,0,0,0,0,0,0,0,0,0,0,0,0,0,3,0,0,0,0,0,0,0,0,0,6033781,0,6033780
1703,961,0,239,492,0,0,13,167,0,0,0,0,0,0,0,0,0,430995904,437303744,442726912,448215488,0,0,0,0,0,0,0,0,0,0,0,0,0,0,0,0,0,0,0,0,0,0,3,0,0,0,0,0,0,0,0,0,3817202,0,3817200
1704,961,0,239,492,0,0,15,192,0,0,0,0,0,0,0,0,0,430995904,437303744,442726912,448215488,0,0,0,0,0,0,0,0,0,0,0,0,0,0,0,0,0,0,0,0,0,0,3,0,0,0,0,0,0,0,0,0,3817202,0,3817200
1705,4,0,239,492,0,0,13,167,0,0,0,0,0,0,0,0,0,431012160,437320000,442743168,448231744,0,0,0,0,0,0,0,0,0,0,0,0,0,0,0,0,0,0,0,0,0,0,3,0,0,0,0,0,0,0,0,0,3817202,0,3817200
1706,4,0,239,492,0,0,15,192,0,0,0,0,0,0,0,0,0,431012160,437320000,442743168,448231744,0,0,0,0,0,0,0,0,0,0,0,0,0,0,0,0,0,0,0,0,0,0,3,0,0,0,0,0,0,0,0,0,3817202,0,3817200
1707,24,0,239,492,0,0,13,167,0,0,0,0,0,0,0,0,0,431028672,437336512,442759616,448248256,0,0,0,0,0,0,0,0,0,0,0,0,0,0,0,0,0,0,0,0,0,0,3,0,0,0,0,0,0,0,0,0,3817202,0,3817200
1708,24,0,239,492,0,0,15,192,0,0,0,0,0,0,0,0,0,431028672,437336512,442759616,448248256,0,0,0,0,0,0,0,0,0,0,0,0,0,0,0,0,0,0,0,0,0,0,3,0,0,0,0,0,0,0,0,0,3817202,0,3817200
1709,2,0,239,492,0,0,13,167,0,0,0,0,0,0,0,0,0,431028736,437336576,442759680,448248320,0,0,0,0,0,0,0,0,0,0,0,0,0,0,0,0,0,0,0,0,0,0,3,0,0,0,0,0,0,0,0,0,3817202,0,3817200
1710,2,0,239,492,0,0,15,192,0,0,0,0,0,0,0,0,0,431028736,437336576,442759680,448248320,0,0,0,0,0,0,0,0,0,0,0,0,0,0,0,0,0,0,0,0,0,0,3,0,0,0,0,0,0,0,0,0,3817202,0,3817200
1711,257,0,0,0,1,0,3,823,0,0,0,0,0,0,0,0,0,436648384,0,0,0,0,0,0,0,0,0,0,0,0,0,0,0,0,0,0,0,0,0,0,0,0,0,0,0,0,0,0,0,0,0,0,0,0,0,0
1712,4,0,0,0,1,0,3,810,0,0,0,0,0,0,0,0,0,436664640,0,0,0,0,0,0,0,0,0,0,0,0,0,0,0,0,0,0,0,0,0,0,0,0,0,0,0,0,0,0,0,0,0,0,0,0,0,0
1713,2,0,0,0,1,0,3,791,0,0,0,0,0,0,0,0,0,436681216,0,0,0,0,0,0,0,0,0,0,0,0,0,0,0,0,0,0,0,0,0,0,0,0,0,0,0,0,0,0,0,0,0,0,0,0,0,0
1714,24,0,0,0,1,0,3,791,0,0,0,0,0,0,0,0,0,436681152,0,0,0,0,0,0,0,0,0,0,0,0,0,0,0,0,0,0,0,0,0,0,0,0,0,0,0,0,0,0,0,0,0,0,0,0,0,0
1719,24,0,239,493,0,0,13,167,0,0,0,0,0,0,0,0,0,442530240,443644352,453327296,0,0,0,0,0,0,0,0,0,0,0,0,0,0,0,0,0,0,0,0,0,0,0,3,0,0,0,0,0,0,0,0,0,4868796,0,4868795
1720,4,0,239,493,0,0,13,167,0,0,0,0,0,0,0,0,0,442513792,443627904,453310912,0,0,0,0,0,0,0,0,0,0,0,0,0,0,0,0,0,0,0,0,0,0,0,3,0,0,0,0,0,0,0,0,0,4868796,0,4868795
1721,2,0,239,493,0,0,13,167,0,0,0,0,0,0,0,0,0,442530304,443644416,453327360,0,0,0,0,0,0,0,0,0,0,0,0,0,0,0,0,0,0,0,0,0,0,0,3,0,0,0,0,0,0,0,0,0,4868796,0,4868795
1722,897,0,239,493,0,0,13,167,0,0,0,0,0,0,0,0,0,441940480,443611648,453294528,0,0,0,0,0,0,0,0,0,0,0,0,0,0,0,0,0,0,0,0,0,0,0,3,0,0,0,0,0,0,0,0,0,4868796,0,4868795
1735,961,0,454,495,1,255,13,0,0,0,0,0,0,0,0,0,0,438581760,0,0,0,0,0,0,0,0,0,0,0,0,0,0,0,0,0,0,0,0,0,0,0,0,0,3,0,0,0,0,0,0,0,0,0,7507135,0,0
1737,4,0,454,495,1,255,13,0,0,0,0,0,0,0,0,0,0,438597952,0,0,0,0,0,0,0,0,0,0,0,0,0,0,0,0,0,0,0,0,0,0,0,0,0,3,0,0,0,0,0,0,0,0,0,7507135,0,0
1738,24,0,454,495,1,255,13,0,0,0,0,0,0,0,0,0,0,438614464,0,0,0,0,0,0,0,0,0,0,0,0,0,0,0,0,0,0,0,0,0,0,0,0,0,3,0,0,0,0,0,0,0,0,0,7507135,0,0
1739,961,0,454,496,1,255,13,0,0,0,0,0,0,0,0,0,0,438581760,0,0,0,0,0,0,0,0,0,0,0,0,0,0,0,0,0,0,0,0,0,0,0,0,0,3,0,0,0,0,0,0,0,0,0,7507135,0,0
1740,4,0,454,496,1,255,13,0,0,0,0,0,0,0,0,0,0,438597952,0,0,0,0,0,0,0,0,0,0,0,0,0,0,0,0,0,0,0,0,0,0,0,0,0,3,0,0,0,0,0,0,0,0,0,7507135,0,0
1742,24,0,454,496,1,255,13,0,0,0,0,0,0,0,0,0,0,438614464,0,0,0,0,0,0,0,0,0,0,0,0,0,0,0,0,0,0,0,0,0,0,0,0,0,3,0,0,0,0,0,0,0,0,0,7507135,0,0
1743,961,0,454,497,1,255,13,0,0,0,0,0,0,0,0,0,0,438696448,0,0,0,0,0,0,0,0,0,0,0,0,0,0,0,0,0,0,0,0,0,0,0,0,0,3,0,0,0,0,0,0,0,0,0,7507135,0,0
1745,4,0,454,497,1,255,13,0,0,0,0,0,0,0,0,0,0,438712640,0,0,0,0,0,0,0,0,0,0,0,0,0,0,0,0,0,0,0,0,0,0,0,0,0,3,0,0,0,0,0,0,0,0,0,7507135,0,0
1746,24,0,454,497,1,255,13,0,0,0,0,0,0,0,0,0,0,438729152,0,0,0,0,0,0,0,0,0,0,0,0,0,0,0,0,0,0,0,0,0,0,0,0,0,3,0,0,0,0,0,0,0,0,0,7507135,0,0
1747,24,0,454,497,1,255,13,0,0,0,0,0,0,0,0,0,0,439384512,0,0,0,0,0,0,0,0,0,0,0,0,0,0,0,0,0,0,0,0,0,0,0,0,0,3,0,0,0,0,0,0,0,0,0,7507135,0,0
1748,4,0,454,498,1,255,13,0,0,0,0,0,0,0,0,0,0,439368000,0,0,0,0,0,0,0,0,0,0,0,0,0,0,0,0,0,0,0,0,0,0,0,0,0,3,0,0,0,0,0,0,0,0,0,7507135,0,0
1750,961,0,454,498,1,255,13,0,0,0,0,0,0,0,0,0,0,438811136,0,0,0,0,0,0,0,0,0,0,0,0,0,0,0,0,0,0,0,0,0,0,0,0,0,3,0,0,0,0,0,0,0,0,0,7507135,0,0
1751,961,0,454,499,1,255,13,0,0,0,0,0,0,0,0,0,0,438696448,0,0,0,0,0,0,0,0,0,0,0,0,0,0,0,0,0,0,0,0,0,0,0,0,0,3,0,0,0,0,0,0,0,0,0,7507135,0,0
1753,4,0,454,499,1,255,13,0,0,0,0,0,0,0,0,0,0,438712640,0,0,0,0,0,0,0,0,0,0,0,0,0,0,0,0,0,0,0,0,0,0,0,0,0,3,0,0,0,0,0,0,0,0,0,7507135,0,0
1754,24,0,454,499,1,255,13,0,0,0,0,0,0,0,0,0,0,438729152,0,0,0,0,0,0,0,0,0,0,0,0,0,0,0,0,0,0,0,0,0,0,0,0,0,3,0,0,0,0,0,0,0,0,0,7507135,0,0
1755,961,0,454,500,1,255,13,0,0,0,0,0,0,0,0,0,0,438696448,0,0,0,0,0,0,0,0,0,0,0,0,0,0,0,0,0,0,0,0,0,0,0,0,0,3,0,0,0,0,0,0,0,0,0,7507135,0,0
1757,4,0,454,500,1,255,13,0,0,0,0,0,0,0,0,0,0,438712640,0,0,0,0,0,0,0,0,0,0,0,0,0,0,0,0,0,0,0,0,0,0,0,0,0,3,0,0,0,0,0,0,0,0,0,7507135,0,0
1758,24,0,454,500,1,255,13,0,0,0,0,0,0,0,0,0,0,438729152,0,0,0,0,0,0,0,0,0,0,0,0,0,0,0,0,0,0,0,0,0,0,0,0,0,3,0,0,0,0,0,0,0,0,0,7507135,0,0
1759,961,0,457,501,1,255,13,0,0,0,0,0,0,0,0,0,0,438581760,0,0,0,0,0,0,0,0,0,0,0,0,0,0,0,0,0,0,0,0,0,0,0,0,0,3,0,0,0,0,0,0,0,0,0,7570504,0,0
1761,4,0,457,501,1,255,13,0,0,0,0,0,0,0,0,0,0,438597952,0,0,0,0,0,0,0,0,0,0,0,0,0,0,0,0,0,0,0,0,0,0,0,0,0,3,0,0,0,0,0,0,0,0,0,7570504,0,0
1762,24,0,457,501,1,255,13,0,0,0,0,0,0,0,0,0,0,438614464,0,0,0,0,0,0,0,0,0,0,0,0,0,0,0,0,0,0,0,0,0,0,0,0,0,3,0,0,0,0,0,0,0,0,0,7570504,0,0
1763,961,0,457,502,1,255,13,0,0,0,0,0,0,0,0,0,0,438581760,0,0,0,0,0,0,0,0,0,0,0,0,0,0,0,0,0,0,0,0,0,0,0,0,0,3,0,0,0,0,0,0,0,0,0,7570504,0,0
1764,4,0,457,502,1,255,13,0,0,0,0,0,0,0,0,0,0,438597952,0,0,0,0,0,0,0,0,0,0,0,0,0,0,0,0,0,0,0,0,0,0,0,0,0,3,0,0,0,0,0,0,0,0,0,7570504,0,0
1766,24,0,457,502,1,255,13,0,0,0,0,0,0,0,0,0,0,438614464,0,0,0,0,0,0,0,0,0,0,0,0,0,0,0,0,0,0,0,0,0,0,0,0,0,3,0,0,0,0,0,0,0,0,0,7570504,0,0
1771,961,0,457,504,1,255,13,0,0,0,0,0,0,0,0,0,0,438696448,0,0,0,0,0,0,0,0,0,0,0,0,0,0,0,0,0,0,0,0,0,0,0,0,0,3,0,0,0,0,0,0,0,0,0,7570504,0,0
1773,4,0,457,504,1,255,13,0,0,0,0,0,0,0,0,0,0,438712640,0,0,0,0,0,0,0,0,0,0,0,0,0,0,0,0,0,0,0,0,0,0,0,0,0,3,0,0,0,0,0,0,0,0,0,7570504,0,0
1774,24,0,457,504,1,255,13,0,0,0,0,0,0,0,0,0,0,438729152,0,0,0,0,0,0,0,0,0,0,0,0,0,0,0,0,0,0,0,0,0,0,0,0,0,3,0,0,0,0,0,0,0,0,0,7570504,0,0
1775,961,0,455,505,1,255,13,0,0,0,0,0,0,0,0,0,0,438811136,0,0,0,0,0,0,0,0,0,0,0,0,0,0,0,0,0,0,0,0,0,0,0,0,0,3,0,0,0,0,0,0,0,0,0,7480135,0,0
1777,4,0,455,505,1,255,13,0,0,0,0,0,0,0,0,0,0,439368000,0,0,0,0,0,0,0,0,0,0,0,0,0,0,0,0,0,0,0,0,0,0,0,0,0,3,0,0,0,0,0,0,0,0,0,7480135,0,0
1778,24,0,455,505,1,255,13,0,0,0,0,0,0,0,0,0,0,439384512,0,0,0,0,0,0,0,0,0,0,0,0,0,0,0,0,0,0,0,0,0,0,0,0,0,3,0,0,0,0,0,0,0,0,0,7480135,0,0
1779,961,0,455,506,1,255,13,0,0,0,0,0,0,0,0,0,0,439466496,0,0,0,0,0,0,0,0,0,0,0,0,0,0,0,0,0,0,0,0,0,0,0,0,0,3,0,0,0,0,0,0,0,0,0,7480135,0,0
1780,4,0,455,506,1,255,13,0,0,0,0,0,0,0,0,0,0,439482688,0,0,0,0,0,0,0,0,0,0,0,0,0,0,0,0,0,0,0,0,0,0,0,0,0,3,0,0,0,0,0,0,0,0,0,7480135,0,0
1782,24,0,455,506,1,255,13,0,0,0,0,0,0,0,0,0,0,439499200,0,0,0,0,0,0,0,0,0,0,0,0,0,0,0,0,0,0,0,0,0,0,0,0,0,3,0,0,0,0,0,0,0,0,0,7480135,0,0
1783,961,0,455,507,1,255,13,0,0,0,0,0,0,0,0,0,0,439466496,0,0,0,0,0,0,0,0,0,0,0,0,0,0,0,0,0,0,0,0,0,0,0,0,0,3,0,0,0,0,0,0,0,0,0,7480135,0,0
1785,4,0,455,507,1,255,13,0,0,0,0,0,0,0,0,0,0,439482688,0,0,0,0,0,0,0,0,0,0,0,0,0,0,0,0,0,0,0,0,0,0,0,0,0,3,0,0,0,0,0,0,0,0,0,7480135,0,0
1786,24,0,455,507,1,255,13,0,0,0,0,0,0,0,0,0,0,439499200,0,0,0,0,0,0,0,0,0,0,0,0,0,0,0,0,0,0,0,0,0,0,0,0,0,3,0,0,0,0,0,0,0,0,0,7480135,0,0
1787,961,0,455,508,1,255,13,0,0,0,0,0,0,0,0,0,0,438811136,0,0,0,0,0,0,0,0,0,0,0,0,0,0,0,0,0,0,0,0,0,0,0,0,0,3,0,0,0,0,0,0,0,0,0,7480135,0,0
1789,4,0,455,508,1,255,13,0,0,0,0,0,0,0,0,0,0,439368000,0,0,0,0,0,0,0,0,0,0,0,0,0,0,0,0,0,0,0,0,0,0,0,0,0,3,0,0,0,0,0,0,0,0,0,7480135,0,0
1790,24,0,455,508,1,255,13,0,0,0,0,0,0,0,0,0,0,439384512,0,0,0,0,0,0,0,0,0,0,0,0,0,0,0,0,0,0,0,0,0,0,0,0,0,3,0,0,0,0,0,0,0,0,0,7480135,0,0
1793,2031,0,458,509,10,255,1,48,0,0,0,0,0,0,0,0,0,441890816,458651648,475396096,493287424,510048256,0,0,0,0,0,0,0,0,0,0,0,0,0,0,0,0,0,0,0,0,0,3,0,0,0,0,0,0,0,0,0,7759070,7759069,7766153
1794,64,0,0,0,1,0,3,984,0,0,0,0,0,0,0,0,0,431028736,0,0,0,0,0,0,0,0,0,0,0,0,0,0,0,0,0,0,0,0,0,0,0,0,0,0,0,0,0,0,0,0,0,0,0,0,0,0
1795,0,0,0,0,0,0,3,2688,0,0,0,0,0,0,0,0,0,439696000,0,0,0,0,0,0,0,0,0,0,0,0,0,0,0,0,0,0,0,0,0,0,0,0,0,0,0,0,0,0,0,0,0,0,0,0,0,0
1797,64,0,0,0,0,0,2,336,0,0,0,0,0,0,0,0,0,438630400,0,0,0,0,0,0,0,0,0,0,0,0,0,0,0,0,0,0,0,0,0,0,0,0,0,0,0,0,0,0,0,0,0,0,0,0,0,0
1802,961,0,459,510,0,0,13,167,0,0,0,0,0,0,0,0,0,412334592,414349760,420542912,421935616,423950848,425064960,426195456,428079616,430094784,431454656,0,439466496,440826368,442841600,444725760,446740928,448100800,0,0,0,0,0,0,0,0,0,3,0,0,0,0,0,0,0,0,0,7705675,0,7705674
1803,4,0,459,510,0,0,13,167,0,0,0,0,0,0,0,0,0,412350848,414366016,420559168,421951808,423967104,425081216,426211712,428095872,430111040,431470912,439482752,440842624,442857856,444742016,446757184,448117056,0,0,0,0,0,0,0,0,0,0,3,0,0,0,0,0,0,0,0,0,7705675,0,7705674
1804,24,0,459,510,0,0,13,167,0,0,0,0,0,0,0,0,0,412367296,414382528,420575680,421968320,423983552,425097664,426228160,428112320,430127552,436222400,437680576,439499200,440859072,442874304,444758464,446773696,448133568,0,0,0,0,0,0,0,0,0,3,0,0,0,0,0,0,0,0,0,7705675,0,7705674
1805,2,0,459,510,0,0,13,167,0,0,0,0,0,0,0,0,0,412367360,414382592,420575744,421968384,423983616,425097728,426228224,428112384,430127616,436222464,437680640,439499264,440859136,442874368,444758528,446773760,448133632,0,0,0,0,0,0,0,0,0,3,0,0,0,0,0,0,0,0,0,7705675,0,7705674
1807,769,0,447,481,4,255,1,2498,0,0,0,0,0,0,0,0,0,428980736,0,0,0,0,0,0,0,0,0,0,0,0,0,0,0,0,0,0,0,0,0,0,0,0,0,3,0,0,0,0,0,0,0,0,0,5788369,5788368,5788367
1808,0,0,460,188,11,255,1,504,0,0,0,0,0,0,0,0,0,446970496,0,0,0,0,0,0,0,0,0,0,0,0,0,0,0,0,0,0,0,0,0,0,0,0,0,3,0,0,0,0,0,0,0,0,0,6238552,6238551,6238550
1809,2,0,457,502,1,255,13,0,0,0,0,0,0,0,0,0,0,438614528,0,0,0,0,0,0,0,0,0,0,0,0,0,0,0,0,0,0,0,0,0,0,0,0,0,3,0,0,0,0,0,0,0,0,0,7570504,0,0
1810,2,0,457,501,1,255,13,0,0,0,0,0,0,0,0,0,0,438614528,0,0,0,0,0,0,0,0,0,0,0,0,0,0,0,0,0,0,0,0,0,0,0,0,0,3,0,0,0,0,0,0,0,0,0,7570504,0,0
1811,2,0,454,496,1,255,13,0,0,0,0,0,0,0,0,0,0,438614528,0,0,0,0,0,0,0,0,0,0,0,0,0,0,0,0,0,0,0,0,0,0,0,0,0,3,0,0,0,0,0,0,0,0,0,7507135,0,0
1812,2,0,454,495,1,255,13,0,0,0,0,0,0,0,0,0,0,438614528,0,0,0,0,0,0,0,0,0,0,0,0,0,0,0,0,0,0,0,0,0,0,0,0,0,3,0,0,0,0,0,0,0,0,0,7507135,0,0
1813,2,0,454,499,1,255,13,0,0,0,0,0,0,0,0,0,0,438729216,0,0,0,0,0,0,0,0,0,0,0,0,0,0,0,0,0,0,0,0,0,0,0,0,0,3,0,0,0,0,0,0,0,0,0,7507135,0,0
1814,2,0,454,500,1,255,13,0,0,0,0,0,0,0,0,0,0,438729216,0,0,0,0,0,0,0,0,0,0,0,0,0,0,0,0,0,0,0,0,0,0,0,0,0,3,0,0,0,0,0,0,0,0,0,7507135,0,0
1815,2,0,454,497,1,255,13,0,0,0,0,0,0,0,0,0,0,438729216,0,0,0,0,0,0,0,0,0,0,0,0,0,0,0,0,0,0,0,0,0,0,0,0,0,3,0,0,0,0,0,0,0,0,0,7507135,0,0
1816,2,0,457,504,1,255,13,0,0,0,0,0,0,0,0,0,0,438729216,0,0,0,0,0,0,0,0,0,0,0,0,0,0,0,0,0,0,0,0,0,0,0,0,0,3,0,0,0,0,0,0,0,0,0,7570504,0,0
1817,2,0,454,497,1,255,13,0,0,0,0,0,0,0,0,0,0,439384576,0,0,0,0,0,0,0,0,0,0,0,0,0,0,0,0,0,0,0,0,0,0,0,0,0,3,0,0,0,0,0,0,0,0,0,7507135,0,0
1818,2,0,455,505,1,255,13,0,0,0,0,0,0,0,0,0,0,439384576,0,0,0,0,0,0,0,0,0,0,0,0,0,0,0,0,0,0,0,0,0,0,0,0,0,3,0,0,0,0,0,0,0,0,0,7480135,0,0
1819,2,0,455,508,1,255,13,0,0,0,0,0,0,0,0,0,0,439384576,0,0,0,0,0,0,0,0,0,0,0,0,0,0,0,0,0,0,0,0,0,0,0,0,0,3,0,0,0,0,0,0,0,0,0,7480135,0,0
1820,2,0,455,507,1,255,13,0,0,0,0,0,0,0,0,0,0,439499264,0,0,0,0,0,0,0,0,0,0,0,0,0,0,0,0,0,0,0,0,0,0,0,0,0,3,0,0,0,0,0,0,0,0,0,7480135,0,0
1821,2,0,455,506,1,255,13,0,0,0,0,0,0,0,0,0,0,439499264,0,0,0,0,0,0,0,0,0,0,0,0,0,0,0,0,0,0,0,0,0,0,0,0,0,3,0,0,0,0,0,0,0,0,0,7480135,0,0
1822,0,0,0,0,0,0,2,9999,0,0,0,0,0,0,0,0,0,441464832,0,0,0,0,0,0,0,0,0,0,0,0,0,0,0,0,0,0,0,0,0,0,0,0,0,0,0,0,0,0,0,0,0,0,0,0,0,0
1836,961,0,461,511,1,255,13,0,0,0,0,0,0,0,0,0,0,441711104,0,0,0,0,0,0,0,0,0,0,0,0,0,0,0,0,0,0,0,0,0,0,0,0,0,3,0,0,0,0,0,0,0,0,0,7864807,0,0
1837,4,0,461,511,1,255,13,0,0,0,0,0,0,0,0,0,0,441727296,0,0,0,0,0,0,0,0,0,0,0,0,0,0,0,0,0,0,0,0,0,0,0,0,0,3,0,0,0,0,0,0,0,0,0,7864807,0,0
1838,2,0,461,511,1,255,13,0,0,0,0,0,0,0,0,0,0,441743872,0,0,0,0,0,0,0,0,0,0,0,0,0,0,0,0,0,0,0,0,0,0,0,0,0,3,0,0,0,0,0,0,0,0,0,7864807,0,0
1839,24,0,461,511,1,255,13,0,0,0,0,0,0,0,0,0,0,441743808,0,0,0,0,0,0,0,0,0,0,0,0,0,0,0,0,0,0,0,0,0,0,0,0,0,3,0,0,0,0,0,0,0,0,0,7864807,0,0
1844,961,0,463,513,1,255,13,0,0,0,0,0,0,0,0,0,0,443841024,0,0,0,0,0,0,0,0,0,0,0,0,0,0,0,0,0,0,0,0,0,0,0,0,0,3,0,0,0,0,0,0,0,0,0,8039536,0,0
1845,4,0,463,513,1,255,13,0,0,0,0,0,0,0,0,0,0,443857216,0,0,0,0,0,0,0,0,0,0,0,0,0,0,0,0,0,0,0,0,0,0,0,0,0,3,0,0,0,0,0,0,0,0,0,8039536,0,0
1846,24,0,463,513,1,255,13,0,0,0,0,0,0,0,0,0,0,443873728,0,0,0,0,0,0,0,0,0,0,0,0,0,0,0,0,0,0,0,0,0,0,0,0,0,3,0,0,0,0,0,0,0,0,0,8039536,0,0
1847,2,0,463,513,1,255,13,0,0,0,0,0,0,0,0,0,0,443873792,0,0,0,0,0,0,0,0,0,0,0,0,0,0,0,0,0,0,0,0,0,0,0,0,0,3,0,0,0,0,0,0,0,0,0,8039536,0,0
1848,961,0,463,514,1,255,13,0,0,0,0,0,0,0,0,0,0,443841024,0,0,0,0,0,0,0,0,0,0,0,0,0,0,0,0,0,0,0,0,0,0,0,0,0,3,0,0,0,0,0,0,0,0,0,8039536,0,0
1849,4,0,463,514,1,255,13,0,0,0,0,0,0,0,0,0,0,443857216,0,0,0,0,0,0,0,0,0,0,0,0,0,0,0,0,0,0,0,0,0,0,0,0,0,3,0,0,0,0,0,0,0,0,0,8039536,0,0
1850,24,0,463,514,1,255,13,0,0,0,0,0,0,0,0,0,0,443873728,0,0,0,0,0,0,0,0,0,0,0,0,0,0,0,0,0,0,0,0,0,0,0,0,0,3,0,0,0,0,0,0,0,0,0,8039536,0,0
1851,2,0,463,514,1,255,13,0,0,0,0,0,0,0,0,0,0,443873792,0,0,0,0,0,0,0,0,0,0,0,0,0,0,0,0,0,0,0,0,0,0,0,0,0,3,0,0,0,0,0,0,0,0,0,8039536,0,0
1852,961,0,463,516,1,255,13,0,0,0,0,0,0,0,0,0,0,443955712,0,0,0,0,0,0,0,0,0,0,0,0,0,0,0,0,0,0,0,0,0,0,0,0,0,3,0,0,0,0,0,0,0,0,0,8039536,0,0
1853,4,0,463,516,1,255,13,0,0,0,0,0,0,0,0,0,0,443971904,0,0,0,0,0,0,0,0,0,0,0,0,0,0,0,0,0,0,0,0,0,0,0,0,0,3,0,0,0,0,0,0,0,0,0,8039536,0,0
1854,24,0,463,516,1,255,13,0,0,0,0,0,0,0,0,0,0,443988416,0,0,0,0,0,0,0,0,0,0,0,0,0,0,0,0,0,0,0,0,0,0,0,0,0,3,0,0,0,0,0,0,0,0,0,8039536,0,0
1855,2,0,463,516,1,255,13,0,0,0,0,0,0,0,0,0,0,443988480,0,0,0,0,0,0,0,0,0,0,0,0,0,0,0,0,0,0,0,0,0,0,0,0,0,3,0,0,0,0,0,0,0,0,0,8039536,0,0
1856,961,0,463,519,1,255,13,0,0,0,0,0,0,0,0,0,0,443955712,0,0,0,0,0,0,0,0,0,0,0,0,0,0,0,0,0,0,0,0,0,0,0,0,0,3,0,0,0,0,0,0,0,0,0,8039536,0,0
1857,4,0,463,519,1,255,13,0,0,0,0,0,0,0,0,0,0,443971904,0,0,0,0,0,0,0,0,0,0,0,0,0,0,0,0,0,0,0,0,0,0,0,0,0,3,0,0,0,0,0,0,0,0,0,8039536,0,0
1858,24,0,463,519,1,255,13,0,0,0,0,0,0,0,0,0,0,443988416,0,0,0,0,0,0,0,0,0,0,0,0,0,0,0,0,0,0,0,0,0,0,0,0,0,3,0,0,0,0,0,0,0,0,0,8039536,0,0
1859,2,0,463,519,1,255,13,0,0,0,0,0,0,0,0,0,0,443988480,0,0,0,0,0,0,0,0,0,0,0,0,0,0,0,0,0,0,0,0,0,0,0,0,0,3,0,0,0,0,0,0,0,0,0,8039536,0,0
1860,961,0,463,517,1,255,13,0,0,0,0,0,0,0,0,0,0,444611072,0,0,0,0,0,0,0,0,0,0,0,0,0,0,0,0,0,0,0,0,0,0,0,0,0,3,0,0,0,0,0,0,0,0,0,8039536,0,0
1861,4,0,463,517,1,255,13,0,0,0,0,0,0,0,0,0,0,444627264,0,0,0,0,0,0,0,0,0,0,0,0,0,0,0,0,0,0,0,0,0,0,0,0,0,3,0,0,0,0,0,0,0,0,0,8039536,0,0
1862,24,0,463,517,1,255,13,0,0,0,0,0,0,0,0,0,0,444643776,0,0,0,0,0,0,0,0,0,0,0,0,0,0,0,0,0,0,0,0,0,0,0,0,0,3,0,0,0,0,0,0,0,0,0,8039536,0,0
1863,2,0,463,517,1,255,13,0,0,0,0,0,0,0,0,0,0,444643840,0,0,0,0,0,0,0,0,0,0,0,0,0,0,0,0,0,0,0,0,0,0,0,0,0,3,0,0,0,0,0,0,0,0,0,8039536,0,0
1864,961,0,463,518,1,255,13,0,0,0,0,0,0,0,0,0,0,444725760,0,0,0,0,0,0,0,0,0,0,0,0,0,0,0,0,0,0,0,0,0,0,0,0,0,3,0,0,0,0,0,0,0,0,0,8039536,0,0
1865,4,0,463,518,1,255,13,0,0,0,0,0,0,0,0,0,0,444741952,0,0,0,0,0,0,0,0,0,0,0,0,0,0,0,0,0,0,0,0,0,0,0,0,0,3,0,0,0,0,0,0,0,0,0,8039536,0,0
1866,24,0,463,518,1,255,13,0,0,0,0,0,0,0,0,0,0,444758464,0,0,0,0,0,0,0,0,0,0,0,0,0,0,0,0,0,0,0,0,0,0,0,0,0,3,0,0,0,0,0,0,0,0,0,8039536,0,0
1867,2,0,463,518,1,255,13,0,0,0,0,0,0,0,0,0,0,444758528,0,0,0,0,0,0,0,0,0,0,0,0,0,0,0,0,0,0,0,0,0,0,0,0,0,3,0,0,0,0,0,0,0,0,0,8039536,0,0
1872,961,0,464,520,9,255,13,0,0,0,0,0,0,0,0,0,0,443841024,0,0,0,0,0,0,0,0,0,0,0,0,0,0,0,0,0,0,0,0,0,0,0,0,0,3,0,0,0,0,0,0,0,0,0,6033781,0,6033780
1873,4,0,464,520,1,255,13,0,0,0,0,0,0,0,0,0,0,443857216,0,0,0,0,0,0,0,0,0,0,0,0,0,0,0,0,0,0,0,0,0,0,0,0,0,3,0,0,0,0,0,0,0,0,0,6033781,0,6033780
1874,2,0,464,520,1,255,13,0,0,0,0,0,0,0,0,0,0,443873792,0,0,0,0,0,0,0,0,0,0,0,0,0,0,0,0,0,0,0,0,0,0,0,0,0,3,0,0,0,0,0,0,0,0,0,6033781,0,6033780
1875,24,0,464,520,1,255,13,0,0,0,0,0,0,0,0,0,0,443873728,0,0,0,0,0,0,0,0,0,0,0,0,0,0,0,0,0,0,0,0,0,0,0,0,0,3,0,0,0,0,0,0,0,0,0,6033781,0,6033780
1868,0,0,0,0,0,0,3,360,0,0,0,0,0,0,0,0,0,444790784,0,0,0,0,0,0,0,0,0,0,0,0,0,0,0,0,0,0,0,0,0,0,0,0,0,0,0,0,0,0,0,0,0,0,0,0,0,0
