Name_lang,Pos_0,Pos_1,Pos_2,MapOffset_0,MapOffset_1,FlightMapOffset_0,FlightMapOffset_1,ID,ContinentID,ConditionID,CharacterBitNumber,Flags,UiTextureKitID,MinimapAtlasMemberID,Facing,SpecialIconConditionID,VisibilityConditionID,MountCreatureID_0,MountCreatureID_1
"Northshire Abbey",-8888.98046875,-0.54000002146,94.38999938965,0,0,0,0,1,0,0,0,1024,0,4689,0,0,0,308,0
"Stormwind, Elwynn",-8841.0595703125,489.65600585938,109.6070022583,0.00998003967,0.01017440017,0,0,2,0,0,2,1,0,4689,0,0,0,0,541
"Programmer Isle",16391.810546875,16341.209960938,69.44000244141,0,0,0,0,3,0,0,0,1024,0,4689,0,0,0,308,0
"Sentinel Hill, Westfall",-10551.900390625,1034.3900146484,56.95429992676,0,0,0,0,4,0,0,4,1,0,4689,0,0,0,0,541
"Lakeshire, Redridge",-9429.099609375,-2231.3999023438,68.65000152588,0,0,0,0,5,0,20068,5,1,0,4689,0,0,0,0,541
"Ironforge, Dun Morogh",-4821.7797851562,-1155.4399414062,502.20999145508,0,0,0,0,6,0,0,6,1,0,4689,0,0,0,0,541
"Menethil Harbor, Wetlands",-3787.8100585938,-777.69598388672,1.55820000172,-0.00200000009,0.00200000009,0,0,7,0,0,7,1,0,4689,0,0,0,0,541
"Thelsamar, Loch Modan",-5421.91015625,-2930.0100097656,347.25,0,0,0,0,8,0,0,8,1,0,4689,0,0,0,0,541
"Booty Bay, Stranglethorn",-14271.799804688,299.86999511719,31.09000015259,0,0,0,0,9,0,0,0,1024,0,4689,0,0,0,0,541
"The Sepulcher, Silverpine Forest",478.85998535156,1536.5899658203,131.32000732422,0,0,0,0,10,0,0,10,2,0,4689,0,0,0,3574,0
"Undercity, Tirisfal",1568.6199951172,267.9700012207,-43.09999847412,0,0,0,0,11,0,96403,11,10,0,4689,0,0,0,3574,0
"Darkshire, Duskwood",-10515.5,-1261.6500244141,41.34000015259,0,0,0,0,12,0,0,12,1,0,4689,0,0,0,0,541
"Tarren Mill, Hillsbrad",-17.70660018921,-874.20300292969,59.00559997559,0,0.00300000003,0,0,13,0,0,13,2,0,4689,0,0,0,3574,0
"Southshore, Hillsbrad",-711.47998046875,-515.47998046875,26.11000061035,0,0,0,0,14,0,5793,14,1024,0,4689,0,0,0,0,541
"Eastern Plaguelands",2253.3999023438,-5344.8999023438,83.37999725342,0,0,0,0,15,0,0,0,1024,0,4689,0,0,0,0,541
"Refuge Pointe, Arathi",-1240.5300292969,-2515.1101074219,22.15999984741,0,0,0,0,16,0,0,16,1,0,4689,0,0,0,0,541
"Hammerfall, Arathi",-916.28997802734,-3496.8898925781,70.44999694824,0.00700000022,-0.00700000022,0,0,17,0,0,17,2,0,4689,0,0,0,2224,0
"Booty Bay, Stranglethorn",-14444.299804688,509.61999511719,26.20000076294,0,0,0,0,18,0,0,18,2,0,4689,0,0,0,2224,0
"Booty Bay, Stranglethorn",-14473,464.14999389648,36.43000030518,0,0,0,0,19,0,0,19,1,0,4689,0,0,0,0,541
"Grom'gol, Stranglethorn",-12414.200195312,146.28999328613,3.27999997139,0,0,0,0,20,0,0,20,2,0,4689,0,0,0,2224,0
"New Kargath, Badlands",-6676.8701171875,-2433.3701171875,272.77099609375,0.00200000009,-0.00999999978,0,0,21,0,0,21,2,0,4689,0,0,0,2224,0
"Thunder Bluff, Mulgore",-1197.2099609375,29.70999908447,176.94999694824,0,0,0,0,22,1,0,22,2,0,4689,0,0,0,2224,0
"Orgrimmar, Durotar",1798.2700195312,-4363.2700195312,102.84799957275,0.02495010011,0.00436046999,0,0,23,1,0,23,2,0,4689,0,0,0,2224,0
"Generic, World Target 002",-6666,-2222.3000488281,278.60000610352,0,0,0,0,24,0,0,24,1024,0,4689,0,0,0,0,0
"The Crossroads, Northern Barrens",-441.79998779297,-2596.080078125,96.05999755859,0.00399202015,-0.01017440017,0,0,25,1,0,25,2,0,4689,0,0,0,2224,0
"Lor'danel, Darkshore",7459.8999023438,-326.55999755859,8.09000015259,0,-0.01999999955,0,0,26,1,0,26,9,0,4689,0,0,62814,0,3837
"Rut'theran Village, Teldrassil",8383.75,980.96398925781,30.82920074463,0,0,0,0,27,1,0,27,9,0,4689,0,0,62814,0,3837
"Astranaar, Ashenvale",2827.3400878906,-289.23999023438,107.16000366211,0.00800000038,0,0,0,28,1,0,28,1,0,4689,0,0,0,0,3837
"Sun Rock Retreat, Stonetalon Mountains",966.57000732422,1040.3199462891,104.26999664307,0.02099999972,0.00499999989,0,0,29,1,0,29,2,0,4689,0,0,0,2224,0
"Westreach Summit, Thousand Needles",-4310.6098632812,-927.06402587891,81.17960357666,0,0,0,0,30,1,0,30,2,0,4689,0,0,0,2224,0
"Shadebough, Feralas",-4996.8798828125,73.94270324707,99.83850097656,0,0,0,0,31,1,0,31,1,0,4689,0,0,0,0,3837
"Theramore, Dustwallow Marsh",-3825.3701171875,-4516.580078125,10.43999958038,0,0.00800000038,0,0,32,1,19444,32,9,0,4689,0,0,0,0,541
"Thal'darah Overlook, Stonetalon Mountains",2147.25,1537.8699951172,341.23999023438,-0.01700000092,0,0,0,33,1,0,33,1,0,4689,0,0,0,0,3837
"Transport, Booty Bay",-1965.1700439453,-5824.2900390625,-1.05999994278,0,0,0,0,34,1,0,0,1024,0,4689,0,0,0,0,0
"Transport, Orgrimmar",1320.0699462891,-4649.2001953125,21.56999969482,0,0,0,0,35,1,0,0,1024,0,4689,0,0,0,0,0
"Generic, World Target 001",-8644.6201171875,433.2799987793,59.45999908447,0,0,0,0,36,0,0,0,1024,0,4689,0,0,0,15665,0
"Nijel's Point, Desolace",139.24000549316,1325.8199462891,193.5,0.00700000022,0,0,0,37,1,0,37,1,0,4689,0,0,0,0,3837
"Shadowprey Village, Desolace",-1767.6400146484,3263.8898925781,4.94000005722,0,0,0,0,38,1,0,38,2,0,4689,0,0,0,2224,0
"Gadgetzan, Tanaris",-7185.9702148438,-3768.2399902344,9.30053043365,0,0,0,0,39,1,0,39,1,0,4689,0,0,0,0,541
"Gadgetzan, Tanaris",-7094.0297851562,-3813.6899414062,9.49695014954,0,0,0,0,40,1,0,40,2,0,4689,0,0,0,2224,0
"Feathermoon, Feralas",-4467.0400390625,2188.6398925781,17.8938999176,0,-0.00999999978,0,0,41,1,0,41,1,0,4689,0,0,0,0,3837
"Camp Mojache, Feralas",-4419.8598632812,199.30999755859,25.05999946594,-0.00400000019,0,0,0,42,1,0,42,2,0,4689,0,0,0,2224,0
"Aerie Peak, The Hinterlands",283.73999023438,-2002.7600097656,194.74000549316,0,-0.00999999978,0,0,43,0,0,43,1,0,4689,0,0,0,0,541
"Bilgewater Harbor, Azshara",3547.1999511719,-6294.66015625,0.7542449832,0,0,0,0,44,1,0,44,2,0,4689,0,0,0,2224,0
"Nethergarde Keep, Blasted Lands",-11112.299804688,-3435.7399902344,79.08999633789,0,0.01499999966,0,0,45,0,46758,45,9,0,4689,0,0,0,0,541
"Transport, Southshore",-986.42999267578,-547.85998535156,-3.8599998951,0,0,0,0,46,0,0,0,1024,0,4689,0,0,0,0,0
"Transport, Grom'gol",-12418.76953125,235.42999267578,1.12000000477,0,0,0,0,47,0,0,0,1024,0,4689,0,0,0,0,0
"Bloodvenom Post, Felwood [DISABLED in 4.x]",5123.509765625,-321.18099975586,359.54000854492,0,0,0,0,48,1,5793,48,1024,0,4689,0,0,0,2224,0
Moonglade,7458.4501953125,-2487.2099609375,462.32998657227,0,0,0,0,49,1,0,49,1,0,4689,0,0,0,0,3837
"Transport, Menethil Harbor",0,0,0,0,0,0,0,50,0,0,0,1024,0,4689,0,0,0,0,0
"Transport, Auberdine",0,0,0,0,0,0,0,51,0,0,0,1024,0,4689,0,0,0,0,0
"Everlook, Winterspring",6796.7998046875,-4742.3901367188,701.5,0,-0.00999999978,0,0,52,1,0,52,1,0,4689,0,0,0,0,3837
"Everlook, Winterspring",6813.0600585938,-4611.1201171875,710.66998291016,0,-0.00899999961,0,0,53,1,0,53,2,0,4689,0,0,0,2224,0
"Transport, Feathermoon",-4203.8701171875,3284,-12.85999965668,0,0,0,0,54,1,0,0,1024,0,4689,0,0,0,0,0
"Brackenwall Village, Dustwallow Marsh",-3147.3898925781,-2842.1799316406,34.61000061035,-0.00600000005,0,0,0,55,1,0,55,2,0,4689,0,0,0,2224,0
"Stonard, Swamp of Sorrows",-10457,-3279.25,21.35000038147,-0.00800000038,0,0,0,56,0,0,56,2,0,4689,0,0,0,2224,0
"Fishing Village, Teldrassil",8701.509765625,991.36999511719,14.21000003815,0,0,0,0,57,1,0,0,1024,0,4689,0,0,0,0,3837
"Zoram'gar Outpost, Ashenvale",3351.8200683594,1052.3000488281,3.06999993324,-0.00800000038,-0.00899999961,0,0,58,1,0,58,2,0,4689,0,0,0,2224,0
"Dun Baldar, Alterac Valley",574.21002197266,-46.65000152588,37.61000061035,0,0,0,0,59,30,0,0,1024,0,4689,0,0,0,0,541
"Frostwolf Keep, Alterac Valley",-1335.4399414062,-319.69000244141,90.66000366211,0,0,0,0,60,30,0,0,1024,0,4689,0,0,0,3574,0
"Splintertree Post, Ashenvale",2302.3898925781,-2524.5500488281,104.40000152588,0,-0.0120000001,0,0,61,1,0,61,2,0,4689,0,0,0,2224,0
"Nighthaven, Moonglade",7793.6098632812,-2403.4699707031,489.32000732422,0,0,0,0,62,1,62814,0,1025,0,4689,0,0,62814,0,3837
"Nighthaven, Moonglade",7787.7202148438,-2404.1000976562,489.55999755859,0,0,0,0,63,1,0,0,1026,0,4689,0,0,0,2224,0
"Talrendis Point, Azshara (NEVER in 4.x)",2721.9899902344,-3880.6398925781,100.87000274658,0,0,0,0,64,1,5793,64,1024,0,4689,0,0,0,0,3837
"Talonbranch Glade, Felwood",6214.3198242188,-1874.2800292969,565.95599365234,0.00400000019,0,0,0,65,1,0,65,1,0,4689,0,0,0,0,3837
"Chillwind Camp, Western Plaguelands",931.32000732422,-1430.1099853516,64.66999816895,-0.00700000022,0.01499999966,0,0,66,0,0,66,1,0,4689,0,0,0,0,541
"Light's Hope Chapel, Eastern Plaguelands",2271.0900878906,-5340.7998046875,87.11000061035,0,0,0,0,67,0,924,67,1,0,4689,0,0,0,0,44248
"Light's Hope Chapel, Eastern Plaguelands",2270.1999511719,-5343.1098632812,86.97329711914,-0.00800000038,-0.00499999989,0,0,68,0,923,68,2,0,4689,0,0,0,44248,0
Moonglade,7470.3901367188,-2123.3798828125,492.33999633789,0,0,0,0,69,1,0,69,2,0,4689,0,0,0,2224,0
"Flame Crest, Burning Steppes",-7504.0297851562,-2187.5400390625,165.5299987793,0.01499999966,0,0,0,70,0,0,70,2,0,4689,0,0,0,2224,0
"Morgan's Vigil, Burning Steppes",-8364.6103515625,-2738.3500976562,185.46000671387,0,0,0,0,71,0,0,71,1,0,4689,0,0,0,0,541
"Cenarion Hold, Silithus",-6811.3901367188,836.73999023438,49.81000137329,0,0,0,0,72,1,53948,72,10,0,4689,0,0,0,2224,0
"Cenarion Hold, Silithus",-6761.830078125,772.03002929688,88.91000366211,0,-0.00499999989,0,0,73,1,53948,73,9,0,4689,0,0,0,0,3837
"Thorium Point, Searing Gorge",-6552.58984375,-1168.2700195312,309.30999755859,-0.00400000019,0.0270000007,0,0,74,0,0,74,1,0,4689,0,0,0,0,541
"Thorium Point, Searing Gorge",-6554.9301757812,-1100.0500488281,309.57000732422,0.0270000007,0.0270000007,0,0,75,0,0,75,2,0,4689,0,0,0,2224,0
"Revantusk Village, The Hinterlands",-635.26000976563,-4720.5,5.38000011444,-0.00700000022,0.00700000022,0,0,76,0,0,76,2,0,4689,0,0,0,2224,0
"Vendetta Point, Southern Barrens",-2152.3500976562,-1724.3399658203,92.52799987793,0.01999999955,0,0,0,77,1,0,227,2,0,4689,0,0,0,2224,0
Naxxramas,3133.3100585938,-3399.9299316406,139.5299987793,0,0,0,0,78,0,0,0,1024,0,4689,0,0,0,0,0
"Marshal's Stand, Un'Goro Crater",-7548.0498046875,-1541.1300048828,-271.04998779297,-0.00300000003,0.00999999978,0,0,79,1,0,79,3,0,4689,0,0,0,2224,541
"Ratchet, Northern Barrens",-894.59002685547,-3773.0100097656,11.47999954224,-0.00598801998,-0.01453489996,0,0,80,1,0,80,3,0,4689,0,0,0,2224,541
Filming,0,0,0,0,0,0,0,81,530,0,0,1024,0,4689,0,0,0,0,0
"Silvermoon City",9375.240234375,-7165.8901367188,9.02999973297,0,0,0,0,82,530,145597,82,6,0,4689,0,0,145597,19917,0
"Tranquillien, Ghostlands",7594.4702148438,-6784.2900390625,86.45999908447,0.00600000005,0,0,0,83,530,145597,83,2,0,4689,0,0,145597,19917,0
"Plaguewood Tower, Eastern Plaguelands",2965.5500488281,-3033.6101074219,126.92900085449,0,-0.01499999966,0,0,84,0,0,154,3,0,4689,0,0,0,44248,44248
"Northpass Tower, Eastern Plaguelands",3134.2600097656,-4354.7797851562,133.46299743652,0,0,0,0,85,0,0,153,3,0,4689,0,0,0,44248,44248
"Eastwall Tower, Eastern Plaguelands",2524.4399414062,-4769.5600585938,104.08699798584,0.01400000043,0.00999999978,0,0,86,0,0,147,3,0,4689,0,0,0,44248,44248
"Crown Guard Tower, Eastern Plaguelands",1876.4000244141,-3693.3200683594,157.68699645996,0.01700000092,-0.0120000001,0,0,87,0,0,152,3,0,4689,0,0,0,44248,44248
"Transport, Exodar",-4284.009765625,-11194.740234375,13.01000022888,0,0,0,0,88,530,0,0,1024,0,4689,0,0,0,0,0
"Transport, Theramore",0,0,0,0,0,0,0,89,0,0,0,1024,0,4689,0,0,0,0,0
"Transport, Undercity",0,0,0,0,0,0,0,90,1,0,0,1024,0,4689,0,0,0,0,0
"Quest - Azuremyst Shaman Target",-3996.0100097656,-11892.969726562,0.21999999881,0,0,0,0,91,530,0,0,1024,0,4689,0,0,0,0,0
"Quest - Azuremyst Shaman Start",-3679.3100585938,-11413.040039062,310.57000732422,0,0,0,0,92,530,0,0,1024,0,4689,0,0,0,0,0
"Blood Watch, Bloodmyst Isle",-1933.2700195312,-11954.599609375,57.18999862671,0,0,0,0,93,530,0,93,1,0,4689,0,0,0,0,3837
"The Exodar",-3867.5600585938,-11641.099609375,-137.66400146484,0,0,0,0,94,530,0,94,1,0,4689,0,0,0,0,3837
"Zangarmarsh - Quest - As the Crow Flies",-146.28999328613,5532.5600585938,30.88999938965,0,0,0,0,95,530,0,0,1024,0,4689,0,0,0,17972,0
"Zangarmarsh - Quest - As the Crow Flies - End",-145.22999572754,5533.0297851562,30.95000076294,0,0,0,0,96,530,0,0,1024,0,4689,0,0,0,0,0
"Quest - Elekk Path to Kessel",-3968.3701171875,-11929.150390625,-1.22000002861,0,0,0,0,97,530,0,0,1024,0,4689,0,0,0,0,18167
"Quest - Elekk to Kessel Target",-2662.3000488281,-12144.599609375,16.90999984741,0,0,0,0,98,530,0,0,1024,0,4689,0,0,0,0,0
"Thrallmar, Hellfire Peninsula",228.5,2633.5700683594,87.66999816895,0.01300000027,-0.00899999961,0,0,99,530,0,99,2,0,4689,0,0,0,2224,0
"Honor Hold, Hellfire Peninsula",-673.41998291016,2717.2700195312,94.18000030518,0.0120000001,0.00999999978,0,0,100,530,0,100,1,0,4689,0,0,0,0,541
"Temple of Telhamat, Hellfire Peninsula",199.16000366211,4241.5600585938,121.75,0,-0.01999999955,0,0,101,530,0,101,1,0,4689,0,0,0,0,3837
"Falcon Watch, Hellfire Peninsula",-587.40997314453,4101.009765625,91.37000274658,0.00200000009,-0.00999999978,0,0,102,530,0,102,2,0,4689,0,0,0,2224,0
"Nagrand - PvP - Attack Run Start 1 ",-1810.1600341797,8032.1098632812,-25.95000076294,0,0,0,0,103,530,0,0,1024,0,4689,0,0,0,18345,18345
"Nagrand - PvP - Attack Run End 1",-1824.1800537109,8049.2900390625,-26.85000038147,0,0,0,0,104,530,0,0,1024,0,4689,0,0,0,13161,13161
"Nagrand - PvP - Attack Run Start 2",-1513.4000244141,8140.9301757812,-19.60000038147,0,0,0,0,105,530,0,0,1024,0,4689,0,0,0,18345,18345
"Nagrand - PvP - Attack Run End 2",-1511.2600097656,8149.7099609375,-18.57999992371,0,0,0,0,106,530,0,0,1024,0,4689,0,0,0,0,541
"Nagrand - PvP - Attack Run Start 3",-1387.0699462891,7782.41015625,-11.47000026703,0,0,0,0,107,530,0,0,1024,0,4689,0,0,0,18345,18345
"Nagrand - PvP - Attack Run End 3",-1376.7199707031,7771.169921875,-10.07999992371,0,0,0,0,108,530,0,0,1024,0,4689,0,0,0,0,541
"Nagrand - PvP - Attack Run Start 4",-1656.5999755859,7724.91015625,-15.59000015259,0,0,0,0,109,530,0,0,1024,0,4689,0,0,0,18345,18345
"Nagrand - PvP - Attack Run End 4",-1658.9000244141,7724.7099609375,-15.78999996185,0,0,0,0,110,530,0,0,1024,0,4689,0,0,0,0,541
"Eversong - Duskwither Teleport",9335.830078125,-7883.0698242188,74.91000366211,0,0,0,0,111,530,0,0,1024,0,4689,0,0,0,18392,18392
"Eversong - Duskwither Teleport End",9335.669921875,-7809.7099609375,136.57000732422,0,0,0,0,112,530,0,0,1024,0,4689,0,0,0,17972,17972
"Quest - Nethrandamus Start",-1544.3599853516,8792.0703125,35.2200012207,0,0,0,0,113,530,0,0,1024,0,4689,0,0,0,18543,18543
"Quest - Nethrandamus End Target",-1544.3599853516,8792.08984375,35.2200012207,0,0,0,0,114,530,0,0,1024,0,4689,0,0,0,0,0
"Quest - Caverns of Time OH - Begin",2384.7299804688,1169.3800048828,66.86000061035,0,0,0,0,115,560,0,0,1024,0,4689,0,0,0,18768,18768
"Quest - Caverns of Time OH - End",2014.6500244141,239.64999389648,68.51999664307,0,0,0,0,116,560,0,0,1024,0,4689,0,0,0,0,0
"Telredor, Zangarmarsh",213.75,6063.75,148.30999755859,0,0,0,0,117,530,0,117,1,0,4689,0,0,0,0,3837
"Zabra'jin, Zangarmarsh",219.44999694824,7816,22.71999931335,0,0,0,0,118,530,0,118,2,0,4689,0,0,0,2224,0
"Telaar, Nagrand",-2729,7305.2998046875,88.63999938965,0.00200000009,0.02400000021,0,0,119,530,0,119,1,0,4689,0,0,0,0,3837
"Garadar, Nagrand",-1261.0899658203,7133.3901367188,57.34000015259,0.00999999978,-0.00700000022,0,0,120,530,0,120,2,0,4689,0,0,0,2224,0
"Allerian Stronghold, Terokkar Forest",-2987.2399902344,3872.7800292969,9.13000011444,0,0,0,0,121,530,0,121,1,0,4689,0,0,0,0,541
"Area 52, Netherstorm",3082.3100585938,3596.1101074219,144.02000427246,-0.0270000007,-0.02300000004,0,0,122,530,0,122,3,0,4689,0,0,0,2224,541
"Shadowmoon Village, Shadowmoon Valley",-3018.6201171875,2557.0900878906,79.08999633789,0.00999999978,0,0,0,123,530,0,123,2,0,4689,0,0,0,2224,0
"Wildhammer Stronghold, Shadowmoon Valley",-3982.0700683594,2156.4699707031,105.15000152588,0,0,0,0,124,530,0,124,1,0,4689,0,0,0,0,541
"Sylvanaar, Blade's Edge Mountains",2183.6499023438,6794.4599609375,183.2799987793,0,0,0,0,125,530,0,125,1,0,4689,0,0,0,0,3837
"Thunderlord Stronghold, Blade's Edge Mountains",2446.3701171875,6020.9301757812,154.33999633789,0,0.00400000019,0,0,126,530,0,126,2,0,4689,0,0,0,2224,0
"Stonebreaker Hold, Terokkar Forest",-2567.330078125,4423.830078125,39.33000183105,0,0,0,0,127,530,0,127,2,0,4689,0,0,0,2224,0
"Shattrath, Terokkar Forest",-1837.2299804688,5301.8999023438,-12.43000030518,0,0,0,0,128,530,0,128,3,0,4689,0,0,0,2224,541
"Hellfire Peninsula, The Dark Portal",-327.35000610352,1020.4899902344,54.25,0.00200000009,0.02999999933,0,0,129,530,0,129,1,0,4689,0,0,0,0,541
"Hellfire Peninsula, The Dark Portal",-178.08999633789,1026.7199707031,54.18999862671,0.00400000019,-0.00800000038,0,0,130,530,0,130,2,0,4689,0,0,0,2224,0
"Quest - Horde Hellfire Start",-25.51000022888,2133.4499511719,112.59999847412,0,0,0,0,131,530,0,0,1024,0,4689,0,0,0,19275,18376
"Quest - Horde Hellfire End",-25.60000038147,2133.3999023438,112.58000183105,0,0,0,0,132,530,0,0,1024,0,4689,0,0,0,19275,0
"Quest - Hellfire Peninsula (Alliance Path) Start",-673.72998046875,1855.2900390625,68.9700012207,0,0,0,0,133,530,0,0,1024,0,4689,0,0,0,19324,19324
"Quest - Hellfire Peninsula (Alliance) End",-673.75,1855.3199462891,68.95999908447,0,0,0,0,134,530,0,0,1024,0,4689,0,0,0,19324,19324
"Quest - Hellfire, Aerial Mission (Horde) Start",-27.64999961853,2126.5700683594,111.84999847412,0,0,0,0,135,530,0,0,1024,0,4689,0,0,0,19275,19324
"Quest - Hellfire, Aerial Mission (Horde) End",-27.52000045776,2126.5,111.87999725342,0,0,0,0,136,530,0,0,1024,0,4689,0,0,0,19275,19324
"Quest - Hellfire, Aerial Mission (Alliance) Start",298.5,1501.2600097656,-14.27999973297,0,0,0,0,137,530,0,0,1024,0,4689,0,0,0,19275,19324
"Quest - Hellfire, Aerial Mission (Alliance) End",298.58999633789,1501.1300048828,-14.25,0,0,0,0,138,530,0,0,1024,0,4689,0,0,0,19275,19324
"The Stormspire, Netherstorm",4157.580078125,2959.6899414062,352.07998657227,-0.00499999989,-0.01799999923,0,0,139,530,0,139,3,0,4689,0,0,0,2224,541
"Altar of Sha'tar, Shadowmoon Valley",-3065.6000976562,749.41998291016,-10.10000038147,0,0,0,0,140,530,6211,140,3,0,4689,0,0,0,2224,541
"Spinebreaker Ridge, Hellfire Peninsula",-1316.8399658203,2358.6201171875,88.95999908447,0,0,0,0,141,530,0,141,2,0,4689,0,0,0,2224,0
"Hellfire Peninsula - Reaver's Fall",-29.15999984741,2125.7199707031,111.4700012207,0.00700000022,0,0,0,142,530,0,0,1024,0,4689,0,0,0,2224,0
"Quest - Caverns of Time (Intro Flight Path) (End)",-8360.73046875,-4327.7299804688,-208.33000183105,0,0,0,0,143,1,0,0,1024,0,4689,0,0,0,16081,16081
"Quest - Caverns of Time (Intro Flight Path) (Start)",-8162.009765625,-4796.2299804688,35.7799987793,0,0,0,0,144,1,0,0,1024,0,4689,0,0,0,18768,18768
"Quest - Netherstorm - Stealth Flight - Begin",3079.0100097656,3599.080078125,144.07000732422,0,0,0,0,145,530,0,0,1024,0,4689,0,0,0,2224,0
"Quest - Netherstorm - Stealth Flight - End",2235.3400878906,2793.7700195312,128.0299987793,0,0,0,0,146,530,0,0,1024,0,4689,0,0,0,0,0
"Hellfire Peninsula - Force Camp Beach Head",509.17001342773,1988.6899414062,109.62000274658,0,0,0,0,147,530,0,0,1024,0,4689,0,0,0,0,19324
"Shatter Point, Hellfire Peninsula (Beach Assault)",298.45999145508,1501.1800537109,-14.27999973297,0,0,0,0,148,530,0,0,1024,0,4689,0,0,0,0,19324
"Shatter Point, Hellfire Peninsula",276.20001220703,1486.9100341797,-15.10000038147,0,0,0,0,149,530,0,149,1,0,4689,0,0,0,0,541
"Cosmowrench, Netherstorm",2974.9499511719,1848.2399902344,141.2799987793,0,0.00999999978,0,0,150,530,0,150,3,0,4689,0,0,0,2224,541
"Swamprat Post, Zangarmarsh",91.66999816895,5214.919921875,23.10000038147,0.01700000092,0.01600000076,0,0,151,530,0,151,2,0,4689,0,0,0,2224,0
"Quest - Netherstorm - Manaforge Ultris (Start)",4262.3901367188,2136.919921875,139.44000244141,0,0,0,0,152,530,0,0,1024,0,4689,0,0,0,20903,20903
"Quest - Netherstorm - Manaforge Ultris (End)",4266.7001953125,2133.3798828125,138.82000732422,0,0,0,0,153,530,0,0,1024,0,4689,0,0,0,20903,20903
"Quest - Netherstorm - Manaforge Ultris (Second Pass) Start",20047.880859375,5200.6899414062,19742.779296875,0,0,0,0,154,0,0,0,1024,0,4689,0,0,0,20903,20903
"Quest - Netherstorm - Manaforge Ultris (Second Pass) End",4267.1401367188,2133.0300292969,138.77000427246,0,0,0,0,155,530,0,0,1024,0,4689,0,0,0,0,0
"Toshley's Station, Blade's Edge Mountains",1857.3499755859,5531.8701171875,277.01000976563,0,0,0,0,156,530,0,156,1,0,4689,0,0,0,0,541
"Quest - Blade's Edge - Vision Guide - Start",2277.7399902344,5983.3500976562,142.60000610352,0,0,0,0,157,530,0,0,1024,0,4689,0,0,0,21396,0
"Quest - Blade's Edge - Vision Guide - End",2278.5600585938,5983.7099609375,142.57000732422,0,0,0,0,158,530,0,0,1024,0,4689,0,0,0,0,0
"Sanctum of the Stars, Shadowmoon Valley",-4073.169921875,1123.6099853516,42.4700012207,0.01400000043,0,0,0,159,530,6212,159,3,0,4689,0,0,0,2224,541
"Evergrove, Blade's Edge Mountains",2976.0100097656,5501.1298828125,143.66999816895,0,0,0,0,160,530,0,160,3,0,4689,0,0,0,2224,541
"Quest - Nether Dragon Ally - Start",0,0,0,0,0,0,0,161,530,0,0,1024,0,4689,0,0,0,22360,22360
"Quest - Nether Dragon Ally - End",-4100.2700195312,950.38000488281,22.11000061035,0,0,0,0,162,530,0,0,1024,0,4689,0,0,0,0,0
"Mok'Nathal Village, Blade's Edge Mountains",2028.7900390625,4705.2700195312,150.50999450684,0,0,0,0,163,530,0,163,2,0,4689,0,0,0,2224,0
"Orebor Harborage, Zangarmarsh",966.66998291016,7399.16015625,29.13999938965,0,0.00999999978,0,0,164,530,0,164,1,0,4689,0,0,0,0,3837
"Transport, Northrend 2",0,0,0,0,0,0,0,165,571,0,0,1024,0,4689,0,0,0,0,0
"Emerald Sanctuary, Felwood",3972.8400878906,-1324.5100097656,244.80299377441,0,0,0,0,166,1,0,166,3,0,4689,0,0,0,2224,3837
"Forest Song, Ashenvale",3000.25,-3202.4099121094,189.77000427246,0,-0.01400000043,0,0,167,1,0,167,1,0,4689,0,0,0,0,3837
Filming,-9441.1796875,65.05000305176,56.18000030518,0,0,0,0,168,0,0,0,1024,0,4689,0,0,0,0,3837
"Quest - Netherwing Ledge - Mine Cart Ride - South - Start",-5224.5297851562,631.84997558594,48.36000061035,0,0,0,0,169,530,0,0,1024,0,4689,0,0,0,23372,23372
"Quest - Netherwing Ledge - Mine Cart Ride - South - End",-5185.7099609375,172.94999694824,-11.56999969482,0,0,0,0,170,530,0,0,1024,0,4689,0,0,0,23289,23289
Skettis,-3364.6799316406,3650.1799316406,284.7799987793,0,0,0,0,171,530,0,0,1024,0,4689,0,0,0,23422,23422
Ogri'La,2531.1000976562,7322.08984375,373.64001464844,0,0,0,0,172,530,0,0,1024,0,4689,0,0,0,23422,23422
"Quest - Yarzill Flight Start",-5141.3598632812,620.10998535156,82.69999694824,0,0,0,0,173,530,0,0,1024,0,4689,0,0,0,23468,23468
"Quest - Yarzill Flight Start End",-1636.0899658203,5275.8701171875,-41.09999847412,0,0,0,0,174,530,0,0,1024,0,4689,0,0,0,0,0
"Transport, Howling Fjord",784.89001464844,-5066.1801757812,-7.88000011444,0,0,0,0,175,571,0,0,1024,0,4689,0,0,0,0,0
"Quest - Howling Fjord Tauren Canoe (Start)",245.36000061035,-3309.1999511719,0.91000002623,0,0,0,0,176,571,0,0,1024,0,4689,0,0,0,23518,23518
"Quest - Howling Fjord Tauren Canoe (End)",-147.4700012207,-3587.3601074219,0.34000000358,0,0,0,0,177,571,0,0,1024,0,4689,0,0,0,23518,23518
"Transport, Borean Tundra",0,0,0,0,0,0,0,178,571,0,0,1024,0,4689,0,0,0,0,0
"Mudsprocket, Dustwallow Marsh",-4566.2299804688,-3226.0500488281,34.70000076294,-0.00700000022,-0.01999999955,0,0,179,1,0,179,3,0,4689,0,0,0,2224,541
"Quest - Dustwallow - Alcaz Survey Start",-3822.6599121094,-4511.330078125,10.84000015259,0,0,0,0,180,1,0,0,1024,0,4689,0,0,0,0,541
"Quest - Dustwallow - Alcaz Survey End",-3822.7099609375,-4509.6499023438,10.97999954224,0,0,0,0,181,1,0,0,1024,0,4689,0,0,0,0,541
"Quest - Howling Fjord - Break the Blockade Zeppelin",1415.8900146484,-3082.4899902344,121.91000366211,0,0,0,0,182,571,0,0,1024,0,4689,0,0,0,0,0
"Valgarde Port, Howling Fjord",567.40997314453,-5010.9702148438,11.5,0,0,0,0,183,571,0,183,1,0,4689,0,0,0,0,541
"Fort Wildervar, Howling Fjord",2468.7700195312,-5029.8198242188,283.48999023438,0.00999999978,-0.00999999978,0,0,184,571,0,184,1,0,4689,0,0,0,0,541
"Westguard Keep, Howling Fjord",1342.8399658203,-3287.8999023438,174.44999694824,0.00999999978,-0.00499999989,0,0,185,571,0,185,1,0,4689,0,0,0,0,541
"Quest - Howling Fjord - Flight to the Windrunner - Start",1911.8199462891,-6179.0698242188,24.61000061035,0,0,0,0,186,571,0,0,1024,0,4689,0,0,0,3574,0
"Quest - Howling Fjord - Flight to the Windrunner - End",1652.8299560547,-6512.1098632812,18.47999954224,0,0,0,0,187,571,0,0,1024,0,4689,0,0,0,3574,0
"Quest - Howling Fjord - Test at Sea - Start",1912.7800292969,-6178.8100585938,24.63999938965,0,0,0,0,188,571,0,0,1024,0,4689,0,0,0,3574,0
"Quest - Howling Fjord - Test at Sea - End",1913.9000244141,-6177.8701171875,24.62000083923,0,0,0,0,189,571,0,0,1024,0,4689,0,0,0,0,0
"New Agamand, Howling Fjord",401.11999511719,-4544.2998046875,244.53999328613,-0.00999999978,-0.02500000037,0,0,190,571,0,190,2,0,4689,0,0,0,3574,0
"Vengeance Landing, Howling Fjord",1918.5999755859,-6175.8901367188,24.40999984741,0,0,0,0,191,571,0,191,2,0,4689,0,0,0,3574,0
"Camp Winterhoof, Howling Fjord",2652.8898925781,-4392.7099609375,283.32000732422,0.00899999961,0.00999999978,0,0,192,571,0,192,2,0,4689,0,0,0,2224,0
"Quest - Howling Fjord - Mission: Plague This! - End",1341.4399414062,-3288.5700683594,174.44999694824,0,0,0,0,193,571,0,0,1024,0,4689,0,0,0,0,541
"Quest - Howling Fjord - Mission: Plague This! - Start",1341.0799560547,-3288.3701171875,174.44999694824,0,0,0,0,194,571,0,0,1024,0,4689,0,0,0,0,541
"Rebel Camp, Stranglethorn Vale",-11344,-216.83000183105,75.2200012207,0.00499999989,0,0,0,195,0,0,195,5,0,4689,0,0,0,0,541
"Test - SP",9283.099609375,-9749.8095703125,62.15999984741,0,0,0,0,196,451,0,196,1024,0,4689,0,0,0,12374,541
"Test SP2",-9148.6201171875,243.03999328613,87.38999938965,0,0,0,0,197,0,0,0,1024,0,4689,0,0,0,0,0
"Test SP1",9405.830078125,-9882.6904296875,0,0,0,0,0,198,451,0,0,1024,0,4689,0,0,0,24489,541
"Quest - Howling Fjord - McGoyver Start",638.34002685547,-5074.5698242188,-0.23000000417,0,0,0,0,199,571,0,0,1024,0,4689,0,0,0,24716,24716
"Quest - Howling Fjord - McGoyver End",483.92001342773,-5913.1000976562,308.60998535156,0,0,0,0,200,571,0,0,1024,0,4689,0,0,0,24716,24716
"Development Land - Kyle Radue Start",15992.440429688,-16371.940429688,76.73000335693,0,0,0,0,201,451,0,0,1024,0,4689,0,0,0,23468,23468
"Development Land - Kyle Radue End",15991.6796875,-16371.950195312,76.69999694824,0,0,0,0,202,451,0,0,1024,0,4689,0,0,0,0,0
"Quest - Stars' Rest -> Wintergarde",3505.3000488281,1990.8299560547,65.09999847412,0,0,0,0,203,571,0,0,1024,0,4689,0,0,0,0,27127
"Quest - New Agamand -> Venomspite",0,0,0,0,0,0,0,204,571,0,0,1024,0,4689,0,0,0,27179,0
"Zul'Aman, Ghostlands",6789.7900390625,-7747.580078125,126.51000213623,-0.00999999978,0,0,0,205,530,145597,205,3,0,4689,0,0,145597,3574,541
"Transport, Feathermoon (NE Ship)",-4348.009765625,2427.2900390625,6.63999986649,0,0,0,0,206,1,0,0,1024,0,4689,0,0,0,0,0
"Quest - Howling Fjord - Sister Mercy (Start)",15.31999969482,-4043.7900390625,0.10000000149,0,0,0,0,207,571,0,0,1024,0,4689,0,0,0,0,0
"Quest - Howling Fjord - Sister Mercy (End)",15.31999969482,-4043.7099609375,0.10000000149,0,0,0,0,208,571,0,0,1024,0,4689,0,0,0,0,0
"Quest - Sunwell Daily - Dead Scar Bombing - Start",13008.379882812,-6911.8100585938,9.57999992371,0,0,0,0,209,530,0,0,1024,0,4689,0,0,0,25044,0
"Quest - Sunwell Daily - Dead Scar Bombing - End",13008.509765625,-6912.2001953125,9.57999992371,0,0,0,0,210,530,0,0,1024,0,4689,0,0,0,25044,0
"Quest - Sunwell Daily - Ship Bombing - Start",13007.5,-6911.8100585938,9.57999992371,0,0,0,0,211,530,0,0,1024,0,4689,0,0,0,25044,0
"Quest - Sunwell Daily - Ship Bombing - End",13188.040039062,-7047.0400390625,4.78999996185,0,0,0,0,212,530,0,0,1024,0,4689,0,0,0,25044,0
"Shattered Sun Staging Area",13012.700195312,-6908.3701171875,9.57999992371,-0.00600000005,-0.00300000003,0,0,213,530,145597,213,3,0,4689,0,0,145597,19917,28361
"Quest - Howling Fjord - Naglfar (Start)",0,0,0,0,0,0,0,214,0,0,0,1024,0,4689,0,0,0,0,0
"Quest - Howling Fjord - Naglfar (Nodes)",0,0,0,0,0,0,0,215,0,0,0,1024,0,4689,0,0,0,0,0
"Transport, Howling Fjord (Gondola, Top)",690.98999023438,-3819.6000976562,249.05999755859,0,0,0,0,218,571,0,0,1024,0,4689,0,0,0,0,0
"Transport, Howling Fjord (Gondola, Bottom)",607.96002197266,-2906.169921875,38.54000091553,0,0,0,0,219,571,0,0,1024,0,4689,0,0,0,0,0
"Amber Ledge, Borean (To Beryl)",3465.6599121094,5901.759765625,144.16999816895,0,0,0,0,221,571,0,0,1024,0,4689,0,0,0,26088,0
"Beryl Point, Borean",3213.7399902344,6084.7202148438,138,0,0,0,0,222,571,0,0,1024,0,4689,0,0,0,25695,0
"Quest - Naglevar",0,0,0,0,0,0,0,223,0,0,0,1024,0,4689,0,0,0,0,0
"Borean Tundra, Naglevar",0,0,0,0,0,0,0,224,0,0,0,1024,0,4689,0,0,0,0,0
"Amber Ledge, Borean (to Coldarra)",3574.0600585938,5971.0400390625,136.11000061035,0,0,0,0,225,571,0,0,1024,0,4689,0,0,0,25695,0
"Transitus Shield, Coldarra",3575.4399414062,6661.6401367188,195.19000244141,-0.00600000005,0,0,0,226,571,0,226,3,0,4689,0,0,0,26899,26899
"Transport, PattyMacDevTest",16625.630859375,16862.900390625,46.97999954224,0,0,0,0,227,451,0,0,1024,0,4689,0,0,0,28901,25968
"Development Land - Pat Test Start",0,0,0,0,0,0,0,228,0,0,0,1024,0,4689,0,0,0,0,0
"Development Land - Pat Test End",0,0,0,0,0,0,0,229,0,0,0,1024,0,4689,0,0,0,0,0
"Transport, Tuskarr 01",2690.2600097656,889.80999755859,4.61000013351,0,0,0,0,230,571,0,0,1024,0,4689,0,0,0,0,0
"Transport, Tuskarr 02",2690.330078125,897.63000488281,4.61999988556,0,0,0,0,231,571,0,0,1024,0,4689,0,0,0,0,0
"Borean Tundra - Warsong Hold Wolf Start",2774.6899414062,6258.1401367188,83.68000030518,0,0,0,0,232,571,0,0,1024,0,4689,0,0,0,26128,0
"Borean Tundra - Warsong Hold Wolf End",3443.5200195312,4103.9501953125,16.01000022888,0,0,0,0,233,571,0,0,1024,0,4689,0,0,0,0,0
"Coldarra Ledge, Coldarra",4130.6201171875,7372.3100585938,534.10998535156,0,0,0,0,234,571,0,0,1024,0,4689,0,0,0,26263,0
"Transitus Shield, Coldarra (NOT USED)",3575.5600585938,6651.83984375,195.21000671387,0,0,0,0,235,571,0,0,1024,0,4689,0,0,0,25695,0
"Coldarra, Keristrasza to Malygos",4026.9499511719,7085.5400390625,165.53999328613,0,0,0,0,236,571,0,0,1024,0,4689,0,0,0,26263,0
"Coldarra, Keristrasza Landing",3929.3999023438,6590.740234375,170.33999633789,0,0,0,0,237,571,0,0,1024,0,4689,0,0,0,0,0
"Borean Tundra - Quest - Dusk Start",3109,3819.5400390625,23.23999977112,0,0,0,0,239,571,0,0,1024,0,4689,0,0,0,26404,0
"Borean Tundra - Quest - Dusk - End",3614.3000488281,3670.1201171875,35.7799987793,0,0,0,0,240,571,0,0,1024,0,4689,0,0,0,11195,0
"Transport, Valiance Keep",0,0,0,0,0,0,0,241,0,0,0,1024,0,4689,0,0,0,0,0
"Quest - Dragonblight - Spiritual Vision - Begin",2739.7299804688,882.36999511719,6.63999986649,0,0,0,0,242,571,0,0,1024,0,4689,0,0,0,21396,0
"Quest - Dragonblight - Spiritual Vision - End",2738.4699707031,882.46002197266,6.5,0,0,0,0,243,571,0,0,1024,0,4689,0,0,0,0,0
"Wintergarde Keep, Dragonblight",3712.4299316406,-694.85998535156,215.57000732422,0,0,0,0,244,571,0,244,1,0,4689,0,0,0,0,541
"Valiance Keep, Borean Tundra",2269.5400390625,5173.6899414062,11.10000038147,0.01700000092,0.01400000043,0,0,245,571,0,245,1,0,4689,0,0,0,0,541
"Fizzcrank Airstrip, Borean Tundra",4127.2299804688,5313.0698242188,28.67000007629,0,-0.00700000022,0,0,246,571,0,246,1,0,4689,0,0,0,0,28360
"Stars' Rest, Dragonblight",3504.1298828125,1992.0300292969,64.95999908447,0.00899999961,0.00400000019,0,0,247,571,0,247,1,0,4689,0,0,0,0,3837
"Apothecary Camp, Howling Fjord",2108.1101074219,-2970.6201171875,148.58000183105,0,0,0,0,248,571,0,248,2,0,4689,0,0,0,3574,0
"Camp Oneqwah, Grizzly Hills",3876.3400878906,-4520.080078125,217.32000732422,0.01700000092,0,0,0,249,571,0,249,2,0,4689,0,0,0,2224,0
"Conquest Hold, Grizzly Hills",3258.8999023438,-2263.0900878906,114.37000274658,0.01799999923,-0.00700000022,0,0,250,571,0,250,2,0,4689,0,0,0,2224,0
"Fordragon Hold, Dragonblight",4612.2099609375,1406.5999755859,195.05999755859,-0.00999999978,0,0,0,251,571,0,251,1,0,4689,0,0,0,0,541
"Wyrmrest Temple, Dragonblight",3653.2099609375,247.58000183105,52.25999832153,0,0.00999999978,0,0,252,571,0,252,3,0,4689,0,0,0,26899,26899
"Amberpine Lodge, Grizzly Hills",3446.3500976562,-2754.1000976562,199.39999389648,0,-0.01999999955,0,0,253,571,0,253,1,0,4689,0,0,0,0,541
"Venomspite, Dragonblight",3242.9599609375,-666.15997314453,166.78999328613,-0.00999999978,0,0,0,254,571,0,254,2,0,4689,0,0,0,3574,0
"Westfall Brigade, Grizzly Hills",4584.9799804688,-4254.6899414062,182.21000671387,-0.00300000003,0,0,0,255,571,0,255,1,0,4689,0,0,0,0,541
"Agmar's Hammer, Dragonblight",3865.8701171875,1525.6300048828,90.04000091553,0.00999999978,-0.00999999978,0,0,256,571,0,256,2,0,4689,0,0,0,2224,0
"Warsong Hold, Borean Tundra",2920.2900390625,6242.8500976562,208.80000305176,-0.00700000022,0,0,0,257,571,0,257,2,0,4689,0,0,0,2224,0
"Taunka'le Village, Borean Tundra",3449.5100097656,4089.5200195312,16.63999938965,0,-0.01999999955,0,0,258,571,0,258,2,0,4689,0,0,0,2224,0
"Bor'gorok Outpost, Borean Tundra",4474.7900390625,5712.1298828125,81.2799987793,0.00700000022,-0.01999999955,0,0,259,571,0,259,2,0,4689,0,0,0,2224,0
"Kor'kron Vanguard, Dragonblight",4946.669921875,1165.9399414062,239.57000732422,0,-0.00700000022,0,0,260,571,0,260,2,0,4689,0,0,0,2224,0
"Quest - Stars' Rest to Wintergarde End",3711.3100585938,-698.17999267578,215.57000732422,0,0,0,0,261,571,0,0,1024,0,4689,0,0,0,0,27127
"Grizzly Hills, Alliance Log Ride Start 01",4267.3901367188,-3050.9299316406,318.16000366211,0,0,0,0,262,571,0,0,1024,0,4689,0,0,0,29878,0
"Grizzly Hills, Alliance Log Ride End 01",2663.669921875,-2181.4499511719,3.43000006676,0,0,0,0,263,571,0,0,1024,0,4689,0,0,0,0,0
"Transport, Auberdine (NEW)",0,0,0,0,0,0,0,264,0,0,0,1024,0,4689,0,0,0,0,0
"Transport, Theramore (NEW)",0,0,0,0,0,0,0,265,0,0,0,1024,0,4689,0,0,0,0,0
"Transport, Menethil (NEW)",0,0,0,0,0,0,0,266,0,0,0,1024,0,4689,0,0,0,0,0
"Grizzly Hills, Alliance Log Ride Start",4272.08984375,-3248.2600097656,324.92999267578,0,0,0,0,267,571,0,0,1024,0,4689,0,0,0,29878,0
"The Great Seal",-1035.9799804688,756.59997558594,437.73999023438,0,0,0,0,1959,1642,0,490,2,0,4689,0,0,0,122337,0
"Grizzly Hills, Alliance Log Ride End",2664.2199707031,-2344.6298828125,21.70000076294,0,0,0,0,268,571,0,0,1024,0,4689,0,0,0,0,0
"Quest - Westguard Keep to Wintergarde Keep Begin",1341.6700439453,-3288.7399902344,174.44999694824,0,0,0,0,269,571,0,0,1024,0,4689,0,0,0,0,27491
"Quest - Westguard Keep to Wintergarde Keep End",3712.2299804688,-693.84997558594,215.41999816895,0,0,0,0,270,571,0,0,1024,0,4689,0,0,0,0,27491
"Grizzly Hills, Horde Log Ride Start",4311.25,-2956.6101074219,317.30999755859,0,0,0,0,271,571,0,0,1024,0,4689,0,0,0,29879,0
"Grizzly Hills, Horde Log Ride End",2883.75,-1673.7099609375,6.48000001907,0,0,0,0,272,571,0,0,1024,0,4689,0,0,0,0,0
"Wyrmrest Temple - bottom to top, Dragonblight - Begin",3547.2199707031,381.48999023438,52.25999832153,0,0,0,0,273,571,0,0,1024,0,4689,0,0,0,26899,26899
"Wyrmrest Temple - bottom to top, Dragonblight - End",3590.3798828125,277.54000854492,340.85000610352,0,0,0,0,274,571,0,0,1024,0,4689,0,0,0,0,0
"Wyrmrest Temple - top to bottom, Dragonblight - Begin",3587.6499023438,279.20999145508,340.82998657227,0,0,0,0,275,571,0,0,1024,0,4689,0,0,0,26899,26899
"Wyrmrest Temple - top to bottom, Dragonblight - End",3511.4799804688,373.92999267578,52.25999832153,0,0,0,0,276,571,0,0,1024,0,4689,0,0,0,0,0
"Wyrmrest Temple - top to middle, Dragonblight - Begin",3587.5500488281,279.14001464844,340.82998657227,0,0,0,0,277,571,0,0,1024,0,4689,0,0,0,26899,26899
"Wyrmrest Temple - top to middle, Dragonblight - End",3543.2399902344,307.04000854492,116.73000335693,0,0,0,0,278,571,0,0,1024,0,4689,0,0,0,0,0
"Wyrmrest Temple - middle to top, Dragonblight - End",3587.0400390625,277.14001464844,340.82000732422,0,0,0,0,279,571,0,0,1024,0,4689,0,0,0,0,0
"Wyrmrest Temple - middle to top, Dragonblight - Begin",3545.6201171875,273.60000610352,116.83999633789,0,0,0,0,280,571,0,0,1024,0,4689,0,0,0,26899,26899
"Wyrmrest Temple - middle to bottom, Dragonblight - End",3512.2199707031,373.57000732422,52.25999832153,0,0,0,0,281,571,0,0,1024,0,4689,0,0,0,0,0
"Wyrmrest Temple - middle to bottom, Dragonblight - Begin",3545.6101074219,273.60000610352,116.83999633789,0,0,0,0,282,571,0,0,1024,0,4689,0,0,0,26899,26899
"Wyrmrest Temple - bottom to middle, Dragonblight - End",3543.3701171875,307.05999755859,116.73000335693,0,0,0,0,283,571,0,0,1024,0,4689,0,0,0,0,0
"Wyrmrest Temple - bottom to middle, Dragonblight - Begin",3548.1499023438,381.01000976563,52.25999832153,0,0,0,0,284,571,0,0,1024,0,4689,0,0,0,26899,26899
"Quest - Wintergarde -> Stars' Rest (Start)",0,0,0,0,0,0,0,285,0,0,0,1024,0,4689,0,0,0,0,27764
"Quest - Wintergarde -> Stars' Rest (End)",3503.7600097656,1990.1099853516,65.12000274658,0,0,0,0,286,571,0,0,1024,0,4689,0,0,0,0,0
"Quest - Valgarde -> Westguard Keep Start",0,0,0,0,0,0,0,287,0,0,0,1024,0,4689,0,0,0,0,27491
"Quest - Valgarde -> Westguard Keep End",1341.2299804688,-3288.9099121094,174.46000671387,0,0,0,0,288,571,0,0,1024,0,4689,0,0,0,0,0
"Amber Ledge, Borean Tundra",3587.8400878906,5973.2998046875,136.2200012207,0,0,0,0,289,571,0,289,3,0,4689,0,0,0,26899,26899
"Argent Stand, Zul'Drak",5450.2998046875,-2606.2700195312,306.91000366211,0,0,0,0,290,571,0,0,1024,0,4689,0,0,0,28172,0
"Ruined City Post 01, Zul'Drak",5028.6899414062,-3020.3798828125,292.42001342773,0,0,0,0,291,571,0,0,1024,0,4689,0,0,0,0,0
"Flavor - Stormwind Harbor  - Start",-8338.3603515625,1107.0100097656,57.25999832153,0,0,0,0,292,0,0,0,1024,0,4689,0,0,0,0,541
"Flavor - Stormwind Harbor - Stop",-8341.08984375,1101.8499755859,57.25999832153,0,0,0,0,293,0,0,0,1024,0,4689,0,0,0,0,0
"Moa'ki, Dragonblight",2792.4499511719,908.96002197266,22.32999992371,-0.00999999978,0.00499999989,0,0,294,571,0,294,3,0,4689,0,0,0,2224,541
"Kamagua, Howling Fjord",785.27001953125,-2887.7099609375,5.88999986649,0.00499999989,-0.01999999955,0,0,295,571,0,295,3,0,4689,0,0,0,2224,541
"Unu'pe, Borean Tundra",2919.1899414062,4046.0900878906,1.85000002384,-0.00700000022,0.01999999955,0,0,296,571,0,296,3,0,4689,0,0,0,2224,541
"Sholazar Basin - Quest - Reconnaisance - Start",5557.5698242188,5802.0498046875,-66.08999633789,0,0,0,0,297,571,0,0,1024,0,4689,0,0,0,0,0
"Sholazar Basin - Quest - Reconnaisance - End",5505.3500976562,4747.7900390625,-194.42999267578,0,0,0,0,298,571,0,0,1024,0,4689,0,0,0,0,0
"Transport: Menethil <-> Valgarde",0,0,0,0,0,0,0,299,0,0,0,1024,0,4689,0,0,0,0,0
"Transport, Stormwind",0,0,0,0,0,0,0,300,0,0,0,1024,0,4689,0,0,0,0,0
"Quest - Borean Tundra - Check In With Bixie - Begin",4125.509765625,5310.990234375,28.68000030518,0,0,0,0,301,571,0,0,1024,0,4689,0,0,0,0,28360
"Quest - Borean Tundra - Check In With Bixie - End",4171.830078125,4335.6298828125,36.22999954224,0,0,0,0,302,571,0,0,1024,0,4689,0,0,0,0,0
"Valiance Landing Camp, Wintergrasp",5100.8100585938,2185.6499023438,365.61999511719,0,0,0,0,303,571,0,303,1,0,4689,0,0,0,0,541
"The Argent Stand, Zul'Drak",5521.6298828125,-2672.25,303.95001220703,0.00999999978,-0.03999999911,0,0,304,571,0,304,3,0,4689,0,0,0,2224,541
"Ebon Watch, Zul'Drak",5218.8999023438,-1302.2199707031,242.16000366211,0.01499999966,-0.00999999978,0,0,305,571,0,305,7,0,4689,0,0,0,32981,32981
"Light's Breach, Zul'Drak",5190.1098632812,-2206.4599609375,239.39999389648,0.01400000043,0,0,0,306,571,0,306,3,0,4689,0,0,0,2224,541
"Zim'Torga, Zul'Drak",5777.3999023438,-3594.9399414062,386.69000244141,0.0120000001,-0.00999999978,0,0,307,571,0,307,3,0,4689,0,0,0,2224,541
"River's Heart, Sholazar Basin",5506.2299804688,4748.1000976562,-194.42999267578,0,0,0,0,308,571,0,308,3,0,4689,0,0,0,28625,28625
"Nesingwary Base Camp, Sholazar Basin",5596.1000976562,5824.3701171875,-67.73000335693,0,0,0,0,309,571,7376,309,3,0,4689,0,0,0,28625,28625
Dalaran,5813.8901367188,449.13000488281,658.75,0,0,0,0,310,571,0,310,3,0,4689,0,0,0,2224,541
"Camp Onequah, Grizzly Hills (Quest)",3877.9099121094,-4519.58984375,217.28999328613,0,0,0,0,311,571,0,0,1024,0,4689,0,0,0,2224,0
"Light's Breach, Zul'Drak (Quest)",5189.669921875,-2206.8500976562,239.39999389648,0,0,0,0,312,571,0,0,1024,0,4689,0,0,0,0,0
"Westfall Brigade, Grizzly Hills (Quest)",4584.009765625,-4250.3798828125,182.16999816895,0,0,0,0,313,571,0,0,1024,0,4689,0,0,0,0,541
"Zim'Torga, Zul'Drak (Quest)",5779.1298828125,-3596.419921875,386.85000610352,0,0,0,0,314,571,0,0,1024,0,4689,0,0,0,3574,0
"Acherus: The Ebon Hold",2352.3701171875,-5666.91015625,382.23999023438,0.01999999955,0.08500000089,0,0,315,0,7305,315,3,0,4689,0,0,0,32981,32981
"Ebon Hold - Acherus -> Death's Breach Start",0,0,0,0,0,0,0,316,0,0,0,1024,0,4689,0,0,0,29488,29488
"Ebon Hold - Acherus -> Death's Breach End",2431,-5730.2099609375,157.94000244141,0,0,0,0,317,609,0,0,1024,0,4689,0,0,0,0,0
"Ebon Hold - Death's Breach -> Acherus Start",0,0,0,0,0,0,0,318,0,0,0,1024,0,4689,0,0,0,29501,29501
"Ebon Hold - Death's Breach -> Acherus End",2356.5100097656,-5664.1801757812,382.25,0,0,0,0,319,609,0,0,1024,0,4689,0,0,0,0,0
"K3, The Storm Peaks",6186.75,-1052.9100341797,410.20001220703,0.01400000043,0,0,0,320,571,0,320,3,0,4689,0,0,0,2224,541
"Frosthold, The Storm Peaks",6667.0400390625,-258.70001220703,961.90002441406,-0.00999999978,0,0,0,321,571,0,321,1,0,4689,0,0,0,0,541
"Dun Niffelem, The Storm Peaks",7308.0400390625,-2607.6000976562,814.79998779297,0,-0.00700000022,0,0,322,571,0,322,3,0,4689,0,0,0,32585,32585
"Grom'arsh Crash-Site, The Storm Peaks",7857.2998046875,-735.02001953125,1177.1500244141,0.00999999978,-0.00999999978,0,0,323,571,0,323,2,0,4689,0,0,0,2224,0
"Camp Tunka'lo, The Storm Peaks",7793.8500976562,-2810.0900878906,1217.0300292969,0.03400000185,0.00700000022,0,0,324,571,0,324,2,0,4689,0,0,0,2224,0
"Death's Rise, Icecrown",7427.3198242188,4224.16015625,314.10998535156,0,0,0,0,325,571,0,325,3,0,4689,0,0,0,32981,32981
"Ulduar, The Storm Peaks",8864.740234375,-1324.3299560547,1032.8199462891,0.01499999966,0.03999999911,0,0,326,571,0,326,3,0,4689,0,0,0,2224,541
"Bouldercrag's Refuge, The Storm Peaks",8472.4599609375,-335.95001220703,906.47998046875,0,0,0,0,327,571,0,327,3,0,4689,0,0,0,2224,541
"Transport, Icecrown Airship (A)",7501.6499023438,1140.2800292969,682.22998046875,0,0,0,0,328,571,0,0,1024,0,4689,0,0,0,0,0
"Transport, Icecrown Airship (H)",7561.8100585938,1724.5899658203,683.55999755859,0,0,0,0,329,571,0,0,1024,0,4689,0,0,0,0,0
"Transport, Icecrown (Target)",7489.6401367188,1477.7199707031,328.64001464844,0,0,0,0,330,571,0,0,1024,0,4689,0,0,0,0,0
"Gundrak, Zul'Drak",6897.6499023438,-4118.2299804688,467.35000610352,0,0,0,0,331,571,0,331,7,0,4689,0,0,0,2224,541
"Warsong Camp, Wintergrasp",5024.990234375,3685.5500488281,362.94000244141,0,0,0,0,332,571,0,332,2,0,4689,0,0,0,2224,0
"The Shadow Vault, Icecrown",8408.08984375,2702.6599121094,655.10998535156,0,-0.0270000007,0,0,333,571,0,333,3,0,4689,0,0,84362,32981,32981
"The Argent Vanguard, Icecrown",6164.490234375,-61.31000137329,388.17999267578,0,0.01799999923,0,0,334,571,0,334,3,0,4689,0,0,0,2224,541
"Crusaders' Pinnacle, Icecrown",6402.0600585938,467.85998535156,511.29000854492,0,0,0,0,335,571,0,335,3,0,4689,0,0,0,32586,32586
"Windrunner's Overlook, Crystalsong Forest",5035.6499023438,-519.96002197266,225.41000366211,0.00999999978,0,0,0,336,571,0,336,1,0,4689,0,0,0,0,31315
"Sunreaver's Command, Crystalsong Forest",5590.490234375,-693.22998046875,206.63000488281,-0.00499999989,0.01999999955,0,0,337,571,0,337,2,0,4689,0,0,0,34709,0
"Blackfathom Camp, Ashenvale",3880.5100097656,654.15997314453,10.46000003815,0,0,0,0,338,1,0,338,1,0,4689,0,0,0,0,3837
"Grove of the Ancients, Darkshore",4970.5,147.64999389648,51.63999938965,-0.00499999989,0,0,0,339,1,0,339,9,0,4689,0,0,62814,0,3837
"Argent Tournament Grounds, Icecrown",8475.7900390625,891.20001220703,547.28997802734,0,0,0,0,340,571,0,340,3,0,4689,0,0,0,34709,31315
"Ulduar Raid - Interior - Insertion Point",-749.20001220703,-99.98999786377,429.67999267578,0,0,0,0,341,603,0,0,1024,0,4689,0,0,0,25968,25968
"Ulduar Raid - Iron Concourse",119.95999908447,-71.62000274658,409.79998779297,0,0,0,0,342,603,0,0,1024,0,4689,0,0,0,25968,25968
"Splintertree, Ashenvale",2309.2299804688,-2523.2099609375,103.05999755859,0,0,0,0,343,1,0,0,1024,0,4689,0,0,0,20413,0
"Quest - Splintertree  Post -> Zoramgar",2308.3200683594,-2521.5500488281,103.16000366211,0,0,0,0,344,1,0,0,1024,0,4689,0,0,0,2224,0
"Quest - Zoramgar, Ashenvale",3350.830078125,1054.2399902344,3.00999999046,0,0,0,0,345,1,0,0,1024,0,4689,0,0,0,20413,0
"Ashenvale 4.x, Azshara to Mor'shan Ramparts",2873.5300292969,-3740.5100097656,90.59999847412,0,0,0,0,346,1,0,0,1024,0,4689,0,0,0,2224,0
"Ashenvale 4.x, Mor'shan Landing",1225.7800292969,-2250.8999023438,91.76000213623,0,0,0,0,347,1,0,0,1024,0,4689,0,0,0,0,0
"Transport: Thunder Bluff <-> Org (Zep)",0,0,0,0,0,0,0,348,0,0,0,1024,0,4689,0,0,0,0,0
"Andruk, Zoram'gar",3350.2099609375,1054.1199951172,3.02999997139,0,0,0,0,349,1,0,0,1024,0,4689,0,0,0,2224,0
"Hellscream's Watch, Ashenvale",3049.080078125,-498.95001220703,205.63999938965,-0.00700000022,0,0,0,350,1,0,350,2,0,4689,0,0,0,2224,0
"Stardust Spire, Ashenvale",1905.1099853516,-321.98999023438,118.25,0.00999999978,0.00999999978,0,0,351,1,0,351,1,0,4689,0,0,0,0,3837
"Isle of Conquest - Gunships",0,0,0,0,0,0,0,352,0,0,0,1024,0,4689,0,0,0,0,0
"The Mor'Shan Ramparts, Ashenvale",1206.0500488281,-2209.1499023438,92.14060211182,0,0,0,0,354,1,0,354,2,0,4689,0,0,0,2224,0
"Silverwind Refuge, Ashenvale",2159.6201171875,-1144.0500488281,97.87000274658,0,-0.00999999978,0,0,356,1,0,356,2,0,4689,0,0,0,2224,0
"Quest - Icecrown - North Sea Kraken Bombing - Start",8498.3203125,1066.3199462891,552.19000244141,0,0,0,0,358,571,0,0,1024,0,4689,0,0,0,35146,35146
"Quest - Icecrown - North Sea Kraken Bombing - End",8501.5302734375,1064.0200195312,552.19000244141,0,0,0,0,359,571,0,0,1024,0,4689,0,0,0,33857,33857
"Cliffwalker Post, Stonetalon Mountains",2188,1241.8900146484,465.76300048828,0.00999999978,-0.01499999966,0,0,360,1,0,360,2,0,4689,0,0,0,42886,0
"Windshear Hold, Stonetalon Mountains",1268.5100097656,432.86999511719,95.55999755859,0,0,0,0,361,1,0,361,1,0,4689,0,0,0,0,3837
"Krom'gar Fortress, Stonetalon Mountains",932.11999511719,-21.25,92.80999755859,0.01499999966,0,0,0,362,1,0,362,2,0,4689,0,0,0,2224,0
"Malaka'jin, Stonetalon Mountains",-111.94000244141,-260.41000366211,23.87999916077,0,0,0,0,363,1,0,363,2,0,4689,0,0,0,2224,0
"Northwatch Expedition Base Camp, Stonetalon Mountains",237.88000488281,-281.35000610352,92.76000213623,0,0,0,0,364,1,0,364,1,0,4689,0,0,0,0,541
"Farwatcher's Glen, Stonetalon Mountains",973.94000244141,2013.1300048828,126.58999633789,0.01499999966,0.00800000038,0,0,365,1,0,365,1,0,4689,0,0,0,0,3837
"Furien's Post, Desolace",-439.14999389648,2242.6201171875,93.08999633789,-0.00700000022,0,0,0,366,1,0,366,2,0,4689,0,0,0,19917,0
"Thargad's Camp, Desolace",-1694.5300292969,2577.5700683594,136.58999633789,0.00600000005,0,0,0,367,1,0,367,1,0,4689,0,0,0,0,541
"Karnum's Glade, Desolace",-1038.4300537109,1637.9899902344,60.56000137329,-0.00700000022,-0.03700000048,0,0,368,1,0,368,3,0,4689,0,0,0,2224,3837
"Thunk's Abode, Desolace",-534.03997802734,1056.6800537109,89.91000366211,0.00499999989,0,0,0,369,1,0,369,3,0,4689,0,0,0,36709,36709
"Ethel Rethor, Desolace",-356.4700012207,2478.8999023438,75.94999694824,0.00800000038,-0.0120000001,0,0,370,1,0,370,3,0,4689,0,0,0,36706,36706
"Vashj'ir - Alliance Start",0,0,0,0,0,0,0,371,0,0,0,1024,0,4689,0,0,0,0,0
"Vashj'ir - Alliance End",0,0,0,0,0,0,0,372,0,0,0,1024,0,4689,0,0,0,0,0
"Mulgore - Red Cloud Mesa: To Bloodhoof",-2936.1398925781,-1.51999998093,189.07000732422,0,0,0,0,373,1,0,0,1024,0,4689,0,0,0,0,0
"Mulgore - Red Cloud Mesa: To Bloodhoof (End)",-2333.3898925781,-388.45001220703,-7.96999979019,0,0,0,0,374,1,0,0,1024,0,4689,0,0,0,0,0
"Transport, Gadgetzan",0,0,0,0,0,0,0,375,0,0,0,1024,0,4689,0,0,0,0,0
"Icecrown Raid - Airship Battle Taxi Paths",0,0,0,0,0,0,0,376,0,0,0,1024,0,4689,0,0,0,0,0
"Icecrown Dungeon - Gunships",0,0,0,0,0,0,0,377,0,0,0,1024,0,4689,0,0,0,0,0
"Quest - Dun Morogh - Coldridge Valley - Pack Your Bags End",0,0,0,0,0,0,0,378,0,0,0,1024,0,4689,0,0,0,30853,0
"Icecrown Raid - Saurfang's Ship (End)",-200.58999633789,1437.5300292969,-452.26998901367,0,0,0,0,379,631,0,0,1024,0,4689,0,0,0,0,0
"Icecrown Raid - Saurfang's Ship (Start)",0,0,0,0,0,0,0,380,0,0,0,1024,0,4689,0,0,0,0,0
"Quest [Transport] Icecrown Raid - Saurfang Ship (START)",0,0,0,0,0,0,0,381,0,0,0,1024,0,4689,0,0,0,0,0
"Quest [Transport] Icecrown Raid - Saurfang Ship (END)",0,0,0,0,0,0,0,382,0,0,0,1024,0,4689,0,0,0,0,0
"Thondroril River, Eastern Plaguelands",1935.9699707031,-2694.4799804688,61.94710159302,0.00800000038,0.00800000038,0,0,383,0,0,383,3,0,4689,0,0,0,2224,541
"The Bulwark, Tirisfal",1726.6199951172,-740.98101806641,59.92819976807,-0.00499999989,0.00200000009,0,0,384,0,0,384,2,0,4689,0,0,0,3574,0
"Mossy Pile, Un'Goro Crater",-6958.4399414062,-1095.2399902344,-272.64999389648,0.00400000019,-0.0120000001,0,0,386,1,0,9,3,0,4689,0,0,0,2224,541
"Honor's Stand, Southern Barrens",-335.20001220703,-1532.4399414062,87.51000213623,0.00099800399,0.01162790693,0,0,387,1,0,85,1,0,4689,0,0,0,0,541
"Northwatch Hold, Southern Barrens",-2124.2099609375,-3561.7900390625,100.88999938965,0,0,0,0,388,1,0,86,1,0,4689,0,0,0,0,541
"Fort Triumph, Southern Barrens",-3150.25,-2286.2700195312,93.01000213623,0,0,0,0,389,1,0,87,1,0,4689,0,0,0,0,541
"Hunter's Hill, Southern Barrens",-798.71997070313,-1590.8699951172,140.63000488281,0.00998003967,-0.00290697673,0,0,390,1,0,34,2,0,4689,0,0,0,2224,0
"Desolation Hold, Southern Barrens",-3288.8500976562,-1697.9899902344,122.62000274658,0.01999999955,0,0,0,391,1,0,15,2,0,4689,0,0,0,2224,0
"CC Prologue - GT - Quest - Vent Horizon - Start",-5448.5,-665.08001708984,392.95001220703,0,0,0,0,392,0,0,0,1024,0,4689,0,0,0,28625,28625
"CC Prologue - GT - Quest - Vent Horizon - End",-5447.8500976562,-665.59002685547,393.16000366211,0,0,0,0,393,0,0,0,1024,0,4689,0,0,0,35146,35146
"CC Prologue - GT - Battle Flight - Start",-5451.4799804688,-667.72998046875,393.01000976563,0,0,0,0,394,0,0,0,1024,0,4689,0,0,0,28625,28625
"CC Prologue - GT - Battle Flight - End",-5434.7099609375,523.09002685547,388.29998779297,0,0,0,0,395,0,0,0,1024,0,4689,0,0,0,0,0
"Bloodhoof Village, Mulgore",-2299.5400390625,-379.06900024414,-9.11828994751,0.00499999989,0,0,0,402,1,0,51,2,0,4689,0,0,0,2224,0
"Durotar - ET - CC Prologue Spy Frog Start",-839.64001464844,-4985.3500976562,14.64999961853,0,0,0,0,404,1,0,0,1024,0,4689,0,0,0,40203,0
"Durotar - ET - CC Prologue Spy Frog End",-838.01000976563,-4986.2797851562,14.75,0,0,0,0,405,1,0,0,1024,0,4689,0,0,0,40203,0
"Quest - ""To The Summit"" - Westreach Summit - End",-4305.919921875,-923.57000732422,81.15000152588,0,0,0,0,413,1,0,0,1024,0,4689,0,0,0,0,0
"Quest - ""To The Summit"" - Camp Mojache -> Westreach Summit - Begin",-4568.2202148438,-3224.0900878906,34.86999893188,0,0,0,0,414,1,0,0,1024,0,4689,0,0,0,2224,0
"Quest - ""To The Summit"" - Mudsprocket -> Westreach Summit - Begin",-4567.5297851562,-3224.6101074219,34.84000015259,0,0,0,0,429,1,0,0,1024,0,4689,0,0,0,2224,0
"Quest - ""To New Thalanaar"" - Mudsprocket -> New Thalanaar - Begin",-4462.3598632812,-543.03997802734,5.40000009537,0,0,0,0,433,1,0,0,1024,0,4689,0,0,0,0,36706
"Quest - ""To New Thalanaar"" - New Thalanaar - End",-4462.0498046875,-543.39001464844,5.36999988556,0,0,0,0,434,1,0,0,1024,0,4689,0,0,0,0,0
"Quest - ""To New Thalanaar"" - Shadebough -> New Thalanaar - Begin",-4997.6801757812,71.01000213623,99.88999938965,0,0,0,0,436,1,0,0,1024,0,4689,0,0,0,0,31315
"Durotar - ET - CC Prologue Troll Taxi Bat Start",-838.84997558594,-4985.990234375,14.71000003815,0,0,0,0,438,1,0,0,1024,0,4689,0,0,0,3574,0
"Durotar - ET - CC Prologue Troll Recruit End",284.38000488281,-4762.3598632812,12.56000041962,0,0,0,0,439,1,0,0,1024,0,4689,0,0,0,3574,0
"Durotar - ET - CC Prologue - Troll Battle End",-848.20001220703,-5339.4599609375,3.06999993324,0,0,0,0,440,1,0,0,1024,0,4689,0,0,0,0,0
"Dolanaar, Teldrassil",9873.099609375,977.69799804688,1309.9799804688,0,0,0,0,456,1,0,36,9,0,4689,0,0,62814,0,3837
"Darnassus, Teldrassil",9968.7998046875,2622.0900878906,1316.0799560547,0,0,0,0,457,1,0,35,9,0,4689,0,0,62814,0,3837
"Nozzlepot's Outpost, Northern Barrens",1152.5999755859,-3381.7399902344,91.80539703369,0.00499001984,-0.00436046533,0,0,458,1,0,46,2,0,4689,0,0,0,2224,0
"Brill, Tirisfal Glades",2272.6799316406,372.06399536133,35.76110076904,0,-0.00499999989,0,0,460,0,96847,113,10,0,4689,0,0,0,3574,0
"Quest Path 2063: Brian's 4.0 Test Path ",16083.099609375,16120.099609375,69.44439697266,0,0,0,0,509,451,0,0,1024,0,4689,0,0,0,28783,28783
"Fizzle & Pozzik's Speedbarge, Thousand Needles",-6075.3701171875,-3913.4399414062,21.62240028381,0.01799999923,0.00999999978,0,0,513,1,0,47,3,0,4689,0,0,0,2224,3837
"Smuggler's Scar, Vashj'ir",-4588.0498046875,3481.1201171875,-102.71800231934,-0.00999999978,-0.03999999911,0,0,521,0,0,57,3,0,4689,0,0,0,40848,40848
"Silver Tide Hollow, Vashj'ir",-6105.6098632812,4285.080078125,-350.5,0,0.01499999966,0,0,522,0,0,54,3,0,4689,0,0,0,40848,40848
"Tranquil Wash, Vashj'ir",-6616.3999023438,4308.2797851562,-564.07702636719,0.00200000009,-0.00200000009,0,0,523,0,0,60,1,0,4689,0,0,0,0,40848
"Darkbreak Cove, Vashj'ir",-6902.25,5943.8198242188,-766.51599121094,0.01999999955,-0.0549999997,0,0,524,0,0,59,1,0,4689,0,0,0,0,40848
"Legion's Rest, Vashj'ir",-6805.6298828125,4199.8500976562,-480.9469909668,-0.00700000022,-0.02999999933,0,0,525,0,0,157,2,0,4689,0,0,0,40848,0
"Tenebrous Cavern, Vashj'ir",-6507.990234375,6075.25,-671.46099853516,0.0719999969,0.02500000037,0,0,526,0,0,161,2,0,4689,0,0,0,40848,0
"Dawnrise Expedition, Tanaris",-9487.8896484375,-2467.1298828125,16.72859954834,0,0,0,0,531,1,0,78,2,0,4689,0,0,0,2224,0
"Gunstan's Dig, Tanaris",-9493.7099609375,-2953.9899902344,12.68260002136,0,0,0,0,532,1,0,81,1,0,4689,0,0,0,0,541
"Sen'jin Village, Durotar",-780.26702880859,-4890.2797851562,19.62150001526,-0.00499999989,0,0,0,536,1,0,63,2,0,4689,0,0,0,3574,0
"Razor Hill, Durotar",269.9169921875,-4766.759765625,11.49460029602,0,0.00800000038,0,0,537,1,0,62,2,0,4689,0,0,0,2224,0
"test - JZB - Orgrim's Hammer",4.65693998337,-2.34398007393,34.32130050659,0,0,0,0,538,622,0,0,1024,0,4689,0,0,0,0,0
"Bootlegger Outpost, Tanaris",-8683.08984375,-4088.1000976562,40.05530166626,0.00999999978,0.01400000043,0,0,539,1,0,77,3,0,4689,0,0,0,2224,541
"The Sludgewerks, Stonetalon Mountains",1825.9399414062,727.2080078125,162.12300109863,0.00999999978,0,0,0,540,1,0,165,2,0,4689,0,0,0,2224,0
"Mirkfallon Post, Stonetalon Mountains",1379.4200439453,1034.8599853516,165.08799743652,0.01099999994,0,0,0,541,1,0,170,1,0,4689,0,0,0,0,3837
"Whelgar's Retreat, Wetlands",-3222.9299316406,-1989.4899902344,50.54750061035,0.01600000076,0,0,0,551,0,0,168,1,0,4689,0,0,0,0,541
"Greenwarden's Grove, Wetlands",-3306.6499023438,-2718.6899414062,20.48360061646,-0.00600000005,0,0,0,552,0,0,162,1,0,4689,0,0,0,0,3837
"Dun Modr, Wetlands",-2656.5400390625,-2464.2800292969,80.33779907227,0,0,0,0,553,0,0,176,1,0,4689,0,0,0,0,541
"Slabchisel's Survey, Wetlands",-4113.6000976562,-2741.2099609375,18.99110031128,0.00999999978,-0.00499999989,0,0,554,0,0,169,1,0,4689,0,0,0,0,541
"Farstrider Lodge, Loch Modan",-5668.3100585938,-4253.4399414062,407.01501464844,0.01999999955,0.00499999989,0,0,555,0,924,84,1,0,4689,0,0,0,0,541
"Shrine of Aviana, Hyjal",4987.8701171875,-2676.1899414062,1426.3599853516,0,0,0,0,557,1,0,137,3,0,4689,0,0,0,3837,3837
"Grove of Aessina, Hyjal",5163.509765625,-1760.5799560547,1338.4699707031,0.00999999978,-0.01499999966,0,0,558,1,0,91,3,0,4689,0,0,0,3837,3837
"Nordrassil, Hyjal",5584.0600585938,-3569.8400878906,1570.5999755859,0,0,0,0,559,1,0,90,3,0,4689,0,0,0,3837,3837
"Quest Path 2171: [3.x] Transport, Org -> Undercity (Thundercaller)",1281.25,-4803.4599609375,19.67779922485,0,0,0,0,560,1,0,0,1024,0,4689,0,0,0,3574,3574
"Quest Path 2172: [3.x] Transport, Thunder Bluff -> Org (Zephyr)",1338.4499511719,-4788.7900390625,23.72089958191,0,0,0,0,561,1,0,0,1024,0,4689,0,0,0,3574,3574
"Quest Path 2173: [3.x] Transport, Borean Tundra -> Org (Mighty Wind)",1288.0100097656,-4702.0698242188,18.96829986572,0,0,0,0,562,1,0,0,1024,0,4689,0,0,0,3574,3574
"Quest Path 2174: [3.x] Transport, Grom'gol -> Orgrimmar (The Iron Eagle)",1283.8399658203,-4644.6298828125,34.7566986084,0,0,0,0,563,1,0,0,1024,0,4689,0,0,0,3574,3574
"Quest Path 2175: Stonetalon 4.x - Taxi to Thal'darah Overlook Start",2146.4299316406,1538.2800292969,341.24398803711,0,0,0,0,564,1,0,0,1024,0,4689,0,0,0,27127,27127
"Dreamer's Rest, Feralas",-3136.6201171875,1951.6700439453,41.59880065918,0.00999999978,-0.00999999978,0,0,565,1,0,155,1,0,4689,0,0,0,0,3837
"Tower of Estulan, Feralas",-4863.6401367188,1478.1600341797,84.84750366211,0,0,0,0,567,1,0,88,1,0,4689,0,0,0,0,3837
"Camp Ataya, Feralas",-3081.6999511719,2560.1000976562,50.17910003662,-0.00700000022,0,0,0,568,1,0,158,2,0,4689,0,0,0,2224,0
"Stonemaul Hold, Feralas",-4606.5200195312,1898.1899414062,107.84899902344,0,0,0,0,569,1,0,89,2,0,4689,0,0,0,2224,0
"Quest Path 2201: Dun Morogh - Quest - Flight to Ironforge Airfield",-4490.0600585938,-1585.5600585938,509.00500488281,0,0,0,0,574,0,0,0,1024,0,4689,0,0,0,28625,28625
"Quest Path 2203: Dun Morogh - Quest - Striking Back (Bombing Run)",-4560.1499023438,-1641.1899414062,503.32400512695,0,0,0,0,575,0,0,0,1024,0,4689,0,0,0,42097,42097
"Quest Path 2206: Ironforge, Dun Morogh - Quest - Breadcrumb to Loch Modan",-5530.8198242188,-2377.9799804688,400.60900878906,0,0,0,0,577,0,0,0,1024,0,4689,0,0,0,541,541
"Quest Path 2207: Dun Morogh - Quest - Flight to Gol'Bolar from Ironforge Airfield",-5689.3701171875,-1568.7299804688,383.23098754883,0,0,0,0,578,0,0,0,1024,0,4689,0,0,0,28625,28625
"Goldshire, Elwynn",-9433.990234375,85.14929962158,56.73400115967,0.00499999989,-0.00999999978,0,0,582,0,0,96,1,0,4689,0,0,0,0,541
"Moonbrook, Westfall",-10876.900390625,1542.8800048828,54.52890014648,0,0,0,0,583,0,0,92,1,0,4689,0,0,0,0,541
"Furlbrow's Pumpkin Farm, Westfall",-9838.509765625,1273.9300537109,40.70669937134,0.00999999978,0,0,0,584,0,0,95,1,0,4689,0,0,0,0,541
"Quest Path 293: Transport, Auberdine -> Rut'theran Village, Teldrassil (NO LONGER USED in 4.x)",8334.759765625,1029.8299560547,22.79170036316,0,0,0,0,585,1,0,0,1024,0,4689,0,0,0,3574,3574
"Justin Test Node 1",2186.6899414062,1241.3000488281,465.70498657227,0,0,0,0,586,1,0,0,1024,0,4689,0,0,0,42886,27397
"Justin Test Node 2",2186.6899414062,1241.3000488281,465.70498657227,0,0,0,0,587,1,0,0,1024,0,4689,0,0,0,27397,27397
"Eastvale Logging Camp, Elwynn",-9475.7099609375,-1306.7399902344,44.14960098267,0.00499999989,0.00700000022,0,0,589,0,0,97,1,0,4689,0,0,0,0,541
"Fort Livingston, Stranglethorn",-12828.799804688,-413.70999145508,12.96660041809,0,0.00300000003,0,0,590,0,0,98,1,0,4689,0,0,0,0,541
"Explorers' League Digsite, Stranglethorn",-13600.900390625,-85.54859924316,37.80780029297,0.00999999978,-0.01499999966,0,0,591,0,0,103,1,0,4689,0,0,0,0,541
"Hardwrench Hideaway, Stranglethorn",-13288.299804688,722.02801513672,3.75389003754,0.00700000022,0,0,0,592,0,0,175,2,0,4689,0,0,0,2224,0
"Bambala, Stranglethorn",-12092.200195312,-814.09899902344,42.3410987854,-0.00700000022,0,0,0,593,0,0,174,2,0,4689,0,0,0,2224,0
"Whisperwind Grove, Felwood",6078.509765625,-844.99798583984,412.27398681641,0,-0.02400000021,0,0,594,1,0,104,3,0,4689,0,0,0,54271,3837
"Wildheart Point, Felwood",4734.16015625,-883.80603027344,342.93399047852,0,0,0,0,595,1,0,105,3,0,4689,0,0,0,2224,3837
"Shalewind Canyon, Redridge",-9641.669921875,-3479.3701171875,121.95600128174,0,0.00999999978,0,0,596,0,0,173,1,0,4689,0,0,0,0,541
"Irontree Clearing, Felwood",6892.6899414062,-1620.4100341797,503.10598754883,0,-0.00800000038,0,0,597,1,0,106,2,0,4689,0,0,0,2224,0
"Marshtide Watch, Swamp of Sorrows",-10176.599609375,-3836.5400390625,17.98600006104,0,0.0270000007,0,0,598,0,0,108,1,0,4689,0,0,0,0,541
"Bogpaddle, Swamp of Sorrows",-9737.080078125,-3890.7199707031,22.72999954224,-0.00700000022,-0.00499999989,0,0,599,0,0,107,3,0,4689,0,0,0,2224,541
"The Harborage, Swamp of Sorrows",-10118.599609375,-2852.4799804688,23.46409988403,-0.00999999978,0.01499999966,0,0,600,0,0,109,5,0,4689,0,0,0,0,3837
"Galen's Fall, Arathi",-952.37701416016,-1585.7399902344,51.30039978027,0,0,0,0,601,0,64389,172,14,0,4689,0,0,0,3574,0
"Surwich, Blasted Lands",-12761.900390625,-2919.0400390625,7.04835987091,-0.00800000038,0.00499999989,0,0,602,0,46758,110,9,0,4689,0,0,46758,0,3837
"Sunveil Excursion, Blasted Lands",-12357.599609375,-3058.2299804688,90.32420349121,0,0,0,0,603,0,46791,111,10,0,4689,0,0,0,19917,0
"Dreadmaul Hold, Blasted Lands",-10933.299804688,-2790.9799804688,25.69680023193,-0.00999999978,0.01499999966,0,0,604,0,46791,112,14,0,4689,0,0,0,2224,0
"Voldrin's Hold, Vashj'ir",-7209.7099609375,3925.8500976562,14.74660015106,0,0,0,0,605,0,0,134,1,0,4689,0,0,0,0,541
"Sandy Beach, Vashj'ir",-5310.8500976562,3914.419921875,3.22432994843,0,0,0,0,606,0,0,133,1,0,4689,0,0,0,0,541
"Sandy Beach, Vashj'ir",-5267.3500976562,3900.2700195312,0.97490602732,0,0,0,0,607,0,0,131,1,0,4689,0,0,0,0,40848
"Sandy Beach, Vashj'ir",-5671.0200195312,3720.0700683594,1.91568994522,0,0,0,0,608,0,0,115,2,0,4689,0,0,0,2224,0
"Sandy Beach, Vashj'ir",-5669.1899414062,3711.8100585938,1.16278004646,0,0,0,0,609,0,0,114,2,0,4689,0,0,0,40848,0
"Stygian Bounty, Vashj'ir",-6878.5200195312,4244.7099609375,9.77591991425,0.03999999911,0,0,0,610,0,0,116,2,0,4689,0,0,0,2224,0
"Voldrin's Hold, Vashj'ir",-7198.9702148438,3912.3601074219,3.85120010376,0,0,0,0,611,0,0,132,1,0,4689,0,0,0,0,40848
"Stygian Bounty, Vashj'ir",-6880.169921875,4278.0600585938,2.15129995346,0.05000000075,0,0,0,612,0,0,178,2,0,4689,0,0,0,40848,0
"Southern Rocketway, Azshara",2647.7900390625,-6214.3999023438,100.11100006104,0.00400000019,0,0,0,613,1,0,135,2,0,4689,0,0,0,28625,0
"Northern Rocketway, Azshara",4611.3798828125,-7041.7998046875,153.84300231934,0.00700000022,0,0,0,614,1,0,136,2,0,4689,0,0,0,28625,0
"Camp Everstill, Redridge",-9446.6396484375,-2836.9899902344,64.57610321045,0.00999999978,-0.00800000038,0,0,615,0,0,171,1,0,4689,0,0,0,0,541
"Gates of Sothann, Hyjal",4059.3999023438,-3966.75,970.14898681641,0.0120000001,-0.00999999978,0,0,616,1,0,138,3,0,4689,0,0,0,43538,43538
"Hiri'watha Research Station, The Hinterlands",-25.77599906921,-2821.7800292969,125.16999816895,0,0.00800000038,0,0,617,0,0,143,2,0,4689,0,0,0,3574,0
"Stormfeather Outpost, The Hinterlands",312.32598876953,-4105.3598632812,118.28900146484,0.00700000022,0.00300000003,0,0,618,0,0,142,1,0,4689,0,0,0,0,541
"Kharanos, Dun Morogh",-5660.7998046875,-494.85101318359,397.00799560547,0.00700000022,0,0,0,619,0,0,144,1,0,4689,0,0,0,0,541
"Gol'Bolar Quarry, Dun Morogh",-5714.1401367188,-1578.6400146484,383.20401000977,0.0120000001,0.00800000038,0,0,620,0,0,145,1,0,4689,0,0,0,0,541
"Quest Path 2367: QA's Test Path 1",2845.9399414062,769.96502685547,0,0,0,0,0,621,606,0,0,1024,0,4689,0,0,0,13161,13161
"Raven Hill, Duskwood",-10737.599609375,267.04299926758,42.3478012085,0,-0.00899999961,0,0,622,0,0,177,1,0,4689,0,0,0,0,541
"Quest Path 2374: Deeopholm Test Copy",1222.7199707031,-278.97601318359,42.02550125122,0,0,0,0,623,646,0,0,1024,0,4689,0,0,0,3574,3574
"Azure Watch, Azuremyst Isle",-4130.080078125,-12520.5,44.3305015564,0.00999999978,-0.00999999978,0,0,624,530,924,146,1,0,4689,0,0,0,0,3837
"Fairbreeze Village, Eversong Woods",8745.7802734375,-6654.1201171875,69.91660308838,-0.00600000005,0,0,0,625,530,145597,181,2,0,4689,0,0,145597,19917,0
"Quest Path 508: zzzThe Exodar -> Blood Watch, Bloodmyst Isle",-3864.9899902344,-11643.299804688,-137.64599609375,0,0,0,0,626,530,0,0,1024,0,4689,0,0,0,3837,3837
"Quest Path 2376: zzzThe Exodar -> Azure Watch, Azuremyst Isle",-3864.2600097656,-11646.099609375,-137.6369934082,0,0,0,0,627,530,0,0,1024,0,4689,0,0,0,3837,3837
"Quest Path 507: zzzBlood Watch, Bloodmyst Isle -> The Exodar",-3865.9499511719,-11644.599609375,-137.6490020752,0,0,0,0,628,530,0,0,1024,0,4689,0,0,0,3837,3837
"Quest Path 2375: zzzAzure Watch, Azuremyst Isle -> The Exodar",-3870.3000488281,-11645.700195312,-137.67199707031,0,0,0,0,629,530,0,0,1024,0,4689,0,0,0,3837,3837
"Light's Shield Tower, Eastern Plaguelands",2262.1000976562,-4411.5200195312,111.65200042725,0.01499999966,0,0,0,630,0,0,148,3,0,4689,0,0,0,44248,44248
"Falconwing Square, Eversong Woods",9501.9296875,-6767.08984375,16.49360084534,0,0.00999999978,0,0,631,530,145597,180,2,0,4689,0,0,145597,19917,0
"Bloodwatcher Point, Badlands",-6898.25,-3513.9899902344,242.08500671387,0,-0.01499999966,0,0,632,0,0,186,2,0,4689,0,0,0,2224,0
"Dustwind Dig, Badlands",-6594.08984375,-3401.1799316406,279.20901489258,0,0,0,0,633,0,0,188,1,0,4689,0,0,0,0,541
"Dragon's Mouth, Badlands",-7034.5297851562,-2570.7900390625,252.15299987793,0.00700000022,-0.00899999961,0,0,634,0,0,182,1,0,4689,0,0,0,0,541
"Fuselight, Badlands",-6574.9399414062,-3875.1298828125,390.94000244141,0.00700000022,0,0,0,635,0,0,187,3,0,4689,0,0,0,2224,541
"Forsaken High Command, Silverpine Forest",1421.0200195312,1018.2299804688,52.66719818115,0,-0.01499999966,0,0,645,0,0,193,2,0,4689,0,0,0,3574,0
"Forsaken Forward Command, Gilneas",-910.22100830078,1638.5999755859,68.36959838867,0,0,0,0,646,0,10723,189,2,0,4689,0,0,0,3574,0
"Andorhal, Western Plaguelands",1511.8000488281,-1586.9499511719,64.34190368652,0.00400000019,0,0,0,649,0,0,194,2,0,4689,0,0,0,3574,0
"Andorhal, Western Plaguelands",1374.2299804688,-1281.9399414062,59.17399978638,0,0,0,0,650,0,10988,197,1,0,4689,0,0,0,0,541
"The Menders' Stead, Western Plaguelands",1864.3199462891,-1755.8199462891,59.66199874878,0.00999999978,-0.00700000022,0,0,651,0,0,198,3,0,4689,0,0,0,3837,3837
"Ramkahen, Uldum",-9415.01953125,-1042.9699707031,113.39600372314,0,0,0,0,652,1,0,221,3,0,4689,0,0,0,2224,541
"Oasis of Vir'sar, Uldum",-8375.4697265625,791.25897216797,148.42199707031,0,0,0,0,653,1,0,219,3,0,4689,0,0,0,48277,48277
"The Forsaken Front, Silverpine Forest",-114.14199829102,1312.3199462891,56.74160003662,-0.00800000038,0,0,0,654,0,0,199,2,0,4689,0,0,0,3574,0
"Crushblow, Twilight Highlands",-4831.759765625,-4848.9301757812,198.94700622559,0,0,0,0,656,0,0,201,2,0,4689,0,0,0,2224,0
"The Gullet, Twilight Highlands",-3494.6298828125,-4379.4799804688,210.49200439453,0.01700000092,-0.00050000002,0,0,657,0,0,206,2,0,4689,0,0,0,2224,0
"Vermillion Redoubt, Twilight Highlands",-3032.7600097656,-3940.9699707031,282.32699584961,0.01300000027,-0.00800000038,0,0,658,0,10950,204,3,0,4689,0,0,0,26899,26899
"Bloodgulch, Twilight Highlands",-3637.5600585938,-5288.1899414062,42.64419937134,0.00999999978,-0.00700000022,0,0,659,0,0,210,2,0,4689,0,0,0,2224,0
"The Krazzworks, Twilight Highlands",-2780.1799316406,-6409.2797851562,231.9049987793,0,0,0,0,660,0,0,200,2,0,4689,0,0,0,28625,0
"Dragonmaw Port, Twilight Highlands",-4012.4499511719,-6329.25,39.30899810791,0,0,0,0,661,0,0,211,2,0,4689,0,0,0,2224,0
"Highbank, Twilight Highlands",-4863.1000976562,-6740.6098632812,9.41676998138,0,0,0,0,662,0,0,203,1,0,4689,0,0,0,0,541
"Victor's Point, Twilight Highlands",-4170.5498046875,-4748.9301757812,126.78700256348,0,0,0,0,663,0,0,202,1,0,4689,0,0,0,0,541
"Firebeard's Patrol, Twilight Highlands",-4183.8999023438,-5620.1499023438,25.21030044556,0,-0.00800000038,0,0,664,0,0,207,1,0,4689,0,0,0,0,541
"Thundermar, Twilight Highlands",-3146.919921875,-4994.2797851562,128.48500061035,-0.00700000022,-0.01499999966,0,0,665,0,0,208,1,0,4689,0,0,0,0,541
"Kirthaven, Twilight Highlands",-2689.4299316406,-5427.5297851562,190.20700073242,0.01499999966,-0.00800000038,0,0,666,0,0,209,1,0,4689,0,0,0,0,541
"Ruins of Southshore, Hillsbrad",-661.83697509766,-536.49298095703,28.21500015259,0,0.00899999961,0,0,667,0,0,212,2,0,4689,0,0,0,3574,0
"Southpoint Gate, Hillsbrad",-605.18402099609,435.46499633789,79.44470214844,-0.00600000005,0,0,0,668,0,0,214,2,0,4689,0,0,0,3574,0
"Eastpoint Tower, Hillsbrad",-566.88897705078,-1051.1999511719,59.40549850464,0,-0.00700000022,0,0,669,0,0,215,2,0,4689,0,0,0,3574,0
"Strahnbrad, Alterac Mountains",622.85101318359,-979.57800292969,169.62100219727,0.00899999961,0.01999999955,0,0,670,0,0,216,2,0,4689,0,0,0,3574,0
"Hearthglen, Western Plaguelands",2839.7800292969,-1500.5100097656,146.0890045166,0,0.02999999933,0,0,672,0,0,217,3,0,4689,0,0,0,44248,44248
"Iron Summit, Searing Gorge",-7123.0600585938,-1236.6300048828,290.13101196289,0,-0.00499999989,0,0,673,0,0,218,3,0,4689,0,0,0,2224,541
"Schnottz's Landing, Uldum",-10711.900390625,1059.6199951172,24.14900016785,0,0,0,0,674,1,0,220,3,0,4689,0,0,75733,28360,28360
"Flamestar Post, Burning Steppes",-8092.259765625,-1025.7900390625,132.66600036621,-0.0120000001,0,0,0,675,0,0,222,3,0,4689,0,0,0,2224,541
"Chiselgrip, Burning Steppes",-7865.9301757812,-1919.5300292969,144.72200012207,0,-0.01499999966,0,0,676,0,0,223,3,0,4689,0,0,0,2224,541
"Forsaken Rear Guard, Silverpine Forest",1056.0600585938,1518.9000244141,30.13839912415,0,0,0,0,681,0,0,224,2,0,4689,0,0,0,3574,0
"Quest Path 1843: Transport - Gadgetzan to ??? JZB RVM Test [DISABLED]",-7141.7900390625,-3977.9799804688,6.68657016754,0,0,0,0,682,1,0,0,1024,0,4689,0,0,0,36071,36071
"Valormok, Azshara",2988.1298828125,-4161.3598632812,101.26999664307,0,-0.00999999978,0,0,683,1,0,225,6,0,4689,0,0,0,2224,0
"Quest Path 2653: 4.1 - ZG Event - Rebel Camp -> Explorers' League",-13602.400390625,-81.42189788818,36.79159927368,0,0,0,0,728,0,0,0,1024,0,4689,0,0,0,541,541
"Quest Path 2695: PattyMac Taxi Path Speed Test",16626.69921875,16747.599609375,40.57659912109,0,0,0,0,757,451,0,0,1024,0,4689,0,0,0,28783,28783
"Sanctuary of Malorne, Hyjal",4397.7900390625,-2107.5300292969,1204.3399658203,0,0,0,0,781,1,0,229,3,0,4689,0,0,0,3837,3837
"Quest Path 2837: Quest - Jade Forest: (DLA) - Dawnblossom to Jade Mines",2403.8601074219,-2097.1599121094,227.34199523926,0,0,0,0,888,870,0,0,1024,0,4689,0,0,0,61559,61559
"Grookin Hill, Jade Forest",1418.5699462891,-487.70300292969,355.95999145508,0.00999999978,-0.00999999978,0,0,894,870,17197,262,6,0,4689,0,0,0,2224,0
"Dawn's Blossom, Jade Forest",1503.7099609375,-1832.1300048828,246.19999694824,0.00999999978,-0.00999999978,0,0,895,870,0,228,3,0,4689,0,0,0,61559,61587
"Dragon Soul Raid - Wyrmrest Temple Base",-1786.5699462891,-2393.2900390625,45.5805015564,0,0,0,0,906,967,0,0,1024,0,4689,0,0,0,31717,31717
"Dragon Soul Raid - East Sarlac",-1768.5799560547,-3034.75,149.94000244141,0,0,0,0,907,967,0,241,1024,0,4689,0,0,0,31717,31717
"Quest Path 2954: Quest - Valley of the Four Winds (Flyback: Chen A) PRK",516.08898925781,-698.26898193359,247.14199829102,0,0,0,0,918,870,0,0,1024,0,4689,0,0,0,61588,61588
"Quest Path 2955: Quest - Valley of the Four Winds (Flyback: Chen B) PRK",-44.66669845581,-22.24650001526,154.05000305176,0,0,0,0,919,870,0,0,1024,0,4689,0,0,0,61588,61588
"Quest Path 2956: Quest - Valley of the Four Winds (Flyback: Chen C) PRK",-203.74299621582,481.77398681641,187.18899536133,0,0,0,0,920,870,0,0,1024,0,4689,0,0,0,61588,61588
"Quest Path 2957: Quest - Valley of the Four Winds (Flyback: Chen D) PRK",-688.64099121094,1415.7299804688,135.84599304199,0,0,0,0,921,870,0,0,1024,0,4689,0,0,0,61588,61588
"Quest Path 2958: Quest - Valley of the Four Winds (Flyback: Sad Panda A) PRK",-351.7619934082,-633.40100097656,118.35800170898,0,0,0,0,922,870,0,0,1024,0,4689,0,0,0,61588,61588
"Quest Path 2959: Quest - Valley of the Four Winds (Flyback: Sad Panda B) PRK",-1159.0899658203,1035.2099609375,21.88409996033,0,0,0,0,923,870,0,0,1024,0,4689,0,0,0,61588,61588
"Quest Path 2960: Quest - Valley of the Four Winds (Flyback: Horde A) PRK",-894.29498291016,123.98100280762,13.15149974823,0,0,0,0,924,870,0,0,1024,0,4689,0,0,0,61588,61588
"Quest Path 2961: Quest - Valley of the Four Winds (Flyback: Alliance A) PRK",-1123.5500488281,-191.70500183105,31.39270019531,0,0,0,0,925,870,0,0,1024,0,4689,0,0,0,61588,61588
"Quest Path 2962: Quest - Valley of the Four Winds (Flyback: Horde B) PRK",-1679.9699707031,1593.7199707031,16.0128993988,0,0,0,0,926,870,0,0,1024,0,4689,0,0,0,61588,61588
"Quest Path 2963: Quest - Valley of the Four Winds (Flyback: Alliance B) PRK",-1157.7299804688,1768.9599609375,16.98900032043,0,0,0,0,927,870,0,0,1024,0,4689,0,0,0,61588,61588
"Quest Path 2986: Jade Forest: -hmc (Taxi: Glassfin Village to Dawnblossom)",1502.5200195312,-1831.8599853516,246.19900512695,0,0,0,0,935,870,0,0,1024,0,4689,0,0,0,61201,61201
"Quest Path 3002: Jade Forest: -hmc (Taxi: Serpent's Spine to Statue Top)",832.38000488281,-1861.9200439453,172.21000671387,0,0,0,0,949,870,0,0,1024,0,4689,0,0,0,61559,61559
"Quest Path 3003: Jade Forest: -hmc (Taxi: Statue Top to Serpent's Spine)",859.64202880859,-1916.1899414062,63.51300048828,0,0,0,0,950,870,0,0,1024,0,4689,0,0,0,61559,61559
"Quest Path 3004: Quest - Jade Forest - Fort Grookin -> Ka Pao Rise ",522.43402099609,-1665.8900146484,198.89999389648,0,0,0,0,951,870,0,0,1024,0,4689,0,0,0,60799,60799
"Quest Path 3018: Quest - Jade Forest - Glassfin Village -> Ka Pao Rise ",522.43402099609,-1665.8900146484,198.89999389648,0,0,0,0,963,870,0,0,1024,0,4689,0,0,0,60799,60799
"Paw'Don Village, Jade Forest",-307.20001220703,-1762.7700195312,61.59270095825,0.00999999978,-0.00999999978,0,0,966,870,0,232,1,0,4689,0,0,0,0,61587
"The Arboretum, Jade Forest",1600.6600341797,-2530.2700195312,152.21200561523,0.00999999978,-0.00999999978,0,0,967,870,0,231,3,0,4689,0,0,0,61559,61587
"Jade Temple Grounds, Jade Forest",773.24700927734,-2358.9599609375,120.98000335693,0.00999999978,-0.00999999978,0,0,968,870,0,233,3,0,4689,0,0,0,61559,61587
"Sri-La Village, Jade Forest",2550.7600097656,-2418.3200683594,23.95070075989,0.00999999978,-0.00999999978,0,0,969,870,0,230,3,0,4689,0,0,0,61559,61587
"Emperor's Omen, Jade Forest",2400.75,-2099.4299316406,228.03399658203,0.00999999978,-0.00999999978,0,0,970,870,0,50,3,0,4689,0,0,0,61559,61587
"Tian Monastery, Jade Forest",2505.8999023438,-1590.8900146484,400.86801147461,0.00999999978,-0.00999999978,0,0,971,870,0,3,3,0,4689,0,0,0,61559,61587
"Pearlfin Village, Jade Forest",-186.09700012207,-2594.6101074219,0.94461399317,0.00999999978,-0.00999999978,0,0,972,870,0,261,1,0,4689,0,0,0,0,61559
"Honeydew Village, Jade Forest",2927.1599121094,-509.18399047852,268.85598754883,0,0,0,0,973,870,0,1,2,0,4689,0,0,0,61559,0
"Pang's Stead, Valley of the Four Winds",543.91497802734,-637.81402587891,257.77499389648,0,0,0,0,984,870,0,239,7,0,4689,0,0,0,61559,61587
"Halfhill, Valley of the Four Winds",-221.32600402832,464.55899047852,185.44200134277,0,0,0,0,985,870,0,238,3,0,4689,0,0,0,61559,61587
"Zhu's Watch, Krasarang Wilds",-375.68399047852,-647.96502685547,117.51599884033,0,0,0,0,986,870,0,234,3,0,4689,0,0,0,61559,61587
"Thunder Cleft, Krasarang Wilds",-878.27600097656,171.40299987793,13.49009990692,0,0,0,0,987,870,0,237,6,0,4689,0,0,0,2224,0
"The Incursion, Krasarang Wilds",-1125.3100585938,-227.74699401855,31.36730003357,0,0,0,0,988,870,0,236,1,0,4689,0,0,0,0,3837
"Stoneplow, Valley of the Four Winds",-436.54000854492,1886.6999511719,131.13000488281,0,0,0,0,989,870,0,243,3,0,4689,0,0,0,61559,61587
"Dawnchaser Retreat, Krasarang Wilds",-1685.6800537109,1590.3399658203,16.13839912415,0,0,0,0,990,870,0,242,2,0,4689,0,0,0,2224,0
"Sentinel Basecamp, Krasarang Wilds",-1156.6099853516,1770.3800048828,16.98900032043,0,0,0,0,991,870,0,240,5,0,4689,0,0,0,0,3837
"Cradle of Chi-Ji, Krasarang Wilds",-2082.3000488281,1483.6300048828,0.55060398579,0,0,0,0,992,870,0,285,3,0,4689,0,0,0,61559,61587
"Marista, Krasarang Wilds",-2504.0900878906,491.5830078125,2.33204007149,0,0,0,0,993,870,0,235,3,0,4689,0,0,0,61559,61587
"Quest Path 3154: Quest - Kun-Lai Summit - Neverrest Peak -> Valley of Emperors",3575.2299804688,1217.7600097656,748.74700927734,0,0,0,0,998,870,0,0,1024,0,4689,0,0,0,60799,60799
"Quest Path 3173: Quest - Kun-Lai Summit - Valley -> Whispercloud Rise",3622.0900878906,839.25,479.20901489258,0,0,0,0,1009,870,0,0,1024,0,4689,0,0,0,60799,60799
"Quest Path 3066: Quest - Jade Forest - Serpent's Spine -> VotFW - JLR",578.35101318359,-715.82299804688,229.28399658203,0,0,0,0,1016,870,0,0,1024,0,4689,0,0,0,59101,59101
"Binan Village, Kun-Lai Summit",1690.1099853516,303.9580078125,478.58700561523,0,0,0,0,1017,870,0,263,3,0,4689,0,0,0,61559,61587
"Temple of the White Tiger, Kun-Lai Summit",3504.0400390625,690.67700195313,608.18499755859,0,0,0,0,1018,870,0,264,3,0,4689,0,0,0,61559,61587
"Eastwind Rest, Kun-Lai Summit",2250.5900878906,931.56896972656,481.14599609375,0,0,0,0,1019,870,0,265,2,0,4689,0,0,0,2224,0
"Westwind Rest, Kun-Lai Summit",2103.3500976562,1463.8299560547,487.88598632813,0,0,0,0,1020,870,0,266,1,0,4689,0,0,0,0,541
"Zouchin Village, Kun-Lai Summit",4362.9599609375,932.11798095703,110.03900146484,0,0,0,0,1021,870,0,267,3,0,4689,0,0,0,61559,61587
"One Keg, Kun-Lai Summit",3124.5200195312,1224.2800292969,654.23101806641,0,0,0,0,1022,870,0,268,3,0,4689,0,0,0,61559,61587
"Kota Basecamp, Kun-Lai Summit",2716.4299316406,2163.3100585938,589.09802246094,0,0,0,0,1023,870,0,269,3,0,4689,0,0,0,61559,61587
"Shado-Pan Fallback, Kun-Lai Summit",1880.5899658203,2088.580078125,500.85400390625,0,0,0,0,1024,870,0,270,3,0,4689,0,0,0,61559,61587
"Winter's Blossom, Kun-Lai Summit",3151.8500976562,2677.7600097656,579.73498535156,0,0,0,0,1025,870,0,271,3,0,4689,0,0,0,61559,61587
"Tavern in the Mists, The Veiled Stair",784.89898681641,-203.66999816895,402.19198608398,0,0,0,0,1029,870,0,272,3,0,4689,0,0,0,61559,61587
"Quest Path 3244: Jade Forest: -hmc (Taxi: Serpent's Spine to East Temple)",996.70001220703,-2435.4299316406,169.36000061035,0,0,0,0,1030,0,0,0,1024,0,4689,0,0,0,61559,61559
"Quest Path 3246: Quest - Kun-Lai Summit - GoWB - To the Wall! (NLC)",3018.0100097656,3006.1398925781,540.53399658203,0,0,0,0,1032,870,0,0,1024,0,4689,0,0,0,61559,61559
"Quest Path 3248: Quest - Kun-Lai Summit - GoWB - Back from the Wall (NLC)",3107.3601074219,2846.5700683594,479.14001464844,0,0,0,0,1038,870,0,0,1024,0,4689,0,0,0,61559,61559
"Jade Forest - Cliff path 04 Start",3377.1201171875,-473.21200561523,7.51540994644,0,0,0,0,1046,870,0,0,1024,0,4689,0,0,0,61588,61588
"Jade Forest - Cliff path 04 End",3279.919921875,-502.6130065918,232.93600463867,0,0,0,0,1047,870,0,0,1024,0,4689,0,0,0,61588,61588
"Quest Path 3263: Jade forest - Cliff path 04",3284.8798828125,-513.50201416016,233.43200683594,0,0,0,0,1048,870,0,0,1024,0,4689,0,0,0,61588,61588
"Quest Path 3264: Jade Forest - Cliff Path 01",3371.580078125,-736.67199707031,206.27299499512,0,0,0,0,1049,870,0,0,1024,0,4689,0,0,0,61588,61588
"Quest Path 3265: Jade Forest - Cliff Path 02",1612.0999755859,-2627.3898925781,149.89199829102,0,0,0,0,1050,870,0,0,1024,0,4689,0,0,0,61588,61588
"Quest Path 3266: Jade Forest - Cliff Path 03",2230.3701171875,-145.37199401855,304.15100097656,0,0,0,0,1051,870,0,0,1024,0,4689,0,0,0,61588,61588
"Grassy Cline, Valley of the Four Winds",460.54000854492,-100.46700286865,179.53500366211,0,0,0,0,1052,870,0,273,3,0,4689,0,0,0,61559,61587
"Longying Outpost, Townlong Steppes",2363.2299804688,2994.3898925781,420.56799316406,0,0,0,0,1053,870,0,274,3,0,4689,0,0,0,61559,61587
"Gao-Ran Battlefront, Townlong Steppes",1440.7199707031,2804.4899902344,301.92199707031,0,0,0,0,1054,870,0,275,3,0,4689,0,0,0,61559,61587
"Rensai's Watchpost, Townlong Steppes",1531.7299804688,3963.6999511719,227.66600036621,0,0,0,0,1055,870,0,276,3,0,4689,0,0,0,61559,61587
"Shado-Pan Garrison, Townlong Steppes",1803.3199462891,4204.2299804688,157.50799560547,0,0,0,0,1056,870,0,277,3,0,4689,0,0,0,61559,61587
"Shrine of Seven Stars, Vale of Eternal Blossoms",896.45300292969,334.35101318359,506.08499145508,0,0,0,0,1057,870,0,278,1,0,4689,0,0,0,0,61587
"Shrine of Two Moons, Vale of Eternal Blossoms",1580.1600341797,894.1669921875,473.96398925781,0,0,0,0,1058,870,0,279,2,0,4689,0,0,0,61559,0
"Klaxxi'vess, Dread Wastes",172.66299438477,3152.25,215.53999328613,0,0,0,0,1070,870,0,280,3,0,4689,0,0,0,61559,61587
"Soggy's Gamble, Dread Wastes",-1086.2099609375,3136.1899414062,0.98309999704,0,0,0,0,1071,870,0,281,3,0,4689,0,0,0,61559,61587
"The Sunset Brewgarden, Dread Wastes",982.67700195313,3451.8601074219,256.76998901367,0,0,0,0,1072,870,0,282,3,0,4689,0,0,0,61559,61587
"Serpent's Spine, Vale of Eternal Blossoms",611.36499023438,2125.0300292969,368.35501098633,0,0,0,0,1073,870,0,283,3,0,4689,0,0,0,61559,61587
"Quest Path 3375: Jade Forest: JSB - East Temple -> Grookin' Hill",1466.1800537109,-504.55200195313,344.60299682617,0,0,0,0,1076,870,0,0,1024,0,4689,0,0,0,61587,61587
"Quest Path 3377: Jade Forest: JSB - East Temple -> Glassfin Village",-267.66500854492,-2614.8000488281,1.46327996254,0,0,0,0,1079,870,0,0,1024,0,4689,0,0,0,61587,61587
"Serpent's Overlook, Jade Forest",465.85598754883,-1558.5600585938,154.88600158691,0,0,0,0,1080,870,0,284,3,0,4689,0,0,0,61559,61587
"The Briny Muck, Dread Wastes",-570.40502929688,3859.7900390625,0.73435801268,0,0,0,0,1090,870,0,286,3,0,4689,0,0,0,61559,61587
"Quest Path 3448: Dread Wastes: Klaxxi'vess -> Briny Muck Quest Path",-567.34600830078,3856.7299804688,1.25277996063,0,0,0,0,1091,870,0,0,1024,0,4689,0,0,0,61559,61559
"Quest Path 3449: Dread Wastes: Klaxxi'vess -> Lake of Stars Quest Path",-766.27398681641,2839.2399902344,149.4759979248,0,0,0,0,1092,870,0,0,1024,0,4689,0,0,0,61559,61559
"Test - Spy Quest H01a - PRK",4777.0498046875,-5133.3999023438,705.12298583984,0,0,0,0,1104,1,0,0,1024,0,4689,0,0,0,0,0
"Test - Spy Quest H01b - PRK",1567.3800048828,-11797.299804688,371.88101196289,0,0,0,0,1105,1,0,0,1024,0,4689,0,0,0,0,0
"Quest Path 3481: Quest - Kun-Lai Summit: JLR - Zouchin Village -> Isle of Reckoning",4810.1499023438,53.44440078735,1.78131997585,0,0,0,0,1114,870,0,0,1024,0,4689,0,0,0,60799,60799
"The Lion's Redoubt, Dread Wastes",234.40600585938,2198.0300292969,271.47698974609,0,0,0,0,1115,870,0,288,1,0,4689,0,0,0,0,61587
"Quest Path 3482: Quest - Kun-Lai Summit: JLR - Isle of Reckoning - Zouchin",4387.3999023438,838.88702392578,98.74269866943,0,0,0,0,1116,870,0,0,1024,0,4689,0,0,0,60799,60799
"Serpent's Spine, Kun-Lai Summit",2123.1499023438,2584.9299316406,542.25,0,0,0,0,1117,870,0,287,2,0,4689,0,0,0,61559,0
"Quest Path 3506: Jade Forest: -hmc (Taxi: Serpent's Spine to Statue Top) NEW (Tab 870)",832.38000488281,-1861.9200439453,172.21000671387,0,0,0,0,1130,0,0,0,1024,0,4689,0,0,0,61559,61559
"Quest Path 3507: Jade Forest: -hmc (Taxi: Statue Top to Serpent's Spine) NEW (Tab 870)",859.64202880859,-1916.1899414062,63.51300048828,0,0,0,0,1131,0,0,0,1024,0,4689,0,0,0,61559,61559
"Lion's Landing, Krasarang Wilds",-1193.5600585938,-1193.6999511719,37.21189880371,0,0,0,0,1190,870,19486,290,1,0,4689,0,0,0,0,541
"Domination Point, Krasarang Wilds",-1752.1899414062,2492.0200195312,34.51319885254,0,0,0,0,1195,870,0,291,2,0,4689,0,0,0,20413,0
"Beeble's Wreck, Isle Of Giants",5753.759765625,1255.5500488281,1.5147600174,0,0,0,0,1221,870,0,292,1,0,4689,0,0,0,0,541
"Bozzle's Wreck, Isle Of Giants",5799.6401367188,1080.5699462891,1.13505005836,0,0,0,0,1222,870,0,293,2,0,4689,0,0,0,2224,0
"Quest Path 3877: Garrosh Raid - Siege Engineer - Pipe Transfer",1989.4200439453,-5508.5498046875,-250.08000183105,0,0,0,0,1284,0,0,0,1024,0,4689,0,0,0,18392,18392
"Quest Path 3886: Timeless Isle 5.4 - Vignette - Source of Water - Bubble Down (RKS) [REUSEME]",-597.56597900391,-5239.5297851562,10.43080043793,0,0,0,0,1292,870,0,0,1024,0,4689,0,0,0,71886,71886
"Tushui Landing, Timeless Isle",-901.36999511719,-4639.1201171875,4.96100997925,0,0,0,0,1293,870,0,297,1,0,4689,0,0,0,0,61587
"Huojin Landing, Timeless Isle",-404.95001220703,-4608.5600585938,4.33349990845,0,0,0,0,1294,870,0,298,2,0,4689,0,0,0,61559,0
"Shadowmoon Valley 6.0 - Observatory (JP3)",966.91802978516,-1029.6500244141,116.26100158691,0,0,0,0,1350,1116,0,0,1024,0,4689,0,0,0,0,0
"Shadowmoon Valley 6.0 - Ironhorde POI (JP3)",966.91802978516,-1029.6500244141,116.26100158691,0,0,0,0,1351,1116,0,0,1024,0,4689,0,0,0,0,0
"Embaari Village, Shadowmoon Valley",918.26397705078,-792.36102294922,-28.83379936218,0,0,0,0,1381,1116,0,299,1,0,4689,0,0,0,0,81930
"Twilight Glade, Shadowmoon Valley",195.23599243164,-459.20001220703,-3.95986008644,0,0,0,0,1382,1116,0,300,1,0,4689,0,0,0,0,81930
"Path of the Light, Shadowmoon Valley",602.69799804688,-1710.4499511719,26.48369979858,0,0,0,0,1383,1116,0,301,1,0,4689,0,0,0,0,81930
"Exile's Rise, Shadowmoon Valley",1526.3800048828,-788.89099121094,43.06470108032,0,0,0,0,1384,1116,0,302,3,0,4689,0,0,0,69066,82757
"Wor'gol, Frostfire Ridge",5988.6801757812,6180.8598632812,71.12470245361,0,0,0,0,1386,1116,0,312,2,0,4689,0,0,0,82757,0
"Bladespire Citadel, Frostfire Ridge",6754.5600585938,6012.5400390625,250.03399658203,0,0,0,0,1387,1116,0,313,2,0,4689,0,0,0,82757,0
"Throm'Var, Frostfire Ridge",7879.5698242188,5560.169921875,111.11699676514,0,0,0,0,1388,1116,0,314,2,0,4689,0,0,0,82757,0
"Bloodmaul Slag Mines, Frostfire Ridge",7399.4501953125,4358.41015625,126.40599822998,0,0,0,0,1389,1116,0,316,3,0,4689,0,0,0,82757,85795
"Stonefang Outpost, Frostfire Ridge",6157.5600585938,5052.4399414062,134.31500244141,0,0,0,0,1390,1116,0,317,2,0,4689,0,0,0,82757,0
"Thunder Pass, Frostfire Ridge",5789.5698242188,2394.8898925781,201.35400390625,0,0,0,0,1395,1116,0,330,10,0,4689,0,0,0,82757,0
"Darkspear's Edge, Frostfire Ridge",6600,4342.5498046875,91.11150360107,0,0,0,0,1396,1116,0,319,2,0,4689,0,0,0,69066,0
"Warspear, Ashran",5356.2299804688,-3942.2399902344,32.73310089111,0,0,0,0,1408,1116,0,328,2,0,4689,0,0,0,69066,0
"Stormshield (Alliance), Ashran",3685.1499023438,-3840.4699707031,44.98189926147,0,0,0,0,1420,1116,0,329,5,0,4689,0,0,0,0,69067
"Shadowmoon Valley 6.0:Jp3 - Darktide Roost - Bottom Of Hill",0,0,0,0,0,0,0,1421,0,0,0,1024,0,4689,0,0,0,0,0
"Shadowmoon Valley 6.0:JP3 - Darktide Roost - Top of Hill",0,0,0,0,0,0,0,1422,0,0,0,1024,0,4689,0,0,0,0,0
"Frostwall Garrison, Frostfire Ridge",5578.9399414062,4564.83984375,136.87399291992,0,0,0,0,1432,1116,0,342,2,0,4689,0,0,0,69066,0
"Zangarra, Talador",3418.7800292969,1040.1500244141,178.08500671387,0,0,0,0,1440,1116,0,343,3,0,4689,0,0,0,69066,69067
"Frostwolf Overlook, Talador",4008.8601074219,2166.8701171875,119.80500030518,0,0,0,0,1441,1116,0,344,2,0,4689,0,0,0,69066,0
"Beastwatch, Gorgrond",5815.509765625,1304.3399658203,109.125,0,0,0,0,1442,1116,0,345,2,0,4689,0,0,0,84351,0
"Vol'jin's Pride, Talador",3258.830078125,1609.2700195312,162.39599609375,0,0,0,0,1443,1116,0,346,2,0,4689,0,0,0,69066,0
"Durotan's Grasp, Talador",2808.7900390625,2525.7399902344,120.93900299072,0,0,0,0,1445,1116,0,347,2,0,4689,0,0,0,69066,0
"Fort Wrynn (Alliance), Talador",3576.8100585938,1669.4000244141,172.79200744629,0,0,0,0,1447,1116,0,349,1,0,4689,0,0,0,0,69067
"Redemption Rise, Talador",3407.7299804688,2062,160.39799499512,0,0,0,0,1448,1116,0,352,1,0,4689,0,0,0,0,81930
"Shattrath City, Talador",2727.1599121094,2777,242.93299865723,0,0,0,0,1450,1116,0,355,3,0,4689,0,0,0,82762,82762
"Anchorite's Sojourn, Talador",2171.8200683594,1059.2199707031,112.51699829102,0,0,0,0,1451,1116,0,357,1,0,4689,0,0,0,0,81930
"Retribution Point, Talador",1378.4000244141,3318.5200195312,138.13400268555,0,0,0,0,1452,1116,0,358,3,0,4689,0,0,0,82762,82762
"Exarch's Refuge, Talador",1696.5,2561.3500976562,133.65899658203,0,0,0,0,1453,1116,0,359,1,0,4689,0,0,0,0,82762
"Exarch's Refuge, Talador",1731.0899658203,2581.5300292969,133.65899658203,0,0,0,0,1454,1116,0,371,2,0,4689,0,0,0,69066,0
"Terokkar Refuge, Talador",2158.6499023438,1634.4699707031,131.81700134277,0,0,0,0,1462,1116,0,373,3,0,4689,0,0,0,87455,87455
"Quest Path 4263: Draenor Zone Breadcrumb - Frostfire Garrison > Talador Start Loc (CSA)",3305.7700195312,1541.4699707031,158.35600280762,0,0,0,0,1463,1116,0,0,1024,0,4689,0,0,0,69066,69066
"Quest Path 4266: Draenor Zone Breadcrumb - Shadowmoon Garrison > Talador Start Loc (CSA)",3611.4399414062,1762.0500488281,183.20899963379,0,0,0,0,1464,1116,0,0,1024,0,4689,0,0,0,69067,69067
"Quest Path 4269: Draenor Zone Breadcrumb - Shadowmoon Garrison > Nagrand Start Loc (ELM)",2196.7600097656,4141.9399414062,200.76300048828,0,0,0,0,1465,1116,0,0,1024,0,4689,0,0,0,69067,69067
"Quest Path 4270: Draenor Zone Breadcrumb - Frostfire Ridge Garrison > Nagrand Start Loc (ELM)",2195.8100585938,4140.1298828125,201.98899841309,0,0,0,0,1466,1116,0,0,1024,0,4689,0,0,0,69066,69066
"The Draakorium, Shadowmoon Valley",128.56900024414,-1555.75,31.48259925842,0,0,0,0,1467,1116,0,318,1,0,4689,0,0,0,0,81930
"Elodor (Alliance), Shadowmoon Valley",1240.1999511719,-1666.4300537109,44.88349914551,0,0,0,0,1468,1116,0,341,1,0,4689,0,0,0,0,81930
"Socrethar's Rise, Shadowmoon Valley",-799.67401123047,-671.42401123047,107.10199737549,0,0,0,0,1475,1116,0,374,3,0,4689,0,0,0,85795,69067
"Lunarfall (Alliance), Shadowmoon Valley",1866.5600585938,219.46699523926,77.5279006958,0,0,0,0,1476,1116,0,376,1,0,4689,0,0,0,0,69067
"Quest Path 4316: Frostfire Ridge - Garrison - Max-Level Chapter - Sargerei - Taxi Path to Shadowmoon (HMC)",-800.44000244141,-669.34002685547,107.41999816895,0,0,0,0,1477,0,0,0,1024,0,4689,0,0,0,82757,82757
"Axefall, Spires of Arak",-368.20098876953,2285.5500488281,33.98300170898,0,0,0,0,1487,1116,0,375,2,0,4689,0,0,0,69066,0
"Quest Path 4333: Shadowmoon Valley 6.0:JP3 - Darktide Roost - Taxi Path to Darktide Roost",-1072.0600585938,-1710.5600585938,7.3601398468,0,0,0,0,1488,1116,0,0,1024,0,4689,0,0,0,541,541
"Quest Path 4334: Frostfire Ridge:JP3 - Darktide Roost - Taxi to Darktide Roost",-1069.6099853516,-1588.7299804688,1.44204998016,0,0,0,0,1489,1116,0,0,1024,0,4689,0,0,0,82757,82757
"Quest Path 4337: Spires of Arak 6.0 - Horde Garrison Outpost > Shadow's Defiance",438.57598876953,1507.9499511719,129.44000244141,0,0,0,0,1490,1116,0,0,1024,0,4689,0,0,0,69066,69066
"Southport, Spires of Arak",-1117.4499511719,2316.9699707031,1.96072995663,0,0,0,0,1493,1116,0,311,1,0,4689,0,0,0,0,69067
"Quest Path 4341: Spires of Arak 6.0 - Alliance Garrison Outpost > Shadow's Defiance",438.07800292969,1507.5999755859,129.21899414063,0,0,0,0,1494,1116,0,0,1024,0,4689,0,0,0,69067,69067
"Quest Path 4342: Shadowmoon Valley 6.0:JP3 - A - Broken Precipice - Taxi Path to Broken Precipice ",3860.5900878906,6933.58984375,13.8501996994,0,0,0,0,1495,1116,0,0,1024,0,4689,0,0,0,69067,69067
"Quest Path 4345: Spires of Arak 6.0 - Shattered Hand Poison Camp > Horde Garrison Outpost",-368.80899047852,2286.1201171875,34.02970123291,0,0,0,0,1496,1116,0,0,1024,0,4689,0,0,0,69066,69066
"Quest Path 4346: Spires of Arak 6.0 - Shattered Hand Poison Camp > Alliance Garrison Outpost",-1114.3399658203,2312.9399414062,3.05703997612,0,0,0,0,1497,1116,0,0,1024,0,4689,0,0,0,69067,69067
"Quest Path 4353: Frostfire Ridge:JP3 - Broken Precipice - Taxi to Nagrand / Broken Precipice",3867.3898925781,6929.3598632812,15.29909992218,0,0,0,0,1498,1116,0,0,1024,0,4689,0,0,0,69066,69066
"The Ring of Trials, Nagrand",3040.7800292969,4783.080078125,128.27499389648,0,0,0,0,1502,1116,0,372,3,0,4689,0,0,0,82838,82757
"Throne of the Elements, Nagrand",3918.7900390625,5131.4501953125,62.72800064087,0,0,0,0,1503,1116,0,377,3,0,4689,0,0,0,82838,82757
"Wor'var, Nagrand",3235.7299804688,4584.5498046875,144.60699462891,0,0,0,0,1504,1116,0,378,2,0,4689,0,0,0,69066,0
"Riverside Post, Nagrand",3102.8100585938,6500.3798828125,17.63170051575,0,0,0,0,1505,1116,0,379,2,0,4689,0,0,0,69066,0
"Telaari Station, Nagrand",2594.25,5700.6298828125,100.53600311279,0,0,0,0,1506,1116,0,380,1,0,4689,0,0,0,0,69067
"Yrel's Watch, Nagrand",3384.169921875,5755.580078125,39.18510055542,0,0,0,0,1507,1116,0,381,1,0,4689,0,0,0,0,69067
"Veil Terokk, Spires of Arak",-398.9880065918,1880.1199951172,51.26839828491,0,0,0,0,1508,1116,0,382,3,0,4689,0,0,0,87455,87455
"Talon Watch, Spires of Arak",-335.45098876953,926.62200927734,75.21530151367,0,0,0,0,1509,1116,0,385,3,0,4689,0,0,0,87455,87455
"Pinchwhistle Gearworks, Spires of Arak",-1579.1400146484,993.09002685547,8.08963012695,0,0,0,0,1510,1116,0,386,3,0,4689,0,0,0,28625,28625
"Bastion Rise, Gorgrond",4552.2700195312,1274.5600585938,144.92799377441,0,0,0,0,1511,1116,0,387,1,0,4689,0,0,0,0,88786
"Bastion Rise, Gorgrond",4641.6201171875,1188.0699462891,137.08799743652,0,0,0,0,1512,1116,0,388,2,0,4689,0,0,0,84351,0
"Apexis Excavation, Spires of Arak",387.5419921875,2442.7299804688,19.3169002533,0,0,0,0,1513,1116,0,389,3,0,4689,0,0,0,87455,87455
"Evermorn Springs, Gorgrond",4837.6298828125,1687.5500488281,148.98300170898,0,0,0,0,1514,1116,0,390,2,0,4689,0,0,0,84351,0
"Crow's Crook, Spires of Arak",128.61500549316,1544.6300048828,-1.7282500267,0,0,0,0,1515,1116,0,391,3,0,4689,0,0,0,87455,87455
"Wildwood Wash, Gorgrond",6456.1000976562,-174.75500488281,120.07099914551,0,0,0,0,1518,1116,0,393,1,0,4689,0,0,0,0,88786
"Highpass, Gorgrond",6352.580078125,746.23400878906,116.16300201416,0,0,0,0,1519,1116,0,394,1,0,4689,0,0,0,0,88786
"Breaker's Crown, Gorgrond",6593.4301757812,1316.0400390625,64.63430023193,0,0,0,0,1520,1116,29229,396,3,0,4689,0,0,0,87455,87455
"Deeproot, Gorgrond",5412.8500976562,1271.0500488281,101.88999938965,0,0,0,0,1523,1116,0,392,1,0,4689,0,0,0,0,88786
"Iron Docks, Gorgrond",8486.150390625,1544.2399902344,78.87539672852,0,0,0,0,1524,1116,0,395,3,0,4689,0,0,0,87455,87455
"Quest Path 4442: Spires of Arak: (DLA) - Veil Terokk -> Talon Watch Breadcrumb",-347.26699829102,930.75201416016,75.64409637451,0,0,0,0,1527,1116,0,0,1024,0,4689,0,0,0,84517,84517
"Iron Siegeworks, Frostfire Ridge",5724.259765625,2163.6398925781,157.57499694824,0,0,0,0,1528,1116,0,397,1,0,4689,0,0,0,0,81930
"Darktide Roost, Shadowmoon Valley",-974.125,-1739.3000488281,2.99791002274,0,0,0,0,1529,1116,0,398,3,0,4689,0,0,0,82757,82757
"Quest Path 4535: Quest Path - Spires of Arak 6.0 - Horde Garrison Outpost > Pinchwhistle Gearworks (LWB)",-1581.1300048828,994.18200683594,8.08963012695,0,0,0,0,1535,1116,0,0,1024,0,4689,0,0,0,69066,69066
"Quest Path 4538: Quest Path - Spires of Arak 6.0 - Alliance Garrison Outpost > Pinchwhistle Gearworks (LWB)",-1581.8000488281,996.68597412109,9.2212896347,0,0,0,0,1536,1116,0,0,1024,0,4689,0,0,0,69067,69067
"Shattered Landing, Blasted Lands",-11771.200195312,-3867.3200683594,58.49089813232,0,0,0,0,1537,1190,28231,399,10,0,4689,0,0,0,2224,0
"Shattered Beachhead, Blasted Lands",-11254,-3666.5700683594,6.55275011063,0,0,0,0,1538,1190,28232,400,9,0,4689,0,0,0,0,541
"Skysea Ridge, Gorgrond",7596.2001953125,1829.0500488281,79.07720184326,0,0,0,0,1539,1116,0,402,3,0,4689,0,0,0,85796,69067
"Quest Path 4579: Talador 6.0 - Zangarra > Khadgar's Tower",3198.0600585938,846.59899902344,84.57740020752,0,0,0,0,1540,1116,0,0,1024,0,4689,0,0,0,79302,79302
"Quest Path 4580: Talador 6.0 - Khadgar's Tower > Zangarra",3391.919921875,1029.8000488281,178.80700683594,0,0,0,0,1541,1116,0,0,1024,0,4689,0,0,0,79302,79302
"Quest Path 4590: Shadowmoon Valley 6.0:JP3 - A - Ashran - Taxi Path to Ashran Staging Area",3685.1000976562,-3837.419921875,44.98170089722,0,0,0,0,1547,1116,0,0,1024,0,4689,0,0,0,69067,69067
"Quest Path 4600: Frostfire Ridge:JP3 - Ashran Staging Area - Taxi to Ashran",5357.8999023438,-3940.419921875,32.73310089111,0,0,0,0,1549,1116,0,0,1024,0,4689,0,0,0,69066,69066
"Quest Path 4599: Shadowmoon 6.x - ""The Search for Owynn Graddock"": Garrison, Shadowmoon Valley -> Bloodmaul Slag Mines, Frostfire Ridge (HMC)",7400.6401367188,4358.6899414062,126.41000366211,0,0,0,0,1550,0,0,0,1024,0,4689,0,0,0,541,541
"Quest Path 4634: Shadowmoon 6.x - ""Pinchwhistle Gearworks"": Garrison, Shadowmoon Valley -> Pinchwhistle Gearworks, Spires of Arak (LWB)",-1577.9599609375,993.76000976563,8.08963012695,0,0,0,0,1553,1116,0,0,1024,0,4689,0,0,0,541,541
"Quest Path 4635: Frostfire 6.x - ""Pinchwhistle Gearworks"": Garrison, Frostfire ->Pinchwhistle Gearworks, Spires of Arak (LWB)",-1577.7399902344,993.81402587891,8.08963012695,0,0,0,0,1554,1116,0,0,1024,0,4689,0,0,0,82757,82757
"Quest Path 4636: Shadowmoon Valley, Tier 3 Garrison -> Ashran, Stormshield (Shortcut Path) (CSA)",3686.5900878906,-3846.6799316406,45.0399017334,0,0,0,0,1555,1191,0,0,1024,0,4689,0,0,0,86619,86619
"Tranquil Court, Shadowmoon Valley",407.0419921875,-2449.7299804688,99.26370239258,0,0,0,0,1556,1116,0,404,1,0,4689,0,0,0,0,81930
"Wolf's Stand, Frostfire Ridge",5830.8598632812,3004.0900878906,183.21000671387,0,0,0,0,1559,1116,0,401,2,0,4689,0,0,0,82757,0
"Quest Path 4665: Ashran - Lane - Warspear to Stormshield",4061.2399902344,-4077.9399414062,61.21559906006,0,0,0,0,1562,1191,0,0,1024,0,4689,0,0,0,68771,68771
"Quest Path 4666: Ashran - Lane - Stormshield to Warspear",5037.7099609375,-4197.6298828125,46.89459991455,0,0,0,0,1563,1191,0,0,1024,0,4689,0,0,0,68773,68773
"Temple of Karabor, Shadowmoon Valley",405.78799438477,-2448.75,99.26429748535,0,0,0,0,1567,1116,0,403,1025,0,4689,0,0,0,0,81930
"Everbloom Wilds, Gorgrond",7093.6000976562,404.73999023438,112.00099945068,0,0,0,0,1568,1116,0,405,3,0,4689,0,0,0,85795,69067
"Akeeta's Hovel, Shadowmoon Valley",676.42401123047,701.43902587891,113.95999908447,0,0,0,0,1569,1116,0,406,3,0,4689,0,0,0,87455,87455
"Rilzit's Holdfast, Nagrand",3761.2600097656,6430.1499023438,21.66690063477,0,0,0,0,1572,1116,0,408,3,0,4689,0,0,0,82838,82838
"Nivek's Overlook, Nagrand",2053.6599121094,6507.3901367188,32.26399993896,0,0,0,0,1573,1116,0,407,3,0,4689,0,0,0,82838,82757
"Joz's Rylaks, Nagrand",3676.0400390625,5776.1899414062,45.40129852295,0,0,0,0,1574,1116,0,409,3,0,4689,0,0,0,82838,82757
"Everbloom Overlook, Gorgrond",8018.08984375,-560.48999023438,154.96699523926,0,0,0,0,1580,1116,0,410,3,0,4689,0,0,0,82838,69067
"Quest Path 4881: Lunarfall, Shadowmoon Valley -> Terokkar Pass, Spires of Arak",779.62701416016,2418.2399902344,227.92300415039,0,0,0,0,1581,1116,0,0,1024,0,4689,0,0,0,69067,69067
"Quest Path 4888: Frostwall Garrison, Frostfire Ridge -> Terokkar Pass, Spires of Arak",778.20001220703,2417.919921875,227.92300415039,0,0,0,0,1582,1116,0,0,1024,0,4689,0,0,0,69066,69066
"Quest Path 4958: Garrison - 6.1 Chapter - H - Taxi to Iron Docks - JMC",9227,489,7.17000007629,0,0,0,0,1599,0,0,0,1024,0,4689,0,0,0,87502,87502
"Quest Path 4960: Garrison - 6.1 Chapter - H - Taxi from Iron Docks to Garrison - JMC",5579.0400390625,4564.7202148438,136.21800231934,0,0,0,0,1601,1116,0,0,1024,0,4689,0,0,0,85796,85796
"Quest Path 4965: Garrison - 6.1 Chapter - A - Taxi from Garrison to Iron Docks - JMC",9068,744,6.90999984741,0,0,0,0,1605,1116,0,0,1024,0,4689,0,0,0,28783,28783
"Quest Path 4966: Garrison - 6.1 Chapter - A - Taxi from Iron Docks to Garrison - JMC",1866.1500244141,219.7200012207,77.07430267334,0,0,0,0,1606,1116,0,0,1024,0,4689,0,0,0,71260,71260
"Azurewing Repose, Azsuna",576.40502929688,6644.0297851562,58.5,0,0,0,0,1613,1220,0,411,3,0,4689,0,0,0,31694,31694
"Quest Path 4974: 6.2 Tanaan - Quest - H - From Vol'mar to Iron Front - JMC",3976.3798828125,1218.9499511719,164.19700622559,0,0,0,0,1614,1116,0,0,1024,0,4689,0,0,0,69066,69066
"Challiane's Terrace, Azsuna",1406.0799560547,7140.7001953125,60.78300094604,0,0,0,0,1615,1220,0,412,3,0,4689,0,0,0,117083,117083
"Lion's Watch, Tanaan Jungle",3875.2199707031,-1311.7199707031,90.46730041504,0,0,0,0,1620,1116,33173,413,1,0,4689,0,0,0,0,69067
"Vol'mar, Tanaan Jungle",4307.91015625,-1465.3100585938,78.94390106201,0,0,0,0,1621,1116,33174,414,2,0,4689,0,0,0,85796,0
"Illidari Stand, Azsuna",-117.83499908447,6891.1899414062,16.66150093079,0,0,0,0,1622,1220,0,415,3,0,4689,0,0,0,99257,99257
"Quest Path 4987: 6.2 Tanaan - Lion's Watch - Taxi Path to Aktar's Post (LWB)",4565.330078125,334.96200561523,220.92700195313,0,0,0,0,1625,1116,0,0,1024,0,4689,0,0,0,541,541
"Quest Path 4988: 6.2 Tanaan - Volmar - Taxi Path to Aktar's Post (LWB)",4565.7001953125,335.36801147461,220.92700195313,0,0,0,0,1626,1116,0,0,1024,0,4689,0,0,0,69066,69066
"Shackle's Den, Azsuna",-784.17401123047,6130.0400390625,4.64581012726,0,0,0,0,1633,1220,0,419,3,0,4689,0,0,0,117082,117082
"Quest Path 5017: 7.0 Azsuna - Rift 01 - East Chasm -> West Chasm",869.94598388672,6285.8500976562,219.16700744629,0,0,0,0,1634,1220,0,0,1024,0,4689,0,0,0,79302,79302
"Quest Path 5018: 7.0 Azsuna - Rift 01 - West Chasm -> East Chasm",690.04498291016,6201.7099609375,91.073097229,0,0,0,0,1635,1220,0,0,1024,0,4689,0,0,0,79302,79302
"Quest Path 5019: 7.0 Azsuna - Rift 02 - Tower -> Rock (ZTO)",1263.1700439453,5984.6401367188,170.58799743652,0,0,0,0,1636,1220,0,0,1024,0,4689,0,0,0,79302,79302
"Quest Path 5020: 7.0 Azsuna - Rift 03, Tower - Base -> Top (ZTO/PRK)",987.22100830078,6171.8901367188,111.67099761963,0,0,0,0,1637,1220,0,0,1024,0,4689,0,0,0,79302,79302
"Quest Path 5026: 6.2 Tanaan - Quest - A - From Lion's Watch to Iron Front - JMC",4071.2099609375,1185.9100341797,160.625,0,0,0,0,1642,1464,0,0,1024,0,4689,0,0,0,69067,69067
"Aktar's Post, Tanaan Jungle",4569.4399414062,335.0539855957,221.19700622559,0,0,0,0,1643,1116,0,422,3,0,4689,0,0,0,84517,84517
"The Iron Front, Tanaan Jungle",3979.3000488281,1216.6199951172,164.19700622559,0,0,0,0,1644,1116,923,421,2,0,4689,0,0,0,85796,0
"The Iron Front, Tanaan Jungle",4074.9699707031,1183.75,160.92799377441,0,0,0,0,1645,1116,924,420,5,0,4689,0,0,0,0,69067
"Vault of the Earth, Tanaan Jungle",3475.2800292969,-762.55200195313,41.39059829712,0,0,0,0,1646,1116,0,417,3,0,4689,0,0,0,85796,85796
"Malo's Lookout, Tanaan Jungle",4457.5400390625,-574.69299316406,49.37649917603,0,0,0,0,1647,1116,0,423,3,0,4689,0,0,0,26164,26164
"Sha'naari Refuge, Tanaan Jungle",3728.3798828125,157.93099975586,56.11529922485,0,0,0,0,1648,1116,0,424,3,0,4689,0,0,0,81930,81930
"Bret Test 3-3s",15589.5,-16185.400390625,49.8802986145,0,0,0,0,1660,451,0,425,1024,0,4689,0,0,0,27179,27179
"Bret Test 3-3e",15574.200195312,-16164.200195312,47.17729949951,0,0,0,0,1661,451,0,426,1024,0,4689,0,0,0,27179,27179
"Carl Test a",15574.200195312,-16164.200195312,47,0,0,0,0,1662,451,0,0,1024,0,4689,0,0,0,27179,27179
"Lorlathil, Val'sharah",2299.8798828125,6577.66015625,141.78700256348,0,0,0,0,1673,1220,0,427,3,0,4689,0,0,0,54271,54271
"Bradensbrook, Val'sharah",2814.2900390625,7275.8198242188,22.35320091248,0,0,0,0,1713,1220,0,428,3,0,4689,0,0,0,69067,69067
"Quest Path 5222: Garrison, Alliance Shipyard -> Tanaan (IGC)",3441.7800292969,-2148.6398925781,7.37671995163,0,0,0,0,1716,1116,0,0,1024,0,4689,0,0,0,17972,17972
"Thunder Totem, Highmountain",4156.509765625,4374.4501953125,768.15997314453,0,0,0,0,1719,1220,0,429,3,0,4689,0,0,0,98937,98937
"Quest Path 5262: Stormheim: (DLA) - Valdisdall -> Dreadwake (Spell Taxi)",2493.7900390625,2009.8599853516,9.90316963196,0,0,0,0,1722,1220,0,0,1024,0,4689,0,0,0,87442,87442
"Quest Path 5263: Stormheim: (DLA) - Valdisdall -> Greywatch (Spell Taxi)",2862.9299316406,851.04498291016,77.8629989624,0,0,0,0,1723,1220,0,0,1024,0,4689,0,0,0,68771,68771
"Quest Path 5283: Alliance Garrison (Tier 3) > Alliance Shipyard",2134.3500976562,383.81100463867,16.45759963989,0,0,0,0,1729,1159,0,0,1024,0,4689,0,0,0,541,541
"Quest Path 5284: Alliance Shipyard > Alliance Garrison (Tier 3)",2259.419921875,412.54000854492,6.07525014877,0,0,0,0,1730,1473,0,0,1024,0,4689,0,0,0,541,541
"Alliance Shipyard Taxi",2138.8000488281,380.13198852539,16.27499961853,0,0,0,0,1731,1473,0,431,1024,0,4689,0,0,0,0,0
"Quest Path 5286: 7.0 DH-Mardum - Illidari Foothold -> The Fel Hammer (ELM)",1464.9899902344,1410.9499511719,244.21699523926,0,0,0,0,1732,1481,0,0,1024,0,4689,0,0,0,113833,113833
"Cullen's Post, Stormheim",2885.6499023438,2422.6101074219,242.82899475098,0,0,0,0,1738,1220,0,432,2,0,4689,0,0,0,109680,0
"Dreadwake's Landing, Stormheim",2355.7199707031,1870.0899658203,24.98850059509,0,0,0,0,1739,1220,0,434,2,0,4689,0,0,0,27179,0
"Forsaken Foothold, Stormheim",3987.5400390625,2914.2900390625,241.25700378418,0,0,0,0,1741,1220,0,438,2,0,4689,0,0,0,27179,0
"Valdisdall, Stormheim",3205.5900878906,1515.5799560547,180.90100097656,0,0,0,0,1742,1220,0,439,3,0,4689,0,0,0,109682,109682
"Greywatch, Stormheim",2863.9299316406,849.17498779297,77.88590240479,0,0,0,0,1744,1220,0,435,1,0,4689,0,0,0,0,69067
"Lorna's Watch, Stormheim",2704.4899902344,2860.2299804688,309.26300048828,0,0,0,0,1745,1220,0,437,1,0,4689,0,0,0,0,27491
"Skyfire Triage Camp, Stormheim",3217.6000976562,3079.919921875,440.30200195313,0,0,0,0,1747,1220,0,436,1,0,4689,0,0,0,0,27491
"Quest Path 5333: 7.0 Artifacts - Monk - Order Formation - Number Nine Flight - LWB",3833.1201171875,1727.8699951172,946.42297363281,0,0,0,0,1748,1014,0,0,1024,0,4689,0,0,0,98317,98317
"Skyhorn, Highmountain",4833.9301757812,3967.3701171875,832.17498779297,0,0,0,0,1753,1220,0,430,3,0,4689,0,0,0,98937,98937
"The Witchwood, Highmountain",5116.1098632812,4982.16015625,752.71099853516,0,0,0,0,1754,1220,0,441,3,0,4689,0,0,0,98937,98937
"Felbane Camp, Highmountain",5108.330078125,5570.6098632812,119.21800231934,0,0,0,0,1755,1220,0,442,3,0,4689,0,0,0,98937,98937
"Shipwreck Cove, Highmountain",6466.83984375,4727.990234375,13.61979961395,0,0,0,0,1756,1220,0,444,7,0,4689,0,0,0,69067,69067
"Obsidian Overlook, Highmountain",2971.6899414062,4343.4599609375,652.03198242188,0,0,0,0,1758,1220,0,440,3,0,4689,0,0,0,98937,98937
"Ironhorn Enclave, Highmountain",3005.7199707031,3668.4699707031,1386.3399658203,0,0,0,0,1759,1220,0,445,3,0,4689,0,0,0,98937,98937
"Trueshot Lodge, Highmountain",4634.2900390625,5339.419921875,849.23101806641,0,0,0,0,1760,1220,38053,446,11,0,4689,0,0,0,69067,69067
"Prepfoot, Highmountain",5613.3999023438,3585.0300292969,237.09899902344,0,0,0,0,1761,1220,0,447,3,0,4689,0,0,0,98937,98937
"Starsong Refuge, Val'sharah",3094.0600585938,5807.2099609375,300.5719909668,0,0,0,0,1764,1220,0,451,3,0,4689,0,0,0,3837,3837
"Garden of the Moon, Val'sharah",2841.7900390625,6482.2900390625,206.32600402832,0,0,0,0,1766,1220,0,450,3,0,4689,0,0,0,54271,54271
"Nesingwary's Retreat, Highmountain",4483.4599609375,4843.2900390625,662.35198974609,0,0,0,0,1767,1220,0,448,3,0,4689,0,0,0,69067,69067
Dalaran,-860.82800292969,4295.9501953125,745.24200439453,0,0,0,0,1774,1220,0,449,19,0,4689,0,0,0,69066,541
"Sylvan Falls, Highmountain",3853.5500488281,5150.58984375,644.59698486328,0,0,0,0,1777,1220,0,452,3,0,4689,0,0,0,98937,98937
"Stonehoof Watch, Highmountain",3891.9499511719,3500.1799316406,800.65802001953,0,0,0,0,1778,1220,0,453,3,0,4689,0,0,0,98937,98937
"Quest Path 5500: 7.0 Azsuna - Rift 02 - Rock -> Tower (ZTO)",1183.6600341797,5961.830078125,116.41000366211,0,0,0,0,1783,1220,0,0,1024,0,4689,0,0,0,79302,79302
"Quest Path 5509: 7.0 Highmountain - Stonehoof Watch -> Sylvan Falls (Quest, ZTO)",3854.7199707031,5149.0400390625,644.88397216797,0,0,0,0,1784,1220,0,0,1024,0,4689,0,0,0,95076,95076
"Quest Path 5512: Quest Path 5020: 7.0 Azsuna - Rift 03, Base - Tower (ZTO)",993.24298095703,6170.25,163.78300476074,0,0,0,0,1787,1220,0,0,1024,0,4689,0,0,0,79302,79302
"Quest Path 4621: [OLD]7.0 Quest - Azsuna (Down to Azsuna: Unlearned Taxi Dalaran --> Azsuna - Alliance) - ELM",-80.68060302734,6848.75,30.4533996582,0,0,0,0,1800,1220,0,0,1024,0,4689,0,0,0,68771,68771
"Quest Path 5597: [OLD]7.0 Quest - Azsuna (Down to Azsuna: Unlearned Taxi Dalaran --> Azsuna - Horde) - ELM",-80.68060302734,6848.75,30.4533996582,0,0,0,0,1801,1220,0,0,1024,0,4689,0,0,0,68773,68773
"Quest Path 5615: 7.0 Dalaran -> Trueshot Lodge, Highmountain",4633.740234375,5340.7202148438,849.11999511719,0,0,0,0,1803,0,0,0,1024,0,4689,0,0,0,69067,69067
"Quest Path 5643: 7.0 Quest - Azsuna (Down to Azsuna: Unlearned Taxi Dalaran --> Azsuna - Alliance) - ELM",-80.68060302734,6848.75,30.4533996582,0,0,0,0,1813,1220,0,0,1024,0,4689,0,0,0,68771,68771
"Quest Path 5645: [OLD2]7.0 Quest - Azsuna (Down to Azsuna: Unlearned Taxi Dalaran --> Azsuna - Horde) - ELM",-80.68060302734,6848.75,30.4533996582,0,0,0,0,1814,1220,0,0,1024,0,4689,0,0,0,68773,68773
"The Dreamgrove, Val'sharah (Druids Only)",4074.3200683594,7225.4501953125,51.49890136719,0,0,0,0,1815,1220,44322,455,11,0,4689,0,0,0,54271,54271
"Quest Path 5654: 7.0 Artifacts - Druid - Feral - Q:42428 - Dreamgrove -> Ashamane's Fall - LWB",3233.6101074219,5750.0200195312,320.03900146484,0,0,0,0,1818,1220,0,0,1024,0,4689,0,0,0,100483,100483
"Quest Path 5655: 7.0 Quest - Azsuna (Down to Azsuna: Unlearned Taxi Dalaran --> Azsuna - Horde) - ELM",-80.68060302734,6848.75,30.4533996582,0,0,0,0,1819,1220,0,0,1024,0,4689,0,0,0,68773,68773
"Quest Path 5667: 7.0 DH-OHC - ""Malace in Vrykul Land"" Alliance - Dalaran -> Valdishall (ELM)",3204.6201171875,1524.5,180.40699768066,0,0,0,0,1825,1220,0,0,1024,0,4689,0,0,0,31315,31315
"Quest Path 5668: 7.0 DH-OHC - ""Malace in Vrykul Land"" Horde - Dalaran -> Valdishall (ELM)",3204.6201171875,1524.5,180.40699768066,0,0,0,0,1826,1220,0,0,1024,0,4689,0,0,0,20414,20414
"Quest Path 5669: 7.0 Order Hall - Mage - Ch 4 - The Oculus - Rings Portal 01 - SBV",992.97900390625,982.66302490234,526.81201171875,0,0,0,0,1827,1623,0,0,1024,0,4689,0,0,0,79302,79302
"Quest Path 5670: 7.0 Order Hall - Mage - Ch 4 - The Oculus - Rings Portal Top -> Ring A - SBV",1218.2600097656,984.48602294922,526.81201171875,0,0,0,0,1828,1623,0,0,1024,0,4689,0,0,0,79302,79302
"Quest Path 5671: 7.0 Order Hall - Mage - Ch 4 - The Oculus - Rings Portal Middle 02 - SBV",1103.3900146484,1181.5699462891,526.81201171875,0,0,0,0,1829,1623,0,0,1024,0,4689,0,0,0,79302,79302
"Quest Path 5672: 7.0 Order Hall - Mage - Ch 4 - The Oculus - Rings Portal Middle 03 - SBV",1126.8399658203,1009.3200073242,508.35598754883,0,0,0,0,1830,1623,0,0,1024,0,4689,0,0,0,79302,79302
"Quest Path 5673: 7.0 Order Hall - Mage - Ch 4 - The Oculus - Side Platform Portal B -> Ring C - SBV",1100.0200195312,1182.5799560547,526.81201171875,0,0,0,0,1831,1623,0,0,1024,0,4689,0,0,0,79302,79302
"Quest Path 5674: 7.0 Order Hall - Mage - Ch 4 - The Oculus - Portal - Ring A -> Center - SBV",1126.8399658203,1009.3200073242,508.35598754883,0,0,0,0,1832,1623,0,0,1024,0,4689,0,0,0,79302,79302
"Quest Path 5675: 7.0 Order Hall - Mage - Ch 4 - The Oculus - Portal - Ring B -> Center - SBV",1126.8399658203,1009.3200073242,508.35598754883,0,0,0,0,1833,1623,0,0,1024,0,4689,0,0,0,79302,79302
"Quest Path 5676: 7.0 Order Hall - Mage - Ch 4 - The Oculus - Side Platform Portal A -> Ring B - SBV",990.73602294922,985.27600097656,526.81201171875,0,0,0,0,1834,1623,0,0,1024,0,4689,0,0,0,79302,79302
"Quest Path 5677: 7.0 Order Hall - Mage - Ch 4 - The Oculus - Side Platform Portal C -> Ring A - SBV",1216.1400146484,986.10797119141,526.81201171875,0,0,0,0,1835,1623,0,0,1024,0,4689,0,0,0,79302,79302
"Quest Path 5678: 7.0 Order Hall - Mage - Ch 4 - The Oculus - Rings Portal - Ring C -> Ring A - SBV",1220.2299804688,981.86102294922,526.81201171875,0,0,0,0,1836,1623,0,0,1024,0,4689,0,0,0,79302,79302
"Wardens' Redoubt, Azsuna",-1403.6300048828,6656.8598632812,11.94629955292,0,0,0,0,1837,1220,0,457,3,0,4689,0,0,0,54271,54271
"Thorim's Peak",2113.3999023438,2823.4599609375,815.41900634766,0,0,0,0,1838,1220,43356,459,75,0,4689,0,0,0,98937,98937
Nastrondir,3793.25,2368.8400878906,491.34600830078,0,0,0,0,1839,1220,43356,458,75,0,4689,0,0,0,98937,98937
"Eastern Suramar",815.49102783203,2760.9799804688,208.52200317383,0,0,0,0,1840,1220,43356,460,75,0,4689,0,0,0,98937,98937
"Western Suramar",379.9289855957,4364.240234375,122.84899902344,0,0,0,0,1841,1220,43356,461,75,0,4689,0,0,0,98937,98937
"Carl Test b",15574.200195312,-16164.200195312,47,0,0,0,0,1842,451,0,0,1024,0,4689,0,0,0,27179,27179
"Carl Test c",15574.200195312,-16164.200195312,47,0,0,0,0,1843,451,0,0,1024,0,4689,0,0,0,27179,27179
"Carl Test d",15574.200195312,-16164.200195312,47,0,0,0,0,1844,451,0,0,1024,0,4689,0,0,0,27179,27179
"Isle of the Watchers",-1704.4399414062,6472.990234375,264.04901123047,0,0,0,0,1845,1220,43356,462,75,0,4689,0,0,0,98937,98937
Faronaar,-88.43229675293,8214.3203125,355.52200317383,0,0,0,0,1846,1220,43356,463,75,0,4689,0,0,0,98937,98937
"The Dreamgrove",4411.1499023438,7164.2099609375,350.00100708008,0,0,0,0,1847,1220,43356,464,75,0,4689,0,0,0,98937,98937
"Trueshot Lodge",4632.0297851562,5320.9599609375,852.01202392578,0,0,0,0,1848,1220,43356,465,75,0,4689,0,0,0,98937,98937
Dalaran,-813.53302001953,4274.8701171875,746.26202392578,0,0,0,0,1849,1220,43356,416,1099,0,4689,0,0,0,0,0
"Eastern Highmountain",3769.1799316406,3682.8999023438,1027.9499511719,0,0,0,0,1850,1220,43356,456,75,0,4689,0,0,0,98937,98937
"Shield's Rest, Stormheim",4764.5200195312,-186.99699401855,16.95140075684,0,0,0,0,1855,1220,0,466,3,0,4689,0,0,0,109682,109682
"Vengeance Point, Broken Shore",-545.19097900391,3001.7800292969,40.20389938354,0,0,0,0,1856,1220,143954,467,3,0,4689,0,0,143954,113833,113833
"Stormtorn Foothills, Stormheim",3835.6101074219,2016.1199951172,244.06300354004,0,0,0,0,1857,1220,0,468,3,0,4689,0,0,0,109682,109682
"Meredil, Suramar",1615.5200195312,4757.8598632812,138.37100219727,0,0,0,0,1858,1220,0,472,3,0,4689,0,0,0,111675,111675
"Felblaze Ingress, Azsuna",554.0419921875,5628.8798828125,79.86769866943,0,0,0,0,1859,1220,0,418,3,0,4689,0,0,0,99257,99257
"Watchers' Aerie, Azsuna",-1804.7199707031,6417.6298828125,177.98599243164,0,0,0,0,1860,1220,0,433,3,0,4689,0,0,0,117082,117082
"Illidari Perch, Azsuna",-228.43800354004,7733.7001953125,139.18899536133,0,0,0,0,1861,1220,0,469,3,0,4689,0,0,0,99257,99257
"Acherus: The Ebon Hold",-1437.4300537109,1162.2399902344,275.34600830078,0,0,0,0,1862,1220,42576,470,3,0,4689,0,0,0,32981,32981
"Hafr Fjall, Stormheim",1797.3499755859,1816.6999511719,298.39599609375,0,0,0,0,1863,1220,0,471,3,0,4689,0,0,0,109682,109682
"Quest Path 5598: Nesingwary, Highmountain -> Shipwreck Cove, Highmountain [Unlearned]",6467.2299804688,4728.4599609375,13.19620037079,0,0,0,0,1864,1220,0,0,1024,0,4689,0,0,0,98937,98937
"Boost 2.0 - Alliance - Leave Point",41.71569824219,-0.42614099383,40.08819961548,0,0,0,0,1865,1560,0,0,1025,0,4689,0,0,0,0,32335
"Quest Path 5911: 7.0 Dalaran -> Acherus",-1437.4799804688,1162.0100097656,275.24899291992,0,0,0,0,1867,1220,0,0,1024,0,4689,0,0,0,541,541
"Quest Path 5912: 7.0 Acherus -> Dalaran",-835.45501708984,4276.9702148438,746.25299072266,0,0,0,0,1868,1220,0,0,1024,0,4689,0,0,0,541,541
"Quest Path 5913: 7.0 Karazhan - Ballroom -> Opera Portal",1619.3199462891,2374.25,232.00900268555,0,0,0,0,1869,1529,0,0,1024,0,4689,0,0,0,79302,79302
"Eye of Azshara, Azsuna",-3362.3200683594,4823.009765625,17.55369949341,0,0,0,0,1870,1220,0,443,3,0,4689,0,0,0,57156,57156
"Quest Path 5925: Quest Path 5654: 7.0 Artifacts - Druid - Feral - Q:42428 - Ashamane's Fall -> Dreamgrove - LWB",4074.3000488281,7238.7099609375,51.43330001831,0,0,0,0,1871,1220,0,0,1024,0,4689,0,0,0,100483,100483
"Quest Path 5962: 7.0 Artifacts - Death Knight - Blood - From Dalaran to Broken Shore Portal - Taxi Version - LWB",-857.71099853516,3615.4899902344,2.89755988121,0,0,0,0,1874,1220,0,0,1024,0,4689,0,0,0,114241,114241
"Quest Path 5963: 7.0 Artifacts - Death Knight - Blood - From Broken Shore to Dalaran - Taxi - LWB",-842.87799072266,4274.0600585938,746.26098632813,0,0,0,0,1875,1220,0,0,1024,0,4689,0,0,0,114241,114241
"Quest Path 5626: 7.0 Artifacts - Priest - Holy - Dalaran to Broken Shore Portal - LWB",-846.84399414063,3578.75,0.99172002077,0,0,0,0,1877,1220,0,0,1024,0,4689,0,0,0,105717,105717
"Quest Path 5627: 7.0 Artifacts - Priest - Holy - Quest NPC - Broken Shore - Fly Back - LWB",-819.625,4307.7998046875,745.72399902344,0,0,0,0,1878,1220,0,0,1024,0,4689,0,0,0,105717,105717
"Crimson Thicket, Suramar",1893.3000488281,3092.5500488281,221.23399353027,0,0,0,0,1879,1220,0,474,3,0,4689,0,0,0,111675,111675
"Irongrove Retreat, Suramar",2268.8000488281,5241.58984375,113.11199951172,0,0,0,0,1880,1220,0,473,3,0,4689,0,0,0,114718,114718
"Gloaming Reef, Val'sharah",2523.9399414062,8174.8598632812,12.4125995636,0,0,0,0,1885,1220,0,475,3,0,4689,0,0,0,54271,54271
"Quest Path 6004: 7.2 Assault - Val'sharah - Black Rook - Base Camp to Ramparts - LWB",3138.4899902344,7474.3901367188,209.29600524902,0,0,0,0,1892,1220,0,0,1024,0,4689,0,0,0,100483,100483
"Quest Path 6005: 7.2 Legion Invasion - Val'sharah - 03 - Taxi to Top - LWB",3248.0100097656,7370.9799804688,292.17300415039,0,0,0,0,1893,1220,0,0,1024,0,4689,0,0,0,100483,100483
"Quest Path 6009: 7.1 Suramar -> Black Rook Hold (""We Need Weapons"" ) - ZTO",3115.6899414062,7181.58984375,90.39700317383,0,0,0,0,1894,1220,0,0,1024,0,4689,0,0,0,115500,115500
"Quest Path 6026: 7.2 OHC - Paladin - Light's Hope Chapel (Alliance) -> Broken Shore (1666) - JAP",-1887.7800292969,3393.9599609375,52.22579956055,0,0,0,0,1899,1666,0,0,1024,0,4689,0,0,0,541,541
"Quest Path 6027: Quest Path 6026: 7.2 OHC - Paladin - Light's Hope Chapel (Horde) -> Broken Shore (1666) - JAP",-1887.7800292969,3393.9599609375,52.22579956055,0,0,0,0,1900,1666,0,0,1024,0,4689,0,0,0,3574,3574
"Quest Path 6030: 7.2 Fel Hammer -> 7.2 Mardum",1531.0799560547,1251.3499755859,70.78649902344,0,0,0,0,1902,1519,0,0,1024,0,4689,0,0,0,113833,113833
"The Fel Hammer, Broken Shore",1659.1500244141,1416.6800537109,244.26300048828,0,0,0,0,1906,1519,46253,476,1027,0,4689,0,0,0,99257,99257
"Quest Path 6038: 7.0 - Death Knight - No Man's Land - Taxi Route - LWB",-834.57299804688,4266.4799804688,746.25201416016,0,0,0,0,1907,1220,0,0,1024,0,4689,0,0,0,29582,29582
"Quest Path 6036: 7.2 Fel Hammer -> 7.2 Broken Shore",-1891.1700439453,3391.4299316406,52.34320068359,0,0,0,0,1908,1666,0,0,1024,0,4689,0,0,0,113833,113833
"Quest Path 6041: 7.2 Wandering Isle -> Stormstout Brewery, Pandaria",-697.52801513672,1262.7700195312,162.77699279785,0,0,0,0,1909,1693,0,0,1024,0,4689,0,0,0,61559,61559
"Quest Path 6042: 7.2 OHC - Priest - Dalaran -> Broken Shore - Teleport (JAP)",-1890.5,3395.4299316406,52.34149932861,0,0,0,0,1910,1666,0,0,1024,0,4689,0,0,0,54271,54271
"Quest Path 6048: Quest Path 6005: 7.2 Legion Invasion - Val'sharah - 03 - Taxi to Bottom - LWB",2958.9599609375,7491.2001953125,45.4833984375,0,0,0,0,1913,1220,0,0,1024,0,4689,0,0,0,100483,100483
"Quest Path 6052: 7.2 OHC - Hunter - Trueshot Lodge -> Broken Shore - Teleport (JAP)",4649.9399414062,5273.16015625,840.69000244141,0,0,0,0,1916,1220,0,0,1024,0,4689,0,0,0,98937,98937
"Quest Path 6053: 7.2 Order Hall - Shaman - Ch 5 - Thunderaan Transport (JLW)",-1458.3399658203,2633.5300292969,81.99210357666,0,0,0,0,1917,1666,0,0,1024,0,4689,0,0,0,17972,17972
"Quest Path 6065: 7.2 Assault - Val'sharah - Black Rook - Top to Final Terrace",3118.9599609375,7131.0297851562,134.32699584961,0,0,0,0,1922,1220,0,0,1024,0,4689,0,0,0,100483,100483
"Quest Path 6067: 7.2 Assault - Val'sharah - Black Rook - Base Camp to Final Terrace",3110.1398925781,7130.6401367188,134.32699584961,0,0,0,0,1923,1220,0,0,1024,0,4689,0,0,0,100483,100483
"Quest Path 6068: 7.2 Acherus: The Ebon Hold -> Illidari Camp, Broken Shore",-734.65100097656,3068.2399902344,-41.69800186157,0,0,0,0,1924,1220,0,0,1024,0,4689,0,0,0,28531,28531
"Quest Path 6072: 7.2 Order Hall - Rogue - Ch 5 - Temp To BS (JLW)",-1229.0200195312,2195.1799316406,0.98489898443,0,0,0,0,1927,1220,0,0,1024,0,4689,0,0,0,54271,54271
"Krokul Hovel, Krokuun",985.81896972656,1711.8900146484,517.20001220703,0,0,0,0,1928,1669,52694,477,43,254,6748,-75.90000152588,0,0,0,0
"Quest Path 6084: Acherus: The Ebon Hold -> Thorim's Peak, Stormheim",1929.1700439453,2047.3599853516,465.92401123047,0,0,0,0,1933,1220,0,0,1024,0,4689,0,0,0,29648,29648
"TEMPAREA1, Argus",1008.450012207,1727.8299560547,528.78100585938,0,0,0,0,1934,1669,0,479,1024,254,6748,0,0,0,0,0
"TEMPAREA2, Argus",1637.1600341797,2054.7099609375,450.58401489258,0,0,0,0,1935,1669,0,480,1024,254,6748,0,0,0,0,0
"Deliverance Point, Broken Shore",-1647.6800537109,3178.6398925781,135.93099975586,0,0,0,0,1941,1220,143954,482,3,0,4689,0,0,143954,113833,113833
"Aalgen Point, Broken Shore",-1225.5100097656,2195.2299804688,0.98000097275,0,0,0,0,1942,1220,143954,481,3,0,4689,0,0,143954,109682,109682
"Vindicaar, Krokuun",501.29998779297,1470.3000488281,765.79998779297,0.00689999992,-0.02590000071,0,0,1944,1669,51635,483,43,256,4689,24,53150,0,0,0
"Quest Path 6175: 7.3 Argus - Isle 2 - Alleria Arc - Alleria Shadow Ball Taxi (JAK)",4995.2700195312,9823.599609375,-79.21929931641,0,0,0,0,1947,1669,0,0,1024,0,4689,0,0,0,121327,121327
"Zul'jan, Nazmir",793.23602294922,1400.7399902344,19.58259963989,0,0,0,0,1953,1642,0,487,2,0,4689,0,0,0,69066,0
"Zo'bal Ruins, Nazmir",2025.8699951172,1336.5300292969,16.58760070801,0,0,0,0,1954,1642,0,486,2,0,4689,0,0,0,139173,0
"Gloom Hollow, Nazmir",2007.5400390625,-79.64240264893,2.16842007637,0,0,0,0,1955,1642,0,488,2,0,4689,0,0,0,125991,0
"Forlorn Ruins, Nazmir",2596.8798828125,-848.68798828125,1.98369002342,0,0,0,0,1956,1642,64582,485,10,0,4689,0,0,0,69066,0
"Port of Zandalar, Zuldazar",-1950.7800292969,744.28002929688,53.78540039063,0,0,0,0,1957,1642,0,489,6,0,4689,0,0,0,122337,0
"Quest Path 6233: 8.0 Nazmir - Q: 47250 - Taxi to Jeb'watha ruins - LWB",2214.6000976562,1585.0200195312,30.01259994507,0,0,0,0,1961,1642,0,0,1024,0,4689,0,0,0,122801,122801
"Quest Path 6234: 8.0 Nazmir - Q: 42750 - Flight from Jeb'watha -> Zul'jan - LWB",794.61297607422,1403.1999511719,19.58259963989,0,0,0,0,1962,1642,0,0,1024,0,4689,0,0,0,20492,20492
"Quest Path 6237: 8.0 Warfronts - Barrens - Intro Quest - Taxi from Theramore to Fort Triumph",-3146.0700683594,-2287.580078125,92.639503479,0,0,0,0,1964,0,0,0,1024,0,4689,0,0,0,69067,69067
"Nesingwary's Gameland, Zuldazar",382.02398681641,104.04299926758,240.0659942627,0,0,0,0,1965,1642,0,491,3,0,4689,0,0,0,98937,98937
"Warbeast Kraal, Zuldazar",-1046.3199462891,19.17359924316,281.20300292969,0,0,0,0,1966,1642,0,492,2,0,4689,0,0,0,122337,0
"Shattered Fields, Krokuun",1081.1300048828,2275.75,409,0,0,0,0,1967,1669,52714,493,43,254,4689,76.69999694824,0,0,0,0
"Xibala, Zuldazar",-2692.8400878906,1915.1199951172,39.05300140381,0,0,0,0,1974,1642,0,495,2,0,4689,0,0,0,31239,0
"Zeb'ahari, Zuldazar",512.45001220703,-835.21899414063,26.49160003662,0,0,0,0,1975,1642,0,496,2,0,4689,0,0,0,122337,0
"Destiny Point, Krokuun",1437.4799804688,1444.2700195312,491.79998779297,0,0,0,0,1976,1669,52715,478,43,254,4689,16.20000076294,0,0,0,0
"Vindicaar, Eredath",4728.6000976562,9862.4599609375,64.29070281982,0.00389999989,-0.02960000001,0,0,1977,1669,51636,497,43,258,4689,13.80000019073,52312,0,0,0
"Conservatory of the Arcane, Eredath",5764.8901367188,9493.7802734375,-66.69999694824,0,0,0,0,1978,1669,52720,498,43,254,4689,50.59999847412,0,0,0,0
"Shadowguard Incursion, Eredath",5546.0600585938,10563,7.94999980927,0,0,0,0,1981,1669,52719,499,43,254,4689,55.59999847412,0,0,0,0
"Triumvirate's End, Eredath",4983.2998046875,9823.4697265625,-78.69999694824,0,0,0,0,1982,1669,52718,500,43,254,4689,1.10000002384,0,0,0,0
"Quest Path 6309: 8.0 Nazmir - Q: 47631 - Flight from Zul'jan -> Gloom Hollow - LWB",2014.5500488281,-86.25520324707,0.12792700529,0,0,0,0,1983,1642,0,0,1024,0,4689,0,0,0,122337,122337
"Quest Path 6310: 8.0 Nazmir - Q: 47602 - Flight out of Sundered Span - LWB",2006.3399658203,-81.29170227051,2.04241991043,0,0,0,0,1984,1642,0,0,1024,0,4689,0,0,0,26164,26164
"[Hidden] Argus Ground Points Hub (Ground TP out to here, TP to Vindicaar from here)",359.2799987793,1403.3499755859,770,0,0,0,0,1985,1669,0,0,1024,0,4689,0,0,0,118844,118844
"[Hidden] Argus Vindicaar Ground Hub (Vindicaar TP out to here, TP to ground from here)",348.875,1397.6300048828,770,0,0,0,0,1986,1669,0,0,1024,0,4689,0,0,0,118844,118844
"[Hidden] Argus Vindicaar No Load Hub (Vindicaar No Load transition goes through here)",338.65798950195,1392.5200195312,770,0,0,0,0,1987,1669,0,0,1024,0,4689,0,0,0,118844,118844
"Hope's Landing, Antoran Wastes",-2934.8000488281,8798.4296875,-231.5,0,0,0,0,1988,1669,52721,501,43,254,4689,5.12496995926,0,0,0,0
"Prophet's Reflection, Eredath",6307.330078125,10116.5,-16,0,0,0,0,1991,1669,52717,504,43,254,4689,-116.80000305176,0,0,0,0
"Light's Purchase, Antoran Wastes",-3516.0900878906,8809.33984375,-180.60000610352,0,0,0,0,1992,1669,52722,503,43,254,4689,24.60000038147,0,0,0,0
"The Veiled Den, Antoran Wastes",-2367.0600585938,8878.9296875,-139.89999389648,0,0,0,0,1993,1669,52723,502,43,254,4689,60.20000076294,0,0,0,0
"Vindicaar, Antoran Wastes",-2636.080078125,8699.91015625,-70.81999969482,0.01750000007,0.00400000019,0,0,1994,1669,51637,505,43,257,4689,104.69999694824,52313,0,0,0
"City Center, Eredath",5417.009765625,10013.299804688,-81.40000152588,0,0,0,0,2003,1669,52716,484,43,254,4689,90.80000305176,0,0,0,0
"Warport Rastari, Zuldazar",-2022.5500488281,1629.1600341797,52.58290100098,0,0,0,0,2009,1642,0,506,2,0,4689,0,0,0,122337,0
"Xibala, Zuldazar",-2652.8400878906,2272.0200195312,13.79160022736,0,0,0,0,2012,1642,0,507,1,0,4689,0,0,0,0,24490
"Quest Path 6437: 8.0 Nazmir - Q49082 - Flight out of Hir'eek's Lair - LWB",1858.4300537109,1549.3399658203,20.97060012817,0,0,0,0,2015,1642,0,0,1024,0,4689,0,0,0,128292,128292
"Quest Path 6440: 7.3 QA - TEST HOTFIX - Task 110012 - TaxiPathNode - RRB",-2397.4399414062,4402.7797851562,42.51900100708,0,0,0,0,2018,451,0,0,1024,0,4689,0,0,0,284,284
"Quest Path 6443: 7.3 QA - TEST HOTFIX - Task 110012 - TaxiPathNode - 2 - RRB",-9180.2998046875,313.35101318359,87.06300354004,0,0,0,0,2020,0,0,0,1024,0,4689,0,0,0,284,284
"Freehold, Tiragarde Sound",-1786.5100097656,-729.38201904297,61.87950134277,0,0,0,0,2023,1643,0,508,3,0,4689,0,0,0,129230,129230
"Temple of the Prophet, Zuldazar",-1132.6199951172,1499.6999511719,420.25399780273,0,0,0,0,2027,1642,0,509,2,0,4689,0,0,0,122337,0
"Fallhaven, Drustvar",-66.31600189209,2141.2399902344,46.55770111084,0,0,0,0,2033,1643,0,512,1,0,4689,0,0,0,0,139612
"Hangman's Point, Drustvar",-296.98300170898,1227.5300292969,5.66251993179,0,0,0,0,2034,1643,0,513,1,0,4689,0,0,0,0,139612
"Fletcher's Hollow, Drustvar",-1045.7299804688,1277.6600341797,7.27366018295,0,0,0,0,2035,1643,0,514,1,0,4689,0,0,0,0,139612
"Barbthorn Ridge, Drustvar",350.88500976563,1710.3299560547,10.03009986877,0,0,0,0,2037,1643,0,515,1,0,4689,0,0,0,0,139612
"Quest Path 6474: Freehold, Tiragarde Sound -> Southwind Ferry Dock, Tiragarde Sound",-169.58299255371,95.80899810791,7.3222899437,0,0,0,0,2041,1643,0,0,1024,0,4689,0,0,0,128225,128225
"Vigil Hill, Tiragarde Sound",-730.97601318359,706.56597900391,64.10540008545,0,0,0,0,2042,1643,0,517,1,0,4689,0,0,0,0,130156
"xxOLD - Zuldazar, Nazmir Outskirts",174.29699707031,1414.25,180.2380065918,0,0,0,0,2043,1642,0,518,1024,0,4689,0,0,54093,125991,0
"Garden of the Loa, Zuldazar",-104.02300262451,1502.4799804688,398.53100585938,0,0,0,0,2045,1642,0,519,2,0,4689,0,0,0,122337,0
"Atal'Dazar, Zuldazar",-639.64898681641,1806.0899658203,664.166015625,0,0,0,0,2046,1642,0,520,2,0,4689,0,0,0,122337,0
"Anglepoint Wharf, Tiragarde Sound",790.83697509766,1861.5400390625,-0.23193000257,0,0,0,0,2052,1643,62086,521,201,5168,8208,0,0,0,0,132101
"Old Drust Road, Tiragarde Sound",-318.50500488281,980.13702392578,1.07104003429,0,0,0,0,2053,1643,62086,522,201,5168,8208,0,0,0,0,132101
"Firebreaker Expedition, Tiragarde Sound",801.13500976563,252.16700744629,0.10235500336,0,0,0,0,2054,1643,62086,523,201,5168,8208,0,0,0,0,132101
"Southwind Station, Tiragarde Sound",-145.05700683594,41.04169845581,-0.05029340088,0,0,0,0,2055,1643,62086,524,201,5168,8208,0,0,0,0,132101
"Fallhaven, Drustvar",-135.6369934082,1764.2700195312,-0.29536399245,0,0,0,0,2056,1643,62086,525,201,5168,8208,0,0,0,0,132101
"Fletcher's Hollow, Drustvar",-928.12298583984,1325.5400390625,0.99980401993,0,0,0,0,2057,1643,62086,526,201,5168,8208,0,0,0,0,132101
"Staghelm Point, Silithus",-6420.6201171875,178.76899719238,8.61993980408,0,0.27000001073,0,0,2058,1817,55365,527,1024,0,4689,0,0,0,0,541
"Southwind Village, Silithus",-7250.4799804688,330.5830078125,23.16819953918,0,0.27000001073,0,0,2059,1817,55365,528,1024,0,4689,0,0,0,2224,0
"Hatherford, Tiragarde Sound",1167.5699462891,24.06940078735,15.39309978485,0,0,0,0,2060,1643,0,529,1,0,4689,0,0,0,0,130156
"The Sliver, Zuldazar",-624.58801269531,715.30499267578,234.49000549316,0,0,0,0,2061,1642,0,530,2,0,4689,0,0,0,122337,0
"Wolf's Den, Tiragarde Sound",1641.3399658203,385.85198974609,87.88179779053,0,0,0,0,2062,1643,0,531,10,0,4689,0,0,62537,69066,0
"Harbor, Zuldazar",-1035.9799804688,756.59997558594,437.73999023438,0,0,0,0,2065,1642,0,0,1088,0,4689,0,0,0,122337,0
"Atal'Gral, Zuldazar",-961.76702880859,-1064.6899414062,25.57229995728,0,0,0,0,2066,1642,0,532,1091,0,4689,0,0,0,133834,133834
"Timberfell Outpost, Tiragarde Sound",-254.58200073242,-362.44400024414,116.10199737549,0,0,0,0,2067,1643,0,533,10,0,4689,0,0,63542,69066,0
"Dreadpearl, Zuldazar",-961.76702880859,-1064.6899414062,25.57229995728,0,0,0,0,2071,1642,0,537,1091,0,4689,0,0,0,133834,133834
"Throne Room, Zuldazar",-1078.1199951172,846.02600097656,482.78601074219,0,0,0,0,2073,1642,0,538,1088,0,4689,0,0,0,122337,0
"Bridgeport, Tiragarde Sound",-93.73780059814,-633.32299804688,5.98346996307,0,0,0,0,2074,1643,0,539,1,0,4689,0,0,0,0,130156
"Seeker's Outpost, Zuldazar",-2303.2299804688,-252.86799621582,1.4676400423,0,0,0,0,2075,1642,0,540,3,0,4689,0,0,0,133834,133834
"Atal'Gral, Zuldazar",-959.60797119141,-1058.6700439453,25.76600074768,0,0,0,0,2076,1642,0,541,3,0,4689,0,0,0,133834,133834
"Castaway Point, Tiragarde Sound",-1688.0400390625,-1420.5300292969,35.0225982666,0,0,0,0,2077,1643,0,542,3,0,4689,0,0,0,140802,140802
"Fort Victory, Nazmir",2079.330078125,176.21499633789,4.74211978912,0,0,0,0,2078,1642,0,543,1,0,4689,0,0,0,0,69067
"Kennings Lodge, Tiragarde Sound",-921.96197509766,-696.55200195313,115.57299804688,0,0,0,0,2079,1643,0,544,1,0,4689,0,0,0,0,68771
"Grimwatt's Crash, Nazmir",1310.3100585938,1647.5,40.7598991394,0,0,0,0,2080,1642,0,597,9,0,4689,0,0,63128,0,69067
"Tradewinds Market, Tiragarde Sound",1153.0300292969,-470.30099487305,31.2922000885,0,0,0,0,2083,1643,0,558,5,0,4689,0,0,0,0,128225
"Norwington Estate, Tiragarde Sound",889.00201416016,1064.5899658203,62.12459945679,0,0,0,0,2084,1643,0,545,1,0,4689,0,0,0,0,130156
"Tidecross, Stormsong Valley",3346.8400878906,-376.00201416016,18.54400062561,0,0,0,0,2085,1643,0,546,1,0,4689,0,0,0,0,134687
"Brennadam, Stormsong Valley",2495.5200195312,-44.36809921265,55.23189926147,0,0,0,0,2086,1643,0,547,1,0,4689,0,0,0,0,134687
"Outrigger Post, Tiragarde Sound",1080.9499511719,2347.8500976562,3.31599998474,0,0,0,0,2087,1643,0,548,1,0,4689,0,0,0,0,130156
"Mildenhall Meadery, Stormsong Valley",2700.2800292969,-547.56597900391,5.33414983749,0,0,0,0,2088,1643,0,549,1,0,4689,0,0,0,0,138174
"Seekers Vista, Stormsong Valley",3752.6201171875,1068.5999755859,6.94969987869,0,0,0,0,2089,1643,0,550,3,0,4689,0,0,0,133834,133834
"Hillcrest Pasture, Stormsong Valley",2126.5,349.99099731445,127.70899963379,0,0,0,0,2090,1643,0,551,10,0,4689,0,0,62562,95076,0
"Stonetusk Watch, Stormsong Valley",2636.4899902344,1138.1500244141,97.67960357666,0,0,0,0,2091,1643,0,552,10,0,4689,0,0,62691,95076,0
"Diretusk Hollow, Stormsong Valley",3298.9799804688,262.875,82.70719909668,0,0,0,0,2092,1643,0,553,2,0,4689,0,0,0,68773,0
"Ironmaul Overlook, Stormsong Valley",2737.3898925781,-966.67901611328,84.24389648438,0,0,0,0,2093,1643,0,554,10,0,4689,0,0,0,68773,0
"Warfang Hold, Stormsong Valley",3889.080078125,423.14898681641,130.45700073242,0,0,0,0,2094,1643,0,555,10,0,4689,0,0,64001,68773,0
"Shrine of the Storm, Stormsong Valley",4252.0200195312,-1080.8199462891,178.71299743652,0,0,0,0,2095,1643,0,556,2,0,4689,0,0,0,87442,0
"Tol Dagor, Tiragarde Sound",-80.04509735107,-2648.3500976562,1.83972001076,0,0,0,0,2096,1643,0,557,5,0,4689,0,0,0,0,128225
"Deadwash, Stormsong Valley",2991.0900878906,914.74499511719,14.58170032501,0,0,0,0,2097,1643,0,559,1,0,4689,0,0,0,0,68771
"The Amber Waves, Stormsong Valley",2508.0900878906,458.83999633789,66.40039825439,0,0,0,0,2101,1643,0,560,1,0,4689,0,0,0,0,134687
"Roughneck Camp, Tiragarde Sound",1174.6199951172,1838.3800048828,124.47399902344,0,0,0,0,2102,1643,0,561,1,0,4689,0,0,0,0,130156
"Eastpoint Station, Tiragarde Sound",125.77600097656,-548.875,4.9683599472,0,0,0,0,2103,1643,0,0,1024,0,4689,0,0,0,0,130156
"Eastpoint Station, Tiragarde Sound",124.18900299072,-498.45300292969,-0.2110619992,0,0,0,0,2104,1643,62086,562,201,5168,8208,0,0,0,0,132101
"Tradewinds Market, Tiragarde Sound",1038.6400146484,-586.50201416016,-0.21314400434,0,0,0,0,2105,1643,62086,563,201,5168,8208,0,0,0,0,132101
"Arom's Stand, Drustvar",-742.60900878906,3115.2900390625,328.46701049805,0,0,0,0,2106,1643,0,565,1,0,4689,0,0,0,0,139612
"Watchman's Rise, Drustvar",100.12799835205,3478.3400878906,197.0059967041,0,0,0,0,2107,1643,0,564,1,0,4689,0,0,0,0,139612
"Falconhurst, Drustvar",-1501.9699707031,3755.7299804688,5.86357021332,0,0,0,0,2108,1643,0,566,1,0,4689,0,0,0,0,139612
"Whitegrove Chapel, Drustvar",631.97900390625,3829.4399414062,101.73300170898,0,0,0,0,2109,1643,0,567,3,0,4689,0,0,0,135309,135309
"Shatterstone Harbor, Vol'dun",2778.2900390625,4186.9599609375,9.86785030365,0,0,0,0,2110,1642,0,568,9,0,4689,0,0,64000,0,129538
"Vorrik's Sanctum, Vol'dun",2740.1799316406,3469.8999023438,66.11019897461,0,0,0,0,2111,1642,0,569,2,0,4689,0,0,0,139780,0
"Vulture's Nest, Vol'dun",2623.3500976562,3038.169921875,82.42780303955,0,0,0,0,2112,1642,0,570,9,0,4689,0,0,63178,0,69067
"Deadwood Cove, Vol'dun",528.71197509766,3983.0600585938,2.2737801075,0,0,0,0,2114,1642,0,572,9,0,4689,0,0,61955,0,28625
"Quest Path 6698: Horde Embassy, Zuldazar -> Throne Room, Zuldazar",-1077.0600585938,852.8330078125,482.78601074219,0,0,0,0,2116,1642,0,0,1024,0,4689,0,0,0,122337,122337
"Vulpera Hideaway, Vol'dun",2095.0500488281,2808.830078125,56.24250030518,0,0,0,0,2117,1642,0,574,2,0,4689,0,0,0,139780,0
"Temple of Akunda, Vol'dun",284.26400756836,3029.7099609375,189.05799865723,0,0,0,0,2118,1642,0,573,2,0,4689,0,0,0,129538,0
"Sanctuary of the Devoted, Vol'dun",2048.0300292969,4806.8598632812,73.29669952393,0,0,0,0,2119,1642,0,575,7,0,4689,0,0,0,129538,129538
"Tortaka Refuge, Vol'dun",3353.1298828125,2476.1298828125,43.51449966431,0,0,0,0,2120,1642,0,576,3,0,4689,0,0,0,133834,133834
"Scaletrader Post, Zuldazar",-290.76599121094,-281.03799438477,259.32000732422,0,0,0,0,2126,1642,0,571,3,0,4689,0,0,0,133834,133834
"Anyport, Drustvar",-392.0950012207,4203.8901367188,29.39550018311,0,0,0,0,2127,1643,0,577,3,0,4689,0,0,0,129445,132339
"Quest Path 6783: 8.0 Stormsong - Monastery -> Water Bridge - GJC",3807.4499511719,-605.78802490234,4.89153003693,0,0,0,0,2128,1643,0,0,1024,0,4689,0,0,0,136904,136904
"Quest Path 6799: 8.0 Nazmir - Player Flight Path to Altar of Rot - (STM)",1102.7900390625,654.77801513672,-188.0659942627,0,0,0,0,2129,1642,0,0,1024,0,4689,0,0,0,125990,125990
"Shrine of the Storm, Stormsong Valley",4073.1298828125,-1087.6400146484,184.47500610352,0,0,0,0,2133,1643,0,578,1,0,4689,0,0,0,0,124727
"Krazzlefrazz Outpost, Drustvar",340.83200073242,3160.4399414062,367.20199584961,0,0,0,0,2135,1643,0,579,10,0,4689,0,0,57357,42886,0
"Millstone Hamlet, Stormsong Valley",2644.8400878906,1594.2800292969,57.97800064087,0,0,0,0,2137,1643,0,581,1,0,4689,0,0,0,0,134687
"Fort Daelin, Stormsong Valley",3372.1599121094,1397.3599853516,42.08520126343,0,0,0,0,2138,1643,0,582,1,0,4689,0,0,0,0,134687
"Windfall Cavern, Stormsong Valley",4133.5698242188,-110.04199981689,208.53900146484,0,0,0,0,2139,1643,0,580,10,0,4689,0,0,62476,68773,0
"Plunder Harbor, Tiragarde Sound",-191.64100646973,-1487.9699707031,14.22399997711,0,0,0,0,2140,1643,0,583,10,0,4689,0,0,64002,69066,0
"Scorched Sands Outpost, Vol'dun",884.99798583984,3698.9299316406,64.03009796143,0,0,0,0,2143,1642,0,585,2,0,4689,0,0,0,129538,0
"Goldtusk Inn, Vol'dun",1559.9399414062,3777.5300292969,37.28879928589,0,0,0,0,2144,1642,0,584,2,0,4689,0,0,53471,129538,0
"Verdant Hollow, Zuldazar",-19.9375,999.85900878906,200.81500244141,0,0,0,0,2145,1642,0,586,9,0,4689,0,0,62879,0,24490
"Castaway Encampment, Zuldazar",-1697.4200439453,-862.75201416016,23.84919929504,0,0,0,0,2147,1642,0,587,1,0,4689,0,0,0,0,24490
"Mugamba Overlook, Zuldazar",-150.21200561523,1911.9499511719,452.07800292969,0,0,0,0,2148,1642,0,588,9,0,4689,0,0,62832,0,24490
"Mistvine Ledge, Zuldazar",-1293.6199951172,259.44799804688,280.63101196289,0,0,0,0,2153,1642,0,589,9,0,4689,0,0,62976,0,24490
"Quest Path 6967: 8.0 War Campaign - Horde - Chapter 02 - Anyport to Barrowknoll (JLW)",-715.64599609375,1794.8000488281,103.00399780273,0,0,0,0,2156,1643,0,0,1024,0,4689,0,0,0,42886,42886
"Veiled Grotto, Zuldazar",-696.90600585938,1942.7399902344,714.77600097656,0,0,0,0,2157,1642,0,534,9,0,4689,0,0,62800,0,24490
"Quest Path 6995: 8.0 Quest - Warchief's Command: Thousand Needles! - Orgrimmar --> Mudsprocket (ELM)",-4566.4799804688,-3224.9099121094,34.74750137329,0,0,0,0,2158,1,0,0,1024,0,4689,0,0,0,2224,2224
"Quest Path 6996: 8.0 Quest - Warchief's Command: Un'Goro Crater! - Orgrimmar --> Marshal's Stand (ELM)",-7548.4399414062,-1540.2600097656,-271.17498779297,0,0,0,0,2159,1,0,0,1024,0,4689,0,0,0,2224,2224
"Quest Path 6997: 8.0 Quest - Warchief's Command: Silithus! - Orgrimmar --> Cenarion Hold (ELM)",-6810.9599609375,836.67401123047,49.80780029297,0,0,0,0,2160,1,0,0,1024,0,4689,0,0,0,2224,2224
"Redfield's Watch, Nazmir",2799.25,774.20098876953,6.21301984787,0,0,0,0,2161,1642,0,598,1,0,4689,0,0,0,0,69067
"Devoted Sanctuary, Vol'dun",2048.0300292969,4806.8598632812,73.29669952393,0,0,0,0,2162,1642,0,535,1095,0,4689,0,0,0,129538,129538
"Quest Path 7004: 8.0 Quest - Warchief's Command: Southern Barrens! - Orgrimmar --> Malaka'jin (ELM)",-113.77600097656,-258.7619934082,23.84910011292,0,0,0,0,2163,1,0,0,1024,0,4689,0,0,0,2224,2224
"Isle of Fangs, Zuldazar",-3529.8500976562,1103.2900390625,8.04069042206,0,0,0,0,2164,1642,0,536,2,0,4689,0,0,0,140642,0
"Tusk Isle, Zuldazar",-3018.7199707031,686.41998291016,14.82050037384,0,0,0,0,2165,1642,0,590,2,0,4689,0,0,0,140646,0
"Quest Path 7063: 8.0 War Campaign - Horde - Chapter 05 - Plunder Harbor to Flagship (JLW)",-150.0299987793,-1849.4399414062,26.5,0,0,0,0,2166,1643,0,0,1024,0,4689,0,0,0,141023,141023
"Quest Path 7064: 8.0 War Campaign - Horde - Chapter 05 - Plunder Harbor to Ship (JLW)",-264.78601074219,-1806.6600341797,12.71539974213,0,0,0,0,2167,1643,0,0,1024,0,4689,0,0,0,141023,141023
"Quest Path 7065: 8.0 War Campaign - Horde - Chapter 05 - Ship to Plunder Harbor (JLW)",-296.79598999023,-1480.75,32.0805015564,0,0,0,0,2168,1643,0,0,1024,0,4689,0,0,0,141023,141023
"Quest Path 7066: 8.0 War Campaign - Horde - Chapter 05 - Flagship to Plunder Harbor (JLW)",-296.79598999023,-1480.75,32.0805015564,0,0,0,0,2169,1643,0,0,1024,0,4689,0,0,0,141023,141023
"Quest Path 7067: 8.0 War Campaign - Horde - Chapter 05 - Ship to Flagship (JLW)",-150.0299987793,-1849.4399414062,26.5,0,0,0,0,2170,1643,0,0,1024,0,4689,0,0,0,141023,141023
"Quest Path 7068: 8.0 War Campaign - Horde - Chapter 05 - Flagship to Ship (JLW)",-264.78601074219,-1806.6600341797,14.41069984436,0,0,0,0,2171,1643,0,0,1024,0,4689,0,0,0,141023,141023
"Disable Taxi Paths - Source - RRB",0,0,0,0,0,0,0,2172,0,0,0,1024,0,4689,0,0,0,0,0
"Disable Taxi Paths - Destination - RRB",0,0,0,0,0,0,0,2173,0,0,0,1024,0,4689,0,0,0,0,0
"Quest Path 6801: 8.0 Nazmir - Altar of Rot to Zul'jan Ruins - (STM)",791.05999755859,1403.5100097656,19.88999938965,0,0,0,0,2272,1642,0,0,1024,0,4689,0,0,0,125990,125990
"Waning Glacier, Tiragarde Sound",1397.2600097656,2043.4300537109,264.55099487305,0,0,0,0,2273,1643,0,591,2,0,4689,0,0,0,42886,0
"Swiftwind Post, Drustvar",-1001.0700073242,1493.8800048828,47.9089012146,0,0,0,0,2274,1643,0,593,10,0,4689,0,0,62360,98937,0
"Mudfisher Cove, Drustvar",618.91101074219,1740.3699951172,0.95023798943,0,0,0,0,2275,1643,0,592,10,0,4689,0,0,62410,139542,0
"Tol Dagor, Tiragarde Sound",139.65800476074,-2541.4499511719,0.81621301174,0,0,0,0,2276,1643,0,594,6,0,4689,0,0,0,87442,0
"Proudmoore Keep, Tiragarde Sound",552.16802978516,-126.11799621582,25.79800033569,0,0,0,0,2277,1643,0,595,1,0,4689,0,0,0,0,128225
"Mariner's Row, Tiragarde Sound",465.68798828125,-642.65100097656,28.52779960632,0,0,0,0,2278,1643,0,596,1,0,4689,0,0,0,0,128225
"Stonefist Watch, Tiragarde Sound",-809.11297607422,1041.0100097656,50.89149856567,0,0,0,0,2279,1643,0,599,14,0,4689,0,0,62361,68773,0
"Quest Path 6478: 8.0 Nazmir - Zuldazar to Talanji's Camp - (STM)",166.5890045166,1399.4000244141,178.91700744629,0,0,0,0,2282,1642,0,0,1024,0,4689,0,0,0,129538,129538
"The Mugambala, Zuldazar",-1849.6700439453,1195.6999511719,53.36199951172,0,0,0,0,2381,1642,0,600,6,0,4689,258,0,0,122337,0
"Quest Path 7405: 8.1 War Campaign - A - Ch1 - South Shore -> Ramparts - KRB",852.42401123047,2262.5700683594,42.98020172119,0,0,0,0,2382,1643,0,0,1024,0,4689,0,0,0,79302,79302
"Quest Path 7496: 8.1 War Campaign - A - Ch1 - Ramparts -> South Shore  - KRB",925.62799072266,2335.6398925781,2.89111995697,0,0,0,0,2383,1643,0,0,1024,0,4689,0,0,0,79302,79302
"Quest Path 7497: 8.1 War Campaign - A - Ch1 - North Shore -> Ramparts - KRB",849.70697021484,2260.6799316406,42.98600006104,0,0,0,0,2384,1643,0,0,1024,0,4689,0,0,0,79302,79302
"Quest Path 7569: 8.2 Nazjatar - Kal'methir - Boss Path ",1814.0699462891,-1176.3699951172,-243.6009979248,0,0,0,0,2392,0,0,0,1024,0,4689,0,0,0,79302,79302
"TEMP, 9.0, Oribos, Bastion",-1834.2299804688,1191.5200195312,5450.9399414062,0,0,0,0,2393,2222,0,643,1024,0,4689,0,0,0,164767,164767
"TEMP, 9.0, Oribos, Maldraxxus",-1768.7600097656,1217.3900146484,5450.9399414062,0,0,0,0,2394,2222,0,644,1024,0,4689,0,0,0,164767,164767
Oribos,-1902.4399414062,1214.7600097656,5450.8701171875,0,0,0,0,2395,2222,0,601,3,0,4689,0,0,0,164767,164767
"TEMP, 9.0, Oribos, Ardenweald",-1926.4899902344,1282.9000244141,5450.9399414062,0,0,0,0,2396,2222,0,642,1024,0,4689,0,0,0,164767,164767
"9.0, Zone, Bastion",-4251.6801757812,-3886.169921875,6564.2299804688,0,0,0,0,2397,2222,0,516,1024,0,4689,0,0,0,0,0
"Bleak Redoubt, Maldraxxus",1974.7399902344,-2691.75,3338.0300292969,0,0,0,0,2398,2222,87386,634,3,0,4689,0,0,87386,165085,165085
"TEMP, 9.0, Zone, Revendreth",-3499.0500488281,5435.4599609375,4282.9599609375,0,0,0,0,2399,2222,0,605,1024,0,4689,0,0,0,0,0
"TEMP, 9.0, Zone, Ardenweald",-5196.7299804688,-573.35400390625,5838.1899414062,0,0,0,0,2400,2222,0,0,1024,0,4689,0,0,0,0,0
"Alliance Outpost, Exile's Reach Outpost",209.14199829102,-2295.6298828125,82.87609863281,0,0,0,0,2401,2175,0,603,1,0,4689,258,0,0,0,541
"Ogre Citadel, Exile's Reach Island",1023.7199707031,-1307.5899658203,291.16799926758,0,0,0,0,2402,2175,0,602,1,0,4689,258,0,0,0,119528
"Kelya's Grave, Nazjatar",2077.9499511719,-1566.2600097656,-408.35400390625,0,0,0,0,2403,1718,0,604,3,0,4689,0,0,71996,152284,152284
"Newhome, Nazjatar",988.80603027344,-425.99700927734,-279.03900146484,0,0,0,0,2404,1718,0,606,2,0,4689,0,0,0,153839,0
"Zin'Azshari, Nazjatar",1707.1800537109,-1794.6199951172,-419.54098510742,0,0,0,0,2405,1718,70076,617,2,0,4689,0,0,70076,153839,0
"Orise's Vigil, Nazjatar",1652.4300537109,-1560.8000488281,-416.41198730469,0,0,0,0,2406,1718,0,607,1,0,4689,0,0,0,0,153839
"Utama's Stand, Nazjatar",1747.1600341797,-1035.3399658203,-374.84100341797,0,0,0,0,2407,1718,70076,608,1,0,4689,0,0,70076,0,153839
"Mezzamere, Nazjatar",1251.1500244141,-101.86100006104,-327.89300537109,0,0,0,0,2408,1718,0,609,1,0,4689,0,0,0,0,153839
"Wreck of the Old Blanchy, Nazjatar",359.45001220703,-299.94799804688,-191.75,0,0,0,0,2409,1718,70076,610,1,0,4689,0,0,70076,0,134687
"Ashen Strand, Nazjatar",1708.1999511719,237.06799316406,-363.59799194336,0,0,0,0,2410,1718,70076,611,9,0,4689,0,0,70076,0,153839
"Ashen Strand, Nazjatar",1721.8100585938,128.68099975586,-370.35198974609,0,0,0,0,2411,1718,70076,612,2,0,4689,0,0,70076,153839,0
"Wreck of the Hungry Riverbeast, Nazjatar",449.53799438477,54.11629867554,-145.40400695801,0,0,0,0,2412,1718,70076,613,2,0,4689,0,0,70076,20413,0
"Ekka's Hideaway, Nazjatar",1316.75,-1130.3199462891,-349.43899536133,0,0,0,0,2437,1718,70076,616,2,0,4689,0,0,70076,153839,0
"Prospectus Bay, Mechagon",3282.0200195312,4900.4599609375,3.51593995094,0,0,0,0,2441,1643,0,615,2,0,4689,0,0,0,139734,0
"Overspark Expedition Camp, Mechagon",3044.4099121094,4800.759765625,1.51100003719,0,0,0,0,2442,1643,0,614,5,0,4689,0,0,137224,0,156009
"test node",-492.29699707031,-596.78601074219,0,0,0,0,0,2467,2224,0,0,1024,0,4689,0,0,0,39396,25968
"test node",-492.29699707031,-596.78601074219,0,0,0,0,0,2471,2224,0,0,1024,0,4689,0,0,0,39396,40054
"test node",-492.29699707031,-596.78601074219,0,0,0,0,0,2472,2224,0,0,1024,0,4689,0,0,0,56239,40054
"test node",-492.29699707031,-596.78601074219,0,0,0,0,0,2473,2224,0,0,1024,0,4689,0,0,0,56239,35445
"adams test node",-244.53500366211,-692.63397216797,0,0,0,0,0,2474,2228,0,0,1024,0,4689,0,0,0,25968,39396
"adams second test node",-216.0950012207,-586.77301025391,0,0,0,0,0,2475,2228,0,0,1024,0,4689,0,0,0,19841,149703
"The Tidal Conflux, Nazjatar",2113.0300292969,-584.93402099609,-609.46099853516,0,0,0,0,2482,1718,71256,619,10,0,4689,0,0,71256,153839,0
"The Tidal Conflux, Nazjatar",2112.7900390625,-525.21197509766,-609.45202636719,0,0,0,0,2483,1718,71257,620,9,0,4689,0,0,71257,0,153839
"Darkhaven, Revendreth",-2623.9799804688,6010.490234375,4115.6899414062,0,0,0,0,2488,2222,0,621,3,0,4689,295.25299072266,0,0,160201,160201
"Quest Path 7759: Oribos go south 2 (msc)",-1908.7900390625,1282.8800048828,5268.8100585938,0,0,0,0,2490,2222,0,0,1024,0,4689,0,0,0,133834,133834
"Quest Path 7794: 9.0 Bastion - Temple of Humility - Quest - Transport To Humiity Top (JLW)",-2479.6398925781,-6114.7797851562,6789.419921875,0,0,0,0,2506,2222,0,0,1024,0,4689,0,0,0,133834,133834
"Sanctuary of the Mad, Revendreth",-2172.1201171875,7696.5200195312,4096.1098632812,0,0,0,0,2511,2222,0,623,3,0,4689,295.25299072266,0,0,160201,160201
"Halls of Atonement, Revendreth",-1848.2700195312,5393.16015625,4062.7700195312,0,0,0,0,2512,2222,0,624,3,0,4689,153.25700378418,0,0,160201,160201
"Old Gate, Revendreth",-1798.8800048828,5975.6899414062,4125.75,0,0,0,0,2513,2222,0,625,3,0,4689,295.25299072266,0,0,160201,160201
"Pridefall Hamlet, Revendreth",-3387.6999511719,5461.4599609375,4275.7202148438,0,0,0,0,2514,2222,0,626,3,0,4689,295.25299072266,0,0,160201,160201
"Dominance Keep, Revendreth",-1424.75,7952.009765625,4033.5400390625,0,0,0,0,2515,2222,0,627,3,0,4689,83.05970001221,0,0,160201,160201
"Menagerie of the Master, Revendreth",-1304.6899414062,6367.6499023438,4184.4702148438,0,0,0,0,2517,2222,0,629,3,0,4689,293.625,0,0,160201,160201
"Wanecrypt Hill, Revendreth",-2952.6000976562,6721.1298828125,4038.6398925781,0,0,0,0,2518,2222,0,630,3,0,4689,0,0,0,160201,160201
"Aspirant's Rest, Bastion",-4160.75,-4629.7700195312,6534.1499023438,0,0,0,0,2519,2222,0,631,3,0,4689,0,0,0,159123,159123
"Sagehaven, Bastion",-2305.080078125,-4361.41015625,6600.3100585938,0,0,0,0,2520,2222,0,633,3,0,4689,0,0,0,159123,159123
"Quest Path 7856: 9.0 Ardenweald - COV - MC - Q57782 - Taxi to Boss - LWB",-5592.7797851562,1737.0400390625,5646.1098632812,0,0,0,0,2527,2222,0,0,1024,0,4689,0,0,0,100483,100483
"Elysian Hold, Bastion",-1636.6700439453,-5815.990234375,6851.7001953125,0,0,0,0,2528,2222,0,637,11,0,4689,0,0,87294,159123,159123
"Hero's Rest, Bastion",-2944.080078125,-4853.7099609375,6704.2700195312,0,0,0,0,2529,2222,0,638,3,0,4689,0,0,0,159123,159123
"Charred Ramparts, Revendreth",-2191.1000976562,7223.6801757812,4240.08984375,0,0,0,0,2537,2222,0,640,3,0,4689,295.25299072266,0,0,160201,160201
"Quest Path 7899: 9.0 Bastion - Campaign - Ch 05 - Revendreth - Redelav District - Transport Down from Wall (JLW)",-1897.8900146484,6340.1201171875,4232.1401367188,0,0,0,0,2541,2222,0,0,1024,0,4689,0,0,0,163012,163012
"Mistfall Village, Vale of Eternal Blossoms",685.71002197266,1492.8100585938,412.34100341797,0,0,0,0,2544,1795,0,641,3,0,4689,0,0,0,70280,70280
"Sinfall, Revendreth",-1852.3800048828,7585.419921875,4192.5400390625,0,0,0,0,2548,2222,84603,646,3,0,4689,17.30550003052,0,84603,160201,160201
"Quest Path 7925: 9.0 Bastion - Temple of Wisdom - Teleport Pads - Grounds -> Temple Base - GJC",-1793.7900390625,-4121.1899414062,6562.66015625,0,0,0,0,2549,2222,0,0,1024,0,4689,0,0,0,163012,163012
"Quest Path 7926: 9.0 Bastion - Temple of Wisdom - Teleport Pads - Temple Base -> Grounds - GJC",-1904.8399658203,-4203.6098632812,6576.5400390625,0,0,0,0,2550,2222,0,0,1024,0,4689,0,0,0,163012,163012
"Quest Path 7869: 9.0 Bastion - Hero's Rest - Zipline - North - Up - GJC",-2864.6599121094,-4969.1801757812,6698.8100585938,0,0,0,0,2552,2222,0,0,1024,0,4689,0,0,0,163012,163012
"Quest Path 7949: 9.0 Ardenweald - Bastion Campaign - Queen's Chamber - Up - RRB",-6892.330078125,1040.8000488281,5778.2797851562,0,0,0,0,2553,2222,0,0,1024,0,4689,0,0,0,163012,163012
"Quest Path 7950: 9.0 Ardenweald - Bastion Campaign - Queen's Chamber - Down - RRB/ELM",-6835.66015625,1154.5,5673.8901367188,0,0,0,0,2554,2222,0,0,1024,0,4689,0,0,0,163012,163012
"The Maw",501.29998779297,1470.3000488281,765.79998779297,0.00689999992,-0.02590000071,0,0,2555,1669,51635,0,1067,256,4689,24,53150,0,0,0
"Progenitor Console",4464.5297851562,6831.6298828125,4888.8701171875,0.00689999992,-0.02590000071,0,0,2556,2222,5703,632,43,256,4689,24,5703,0,163012,163012
"[Hidden] The Maw - Outdoor - Cocyrus Oribos Teleport Dest",4464.3999023438,6835.4501953125,4888.6899414062,0,0,0,0,2557,2222,5703,0,1027,0,4689,0,0,5703,118844,118844
"The Spearhead, Maldraxxus",2489.25,-1839.0999755859,3272.4099121094,0,0,0,0,2558,2222,0,636,3,0,4689,0,0,0,165085,165085
"Spider's Watch, Maldraxxus",3587.0100097656,-1746.5600585938,3225.9299316406,0,0,0,0,2559,2222,0,635,3,0,4689,0,0,0,165085,165085
"Keres' Rest, Maldraxxus",3531.6799316406,-2766.6398925781,3343.6298828125,0,0,0,0,2560,2222,0,648,3,0,4689,0,0,0,165085,165085
"Renounced Bastille, Maldraxxus",2891.3200683594,-3648.0300292969,3321.330078125,0,0,0,0,2561,2222,0,649,3,0,4689,0,0,0,165085,165085
"Quest Path 7870: 9.0 Bastion - Hero's Rest - Zipline - South - Up - GJC",-3019.7099609375,-4972.7797851562,6698.8100585938,0,0,0,0,2562,0,0,0,1024,0,4689,0,0,0,163012,163012
"Quest Path 7876: 9.0 Bastion - Hero's Rest - Zipline - South - Down - GJC",-3214.8798828125,-5162.6098632812,6593.080078125,0,0,0,0,2563,0,0,0,1024,0,4689,0,0,0,163012,163012
"Theater of Pain, Maldraxxus",2580.4699707031,-2520.7600097656,3307.5200195312,0,0,0,0,2564,2222,0,650,3,0,4689,0,0,0,165085,165085
"Quest Path 7875: 9.0 Bastion - Hero's Rest - Zipline - West - Down - GJC",-3048.0300292969,-4545.490234375,6637.8500976562,0,0,0,0,2566,2222,0,0,1024,0,4689,0,0,0,163012,163012
"Quest Path 7874: 9.0 Bastion - Hero's Rest - Zipline - West - Up - GJC",-2942.6999511719,-4802.7299804688,6689.0400390625,0,0,0,0,2567,2222,0,0,1024,0,4689,0,0,0,163012,163012
"Quest Path 7877: 9.0 Bastion - Hero's Rest - Zipline - North - Down - GJC",-2544.7800292969,-4954.8999023438,6582,0,0,0,0,2568,2222,0,0,1024,0,4689,0,0,0,163012,163012
"Plague Watch, Maldraxxus",1778.3199462891,-3039.2900390625,3277.830078125,0,0,0,0,2569,2222,0,652,3,0,4689,0,0,0,165085,165085
"Quest Path 8039: 9.0 Bastion - Campaign - Ch 05 - Revendreth - Tower to Ember Ward (JLW)",-2218.6298828125,7648,4055.7099609375,0,0,0,0,2572,2222,0,0,1024,0,4689,0,0,0,160201,160201
"Quest Path 8047: 9.0 Ardenweald - Covenant Hall - Queen's Audience Chamber Taxi Up - KRB",-6893.8701171875,1041.8199462891,5777.0297851562,0,0,0,0,2573,2222,0,0,1024,0,4689,0,0,0,175129,175129
"Quest Path 8048: 9.0 Ardenweald - Covenant Hall - Queen's Audience Chamber Taxi Down - KRB",-6886.33984375,1001.6099853516,5691.419921875,0,0,0,0,2574,2222,0,0,1024,0,4689,0,0,0,175129,175129
"Quest Path 8054: 9.0 Ardenweald - COV - Sisters - Q05 - Queen's Audience Chamber Taxi Up - KRB",-6895.4501953125,1042.3199462891,5777.8500976562,0,0,0,0,2575,2222,0,0,1024,0,4689,0,0,0,175129,175129
"Quest Path 8055: 9.0 Ardenweald - COV - Sisters - Q05 - Queen's Audience Chamber Taxi Down - KRB",-6856.5400390625,1029.6999511719,5689.9501953125,0,0,0,0,2576,2222,0,0,1024,0,4689,0,0,0,175129,175129
"Quest Path 8079: 9.0 Bastion Campaign - Ch 09 - Loyalty - Stage 6 - Ground -> Temple of Loyalty - GJC",-1879.4499511719,-2829.1799316406,6746.8100585938,0,0,0,0,2580,2305,0,0,1024,0,4689,0,0,0,163012,163012
"Glitterfall Basin, Ardenweald",-5993.7202148438,650.75500488281,5505.2998046875,0,0,0,0,2584,2222,0,663,3,0,4689,0,0,0,165090,165090
"Tirna Vaal, Ardenweald",-6143.7797851562,-207.12800598145,5581.919921875,0,0,0,0,2585,2222,0,653,3,0,4689,0,0,0,165090,165090
"Hibernal Hollow, Ardenweald",-6903.6298828125,15.22220039368,5460.0400390625,0,0,0,0,2586,2222,0,654,3,0,4689,0,0,0,165090,165090
"Heart of the Forest, Ardenweald",-6788.5600585938,1006.799987793,5711.7900390625,0,0,0,0,2587,2222,87905,655,3,0,4689,0,0,87905,165090,165090
"Root-Home, Ardenweald",-6821.2299804688,1804.9000244141,5561.2700195312,0,0,0,0,2588,2222,0,660,3,0,4689,250,0,0,165090,165090
"Claw's Edge, Ardenweald",-7747.3999023438,657.875,5521.2797851562,0,0,0,0,2589,2222,0,662,3,0,4689,0,0,0,165090,165090
"Refugee Camp, Ardenweald",-6828.4799804688,798.73297119141,5664.1899414062,0,0,0,0,2590,2222,87906,661,3,0,4689,345,0,87906,165090,165090
"Crucible of Souls",4410.7900390625,7746.8198242188,4915.5600585938,0,0,0,0,2591,2222,0,656,1152,0,4689,0,0,0,0,0
"9.0 Maw - Oribos - Teleport In",-1815.6899414062,1302.4100341797,5446,0,0,0,0,2594,2222,0,659,163,0,4689,0,0,0,0,0
"Quest Path 8159: 9.0 Bastion - Level Up - Memory Extraction - Zipline - Up (JAK)",-3714.4899902344,-5046.25,6575.41015625,0,0,0,0,2595,2222,0,0,1024,0,4689,0,0,0,163012,163012
"Quest Path 8160: 9.0 Bastion - Level Up - Memory Extraction - Zipline - Down (JAK)",-3841.3999023438,-5275.3901367188,6489.8999023438,0,0,0,0,2596,2222,0,0,1024,0,4689,0,0,0,163012,163012
"Quest Path 8194: 9.0 Bastion - Level Up - Temple of Purity - Zipline - Up (JAK)",-3993.1398925781,-5779.6000976562,6730.83984375,0,0,0,0,2602,2222,0,0,1024,0,4689,0,0,0,163012,163012
"Quest Path 8195: 9.0 Bastion - Level Up - Temple of Purity - Zipline - Down (JAK)",-4077.6101074219,-5658.259765625,6527.0698242188,0,0,0,0,2603,2222,0,0,1024,0,4689,0,0,0,163012,163012
"Quest Path 8242: [UNUSED]9.x Quest - The Battle for Lordaeron (H) - Orgrimmar, Valley of Strength --> Orgrimmar, Gates of Orgrimmar (ELM)",1426.5100097656,-4377.66015625,73.9208984375,0,0,0,0,2604,1,0,0,1024,0,4689,0,0,0,2224,2224
"Quest Path 8278: Theater of Pain Taxi Path",1619.3199462891,2374.25,232.00900268555,0,0,0,0,2605,1529,0,0,1024,0,4689,0,0,0,79302,79302
"Elysian Hold, Bastion",-1714.8199462891,-5786.2099609375,6823.5698242188,0,0,0,0,2625,2222,81993,657,99,5367,11792,0,0,81993,0,0
"Hero's Rest, Bastion",-2943.6298828125,-4871.9501953125,6704.1201171875,0,0,0,0,2626,2222,81993,658,99,5367,11792,227.8390045166,0,81993,0,0
"[Hidden] 9.0 Bastion Ground Points Hub (Ground TP out to here, TP to Sanctum from here)",-1745.0300292969,-5707.75,6823.9399414062,0,0,0,0,2627,2222,0,0,1024,0,11792,0,0,0,163012,163012
"[Hidden] 9.0 Bastion Ground Hub (Sanctum TP out to here, TP to ground from here)",-1737.8199462891,-5714.6899414062,6823.9399414062,0,0,0,0,2628,2222,0,0,1024,0,11792,0,0,0,163012,163012
"Aspirant's Rest, Bastion",-4101.2001953125,-4643.759765625,6536,0,0,0,0,2630,2222,81993,664,99,5367,11792,227.8390045166,0,81993,0,0
"Xandria's Vigil, Bastion",-3316.8500976562,-4135.9399414062,6599.4501953125,0,0,0,0,2631,2222,81993,665,99,5367,11792,227.8390045166,0,81993,0,0
"Sagehaven, Bastion",-2330.7099609375,-4365.9301757812,6598.1401367188,0,0,0,0,2632,2222,81994,666,99,5367,11792,227.8390045166,0,81994,0,0
"Temple of Purity, Bastion",-4290.8100585938,-5383.7202148438,6514.8598632812,0,0,0,0,2633,2222,81994,667,99,5367,11792,227.8390045166,0,81994,0,0
"Seat of Eternal Hymns, Bastion",-2239.5500488281,-5313.1000976562,6541.4599609375,0,0,0,0,2634,2222,81994,668,99,5367,11792,227.8390045166,0,81994,0,0
"Temple of Humility, Bastion",-2986.0300292969,-5855.1899414062,6547.0400390625,0,0,0,0,2635,2222,81996,669,99,5367,11792,227.8390045166,0,81996,0,0
"Terrace of the Collectors, Bastion",-1837.6600341797,-3781.419921875,6578.919921875,0,0,0,0,2636,2222,81996,670,99,5367,11792,227.8390045166,0,81996,0,0
"Summoned Steward, Bastion",-2971.0100097656,-4955.58984375,6707.9399414062,0,0,0,0,2637,2222,81996,671,1251,5367,11792,227.8390045166,0,81996,0,0
"Quest Path 8321: 9.0 Bastion - Treasure Max Level - Wisdom - Taxi - A to D - EJC",-1562.1800537109,-4151.83984375,6700.740234375,0,0,0,0,2639,2222,0,0,1024,0,4689,0,0,0,163012,163012
"Quest Path 8322: 9.0 Bastion - Treasure Max Level - Wisdom - Taxi - B to C - EJC",-1701.5,-4234.2001953125,6594.7998046875,0,0,0,0,2640,2222,0,0,1024,0,4689,0,0,0,163012,163012
"Quest Path 8323: 9.0 Bastion - Treasure Max Level - Wisdom - Taxi - C to D - EJC",-1562.25,-4151.830078125,6700.740234375,0,0,0,0,2641,2222,0,0,1024,0,4689,0,0,0,163012,163012
"Quest Path 8324: 9.0 Bastion - Treasure Max Level - Wisdom - Taxi - D to E - EJC",-1665.0999755859,-3901.6000976562,6700.0400390625,0,0,0,0,2642,2222,0,0,1024,0,4689,0,0,0,163012,163012
"Theater of Pain North, Maldraxxus",3008.0200195312,-2525.330078125,3310.169921875,0,0,0,0,2643,2222,0,0,1024,0,4689,0,0,0,0,0
"Quest Path 8326: 9.0 Bastion - Treasure Max Level - Wisdom - Taxi - F to A - EJC",-1696.9699707031,-4136.990234375,6752.1000976562,0,0,0,0,2644,2222,0,0,1024,0,4689,0,0,0,163012,163012
"Quest Path 8327: 9.0 Bastion - Treasure Max Level - Wisdom - Taxi - C to F - EJC",-1567.2299804688,-4208.91015625,6540.2299804688,0,0,0,0,2645,2222,0,0,1024,0,4689,0,0,0,163012,163012
"Quest Path 8328: 9.0 Bastion - Max Level - Temple of Courage - Zipline -  Up (JAK)",-3338.6298828125,-3821.75,6603.9399414062,0,0,0,0,2646,2222,0,0,1024,0,4689,0,0,0,163012,163012
"Quest Path 8329: 9.0 Bastion - Max Level - Temple of Courage - Zipline -  Down (JAK)",-3357.9899902344,-4030.5700683594,6565.169921875,0,0,0,0,2647,2222,0,0,1024,0,4689,0,0,0,163012,163012
"Quest Path 8330: 9.0 Bastion - Max Level - Temple of Wisdom - Zipline -  Up (JAK)",-1691.1099853516,-4049.5900878906,6751.6298828125,0,0,0,0,2648,2222,0,0,1024,0,4689,0,0,0,163012,163012
"Quest Path 8331: 9.0 Bastion - Max Level - Temple of Wisdom - Zipline - Down (JAK)",-1707.2900390625,-4058.2900390625,6572.5400390625,0,0,0,0,2649,2222,0,0,1024,0,4689,0,0,0,163012,163012
"Quest Path 8332: 9.0 Bastion - Max Level - Temple of Humility - Zipline -  Up (JAK)",-2502.1599121094,-6207.6298828125,6789.7900390625,0,0,0,0,2650,2222,0,0,1024,0,4689,0,0,0,163012,163012
"Quest Path 8333: 9.0 Bastion - Max Level - Temple of Humility - Zipline -  Down (JAK)",-2654.9799804688,-6046.9501953125,6574.6401367188,0,0,0,0,2651,2222,0,0,1024,0,4689,0,0,0,163012,163012
"Quest Path 8334: 9.0 Bastion - Treasure Max Level - Wisdom - Taxi - E to B - EJC",-1682.9499511719,-3915.669921875,6537.990234375,0,0,0,0,2652,2222,0,0,1024,0,4689,0,0,0,163012,163012
"Quest Path 8336: 9.0 Bastion - Max Level - Temple of Loyalty - Zipline - Lower - Up (JAK)",-1878.0400390625,-2949.3000488281,6594.4599609375,0,0,0,0,2653,2222,0,0,1024,0,4689,0,0,0,163012,163012
"Quest Path 8337: 9.0 Bastion - Max Level - Temple of Loyalty - Zipline - Lower - Down (JAK)",-1875.0500488281,-3053.580078125,6578.5600585938,0,0,0,0,2654,2222,0,0,1024,0,4689,0,0,0,163012,163012
"Quest Path 8338: 9.0 Bastion - Max Level - Temple of Loyalty - Zipline - Upper - Up (JAK)",-1880.4100341797,-2739.0600585938,6747.7001953125,0,0,0,0,2655,2222,0,0,1024,0,4689,0,0,0,163012,163012
"Quest Path 8339: 9.0 Bastion - Max Level - Temple of Loyalty - Zipline - Upper - Down (JAK)",-1878.8499755859,-2832.6899414062,6604.4399414062,0,0,0,0,2656,2222,0,0,1024,0,4689,0,0,0,163012,163012
"Quest Path 8335: 9.0 Maw - Torghast - Floor 90 - Up",1858.7299804688,-9508.330078125,112.43599700928,0,0,0,0,2657,2162,0,0,1024,0,4689,0,0,0,171394,171394
"Quest Path 8340: 9.0 Maw - Torghast - Floor 90 - Down",1767.3599853516,-9401.0595703125,51.68790054321,0,0,0,0,2658,2162,0,0,1024,0,4689,0,0,0,171394,171394
"Quest Path 8347: 9.0 Bastion - Treasure Max Level - Courage - Taxi - Return - EJC",-3338.5600585938,-3821.4699707031,6604.3598632812,0,0,0,0,2659,2222,0,0,1024,0,4689,0,0,0,163012,163012
"Quest Path 8348: 9.0 Bastion - Treasure Max Level - Wisdom - Taxi - Return - EJC",-1697,-4136.9702148438,6752.080078125,0,0,0,0,2660,2222,0,0,1024,0,4689,0,0,0,163012,163012
"Quest Path 8359: 9.0 Ardenweald - COV - Drust - Ch2 - Flight out of Darkreach - LWB",-7384.6298828125,1533.9599609375,5514.9301757812,0,0,0,0,2661,2222,0,0,1024,0,4689,0,0,0,17972,17972
"Quest Path 8363: 9.0 Maldraxxus - House of Plagues - Pipeline Up - EJC",1571.5300292969,-3006.6000976562,3305.3500976562,0,0,0,0,2662,2222,0,0,1024,0,4689,0,0,0,17972,17972
"Quest Path 8372: 9.0 Bastion - Path of Ascension - Capture - Devourer - Anima Gateway Taxi - GJC",-1206.2399902344,685.94396972656,7251.1201171875,0,0,0,0,2663,2375,0,0,1024,0,4689,0,0,0,163012,163012
"Quest Path 8374: 9.0 Maw - Outdoor - Ve'nari -> Planes of Torment",5326.6201171875,7251.509765625,4760.8701171875,0,0,0,0,2664,2222,0,0,1024,0,4689,0,0,0,172953,172953
"Quest Path 8387: 9.0 Bastion - Teleport Pads -  Eternal Forge Suburbs -> Miri's Chapel - SBV",-1371.9499511719,-4861.9301757812,6744.2998046875,0,0,0,0,2665,2222,0,0,1024,0,4689,0,0,0,163012,163012
"Quest Path 8388: 9.0 Bastion - Teleport Pads -  Miri's Chapel ->  Eternal Forge Suburbs - SBV",-1405.4100341797,-4955.6000976562,6639.3798828125,0,0,0,0,2666,2222,0,0,1024,0,4689,0,0,0,163012,163012
"Quest Path 8421: 9.0 Maw - Outdoor - Mawsworn Rifts - Zovaal's -> Calcis",4870.66015625,7698.8798828125,4832.0698242188,0,0,0,0,2670,2222,0,0,1024,0,4689,0,0,0,174965,174965
"Quest Path 8422: 9.0 Maw - Outdoor - Mawsworn Rifts - Calcis -> Zovaal's",4531.5698242188,7226.169921875,4861.1201171875,0,0,0,0,2671,2222,0,0,1024,0,4689,0,0,0,174965,174965
"Quest Path 8423: 9.0 Maw - Outdoor - Mawsworn Rifts - Crucible -> Tremaculum",5241.990234375,7620.2797851562,4777.0200195312,0,0,0,0,2672,2222,0,0,1024,0,4689,0,0,0,174965,174965
"Quest Path 8424: 9.0 Maw - Outdoor - Mawsworn Rifts - Tremaculum -> Crucible",4412.6499023438,7872.1201171875,4928.58984375,0,0,0,0,2673,2222,0,0,1024,0,4689,0,0,0,174965,174965
"Quest Path 8375: 9.0 Maw - Outdoor - Ve'nari -> Beastwarrens",3976.5400390625,6455.240234375,4810.0600585938,0,0,0,0,2674,2222,0,0,1024,0,4689,0,0,0,172953,172953
"Quest Path 8425: 9.0 Bastion - Treasure - Out of Bounds Teleporter - 01 - SBV",-2841.4699707031,-4840.1298828125,6531.4301757812,0,0,0,0,2675,2222,0,0,1024,0,4689,0,0,0,163012,163012
"Quest Path 8426: 9.0 Bastion - Treasure - Out of Bounds Teleporter - 02 - SBV",-4930.669921875,-5332.6499023438,6496.4399414062,0,0,0,0,2676,2222,0,0,1024,0,4689,0,0,0,163012,163012
"Quest Path 8427: 9.0 Bastion - Treasure - Out of Bounds Teleporter - 03 - SBV",-3395.4299316406,-5449.7797851562,6497.509765625,0,0,0,0,2677,2222,0,0,1024,0,4689,0,0,0,163012,163012
"Quest Path 8428: 9.0 Bastion - Treasure - Out of Bounds Teleporter - 04 - SBV",-2228.2800292969,-5700.0200195312,6622.16015625,0,0,0,0,2678,2222,0,0,1024,0,4689,0,0,0,163012,163012
"Terrace of the Collectors, Bastion",-1803.7600097656,-3804.8400878906,6579.1899414062,0,0,0,0,2680,2222,0,628,3,0,4689,0,0,0,159123,159123
"Quest Path 8460: 9.0 Bastion - Cloudwalker Coffer - Zipline - To Memorial Shrine (MAH)",-1630.6999511719,-5222.6801757812,6546.08984375,0,0,0,0,2681,2222,0,0,1024,0,4689,0,0,0,163012,163012
"Elysian Beacon, Bastion",-1919.25,-5533.3598632812,6723.7998046875,0,0,0,0,2682,2222,0,672,227,5367,11792,310.40399169922,0,5703,0,0
"Quest Path 8472: 9.0 Bastion - Covenant Hall - Flight to Sanctum - Amphitheater -> Covenant Hall - GJC",-1763.9499511719,-5731.1000976562,6823.5698242188,0,0,0,0,2683,2222,0,0,1024,0,4689,0,0,0,159123,159123
"Quest Path 8473: 9.0 Bastion - Covenant Hall - Flight to Sanctum - Sanctum -> Amphitheater - GJC",-2155.1999511719,-5333.4799804688,6541.6899414062,0,0,0,0,2684,2222,0,0,1024,0,4689,0,0,0,159123,159123
"Quest Path 8474: 9.0 Bastion - Covenant Hall - Flight to Sanctum - Fate's Precipice -> Sanctum - GJC",-1536.75,-5553.8500976562,6855.41015625,0,0,0,0,2685,2222,0,0,1024,0,4689,0,0,0,159123,159123
"Quest Path 8475: 9.0 Bastion - Covenant Hall - Flight to Sanctum - Sanctum -> Fate's Precipice - GJC",-1385.4100341797,-5340.5498046875,6683.0400390625,0,0,0,0,2686,2222,0,0,1024,0,4689,0,0,0,159123,159123
"Quest Path 8476: 9.0 Bastion - Covenant Hall - Flight to Sanctum - Humility Terrace -> Sanctum - GJC",-1892.2800292969,-5924.669921875,6855.41015625,0,0,0,0,2687,2222,0,0,1024,0,4689,0,0,0,159123,159123
"Quest Path 8477: 9.0 Bastion - Covenant Hall - Flight to Sanctum - Sanctum -> Humility Terrace - GJC",-2082.7700195312,-5934.2001953125,6692.4599609375,0,0,0,0,2688,2222,0,0,1024,0,4689,0,0,0,159123,159123
"Quest Path 8500: 9.0.5 Maw - Hidden Object - Shadehound Mount - Perdition Upper to Zovaals - LJS",4532.5297851562,7226.16015625,4863.830078125,0,0,0,0,2690,2222,0,0,1024,0,4689,0,0,0,174965,174965
"Quest Path 8507: 9.1 Campaign- Ch 06 - House of Rituals - Surface -> Exoramas - KRB",3395,-4014,3577,0,0,0,0,2691,0,0,0,1024,0,4689,0,0,0,177789,177789
"Quest Path 8508: 9.1 Campaign- Ch 06 - House of Rituals - Exoramas -> Surface - KRB",3394,-4053,3489,0,0,0,0,2692,0,0,0,1024,0,4689,0,0,0,177789,177789
"Seamless Proto, Revendreth",615.47399902344,-450.8210144043,123.94999694824,0,0,0,0,2693,1550,0,673,1024,0,4689,0,0,0,164767,164767
"Seamless Proto, Boralus",757.26000976563,-268.55899047852,87.79630279541,0,0,0,0,2694,1549,0,674,1024,0,4689,0,0,0,164767,164767
"Keeper's Respite",3270.7299804688,5739.16015625,4939.33984375,0,0,0,0,2698,2222,90243,675,43,0,4689,340.40798950195,0,0,172953,172953
"Tazavesh Outdoor",-6084.9501953125,4824.2797851562,4790.759765625,0,0,0,0,2699,2222,0,676,1024,0,4689,330,0,0,0,0
"Ve'nari's Refuge",4535.1298828125,6706.66015625,4830.240234375,0,0,0,0,2700,2222,90243,677,43,0,4689,16.6716003418,0,0,172953,172953
"Tazavesh, the Veiled Market",-5895.6401367188,4810.740234375,4789.990234375,0,0,0,0,2703,2222,92289,639,11,0,4689,0,0,92289,164767,164767
"Quest Path 8614: 9.0 Maw - Outdoor - Ve'nari -> Perdition Hold",4166,7261.8798828125,4827.3999023438,0,0,0,0,2708,2222,0,0,1024,0,4689,0,0,0,172953,172953
"Quest Path 8615: 9.0 Maw - Outdoor - Ve'nari -> Desmotaeron",4717.419921875,5815.08984375,4883.5400390625,0,0,0,0,2709,2222,0,0,1024,0,4689,0,0,0,172953,172953
"Quest Path 8616: 9.0 Maw - Outdoor - Mawsworn Rifts - Desmotaeron -> Perdition Hold",4165.75,7262.1000976562,4827.3999023438,0,0,0,0,2710,2222,0,0,1024,0,4689,0,0,0,174965,174965
"Quest Path 8617: 9.0 Maw - Outdoor - Mawsworn Rifts - Perdition Hold -> Desmotaeron ",4715.8798828125,5819.5,4883.9702148438,0,0,0,0,2711,2222,0,0,1024,0,4689,0,0,0,174965,174965
"Immortal Hearth",-3830.1999511719,-2399.0200195312,110.98100280762,0,0,0,0,2712,2481,0,680,1027,5411,13367,0,0,0,183977,183977
"Genesis Cradle Alpha",-3372.1000976562,-2789.4499511719,114.95800018311,0,0,0,0,2713,2481,0,681,1027,5411,13367,0,0,0,183977,183977
"Genesis Cradle Beta",-2831.8100585938,-3323.8701171875,88.84439849854,0,0,0,0,2714,2481,0,682,1027,5411,13367,0,0,0,183977,183977
"Ephemeral Plains Alpha",-4227.9501953125,-2862.1201171875,-160.37199401855,0,0,0,0,2715,2481,0,683,1027,5411,13367,0,0,0,183977,183977
"Ephemeral Plains Omega",-4395.1201171875,-3877.6000976562,-229.76400756836,0,0,0,0,2716,2481,0,684,1027,5411,13367,0,0,0,183977,183977
"Quest Path 8628: 10.0 - Pre-Prod - Krav'rel to Azure Archives - (STM)",-5352.2900390625,1407.9699707031,776.53997802734,0,0,0,0,2717,0,0,0,1024,0,4689,0,0,0,134687,134687
"Quest Path 8629: 10.0 - Pre-Prod: Azure Archives to Kirin Tor Hub - (STM)",-3832.2399902344,502.0710144043,648.26599121094,0,0,0,0,2718,0,0,0,1024,0,4689,0,0,0,134687,134687
"Quest Path 8630: 10.0 - Pre-Prod - Bombing Run - (STM)",-2787.8200683594,-1257.5899658203,935.36901855469,0,0,0,0,2719,0,0,0,1024,0,4689,0,0,0,153047,153047
"Quest Path 8631: 10.0 - Pre-Prod - Kalthraz Fortress to Azure Archives - (STM)",-5635.16015625,1168.6400146484,794.02001953125,0,0,0,0,2720,0,0,0,1024,0,4689,0,0,0,153047,153047
"Quest Path 8635: 10.0 Pre-Prod - Grasslands - Dragonsmeet to Emerald Gardens (JLW)",-1525.7600097656,4634.4702148438,155.06700134277,0,0,0,0,2722,2444,0,0,1024,0,4689,0,0,0,32562,32562
"Haven, Zereth Mortis",-4212.990234375,684.64801025391,-41.50310134888,0,0,0,0,2724,2374,0,685,3,5411,13368,78,0,95860,183977,183977
"Faith's Repose, Zereth Mortis",-3540.5100097656,679.70501708984,-44.92200088501,0,0,0,0,2725,2374,0,686,3,5411,13368,252,0,95860,183977,183977
"Pilgrim's Grace, Zereth Mortis",-3730.9799804688,-595.01000976563,-7.68064022064,0,0,0,0,2728,2374,0,687,3,5411,13368,0,0,95860,183977,183977
"Gravid Repose Locus",-3214.419921875,-13.07470035553,-81.71669769287,0,0,0,0,2729,2374,94907,688,483,5427,13842,271,34450,0,0,0
"Interior Locus",-3204.3999023438,52.59030151367,-81.52359771729,0,0,0,0,2730,2374,94906,690,483,5427,13842,60,94887,0,0,0
"Domination's Grasp",-3824.9899902344,-2609.5200195312,78.75949859619,0,0,0,0,2731,2481,135470,689,1027,5411,13367,0,0,0,183977,183977
"[HIDDEN] - 9.2 Resonant Peaks - Teleport Network - Hidden Hub (Connects all Nodes to each other without unique paths) (MAH/JDA)",-3231.1398925781,-1.85938000679,-81.36319732666,0,0,0,0,2732,2374,0,691,1216,0,11792,0,0,0,163012,163012
"Zovaal's Grasp, Zereth Mortis",-2813.669921875,174.40600585938,-130.99499511719,0,0,0,0,2733,2374,0,693,35,5411,13368,0,0,0,183977,183977
"Antecedent Isle, Zereth Mortis",-2489.4299316406,99.73259735107,-86.34929656982,0,0,0,0,2734,2374,0,692,35,5411,13368,0,0,0,183977,183977
"Sepulcher Overlook, Zereth Mortis",-3834.8000488281,-751.03302001953,28.42410087585,0,0,0,0,2736,2374,94751,711,35,5411,13368,0,0,0,183977,183977
"Sepulcher Of The First Ones, Zereth Mortis",-3829.580078125,-1170.9699707031,42.79000091553,0,0,0,0,2737,2374,0,697,35,5411,13368,0,0,0,183977,183977
"Ultimus Locus",-3101.1499023438,26.17189979553,105.02600097656,0,0,0,0,2738,2374,94912,695,483,5427,13842,153,94887,0,0,0
"Rebuff Lookout, The Waking Shores",2348.8898925781,-1394.9499511719,375.25399780273,0,0,0,0,2739,2444,94824,694,227,5367,11792,41,0,94824,0,0
"10.0 Construction - Teleport Network - Hidden Hub (Connects all Nodes to each other without unique paths) (JDA)",0,0,0,0,0,0,0,2740,2444,0,713,1216,0,11792,0,0,0,163012,163012
"Skytop Lookout (QD), The Waking Shores",3094.9899902344,86.55729675293,281.97299194336,0,0,0,0,2741,2444,94823,696,227,5367,11792,106,0,94823,0,0
"Quintus Locus",-3145.4499511719,-63.94440078735,55.37689971924,0,0,0,0,2742,2374,94909,698,483,5427,13842,153,94887,0,0,0
"Quartus Locus",-3048.1000976562,45.55210113525,17.77569961548,0,0,0,0,2743,2374,94908,699,483,5427,13842,0,94887,0,0,0
"Tertius Locus",-2965.2700195312,-123.46499633789,-13.83549976349,0,0,0,0,2744,2374,94911,700,483,5427,13842,0,94887,0,0,0
"Secundus Locus",-2992.4699707031,82.24649810791,-4.47247982025,0,0,0,0,2745,2374,94910,701,483,5427,13842,0,94887,0,0,0
"Primus Locus",-2939.6298828125,44.51739883423,-51.11489868164,0,0,0,0,2746,2374,94886,702,483,5427,13842,0,94887,95502,0,0
"Camber Alcove",-3311.0100097656,36.11809921265,-88.09400177002,0,0,0,0,2747,2374,94914,703,483,5427,13842,0,94887,0,0,0
"Repertory Alcove",-3286.3601074219,80.84549713135,-87.22160339355,0,0,0,0,2748,2374,94915,704,483,5427,13842,0,94887,0,0,0
"Rondure Alcove",-3380.9399414062,318.8450012207,-226.95599365234,0,0,0,0,2749,2374,94916,705,483,5427,13842,0,94887,0,0,0
"Dormant Alcove",-3299.9599609375,250.34399414063,-232.21000671387,0,0,0,0,2750,2374,94917,706,483,5427,13842,0,94887,0,0,0
"Fulgor Alcove",-3374.4799804688,112.95300292969,-199.30599975586,0,0,0,0,2751,2374,94918,707,483,5427,13842,0,94887,0,0,0
"Ruby Lifeshrine, The Waking Shores",1530,-393,334,0,0,0,0,2752,2444,0,708,227,5367,11792,93,0,0,0,0
"Arcae Locus",-3195.0300292969,71.72049713135,-81.52279663086,0,0,0,0,2754,2374,94919,709,227,5427,13842,0,0,0,0,0
"Genesis Cradle Omega",-2231.8601074219,-3876.5,65.01950073242,0,0,0,0,2757,2481,0,710,1027,5411,13367,0,0,0,183977,183977
"Azure Archives, Azure Span",-5341.5698242188,1454.6199951172,777.35699462891,0,0,0,0,2773,2444,0,716,3,0,4689,0,0,0,197880,197880
"Camp Antonidas, Azure Span",-3800.9599609375,404.45098876953,659.10998535156,0,0,0,0,2774,2444,0,717,3,0,4689,0,0,0,197880,197880
"Iskaara, Azure Span",-4471.6000976562,4051.169921875,6.60776996613,0,0,0,0,2775,2444,0,718,3,0,4689,0,0,0,192936,192936
"Quest Path 8851: 10.0 Plains - Emerald Hub - Taxi Down to Portal Grove (RMV)",-1116.6600341797,5148.1801757812,20.22050094604,0,0,0,0,2782,2444,0,0,1024,0,4689,0,0,0,190808,190808
"Quest Path 8852: 10.0 Plains - Emerald Hub - Taxi Up to Shady Snctuary (RMV)",-1425.5899658203,4602.8701171875,136.92799377441,0,0,0,0,2783,2444,0,0,1024,0,4689,0,0,0,190808,190808
"Camp Nowhere, Azure Span",-5185.1401367188,-1414.0300292969,529.34600830078,0,0,0,0,2784,2444,0,722,3,0,4689,0,0,0,69067,69067
"Rhonin's Shield, Azure Span",-2771.0600585938,-1691.8299560547,967.43200683594,0,0,0,0,2786,2444,0,723,3,0,4689,0,0,0,69067,69067
"Cobalt Assembly, Azure Span",-2575.580078125,145.8159942627,859.50598144531,0,0,0,0,2787,2444,0,724,3,0,4689,0,0,0,197880,197880
"Theron's Watch, Azure Span",-2114.6899414062,-1620.6400146484,972.81298828125,0,0,0,0,2788,2444,0,725,3,0,4689,0,0,0,192874,192874
"Three-Falls Lookout, Azure Span",-2646.1298828125,3410.3100585938,448.60501098633,0,0,0,0,2789,2444,0,743,3,0,4689,0,0,0,69067,69067
"Timberstep Outpost, Ohn'ahran Plains",204.8390045166,365.97698974609,344.21200561523,0,0,0,0,2790,2444,0,726,3,0,4689,0,0,0,192807,192807
"Maruukai, Ohn'ahran Plains",-706.47601318359,2048.8999023438,480.37100219727,0,0,0,0,2792,2444,0,727,3,0,4689,0,0,0,192807,192807
"Forkriver Crossing, Ohn'ahran Plains",-2578.2600097656,1392.6099853516,556.35998535156,0,0,0,0,2793,2444,0,728,3,0,4689,0,0,0,192807,192807
"Teerakai, Ohn'ahran Plains",-1671.1700439453,3788.5500488281,487.02301025391,0,0,0,0,2794,2444,0,729,3,0,4689,0,0,0,192807,192807
"Broadhoof Outpost, Ohn'ahran Plains",-666.65802001953,3296.9899902344,404.32598876953,0,0,0,0,2795,2444,0,731,3,0,4689,0,0,0,192807,192807
"Shady Sanctuary, Ohn'ahran Plains",-1493.5,4564.6098632812,159.78799438477,0,0,0,0,2796,2444,0,730,3,0,4689,0,0,0,196282,196282
"Emberwatch, Ohn'ahran Plains",147.85600280762,1759.9200439453,371.59600830078,0,0,0,0,2797,2444,0,732,3,0,4689,0,0,0,192874,192874
"Pinewood Post, Ohn'ahran Plains",-1504.5300292969,727.17700195313,530.73901367188,0,0,0,0,2798,2444,0,742,3,0,4689,0,0,0,192807,192807
"Rusza'thar Reach, Ohn'ahran Plains",-444.33700561523,407.77600097656,517.09600830078,0,0,0,0,2799,2444,0,714,3,0,4689,0,0,0,196282,196282
"Uktulut Outpost, The Waking Shores",652.89599609375,3258.6000976562,1.93669998646,0,0,0,0,2800,2444,0,733,3,0,4689,0,0,0,192936,192936
"Apex Observatory, The Waking Shores",949.51702880859,2758.0600585938,203.59300231934,0,0,0,0,2801,2444,0,734,3,0,4689,0,0,0,192940,192940
"Obsidian Throne, The Waking Shores",2337.2800292969,2635.6101074219,383.85000610352,0,0,0,0,2802,2444,0,738,3,0,4689,0,0,0,192940,192940
"Uktulut Pier, The Waking Shores",3908.1799316406,997.2919921875,14.50580024719,0,0,0,0,2803,2444,0,739,3,0,4689,0,0,0,192936,192936
"Uktulut Backwater, The Waking Shores",3407.9499511719,322.64199829102,19.27770042419,0,0,0,0,2804,2444,0,753,3,0,4689,0,0,103670,192936,192936
"Wingrest Embassy, The Waking Shores",3508.3400878906,-1411.1700439453,93.50389862061,0,0,0,0,2805,2444,0,740,3,0,4689,0,0,0,192874,192874
"Life Vault Ruins, The Waking Shores",2321.3100585938,-533.65301513672,54.45119857788,0,0,0,0,2806,2444,0,737,3,0,4689,0,0,0,192874,192874
"Ruby Life Pools, The Waking Shores",1753.25,42.125,312.45300292969,0,0,0,0,2807,2444,0,736,3,0,4689,0,0,0,192940,192940
"Obsidian Bulwark, The Waking Shores",1847.2199707031,1283.4899902344,188.37899780273,0,0,0,0,2808,2444,0,741,3,0,4689,0,0,0,192940,192940
"Dragonscale Basecamp, The Waking Shores",939.7919921875,832.41497802734,129.83099365234,0,0,0,0,2809,2444,0,735,3,0,4689,0,0,0,69067,69067
"Valdrakken, Thaldraszus",-10.02950000763,-844.18597412109,838.06597900391,0,0,0,0,2810,2444,0,745,3,0,4689,0,0,0,192940,192940
"Gelikyr Post, Thaldraszus",-317.99798583984,-2055.9899902344,942.45697021484,0,0,0,0,2811,2444,0,748,3,0,4689,0,0,0,192940,192940
"Temporal Conflux, Thaldraszus",-1287.8299560547,-2946.3200683594,1174.4499511719,0,0,0,0,2812,2444,0,721,3,0,4689,0,0,0,197879,197879
"Algeth'era, Thaldraszus",1378.7199707031,-1893.4899902344,536.4580078125,0,0,0,0,2813,2444,0,747,3,0,4689,0,0,0,197880,197880
"Veiled Ossuary, Thaldraszus",2929.669921875,-3170.8601074219,338.55999755859,0,0,0,0,2814,2444,0,749,3,0,4689,0,0,0,192940,192940
"Garden Shrine, Thaldraszus",-1118.8599853516,-485.13400268555,1011.0700073242,0,0,0,0,2815,2444,0,751,3,0,4689,0,0,0,196282,196282
"Shifting Sands, Thaldraszus",-1125.4200439453,-2708.8400878906,1039.3100585938,0,0,0,0,2816,2444,0,750,3,0,4689,0,0,0,197879,197879
"Skytop Observatory, The Waking Shores",2610.1201171875,-1153.9799804688,322.37100219727,0,0,0,0,2817,2444,0,744,3,0,4689,0,0,0,192940,192940
"Vault of the Incarnates, Thaldraszus",394.64898681641,-4186.8901367188,1555.1899414062,0,0,0,0,2818,2444,0,746,3,0,4689,0,0,0,197879,197879
"Quest Path 9123: 10.0 Plains - Merithra's Watch - Taxi Down to Shady Sanctuary (RMV)",-1427.7199707031,4599.7099609375,136.92799377441,0,0,0,0,2820,2444,0,0,1024,0,4689,0,0,0,190808,190808
"Quest Path 9124: 10.0 Plains - Emerald Hub - Taxi Up to Merithra's Watch (RMV)",-1625.4399414062,4586.669921875,286.77499389648,0,0,0,0,2821,2444,0,0,1024,0,4689,0,0,0,190808,190808
"Quest Path 9125: 10.0 Plains - Emerald Hub - Taxi to Lunedane (RMV)",-2685.5600585938,5269.2900390625,110.94799804688,0,0,0,0,2822,2444,0,0,1024,0,4689,0,0,0,190808,190808
"Quest Path 9126: 10.0 Plains - Lunedane - Taxi to Shady Sanctuary (RMV)",-1424.3599853516,4603.240234375,136.92799377441,0,0,0,0,2823,2444,0,0,1024,0,4689,0,0,0,190808,190808
"Quest Path 9147: 10.0 Plains - Emerald Hub - Taxi to Lunedane - PERSONAL (RMV)",-2400.1599121094,5153.2202148438,123.6429977417,0,0,0,0,2824,2444,0,0,1024,0,4689,0,0,0,190808,190808
"Ohn'iri Springs, Ohn'ahran Plains",-2444.6201171875,2524.6999511719,623.86102294922,0,0,0,0,2825,2444,0,754,3,0,4689,0,0,0,192807,192807
"Eon's Fringe, Thaldraszus",-1094.8599853516,-2180.9399414062,1274.0400390625,0,0,0,0,2834,2444,101187,760,99,5486,16849,323.54998779297,0,101187,0,0
"[Hidden] 10.0 Travel Network - Destination Input",942.03601074219,745.96002197266,132.93699645996,0,0,0,0,2835,2444,0,0,1024,0,16849,0,0,0,163012,163012
"Algeth'era, Thaldraszus",1474.6999511719,-3201.7900390625,1289.8800048828,0,0,0,0,2836,2444,101188,759,99,5486,16849,91.54699707031,0,101188,0,0
"Vakthros, Azure Span",-3162.3500976562,-2953.3798828125,1545.8900146484,0,0,0,0,2837,2444,102529,757,99,5486,16849,63.27090072632,0,102529,0,0
"Cobalt Assembly, Azure Span",-3116.1599121094,230.26300048828,1090.2299804688,0,0,0,0,2838,2444,101191,755,99,5486,16849,343.25500488281,0,101191,0,0
"Rusza'thar Reach, Ohn'ahran Plains",-546.64001464844,662.30999755859,523.791015625,0,0,0,0,2839,2444,101195,758,99,5486,16849,304.60501098633,0,101195,0,0
"Shady Sanctuary, Ohn'ahran Plains",-1379.7600097656,4499.6899414062,138.50900268555,0,0,0,0,2840,2444,101196,715,99,5486,16849,169.10899353027,0,101196,0,0
"Skytop Observatory, The Waking Shores",2339.4399414062,-1351.9799804688,586.0830078125,0,0,0,0,2841,2444,102521,761,99,5486,16849,136.22300720215,0,102521,0,0
"Rubyscale Outpost, The Waking Shores",568.22302246094,882.83801269531,279.1780090332,0,0,0,0,2842,2444,101198,756,99,5486,16849,358.11499023438,0,101198,0,0
"[Hidden] 10.0 Travel Network - Destination Output",941.30401611328,746.02600097656,133.05299377441,0,0,0,0,2843,2444,0,0,1024,0,16849,0,0,0,163012,163012
"Maruukai, The Nokhud Offensive",-704.67199707031,2047.5100097656,480.24099731445,0,0,0,0,2847,2516,0,719,1027,0,4689,0,0,0,192807,192807
"The Nokhud Approach, The Nokhud Offensive",-663.99798583984,3296.3798828125,404.32800292969,0,0,0,0,2848,2516,0,720,1027,0,4689,0,0,0,192807,192807
"The Battle of Spears, The Nokhud Offensive",-1019.8099975586,1268.8499755859,402.02600097656,0,0,0,0,2849,2516,0,762,1027,0,4689,0,0,0,192807,192807
"Teerakai, The Nokhud Offensive",-1671.0300292969,3790.1398925781,487.02700805664,0,0,0,0,2850,2516,0,764,1027,0,4689,0,0,0,192807,192807
"Ohn'iri Springs, The Nokhud Offensive",-2445.669921875,2528.0700683594,624.07202148438,0,0,0,0,2851,2516,0,763,1027,0,4689,0,0,0,192807,192807
"Morqut Village, The Forbidden Reach",6407.7099609375,-2560.2700195312,13.51080036163,0,0,0,0,2855,2444,0,765,3,0,4689,0,0,0,192936,192936
"Quest Path 9315: 10.0.7 Forbidden Reach - War Creche - Taxi - Go Up - EJC",6014.91015625,-3093.9099121094,200.23399353027,0,0,0,0,2856,2444,0,0,1024,0,4689,0,0,0,201432,201432
"Quest Path 9316: 10.0.7 Forbidden Reach - War Creche - Taxi - Go Down - EJC",6047.6401367188,-3071.4799804688,155.02299499512,0,0,0,0,2857,2444,0,0,1024,0,4689,0,0,0,201432,201432
"10.1 UG - Campaign - Ch6 - Aberrus Upper Platform (SMART)",2853.6201171875,2691.1899414062,746.77301025391,0,0,0,0,2860,2600,0,766,1027,0,4689,0,0,0,192940,192940
"Morqut Islet, Forbidden Reach",6308.240234375,-2255.7800292969,277.14498901367,0,0,0,0,2862,2444,107640,767,99,5486,16849,279,0,107640,0,0
"Loamm, Zaralek Cavern",-324.57299804688,2032.0300292969,-64.99909973145,0,0,0,0,2863,2454,0,768,3,0,4689,260.3630065918,0,0,205387,205387
"Obsidian Rest, Zaralek Cavern",1061.2199707031,2355.4399414062,-177.09199523926,0,0,0,0,2864,2454,0,769,3,0,4689,87.52510070801,0,0,203651,203651
"Dragonscale Camp, Zaralek Cavern",-959.29901123047,3140.2299804688,50.34280014038,0,0,0,0,2865,2454,0,770,3,0,4689,336.82501220703,0,0,69067,69067
"Cascades Canyon, Ohn'ahran Plains",-61.49829864502,45.75870132446,187.76400756836,0,0,0,0,2866,2444,0,0,1667,5530,4689,94.32039642334,0,0,192940,192940
"The Throughway, Zaralek Cavern",-68.65969848633,757.78100585938,82.08010101318,0,0,0,0,2867,2454,0,0,1667,5527,4689,273.14498901367,0,0,205387,205387
"Old Loamm Road, Ohn'ahran Plains",-1593.9799804688,4136.1098632812,391.38900756836,0,0,0,0,2874,2444,0,0,1667,5530,4689,94.32039642334,0,0,192807,192807
"Old Loamm Road, Zaralek Cavern",-1549.8399658203,3535.5500488281,220.8869934082,0,0,0,0,2875,2454,0,0,1667,5527,4689,273.14498901367,0,0,69067,69067
"Lookout Breach, Zaralek Cavern",-2068.419921875,3454.7099609375,279.77499389648,0,0,0,0,2876,2454,0,0,1667,5527,4689,273.14498901367,0,0,69067,69067
"Lookout Breach, Azure Span",-2598.3601074219,3435.7299804688,452.87899780273,0,0,0,0,2877,2444,0,0,1667,5527,4689,273.14498901367,0,0,69067,69067
"Weaver's Lair, Azj-Kahet",-593.34997558594,-1446.6400146484,-1086.4200439453,0,0,0,0,2882,2601,0,772,3,0,4689,0,0,0,207469,207469
"Quest Path 9429: 10.1.7 Heritage - Night Elf - Player Up to the Start of Shadow Hold, Lower Floor (MPK)",4901.8901367188,-395.26998901367,351.0299987793,0,0,0,0,2887,1,0,0,1024,0,4689,0,0,0,201432,201432
"Wildcamp Or'lay, Azj-Kahet",-796.04302978516,876.14398193359,-950.17102050781,0,0,0,0,2889,2601,0,775,3,0,4689,0,0,0,218328,218328
"Quest Path 9443: 10.1.7 Heritage - Night Elf - Player Up to the Start of Shadow Hold, Hel'nurath's Room (MPK)",4857.6201171875,-385.4049987793,350.20300292969,0,0,0,0,2892,1,0,0,1024,0,4689,0,0,0,201432,201432
"The Burrows, Azj-Kahet",-2149.5600585938,-975.33001708984,-1325.1600341797,0,0,0,0,2893,2601,0,776,3,0,4689,0,0,0,207469,207469
"Central Encampment, The Emerald Dream",-1716.3499755859,7074.1401367188,198.08000183105,0,0,0,0,2902,2548,0,778,3,0,4689,0,0,0,74410,74410
"Verdant Landing, The Emerald Dream",-1328.3800048828,5746.0498046875,45.04209899902,0,0,0,0,2903,2548,0,779,3,0,4689,0,0,0,196282,196282
"Eye of Ysera, The Emerald Dream",-81.62149810791,6754.0698242188,132.97099304199,0,0,0,0,2904,2548,0,780,3,0,4689,0,0,0,196282,196282
"Wellspring Overlook, The Emerald Dream",-282.98300170898,8216.580078125,100.75,0,0,0,0,2905,2548,0,781,3,0,4689,0,0,0,196282,196282
"Bel'ameth, Amirdrassil",-1715.9699707031,7073.8500976562,198.11399841309,0,0,0,0,2915,2444,0,782,3,0,4689,0,0,0,74410,74410
"Wildcamp Ul'ar, Azj-Kahet",-1544.4200439453,-590.80401611328,-1354.3599853516,0,0,0,0,2919,2601,0,783,3,0,4689,0,0,0,218328,218328
"Faerin's Advance, Azj-Kahet",689.84698486328,-1651.4599609375,-979.47100830078,0,0,0,0,2920,2601,0,784,3,0,4689,0,0,0,218328,218328
"Mmarl, Azj-Kahet",-1406.2600097656,-2817.0400390625,-1181.0400390625,0,0,0,0,2921,2601,0,785,3,0,4689,0,0,0,205387,205387
"Dunelle's Kindness, Hallowfall",2471.5500488281,-1204.8800048828,-53.03590011597,0,0,0,0,2922,2601,0,803,3,0,4689,0,0,0,218328,218328
"Lightspark, Hallowfall",1552.8399658203,10.93400001526,-49.37860107422,0,0,0,0,2923,2601,0,804,3,0,4689,0,0,0,218328,218328
"Light's Redoubt, Hallowfall",998.53802490234,1040.2399902344,45.03089904785,0,0,0,0,2924,2601,0,796,3,0,4689,0,0,0,218328,218328
"Opportunity Point, The Ringing Deeps",72.31600189209,-4018.75,128.84399414063,0,0,0,0,2925,2601,0,808,3,0,4689,0,0,0,224376,224376
"Camp Murroch, The Ringing Deeps",748.12799072266,-3548.2600097656,175.13600158691,0,0,0,0,2926,2601,0,809,3,0,4689,0,0,0,224376,224376
"Dornogal, Isle of Dorn",2585.4399414062,-2473.3200683594,228.69900512695,0,0,0,0,2928,2552,0,786,3,0,4689,0,0,0,224376,224376
"Freywold Village, Isle of Dorn",985.46002197266,-1847.6300048828,92.29579925537,0,0,0,0,2929,2552,0,787,3,0,4689,0,0,0,224376,224376
"Durgaz Cabin, Isle of Dorn",2673.6599121094,-4099.7299804688,86.27510070801,0,0,0,0,2931,2552,0,788,3,0,4689,0,0,0,224376,224376
"Rambleshire, Isle of Dorn",3517.6201171875,-3394.8000488281,189.27200317383,0,0,0,0,2932,2552,0,789,3,0,4689,0,0,0,224376,224376
"Grand Rampart",-2843.1201171875,-396.56298828125,-1160.1899414062,0,0,0,0,2933,2657,125542,790,1027,0,4689,0,0,0,207469,207469
"The Pulsing Pit",-2962.4399414062,-334.16299438477,-1489.2199707031,0,0,0,0,2934,2657,125544,793,1027,0,4689,0,0,0,207469,207469
"Terrace of Majesty",-3529.8400878906,-379.0710144043,-1078.8399658203,0,0,0,0,2935,2657,125541,791,1031,0,4689,0,0,0,207469,207469
"The Swaying Span (One-way)",-3006.1101074219,-110.16100311279,-1136.9899902344,0,0,0,0,2936,2657,125583,813,1187,0,4689,0,0,0,207469,207469
"The Narthex",-3264.0200195312,103.30899810791,-1096.0899658203,0,0,0,0,2937,2657,125543,792,1027,0,4689,0,0,0,207469,207469
"Mereldar, Hallowfall",2035.1400146484,953.68103027344,218.93899536133,0,0,0,0,2941,2601,0,797,3,0,4689,0,0,0,218328,218328
"Priory of the Sacred Flame, Hallowfall",3074.3798828125,988.04498291016,516.01000976563,0,0,0,0,2942,2601,0,805,7,0,4689,0,0,0,218328,218328
"Lorel's Crossing, Hallowfall",2689.7299804688,385.19100952148,62.36149978638,0,0,0,0,2943,2601,0,798,3,0,4689,0,0,0,218328,218328
"Hillhelm Family Farm, Hallowfall",3235.2600097656,-692.19396972656,8.13642978668,0,0,0,0,2944,2601,0,799,3,0,4689,0,0,0,218328,218328
"The Aegis Wall, Hallowfall",1815.4899902344,-1522.8900146484,-140.91700744629,0,0,0,0,2950,2601,0,795,7,0,4689,0,0,0,218328,218328
"Quest Path 9706: 11.0 Z2 - Max Level - CH3 - Q2 - Pipe Ingress 1 Taxi (SMART)",134.10600280762,-3557.5500488281,208.79800415039,0,0,0,0,2955,2601,0,0,0,0,4689,0,0,0,17972,17972
"Gundargaz, The Ringing Deeps",2224.3200683594,-2735.7900390625,427.23001098633,0,0,0,0,2962,2601,0,807,3,0,4689,0,0,0,224376,224376
"Shadowvein Point, The Ringing Deeps",1529.3000488281,-3782.6101074219,259.38000488281,0,0,0,0,2963,2601,0,810,3,0,4689,0,0,0,224376,224376
"Quest Path 9786: 11.0 Z2 - Campaign - Ch 3 - Dark Iron From Above - Boss Flyover - (LWB)",3090.8701171875,-2928.2299804688,409.99600219727,0,0,0,0,2964,2601,0,0,0,0,4689,0,0,0,139612,139612
"Quest Path 9870: 11.0 Raid - Nerubian - Zone - Thread Elevator - 04 Taxi Path 01 - TJS",-3464.8999023438,-148.83999633789,-1322.1999511719,0,0,0,0,2967,2657,0,0,0,0,4689,0,0,0,21355,21355
"Tranquil Strand, Isle of Dorn",1820.6899414062,-879.71899414063,50.22919845581,0,0,0,0,2970,2552,126141,811,1027,0,4689,0,0,126141,227029,227029
"The Pulsing Pit (One-way)",-2917.0500488281,-251.26699829102,-1488.6300048828,0,0,0,0,2971,2657,125585,812,1187,0,4689,0,0,0,207469,207469
"Entrance Gate, Razorwind Shores",2011.7299804688,128.77299499512,189.44500732422,0,0,0,0,2972,2736,0,814,3,0,4689,0,0,0,69066,69066
"Saltfang Shoals East, Razorwind Shores",902.14898681641,-775.41497802734,16.8360004425,0,0,0,0,2973,2736,0,815,3,0,4689,0,0,0,69066,69066
"Runetotem's Bounty North, Razorwind Shores",1800.1500244141,958.46697998047,77.82250213623,0,0,0,0,2974,2736,0,822,3,0,4689,0,0,0,69066,69066
"Runetotem's Bounty South, Razorwind Shores",1154.7099609375,613.43402099609,18.48600006104,0,0,0,0,2975,2736,0,821,7,0,4689,0,0,0,69066,69066
"The Bluffs, Razorwind Shores",616.26202392578,274.83898925781,89.14219665527,0,0,0,0,2976,2736,0,820,3,0,4689,0,0,0,69066,69066
"Cragthorn Highlands, Razorwind Shores",1769.7800292969,-651.52099609375,147.47399902344,0,0,0,0,2978,2736,0,816,7,0,4689,0,0,0,69066,69066
"The Common, Razorwind Shores",1624.4200439453,206.5590057373,98.93890380859,0,0,0,0,2979,2736,0,817,7,0,4689,0,0,0,69066,69066
"The Bloom, Razorwind Shores",1067.2900390625,-169.33999633789,61.3703994751,0,0,0,0,2980,2736,0,818,3,0,4689,0,0,0,69066,69066
"The Ascending Reach",-3505.7700195312,-112.17199707031,-1317.5100097656,0,0,0,0,2984,2657,127056,777,1027,0,4689,0,0,0,207469,207469
"The Congealing Pool (One-way)",-3373.3200683594,-217.84199523926,-1415.2900390625,0,0,0,0,2987,2657,0,824,1190,0,4689,0,0,0,207469,207469
"The Incontinental Hotel",65.56770324707,535.78497314453,3.42863988876,0,0,0,0,2988,2706,0,834,3,0,4689,0,0,0,231047,231047
"The Heaps",-385.97900390625,519.48602294922,0.52693802118,0,0,0,0,2996,2706,0,835,3,0,4689,0,0,0,231047,231047
"Slam Central Station",-18.04170036316,914.70697021484,0.43435901403,0,0,0,0,2997,2706,0,832,3,0,4689,0,0,0,231047,231047
"Demolition Dome",576.26702880859,225.82600402832,-7.36460018158,0,0,0,0,2998,2706,0,830,3,0,4689,0,0,0,231047,231047
"The Gallagio",38.32989883423,153.4759979248,-15.26900005341,0,0,0,0,2999,2706,0,833,3,0,4689,0,0,0,231047,231047
"Gutterville, The Ringing Deeps",-180.31300354004,-4803.2700195312,-118.21700286865,0,0,0,0,3000,2601,0,825,3,0,4689,0,0,0,231047,231047
"The Crown of Shadows",-3585.3999023438,468.37298583984,-1037.9100341797,0,0,0,0,3003,2657,128892,836,1187,0,4689,0,0,0,207469,207469
"Quest Path 10165: 0.x Generic - Taxi - Cross Continent Load Spline Test (LAS)",3738.5,3167.3798828125,2.45836997032,0,0,0,0,3005,1642,0,0,0,0,4689,0,0,0,64981,64981
"Quest Path 10254: 11.2 Raid - Manaforge - Zone - Traversal - Gateway Taxi 01 - Pipes to Hub - TJS",2040,3238,-209,0,0,0,0,3026,0,0,0,0,0,4689,0,0,0,21355,21355
"Tazavesh, K'aresh",-636.35101318359,6.26562976837,531.42401123047,0.00300000003,0.00910000037,0,0,3029,2738,0,838,3,0,4689,0,0,0,233177,233177
"Eco-Dome: Rhovan, K'aresh",-140.32600402832,-570.47900390625,-33.05099868774,0,0,0,0,3030,2738,0,844,3,0,4689,0,0,0,233177,233177
"The Oasis, K'aresh",1290.25,-1099.3000488281,-98.28420257568,0,0,0,0,3031,2738,0,840,3,0,4689,0,0,0,233177,233177
"Shan'dorah, K'aresh",1610.0699462891,227.20100402832,-154.5240020752,0,0,0,0,3032,2738,0,843,3,0,4689,0,0,0,233177,233177
"Shadow Point, K'aresh",1964.2399902344,1738.0100097656,-277.13598632813,0,0,0,0,3033,2738,0,842,3,0,4689,0,0,0,233177,233177
"Overlook Zo'Shuul, K'aresh",1160.6800537109,1276.1500244141,-89.76629638672,0,0,0,0,3034,2738,0,841,3,0,4689,0,0,0,233177,233177
"Hosaas Rest, K'aresh",-244.50199890137,753.81597900391,246.01499938965,0,0,0,0,3035,2738,0,839,3,0,4689,0,0,0,233177,233177
"Entrance Portal, Founder's Point",3770.830078125,-119.45999908447,191.36799621582,0,0,0,0,3072,2735,0,826,3,0,4689,0,0,0,154868,154868
"Town Center, Founder's Point",3344.1899414062,169.87800598145,97.31199645996,0,0,0,0,3073,2735,0,827,3,0,4689,0,0,0,154868,154868
"Mear's Farm, Founder's Point",3534.6398925781,1068.8299560547,37.22769927979,0,0,0,0,3074,2735,0,828,3,0,4689,0,0,0,154868,154868
"The Outer Banks, Founder's Point",3115.5,1191.8599853516,18.50930023193,0,0,0,0,3075,2735,0,829,3,0,4689,0,0,0,154868,154868
"Small Aerie, Founder's Point",3146.3701171875,598.96002197266,84.39610290527,0,0,0,0,3076,2735,0,831,3,0,4689,0,0,0,154868,154868
"Gilded Oaks, Founder's Point",2508.2800292969,881.25,51.5060005188,0,0,0,0,3077,2735,0,846,3,0,4689,0,0,0,154868,154868
"Brumewood Hollow, Founder's Point",2679.0200195312,-101.6490020752,86.76879882813,0,0,0,0,3078,2735,0,847,3,0,4689,0,0,0,154868,154868
"Stoneveil Ridge, Founder's Point",3276.3999023438,-499.5539855957,182.34300231934,0,0,0,0,3079,2735,0,848,3,0,4689,0,0,0,154868,154868
"Quest Path 10497: 12.0 Z3 - Legends - Shrine 01 - Exit Path - (LWB)",-420.76901245117,-2006.4899902344,1076.4699707031,0,0,0,0,3093,2694,0,0,0,0,4689,0,0,0,183977,183977
"Quest Path 10502: 12.0 Z3 - Legends - Shrine 02 - Exit Path - (LWB)",789.94000244141,392.48999023438,1186.4200439453,0,0,0,0,3101,2694,0,0,0,0,4689,0,0,0,183977,183977
"Thalassian University Teleport Base",8599.919921875,-4507.3999023438,20.86580085754,0,0,0,0,3102,0,0,0,0,0,4689,0,0,0,251064,251064
"Thalassian University Teleport Top",8600.240234375,-4505.3500976562,79.23750305176,0,0,0,0,3103,0,0,0,0,0,4689,0,0,0,251064,251064
"Quest Path 10509: 12.0 Z3 - Legends - Shrine 03 - Exit Path - (LWB)",-850.5830078125,-641.25,1083.0500488281,0,0,0,0,3104,2694,0,0,0,0,4689,0,0,0,183977,183977
"Quest Path 10517: 12.0 Z3 - Legends - Shrine 04 - Exit Path - (LWB)",705.90600585938,-1147.0200195312,993.07598876953,0,0,0,0,3105,2694,0,0,0,0,4689,0,0,0,183977,183977
"Camp Stonewash, Zul'Aman",6780.9799804688,-7875,22.01479911804,0,0,0,0,3106,0,145598,794,3,0,4689,96.69999694824,0,145598,255046,255046
"Quest Path 10562: 11.2 Raid - Manaforge - Zone - Traversal - Dimensius Forward Left (Quest/Event) - SRC",2066.3798828125,3360.580078125,-458.52499389648,0,0,0,0,3111,2810,0,0,0,0,4689,0,0,0,240564,240564
"The Ingress, Voidstorm",1661.9200439453,1050.3000488281,42.39540100098,0,0,0,0,3119,2771,0,849,3,0,4689,0,0,155430,245355,245355
"Locus Point, Voidstorm",657.25299072266,504.375,-231.73300170898,0,0,0,0,3120,2771,0,850,3,0,4689,0,0,0,245355,245355
"Howling Ridge, Voidstorm",960.28997802734,-400.29000854492,-133.60800170898,0,0,0,0,3121,2771,0,851,3,0,4689,0,0,0,245355,245355
"Quest Path 10677: 11.1.7 Lorewalking - Xal - Q2 - Vehicle - Summon - stormsong to drustvar - Quest Taxi Version (LAS)",-159.72200012207,4138.5600585938,116.93199920654,0,0,0,0,3122,1643,0,0,0,0,4689,0,0,0,231818,231818
"Masters' Perch, Voidstorm",2975.9399414062,250.42900085449,-108.19000244141,0,0,0,0,3123,2771,0,852,3,0,4689,0,0,0,245355,245355
"Terrace of the Sun, Isle of Quel'Danas",11245.299804688,-4781.419921875,79.84339904785,0,0,0,0,3125,0,0,859,3,0,4689,0,0,145598,246593,246593
"Torntusk Overlook, Zul'Aman",3620.580078125,-6670.6801757812,327.0419921875,0,0,0,0,3126,0,145598,860,3,0,4689,0,0,145598,246643,246643
"Amani'Zar Village, Zul'Aman",4391.8901367188,-7655.6000976562,184.69500732422,0,0,0,0,3127,0,145598,883,3,0,4689,0,0,145598,246643,246643
"Atal'Aman, Zul'Aman",5114.33984375,-6473.7998046875,210.31500244141,0,0,0,0,3128,0,145598,856,3,0,4689,0,0,145598,246643,246643
"Shadebasin Watch, Zul'Aman",6286.9799804688,-7580.1201171875,141.79200744629,0,0,0,0,3129,0,145598,875,3,0,4689,0,0,145598,246644,246644
"Witherbark Bluffs, Zul'Aman",6916.6401367188,-7113.9702148438,229.46699523926,0,0,0,0,3130,0,145598,874,3,0,4689,0,0,145598,246644,246644
"Sanctum of Light, Silvermoon City",8444.3203125,-4765.7202148438,49.00099945068,0,0,0,0,3131,0,0,853,3,0,4689,0,0,145598,246593,246593
"The Royal Exchange, Silvermoon City",8583.7998046875,-5282.009765625,64.15950012207,0,0,0,0,3132,0,20069,858,2,0,4689,0,0,145598,246593,0
"Fairbreeze Village, Eversong Woods",7338.4599609375,-4060.6398925781,188.92700195313,0,0,0,0,3133,0,0,854,3,0,4689,0,0,145598,246593,246593
"Tranquillien, Eversong Woods",5945.0400390625,-4360.4301757812,108.66500091553,0,0,0,0,3134,0,0,855,3,0,4689,0,0,145598,246593,246593
"12.0 Z1 - Isle of Quel'Danas - Flightmaster - Gloaming - SJC",0,0,0,0,0,0,0,3135,0,0,857,0,0,4689,0,0,0,0,0
"Tazavesh, the Veiled Market",-1206.6500244141,-217.3390045166,512.68103027344,0,0,0,0,3145,2738,0,861,483,5486,16849,29,0,0,0,0
"The Oasis",1391.8199462891,-1040.1800537109,-95.36280059814,0,0,0,0,3146,2738,0,862,491,5486,16849,0,0,0,0,0
Shan'dorah,1611.4300537109,249.98599243164,-152.77900695801,0,0,0,0,3147,2738,0,863,491,5486,16849,0,0,0,0,0
"Shadow Point",1891.1999511719,1497.5100097656,-282.28799438477,0,0,0,0,3155,2738,0,864,491,5486,16849,0,0,0,0,0
"Serrated Peaks",529.13201904297,999.41101074219,172.07200622559,0,0,0,0,3156,2738,0,865,491,5486,16849,0,0,0,0,0
"Overlook Zo'Shuul",1201.5500488281,1062.0100097656,-38.41080093384,0,0,0,0,3157,2738,0,866,491,5486,16849,0,0,0,0,0
"Lunnall River",562.82098388672,-170.86500549316,-55.11180114746,0,0,0,0,3158,2738,0,867,491,5486,16849,0,0,0,0,0
"North Sufaad",509.88198852539,-1143.6999511719,8.91738986969,0,0,0,0,3159,2738,0,868,491,5486,16849,0,0,0,0,0
Naakroa,25.08849906921,365.99499511719,125.8990020752,0,0,0,0,3160,2738,0,869,491,5486,16849,0,0,0,0,0
"Fracture of Laacuna",2027.4699707031,596.68402099609,-109.75900268555,0,0,0,0,3161,2738,0,870,491,5486,16849,0,0,0,0,0
"Untethered Space",1733.5600585938,771.22100830078,-163.87899780273,0,0,0,0,3162,2738,0,871,491,5486,16849,0,0,0,0,0
"Ruins of Yaathron",-482.05599975586,985.00897216797,271.42599487305,0,0,0,0,3163,2738,0,872,491,5486,16849,0,0,0,0,0
"Hosaas' Rest",-289.4049987793,787.75500488281,246.04100036621,0,0,0,0,3164,2738,0,873,491,5486,16849,0,0,0,0,0
"Quest Path 11099: 12.0 Z1 - Silvermoon - Teleporters - Bazaar > Mage Academy - SJC",8606.419921875,-4498.8798828125,78.35990142822,0,0,0,0,3165,0,0,0,0,0,4689,0,0,0,251064,251064
"Quest Path 11100: 12.0 Z1 - Silvermoon - Teleporters - Mage Academy > Bazaar - SJC",8603.33984375,-4503.1801757812,20.86860084534,0,0,0,0,3166,0,0,0,0,0,4689,0,0,0,251064,251064
"Tokka's Landing, The Coiled Isle",6098.5200195312,-12045.799804688,152.48699951172,0,0,0,0,3168,0,145598,876,3,0,4689,0,0,145598,246643,246643
"Base Node",493.3869934082,-608.91101074219,160.99899291992,0,0,0,0,3169,2965,0,877,491,5486,16849,187,0,0,0,0
Collapsar,616.90600585938,-389.91799926758,149.39999389648,0,0,0,0,3170,2965,0,878,491,5486,16849,180,0,0,0,0
"Deep Well",457.35598754883,-598.10400390625,83.7341003418,0,0,0,0,3171,2965,0,882,491,5486,16849,0,0,34450,0,0
"Exposed Vein",711.22100830078,-550.12701416016,125.19599914551,0,0,0,0,3172,2965,0,879,491,5486,16849,0,0,0,0,0
"Focal Point",504.26599121094,-397.58499145508,122.41600036621,0,0,0,0,3173,2965,0,880,491,5486,16849,0,0,0,0,0
"Forge of Secrets",420.24301147461,-512.36297607422,123.47899627686,0,0,0,0,3174,2965,0,881,491,5486,16849,133,0,0,0,0
"Quest Path 11142: 11.2.7 Catch Up - TWW - Q2 - Dornegal to Freywold (KRB)",1023.0300292969,-1925.7600097656,81.08000183105,0,0,0,0,3175,2552,0,0,0,0,4689,0,0,0,252921,252921
"Quest Path 11144: 11.2.7 Catch Up - TWW - Q2 - Meadery to Coreway (KRB)",2626.8200683594,-3948.2399902344,300.48999023438,0,0,0,0,3176,0,0,0,0,0,4689,0,0,0,252921,252921
"Quest Path 11146: 11.2.7 Catch Up - TWW - Q2 - Coreway to Ringing Deeps (KRB)",2467.1599121094,-2352.5200195312,408.87701416016,0,0,0,0,3177,2552,0,0,0,0,4689,0,0,0,252921,252921
"Quest Path 11147: 11.2.7 Catch Up - TWW - Q3 - Weaver to City (KRB)",-1829.0600585938,-1296.1300048828,-1277.3299560547,0,0,0,0,3178,2601,0,0,0,0,4689,0,0,0,252921,252921
"Quest Path 11151: 11.2.7 Catch Up - TWW - Q3 - Priory to Foundation Hall (KRB)",2768.669921875,429.23001098633,582.91998291016,0,0,0,0,3179,2601,0,0,0,0,4689,0,0,0,252921,252921
"12.0 Silvermoon Sunwing Rookery Teleport Intro Base",0,0,0,0,0,0,0,3186,0,0,0,128,0,4689,0,0,0,251064,251064
"12.0 Silvermoon Sunwing Rookery Teleport Intro Top",0,0,0,0,0,0,0,3187,0,0,0,128,0,4689,0,0,0,251064,251064
"12.0 Silvermoon Sunwing Rookery Teleport Main Base",0,0,0,0,0,0,0,3188,0,0,0,128,0,4689,0,0,0,251064,251064
"12.0 Silvermoon Sunwing Rookery Teleport Main Top",0,0,0,0,0,0,0,3189,0,0,0,128,0,4689,0,0,0,251064,251064
"Silverglade Refuge, Eversong Woods",4512.1098632812,-2780.0700683594,5.37879991531,0,0,0,0,3190,0,924,884,1,0,4689,0,0,145598,0,258977
"Har'athir, Harandar",-128.23399353027,-1673.2700195312,1071.9100341797,0,0,0,0,3192,2694,0,885,3,0,4689,0,0,0,246645,246645
"The Den, Harandar",-160.14599609375,-517.57598876953,906.03601074219,0,0,0,0,3193,2694,0,886,3,0,4689,0,0,0,246645,246645
"Har'kuai, Harandar",1359.3399658203,-1313.6700439453,1049.1400146484,0,0,0,0,3194,2694,0,887,3,0,4689,0,0,0,246645,246645
"Har'alnor, Harandar",-876.85400390625,1176.6300048828,1286.6999511719,0,0,0,0,3195,2694,0,888,3,0,4689,0,0,0,246645,246645
"Har'mara, Harandar",1325.4799804688,888.09002685547,1346.1500244141,0,0,0,0,3196,2694,0,889,3,0,4689,0,0,0,246645,246645
"Quest Path 11282: 12.0.5 Event - Prop Hunt - Teleporter - Upper > Lower",8336.0400390625,-4223.8701171875,51.92610168457,0,0,0,0,3201,0,0,0,0,0,4689,0,0,0,251064,251064
"Quest Path 11283: 12.0.5 Event - Prop Hunt - Teleporter - Lower > Upper",8502.6904296875,-4427.5698242188,187.64799499512,0,0,0,0,3202,0,0,0,0,0,4689,0,0,0,251064,251064
"Quest Path 11298: 11.2.7 Catch Up -  TWW -  Q2 -  Cavern to Awakening Machine (KRB)",819,-4049.1999511719,154.58999633789,0,0,0,0,3204,0,0,0,0,0,4689,0,0,0,252921,252921
"12.0 Silvermoon Teleport Thalassian University Base",0,0,0,0,0,0,0,3211,0,0,0,0,0,4689,0,0,0,251064,251064
"12.0 Silvermoon Thalassian University Teleport Top",0,0,0,0,0,0,0,3212,0,0,0,0,0,4689,0,0,0,251064,251064
"Quest Path 11346: 12.0 Z1 - Eversong - Teleporters - Tranquil Repose - Going Up - Force Taxi - SJC",7147.6899414062,-4521.3999023438,270.77301025391,0,0,0,0,3213,0,0,0,0,0,4689,0,0,0,251064,251064
"Quest Path 11347: 12.0 Z1 - Eversong - Teleporters - Tranquil Repose - Going Down - Force Taxi - SJC",7144.7202148438,-4517.330078125,136.81199645996,0,0,0,0,3214,0,0,0,0,0,4689,0,0,0,251064,251064
"Quest Path 11348: 12.0 Z1 - Eversong - Teleporters - Moon Tower - Going Up - SJC",5460.08984375,-3965.9599609375,198.33500671387,0,0,0,0,3215,0,0,0,0,0,4689,0,0,0,251064,251064
"Quest Path 11349: 12.0 Z1 - Eversong - Teleporters - Moon Tower - Going Down - SJC",5469.75,-3970.1899414062,65.65350341797,0,0,0,0,3216,0,0,0,0,0,4689,0,0,0,251064,251064
"12.0 Silvermoon Sunfury Spire Teleport Base",0,0,0,0,0,0,0,3218,0,0,0,0,0,4689,0,0,0,251064,0
"12.0 Silvermoon Sunfury Spire Teleport Top",0,0,0,0,0,0,0,3219,0,0,0,0,0,4689,0,0,0,251064,0
"Quest Path 11370: 12.0 Z1 - Fairbreeze - Main Translocator - Going Up - SJC",7313,-4058.6298828125,185.55999755859,0,0,0,0,3220,0,0,0,0,0,4689,0,0,0,251064,251064
"Quest Path 11371: 12.0 Z1 - Fairbreeze - Main Translocator - Going Down - SJC",7284.6801757812,-4112.7001953125,102.35199737549,0,0,0,0,3221,0,0,0,0,0,4689,0,0,0,251064,251064
"Quest Path 11372: 12.0 Z1 - Eversong - Teleporters - Fairbreeze West - A > B - SJC",7200.6298828125,-3985.0500488281,191.875,0,0,0,0,3222,0,0,0,0,0,4689,0,0,0,251064,251064
"Quest Path 11373: 12.0 Z1 - Eversong - Teleporters - Fairbreeze West - B > A - SJC",7247.6899414062,-3972.1201171875,181.32499694824,0,0,0,0,3223,0,0,0,0,0,4689,0,0,0,251064,251064
"Quest Path 11374: 12.0 Z1 - Eversong - Teleporters - Fairbreeze East - A > B - SJC",7203.7998046875,-4129.419921875,206.8809967041,0,0,0,0,3224,0,0,0,0,0,4689,0,0,0,251064,251064
"Quest Path 11375: 12.0 Z1 - Eversong - Teleporters - Fairbreeze East - B > A - SJC",7248.7202148438,-4128.2700195312,216.24200439453,0,0,0,0,3225,0,0,0,0,0,4689,0,0,0,251064,251064
"Quest Path 11376: 12.0 Z1 - Eversong - Teleporters - River Tower - Going Up - SJC",6520.7099609375,-4437.490234375,220.29100036621,0,0,0,0,3226,0,0,0,0,0,4689,0,0,0,251064,251064
"Quest Path 11377: 12.0 Z1 - Eversong - Teleporters - River Tower - Going Down - SJC",6527.41015625,-4443.669921875,91.38189697266,0,0,0,0,3227,0,0,0,0,0,4689,0,0,0,251064,251064
"Quest Path 11378: 12.0 Z1 - Eversong - Teleporters - Goldenmist - Going Up - SJC",6446.830078125,-3698.1000976562,118.92900085449,0,0,0,0,3228,0,0,0,0,0,4689,0,0,0,251064,251064
"Quest Path 11379: 12.0 Z1 - Eversong - Teleporters - Goldenmist - Going Down - SJC",6433.58984375,-3701.9699707031,37.14250183105,0,0,0,0,3229,0,0,0,0,0,4689,0,0,0,251064,251064
"Quest Path 11380: 12.0 Z1 - Silvermoon City - Teleporters - Sunfury Spire - Going Up - SJC",8792.9296875,-4930.1401367188,345.36801147461,0,0,0,0,3230,0,0,0,0,0,4689,0,0,0,251064,251064
"Quest Path 11381: 12.0 Z1 - Silvermoon City - Teleporters - Sunfury Spire - Going Down - SJC",8720.1796875,-5127.6000976562,136.47099304199,0,0,0,0,3231,0,0,0,0,0,4689,0,0,0,251064,251064
"Quest Path 10760: 12.0 Z1 - Local Story 09 - How to Train Your Protegee Q2c - Teleport to Top - Missile Teleport Curve Up (RRN)",9301.5498046875,-3908.7199707031,173.87300109863,0,0,0,0,3232,0,0,0,0,0,4689,0,0,0,251064,251064
"Quest Path 10761: 12.0 Z1 - Local Story 02c - How to Train Your Protegee Q02c - Teleport Down - Missle Teleport Curve Down (RRN)",9298,-3915.5500488281,60.56000137329,0,0,0,0,3233,0,0,0,0,0,4689,0,0,0,251064,251064
"Quest Path 10393: 12.0 Z1 - Local Story 01 - Aspiring Academic Q03 - Teleport to Top - Missile Teleport Curve Up (RRN)",9029,-3442,176,0,0,0,0,3234,0,0,0,0,0,4689,0,0,0,251064,251064
"Quest Path 10398: 12.0 Z1 - Local Story 01 - Aspiring Academic Q03 - Teleport Down - Missle Teleport Curve Down (RRN)",8945,-3521,106,0,0,0,0,3235,0,0,0,0,0,4689,0,0,0,251064,251064
"Quest Path 11400: 12.0 Z1 - Eversong - Teleporters - Dawning Lane > Rookery - Going Up - Force Taxi - SJC",8457.2197265625,-4069.8100585938,78.78900146484,0,0,0,0,3236,0,0,0,0,0,4689,0,0,0,251064,251064
"Quest Path 11401: 12.0 Z1 - Eversong - Teleporters - Dawning Lane > Rookery - Going Down - Force Taxi - SJC",8457.169921875,-4079.3100585938,23.99379920959,0,0,0,0,3237,0,0,0,0,0,4689,0,0,0,251064,251064
"Quest Path 11402: 12.0 Z1 - Eversong - Teleporters - Upper Rookery - Going Up - Force Taxi - SJC",8464.599609375,-4017.9899902344,218.51100158691,0,0,0,0,3238,0,0,0,0,0,4689,0,0,0,251064,251064
"Quest Path 11403: 12.0 Z1 - Eversong - Teleporters - Upper Rookery - Going Down - Force Taxi - SJC",8457.4404296875,-4024.5700683594,76.34439849854,0,0,0,0,3239,0,0,0,0,0,4689,0,0,0,251064,251064
"Quest Path 11404: 12.0 Z1 - Eversong - Teleporters - Brightwing Estates - Going Up - Force Taxi - SJC",8130.2202148438,-5922.5600585938,140.27499389648,0,0,0,0,3240,0,0,0,0,0,4689,0,0,0,251064,251064
"Quest Path 11405: 12.0 Z1 - Eversong - Teleporters - Brightwing Estates - Going Down - Force Taxi - SJC",8110.830078125,-5829.1098632812,76.22429656982,0,0,0,0,3241,0,0,0,0,0,4689,0,0,0,251064,251064
"Umbral Base Camp",-3848.8200683594,445.94400024414,15.09539985657,0,0,0,0,3267,3047,0,893,491,254,6622,213,0,0,0,0
"The Devouring Ingress",-4169.9799804688,727.62200927734,34.3004989624,0,0,0,0,3268,3047,0,894,491,254,6622,250,0,0,0,0
"Void Acropolis",-4192.1499023438,577.01898193359,40.37160110474,0,0,0,0,3269,3047,0,895,491,254,6622,201,0,0,0,0
"Steam Ravine",-4177.2099609375,410.61801147461,3.0639500618,0,0,0,0,3270,3047,0,896,491,254,6622,106,0,0,0,0
"Umbral Base Camp",-2180,-1709,44,0,0,0,0,3277,3075,160144,897,491,254,6622,291,0,0,0,0
Sporeforge,-1519.3499755859,-2468.3500976562,2.08999991417,0,0,0,0,3278,3075,160142,898,491,254,6622,211,0,0,0,0
"Nexus Port",-1586,-1917,3,0,0,0,0,3279,3075,160145,899,491,254,6622,83,0,0,0,0
"Extraction Coast",-1571,-1352,24.70000076294,0,0,0,0,3280,3075,160143,900,491,254,6622,18,0,0,0,0
"12.1 Ulatek - Faction Feature - Temple - Traversal - Flight Master - Eastern Entrance (HCR)",0,0,0,0,0,0,0,3284,0,5703,890,11,0,4689,0,5703,5703,0,0
"Amani Foothold",0,0,0,0,0,0,0,3285,0,5703,891,11,0,4689,0,0,5703,0,0
"Eastern Entrance",0,0,0,0,0,0,0,3286,0,5703,892,267,0,4689,0,0,5703,0,0
"Amani Foothold, Vaults of Atal'Utek",5028.16015625,-10316.599609375,6.04624986649,0,0,0,0,3288,2916,145598,904,3,0,4689,208.67700195313,0,145598,246643,246643
