Name_lang,ID,ClassMask,TrackingQuestID,Flags,TransmogSetGroupID,ItemNameDescriptionID,ParentTransmogSetID,CompleteWorldStateID,ExpansionID,PatchIntroduced,UiOrder,ConditionID
,2,128,0,1,1,0,0,1,0,0,590,0
,3,0,0,1,0,0,0,1,0,0,1591,0
,4,0,42729,3,0,0,0,1,0,60002,1000,0
,5,4164,0,3,0,0,0,1,0,0,360,0
,6,35,0,3,0,0,0,1,0,0,390,0
"Wild Combatant's Chain Armor",13,4,42975,276,12,13302,80,1,5,60100,6700,0
"Wild Combatant's Chain Armor",14,4,42992,280,12,13302,79,1,5,60100,6700,0
"Wild Combatant's Ringmail Armor",15,64,42993,276,12,13302,81,1,5,60100,6700,0
"Wild Combatant's Ringmail Armor",16,64,42994,280,12,13302,82,1,5,60100,6700,0
"Wild Combatant's Dreadplate Armor",17,32,43004,276,12,13302,90,1,5,60100,6700,0
"Wild Combatant's Dreadplate Armor",18,32,43005,280,12,13302,89,1,5,60100,6700,0
"Wild Combatant's Scaled Armor",19,2,43006,276,12,13302,94,1,5,60100,6700,0
"Wild Combatant's Scaled Armor",20,2,43008,280,12,13302,93,1,5,60100,6700,0
"Wild Combatant's Plate Armor",21,1,43010,280,12,13302,91,1,5,60100,6700,0
"Wild Combatant's Plate Armor",22,1,43009,276,12,13302,92,1,5,60100,6700,0
"Wild Combatant's Leather Armor",23,8,43011,276,12,13302,85,1,5,60100,6700,0
"Wild Combatant's Leather Armor",24,8,43012,280,12,13302,86,1,5,60100,6700,0
"Wild Combatant's Dragonhide Armor",25,1024,43018,280,12,13302,83,1,5,60100,6700,0
"Wild Combatant's Dragonhide Armor",26,1024,43017,276,12,13302,84,1,5,60100,6700,0
"Wild Combatant's Ironskin Armor",27,512,43020,280,12,13302,87,1,5,60100,6700,0
"Wild Combatant's Ironskin Armor",28,512,43019,276,12,13302,88,1,5,60100,6700,0
"Wild Combatant's Silk Armor",29,128,43021,276,12,13302,100,1,5,60100,6700,0
"Wild Combatant's Silk Armor",30,128,43022,280,12,13302,99,1,5,60100,6700,0
"Wild Combatant's Satin Armor",31,16,43023,276,12,13302,98,1,5,60100,6700,0
"Wild Combatant's Satin Armor",32,16,43024,280,12,13302,97,1,5,60100,6700,0
"Wild Combatant's Felweave Armor",33,256,43026,280,12,13302,95,1,5,60100,6700,0
"Wild Combatant's Felweave Armor",34,256,43025,276,12,13302,96,1,5,60100,6700,0
"Warmongering Combatant's Chain Armor",35,4,43028,276,13,13302,102,1,5,60200,7000,0
"Warmongering Combatant's Chain Armor",36,4,43029,280,13,13302,101,1,5,60200,7000,0
"Warmongering Combatant's Ringmail Armor",37,64,43030,276,13,13302,104,1,5,60200,7000,0
"Warmongering Combatant's Ringmail Armor",38,64,43031,280,13,13302,103,1,5,60200,7000,0
"Warmongering Combatant's Dragonhide Armor",39,1024,43032,276,13,13302,106,1,5,60200,7000,0
"Warmongering Combatant's Dragonhide Armor",40,1024,43033,280,13,13302,105,1,5,60200,7000,0
"Warmongering Combatant's Leather Armor",41,8,43034,276,13,13302,114,1,5,60200,7000,0
"Warmongering Combatant's Leather Armor",42,8,43035,280,13,13302,113,1,5,60200,7000,0
"Warmongering Combatant's Ironskin Armor",43,512,43037,280,13,13302,111,1,5,60200,7000,0
"Warmongering Combatant's Ironskin Armor",44,512,43036,276,13,13302,112,1,5,60200,7000,0
"Warmongering Combatant's Dreadplate Armor",45,32,43038,276,13,13302,108,1,5,60200,7000,0
"Warmongering Combatant's Dreadplate Armor",46,32,43039,280,13,13302,107,1,5,60200,7000,0
"Warmongering Combatant's Scaled Armor",47,2,43042,280,13,13302,119,1,5,60200,7000,0
"Warmongering Combatant's Scaled Armor",48,2,43041,276,13,13302,120,1,5,60200,7000,0
"Warmongering Combatant's Plate Armor",49,1,43044,280,13,13302,115,1,5,60200,7000,0
"Warmongering Combatant's Plate Armor",50,1,43043,276,13,13302,116,1,5,60200,7000,0
"Warmongering Combatant's Satin Armor",51,16,43046,280,13,13302,117,1,5,60200,7000,0
"Warmongering Combatant's Satin Armor",52,16,43045,276,13,13302,118,1,5,60200,7000,0
"Warmongering Combatant's Silk Armor",53,128,43047,276,13,13302,122,1,5,60200,7000,0
"Warmongering Combatant's Silk Armor",54,128,43048,280,13,13302,121,1,5,60200,7000,0
"Warmongering Combatant's Felweave Armor",55,256,43050,280,13,13302,109,1,5,60200,7000,0
"Warmongering Combatant's Felweave Armor",56,256,43049,276,13,13302,110,1,5,60200,7000,0
"Primal Combatant's Chain Armor",57,4,43074,280,11,13302,123,1,5,60001,6200,0
"Primal Combatant's Chain Armor",58,4,43073,276,11,13302,124,1,5,60001,6200,0
"Primal Combatant's Ringmail Armor",59,64,43076,280,11,13302,137,1,5,60001,6200,0
"Primal Combatant's Ringmail Armor",60,64,43075,276,11,13302,138,1,5,60001,6200,0
"Primal Combatant's Dragonhide Armor",61,1024,43078,280,11,13302,125,1,5,60001,6200,0
"Primal Combatant's Dragonhide Armor",62,1024,43077,276,11,13302,126,1,5,60001,6200,0
"Primal Combatant's Leather Armor",63,8,43080,280,11,13302,133,1,5,60001,6200,0
"Primal Combatant's Leather Armor",64,8,43081,276,11,13302,134,1,5,60001,6200,0
"Primal Combatant's Ironskin Armor",65,512,43083,280,11,13302,131,1,5,60001,6200,0
"Primal Combatant's Ironskin Armor",66,512,43082,276,11,13302,132,1,5,60001,6200,0
"Primal Combatant's Dreadplate Armor",67,32,43085,280,11,13302,127,1,5,60001,6200,0
"Primal Combatant's Dreadplate Armor",68,32,43084,276,11,13302,128,1,5,60001,6200,0
"Primal Combatant's Scaled Armor",69,2,43087,280,11,13302,141,1,5,60001,6200,0
"Primal Combatant's Scaled Armor",70,2,43086,276,11,13302,142,1,5,60001,6200,0
"Primal Combatant's Plate Armor",71,1,43089,280,11,13302,135,1,5,60001,6200,0
"Primal Combatant's Plate Armor",72,1,43088,276,11,13302,136,1,5,60001,6200,0
"Primal Combatant's Felweave Armor",73,256,43093,280,11,13302,129,1,5,60001,6200,0
"Primal Combatant's Felweave Armor",74,256,43092,276,11,13302,130,1,5,60001,6200,0
"Primal Combatant's Satin Armor",75,16,43095,280,11,13302,139,1,5,60001,6200,0
"Primal Combatant's Satin Armor",76,16,43094,276,11,13302,140,1,5,60001,6200,0
"Primal Combatant's Silk Armor",77,128,43097,280,11,13302,143,1,5,60001,6200,0
"Primal Combatant's Silk Armor",78,128,43096,276,11,13302,144,1,5,60001,6200,0
"Wild Gladiator's Chain Armor",79,4,43103,280,12,13301,0,1,5,60100,7000,0
"Wild Gladiator's Chain Armor",80,4,43102,276,12,13301,0,1,5,60100,7000,0
"Wild Gladiator's Ringmail Armor",81,64,43104,276,12,13301,0,1,5,60100,7000,0
"Wild Gladiator's Ringmail Armor",82,64,43105,280,12,13301,0,1,5,60100,7000,0
"Wild Gladiator's Dragonhide Armor",83,1024,43108,280,12,13301,0,1,5,60100,7000,0
"Wild Gladiator's Dragonhide Armor",84,1024,43107,276,12,13301,0,1,5,60100,7000,0
"Wild Gladiator's Leather Armor",85,8,43109,276,12,13301,0,1,5,60100,7000,0
"Wild Gladiator's Leather Armor",86,8,43110,280,12,13301,0,1,5,60100,7000,0
"Wild Gladiator's Ironskin Armor",87,512,43113,280,12,13301,0,1,5,60100,7000,0
"Wild Gladiator's Ironskin Armor",88,512,43112,276,12,13301,0,1,5,60100,7000,0
"Wild Gladiator's Dreadplate Armor",89,32,43005,280,12,13301,0,1,5,60100,7000,0
"Wild Gladiator's Dreadplate Armor",90,32,43114,276,12,13301,0,1,5,60100,7000,0
"Wild Gladiator's Plate Armor",91,1,43117,280,12,13301,0,1,5,60100,7000,0
"Wild Gladiator's Plate Armor",92,1,43116,276,12,13301,0,1,5,60100,7000,0
"Wild Gladiator's Scaled Armor",93,2,43119,280,12,13301,0,1,5,60100,7000,0
"Wild Gladiator's Scaled Paladin",94,2,43118,276,12,13301,0,1,5,60100,7000,0
"Wild Gladiator's Felweave Armor",95,256,43123,280,12,13301,0,1,5,60100,7000,0
"Wild Gladiator's Felweave Armor",96,256,43122,276,12,13301,0,1,5,60100,7000,0
"Wild Gladiator's Satin Armor",97,16,43125,280,12,13301,0,1,5,60100,7000,0
"Wild Gladiator's Satin Armor",98,16,43124,276,12,13301,0,1,5,60100,7000,0
"Wild Gladiator's Silk Armor",99,128,43127,280,12,13301,0,1,5,60100,7000,0
"Wild Gladiator's Silk Armor",100,128,43126,276,12,13301,0,1,5,60100,7000,0
"Warmongering Gladiator's Chain Armor",101,4,43137,280,13,13301,0,1,5,60200,7100,0
"Warmongering Gladiator's Chain Armor",102,4,43136,276,13,13301,0,1,5,60200,7100,0
"Warmongering Gladiator's Ringmail Armor",103,64,43139,280,13,13301,0,1,5,60200,7100,0
"Warmongering Gladiator's Ringmail Armor",104,64,43138,276,13,13301,0,1,5,60200,7100,0
"Warmongering Gladiator's Dragonhide Armor",105,1024,43155,280,13,13301,0,1,5,60200,7100,0
"Warmongering Gladiator's Dragonhide Armor",106,1024,43154,276,13,13301,0,1,5,60200,7100,0
"Warmongering Gladiator's Dreadplate Armor",107,32,43157,280,13,13301,0,1,5,60200,7100,0
"Warmongering Gladiator's Dreadplate Armor",108,32,43156,276,13,13301,0,1,5,60200,7100,0
,162,0,0,3,0,0,0,1,0,0,10,0
"Warmongering Gladiator's Felweave Armor",109,256,43161,280,13,13301,0,1,5,60200,7100,0
"Warmongering Gladiator's Felweave Armor",110,256,43160,276,13,13301,0,1,5,60200,7100,0
"Warmongering Gladiator's Ironskin Armor",111,512,43164,280,13,13301,0,1,5,60200,7100,0
"Warmongering Gladiator's Ironskin Armor",112,512,43163,276,13,13301,0,1,5,60200,7100,0
"Warmongering Gladiator's Leather Armor",113,8,43166,280,13,13301,0,1,5,60200,7100,0
"Warmongering Gladiator's Leather Armor",114,8,43165,276,13,13301,0,1,5,60200,7100,0
"Warmongering Gladiator's Plate Armor",115,1,43168,280,13,13301,0,1,5,60200,7100,0
"Warmongering Gladiator's Plate Armor",116,1,43167,276,13,13301,0,1,5,60200,7100,0
"Warmongering Gladiator's Satin Armor",117,16,43170,280,13,13301,0,1,5,60200,7100,0
"Warmongering Gladiator's Satin Armor",118,16,43169,276,13,13301,0,1,5,60200,7100,0
"Warmongering Gladiator's Scaled Armor",119,2,43172,280,13,13301,0,1,5,60200,7100,0
"Warmongering Gladiator's Scaled Armor",120,2,43171,276,13,13301,0,1,5,60200,7100,0
"Warmongering Gladiator's Silk Armor",121,128,43174,280,13,13301,0,1,5,60200,7100,0
"Warmongering Gladiator's Silk Armor",122,128,43173,276,13,13301,0,1,5,60200,7100,0
"Primal Gladiator's Chain Armor",123,4,43198,280,11,13301,0,1,5,60001,6600,0
"Primal Gladiator's Chain Armor",124,4,43197,276,11,13301,0,1,5,60001,6600,0
"Primal Gladiator's Dragonhide Armor",125,1024,43200,280,11,13301,0,1,5,60001,6600,0
"Primal Gladiator's Dragonhide Armor",126,1024,43199,276,11,13301,0,1,5,60001,6600,0
"Primal Gladiator's Dreadplate Armor",127,32,43202,280,11,13301,0,1,5,60001,6600,0
"Primal Gladiator's Dreadplate Armor",128,32,43201,276,11,13301,0,1,5,60001,6600,0
"Primal Gladiator's Felweave Armor",129,256,43204,280,11,13301,0,1,5,60001,6600,0
"Primal Gladiator's Felweave Armor",130,256,43203,276,11,13301,0,1,5,60001,6600,0
"Primal Gladiator's Ironskin Armor",131,512,43210,280,11,13301,0,1,5,60001,6600,0
"Primal Gladiator's Ironskin Armor",132,512,43209,276,11,13301,0,1,5,60001,6600,0
"Primal Gladiator's Leather Armor",133,8,43212,280,11,13301,0,1,5,60001,6600,0
"Primal Gladiator's Leather Armor",134,8,43211,276,11,13301,0,1,5,60001,6600,0
"Primal Gladiator's Plate Armor",135,1,43089,280,11,13301,0,1,5,60001,6600,0
"Primal Gladiator's Plate Armor",136,1,43213,276,11,13301,0,1,5,60001,6600,0
"Primal Gladiator's Ringmail Armor",137,64,43217,280,11,13301,0,1,5,60001,6600,0
"Primal Gladiator's Ringmail Armor",138,64,43216,276,11,13301,0,1,5,60001,6600,0
"Primal Gladiator's Satin Armor",139,16,43219,280,11,13301,0,1,5,60001,6600,0
"Primal Gladiator's Satin Armor",140,16,43218,276,11,13301,0,1,5,60001,6600,0
"Primal Gladiator's Scaled Armor",141,2,43221,280,11,13301,0,1,5,60001,6600,0
"Primal Gladiator's Scaled Armor",142,2,43220,276,11,13301,0,1,5,60001,6600,0
"Primal Gladiator's Silk Armor",143,128,43223,280,11,13301,0,1,5,60001,6600,0
"Primal Gladiator's Silk Armor",144,128,43222,276,11,13301,0,1,5,60001,6600,0
"Primal Gladiator's Arsenal",145,0,43225,281,0,0,0,1,5,60001,6600,0
"Primal Gladiator's Arsenal",146,0,43224,277,0,0,0,1,5,60001,6600,0
,147,0,43227,281,0,0,0,1,5,60100,7000,0
,148,0,43226,277,0,0,0,1,5,60100,7000,0
,149,0,43230,281,0,0,0,1,0,60200,7100,0
,150,0,43229,277,0,0,0,1,0,60200,7100,0
,151,0,43232,281,0,0,0,1,5,60200,7000,0
,152,0,43231,277,0,0,0,1,5,60200,7000,0
,153,0,43234,281,0,0,0,1,5,60100,6700,0
,154,0,43233,277,0,0,0,1,5,60100,6700,0
"Primal Combatant's Arsenal",155,0,43236,281,0,0,0,1,5,60001,6200,0
"Primal Combatant's Arsenal",156,0,43235,277,0,0,0,1,5,60001,6200,0
"Felforged Armor",157,35,43278,2,48,0,0,1,6,70001,100,0
"Fel-Chain Armor",158,4164,43279,2,48,0,0,1,6,70001,100,0
"Felshroud Armor",159,3592,43280,2,48,0,0,1,6,70001,100,0
"Fel-Infused Armor",160,400,43281,2,48,0,0,1,6,70001,100,0
,163,4,0,3,0,0,0,1,0,0,750,0
,164,16,0,3,0,0,0,1,0,0,750,0
,167,0,42778,3,0,0,0,1,0,0,200,0
,168,0,45129,3,0,0,0,1,0,0,6400,0
,169,0,45130,3,0,0,0,1,0,0,2510,0
,170,0,45131,3,0,0,0,1,0,0,490,0
"Regalia of the Chosen Dead",171,400,45208,514,47,13193,0,1,6,70100,8551,0
"Regalia of the Chosen Dead",172,400,45223,514,47,2015,171,1,6,70100,8552,0
"Regalia of the Chosen Dead",173,400,45224,2,47,13145,171,1,6,70100,8553,0
"Regalia of the Chosen Dead",174,400,45225,770,47,1641,171,1,6,70100,8550,0
"Garb of the Chosen Dead",175,3592,45226,514,47,13193,0,1,6,70100,8551,0
"Garb of the Chosen Dead",176,3592,45227,514,47,2015,175,1,6,70100,8552,0
"Garb of the Chosen Dead",177,3592,45228,2,47,13145,175,1,6,70100,8553,0
"Garb of the Chosen Dead",178,3592,45229,770,47,1641,175,1,6,70100,8550,0
"Chains of the Chosen Dead",179,4164,45230,514,47,13193,0,1,6,70100,8551,0
"Chains of the Chosen Dead",180,4164,45231,514,47,2015,179,1,6,70100,8552,0
"Chains of the Chosen Dead",181,4164,45232,2,47,13145,179,1,6,70100,8553,0
"Chains of the Chosen Dead",182,4164,45233,770,47,1641,179,1,6,70100,8550,0
"Funerary Plate of the Chosen Dead",183,35,45234,514,47,13193,0,1,6,70100,8551,0
"Funerary Plate of the Chosen Dead",184,35,45235,514,47,2015,183,1,6,70100,8552,0
"Funerary Plate of the Chosen Dead",185,35,45236,2,47,13145,183,1,6,70100,8553,0
"Funerary Plate of the Chosen Dead",186,35,45237,770,47,1641,183,1,6,70100,8550,0
"Dreadful Gladiator's Chain Armor",187,4,45583,272,9,13304,286,1,4,50003,4580,0
"Dreadful Gladiator's Dragonhide Armor",188,1024,45584,272,9,13304,281,1,4,50003,4580,0
"Dreadful Gladiator's Dreadplate Armor",189,32,45585,272,9,13304,285,1,4,50003,4580,0
"Dreadful Gladiator's Felweave Armor",190,256,45593,272,9,13304,283,1,4,50003,4580,0
"Dreadful Gladiator's Ironskin Armor",191,512,45594,272,9,13304,1059,1,4,50003,4580,0
"Dreadful Gladiator's Leather Armor",192,8,45595,272,9,13304,280,1,4,50003,4580,0
"Dreadful Gladiator's Plate",193,1,45596,272,9,13304,278,1,4,50003,4580,0
"Dreadful Gladiator's Ringmail Armor",194,64,45597,272,9,13304,284,1,4,50003,4580,0
"Dreadful Gladiator's Satin Armor",195,16,45598,272,9,13304,282,1,4,50003,4580,0
"Dreadful Gladiator's Scaled Armor",196,2,45599,272,9,13304,277,1,4,50003,4580,0
"Dreadful Gladiator's Silk Armor",197,128,45600,272,9,13304,276,1,4,50003,4580,0
"Grievous Gladiator's Chain Armor",198,4,45601,280,15,13301,0,1,4,50200,5220,0
"Grievous Gladiator's Chain Armor",199,4,45602,276,15,13301,0,1,4,50200,5220,0
"Grievous Gladiator's Dragonhide Armor",200,1024,45603,280,15,13301,0,1,4,50200,5220,0
"Grievous Gladiator's Dreadplate Armor",201,32,45604,280,15,13301,0,1,4,50200,5220,0
"Grievous Gladiator's Felweave Armor",202,256,45605,280,15,13301,0,1,4,50200,5220,0
"Grievous Gladiator's Ironskin Armor",203,512,45607,280,15,13301,0,1,4,50200,5220,0
"Grievous Gladiator's Leather Armor",204,8,45608,280,15,13301,0,1,4,50200,5220,0
"Grievous Gladiator's Plate Armor",205,1,45609,280,15,13301,0,1,4,50200,5220,0
"Grievous Gladiator's Ringmail Armor",206,64,45610,280,15,13301,0,1,4,50200,5220,0
"Grievous Gladiator's Satin Armor",207,16,45611,280,15,13301,0,1,4,50200,5220,0
"Grievous Gladiator's Scaled Armor",208,2,45612,280,15,13301,0,1,4,50200,5220,0
"Grievous Gladiator's Silk Armor",209,128,45613,280,15,13301,0,1,4,50200,5220,0
"Grievous Gladiator's Dragonhide Armor",210,1024,45617,276,15,13301,0,1,4,50200,5220,0
"Grievous Gladiator's Dreadplate Armor",211,32,45616,276,15,13301,0,1,4,50200,5220,0
"Grievous Gladiator's Felweave Armor",212,256,45618,276,15,13301,0,1,4,50200,5220,0
"Grievous Gladiator's Ironskin Armor",213,512,45619,276,15,13301,0,1,4,50200,5220,0
"Grievous Gladiator's Leather Armor",214,8,45620,276,15,13301,0,1,4,50200,5220,0
"Grievous Gladiator's Plate Armor",215,1,45621,276,15,13301,0,1,4,50200,5220,0
Huojin,5367,0,0,8,0,13965,5368,1,10,110207,10,147474
"Grievous Gladiator's Ringmail Armor",216,64,45622,276,15,13301,0,1,4,50200,5220,0
"Grievous Gladiator's Satin Armor",217,16,45623,276,15,13301,0,1,4,50200,5220,0
"Grievous Gladiator's Scaled Armor",218,2,45624,276,15,13301,0,1,4,50200,5220,0
"Grievous Gladiator's Silk Armor",219,128,45625,276,15,13301,0,1,4,50200,5220,0
"Serban Quick Set",228,144,42778,1,0,7434,0,1,4,0,200,0
"Parent Chain Set",230,4,43136,3,7,8027,0,1,2,0,7100,0
"Child Chain Set",231,4,43197,1,6,7906,230,1,2,0,6600,0
"Prideful Gladiator's Chain Armor",232,4,45884,276,14,13301,0,1,4,50400,5500,0
"Prideful Gladiator's Dragonhide Armor",233,1024,45885,276,14,13301,0,1,4,50400,5500,0
"Prideful Gladiator's Dreadplate Armor",234,32,45886,276,14,13301,0,1,4,50400,5500,0
"Prideful Gladiator's Felweave Armor",235,256,45887,276,14,13301,0,1,4,50400,5500,0
"Prideful Gladiator's Ironskin Armor",236,512,45888,276,14,13301,0,1,4,50400,5500,0
"Prideful Gladiator's Leather Armor",237,8,45889,276,14,13301,0,1,4,50400,5500,0
"Prideful Gladiator's Plate Armor",238,1,45891,276,14,13301,0,1,4,50400,5500,0
"Prideful Gladiator's Ringmail Armor",239,64,45892,276,14,13301,0,1,4,50400,5500,0
"Prideful Gladiator's Satin Armor",240,16,45893,276,14,13301,0,1,4,50400,5500,0
"Prideful Gladiator's Scaled Armor",241,2,45894,276,14,13301,0,1,4,50400,5500,0
"Prideful Gladiator's Silk Armor",242,128,45895,276,14,13301,0,1,4,50400,5500,0
"Prideful Gladiator's Chain Armor",243,4,45896,280,14,13301,0,1,4,50400,5500,0
"Prideful Gladiator's Dragonhide Armor",244,1024,45897,280,14,13301,0,1,4,50400,5500,0
"Prideful Gladiator's Dreadplate Armor",245,32,45898,280,14,13301,0,1,4,50400,5500,0
"Prideful Gladiator's Felweave Armor",246,256,45899,280,14,13301,0,1,4,50400,5500,0
"Prideful Gladiator's Ironskin Armor",247,512,45900,280,14,13301,0,1,4,50400,5500,0
"Prideful Gladiator's Leather Armor",248,8,46315,280,14,13301,0,1,4,50400,5500,0
"Prideful Gladiator's Plate Armor",249,1,45901,280,14,13301,0,1,4,50400,5500,0
"Prideful Gladiator's Ringmail Armor",250,64,45903,280,14,13301,0,1,4,50400,5500,0
"Prideful Gladiator's Satin Armor",251,16,45907,280,14,13301,0,1,4,50400,5500,0
"Prideful Gladiator's Scaled Armor",252,2,45911,280,14,13301,0,1,4,50400,5500,0
"Prideful Gladiator's Silk Armor",253,128,45912,280,14,13301,0,1,4,50400,5500,0
"Tyrannical Gladiator's Chain Armor",254,4,45935,280,16,13301,0,1,4,50100,4960,0
"Tyrannical Gladiator's Dragonhide Armor",255,1024,45936,280,16,13301,0,1,4,50100,4960,0
"Tyrannical Gladiator's Dreadplate Armor",256,32,45937,280,16,13301,0,1,4,50100,4960,0
"Tyrannical Gladiator's Felweave Armor",257,256,45938,280,16,13301,0,1,4,50100,4960,0
"Tyrannical Gladiator's Satin Armor",258,16,45939,280,16,13301,0,1,4,50100,4960,0
"Tyrannical Gladiator's Ironskin Armor",259,512,45940,280,16,13301,0,1,4,50100,4960,0
"Tyrannical Gladiator's Leather Armor",260,8,45942,280,16,13301,0,1,4,50100,4960,0
"Tyrannical Gladiator's Plate Armor",261,1,45943,280,16,13301,0,1,4,50100,4960,0
"Tyrannical Gladiator's Ringmail Shaman",262,64,45944,280,16,13301,0,1,4,50100,4960,0
"Tyrannical Gladiator's Scaled Armor",263,2,45945,280,16,13301,0,1,4,50100,4960,0
"Tyrannical Gladiator's Silk Armor",264,128,45946,280,16,13301,0,1,4,50100,4960,0
"Tyrannical Gladiator's Chain Armor",265,4,45947,276,16,13301,0,1,4,50100,4960,0
"Tyrannical Gladiator's Dragonhide Armor",266,1024,45948,276,16,13301,0,1,4,50100,4960,0
"Tyrannical Gladiator's Dreadplate Armor",267,32,45949,276,16,13301,0,1,4,50100,4960,0
"Tyrannical Gladiator's Felweave Armor",268,256,45950,276,16,13301,0,1,4,50100,4960,0
"Tyrannical Gladiator's Ironskin Armor",269,512,45951,276,16,13301,0,1,4,50100,4960,0
"Tyrannical Gladiator's Leather Armor",270,8,45952,276,16,13301,0,1,4,50100,4960,0
"Tyrannical Gladiator's Plate Armor",271,1,45953,276,16,13301,0,1,4,50100,4960,0
"Tyrannical Gladiator's Ringmail Armor",272,64,45954,276,16,13301,0,1,4,50100,4960,0
"Tyrannical Gladiator's Satin Armor",273,16,45955,276,16,13301,0,1,4,50100,4960,0
"Tyrannical Gladiator's Scaled Armor",274,2,45956,276,16,13301,0,1,4,50100,4960,0
"Tyrannical Gladiator's Silk Armor",275,128,45957,276,16,13301,0,1,4,50100,4960,0
"Malevolent Gladiator's Silk Armor",276,128,45958,272,9,13301,0,1,4,50003,4760,0
"Malevolent Gladiator's Scaled Armor",277,2,45959,272,9,13301,0,1,4,50003,4760,0
"Malevolent Gladiator's Plate Armor",278,1,45960,272,9,13301,0,1,4,50003,4760,0
"Malevolent Gladiator's Ironskin Armor",279,512,0,274,9,3859,1059,1,4,50003,4762,0
"Malevolent Gladiator's Leather Armor",280,8,45962,272,9,13301,0,1,4,50003,4760,0
"Malevolent Gladiator's Dragonhide Armor",281,1024,45963,272,9,13301,0,1,4,50003,4760,0
"Malevolent Gladiator's Satin Armor",282,16,45964,272,9,13301,0,1,4,50003,4760,0
"Malevolent Gladiator's Felweave Armor",283,256,45965,272,9,13301,0,1,4,50003,4760,0
"Malevolent Gladiator's Ringmail Armor",284,64,45966,272,9,13301,0,1,4,50003,4760,0
"Malevolent Gladiator's Dreadplate Armor",285,32,45967,272,9,13301,0,1,4,50003,4760,0
"Malevolent Gladiator's Chain Armor",286,4,45968,272,9,13301,0,1,4,50003,4760,0
,287,0,46003,273,0,0,0,1,4,60001,4700,0
,288,0,46004,281,0,0,0,1,4,50200,4980,0
,289,0,46005,277,0,0,0,1,4,50200,4980,0
,290,0,46007,277,0,0,0,1,4,50400,5500,0
,291,0,46009,281,0,0,0,1,4,50400,4980,0
,292,0,46018,281,0,0,0,1,4,50300,5220,0
,293,0,46019,277,0,0,0,1,4,50300,5220,0
"Sanctified Ymirjar Lord's Battlegear",298,1,0,0,35,13292,655,1,2,30300,2770,0
"Vestments of the Purifier",308,16,87019,768,8,13193,0,1,6,70001,8751,0
"Vestments of the Purifier",309,16,87018,768,8,2015,308,1,6,70001,8752,0
"Regalia of the Exorcist",310,16,79755,768,10,13193,0,1,4,50200,5220,0
"Vestments of the Purifier",311,16,87021,256,8,13145,308,1,6,70001,8753,0
"Legacy of Azj'Aqir",315,256,87023,768,8,13193,0,1,6,70001,8751,0
"Legacy of Azj'Aqir",316,256,87022,768,8,2015,315,1,6,70001,8752,0
"Legacy of Azj'Aqir",321,256,87025,256,8,13145,315,1,6,70001,8753,0
"Vestments of the Purifier",322,16,87020,768,8,1641,308,1,6,70001,8750,0
"Attire of Piety",323,16,0,512,28,13193,0,1,5,60200,6950,0
"Attire of Piety",324,16,0,512,28,2015,323,1,5,60200,7050,0
"Attire of Piety",325,16,0,0,28,13145,323,1,5,60200,7200,0
"Soul Priest's Raiment",327,16,0,512,29,13193,0,1,5,60001,6700,0
"Windspeaker's Regalia",328,64,0,512,29,2015,418,1,5,60001,6850,0
"Soul Priest's Raiment",329,16,0,0,29,13145,327,1,5,60001,7000,0
"Regalia of the High Priest",330,16,0,0,49,0,0,1,6,70001,8400,0
"Regalia of Ternion Glory",331,16,79759,768,30,13193,0,1,4,50400,5400,0
"Regalia of Ternion Glory",332,16,79758,256,30,13145,331,1,4,50400,5660,0
"Regalia of Ternion Glory",333,16,79757,768,30,1641,331,1,4,50400,5280,0
"Regalia of the Exorcist",334,16,79756,256,10,2015,310,1,4,50200,5350,0
"Regalia of the Exorcist",335,16,79754,768,10,1641,310,1,4,50200,5020,0
"Guardian Serpent Regalia",336,16,79751,768,31,13193,0,1,4,50003,4960,0
"Guardian Serpent Regalia",337,16,79752,768,31,1641,336,1,4,50003,4830,0
"Regalia of the Firebird",338,64,79846,256,31,2015,427,1,4,50003,5090,0
"Regalia of Dying Light",339,16,0,512,32,13193,0,1,3,40300,3970,0
"Regalia of Dying Light",340,16,0,512,32,1641,339,1,3,40300,3840,0
"Regalia of Dying Light",341,16,0,0,32,2015,339,1,3,40300,4100,0
"Regalia of the Cleansing Flame",342,16,0,512,33,13193,0,1,3,40200,3780,0
"Regalia of the Cleansing Flame",343,16,0,0,33,2015,342,1,3,40200,3910,0
"Mercurial Regalia",344,16,0,512,34,13193,0,1,3,40000,3590,0
"Mercurial Regalia",345,16,0,0,34,2015,344,1,3,40200,3720,0
"Crimson Acolyte Regalia",346,16,0,512,35,13293,0,1,2,30300,2510,0
"Sanctified Crimson Acolyte Regalia",347,16,0,512,35,13291,346,1,2,30300,2640,0
"Sanctified Crimson Acolyte Regalia",348,16,0,0,35,13292,346,1,2,30300,2770,0
"Velen's Regalia",349,16,0,4,36,13293,0,1,2,30200,2320,0
"Zabra's Regalia",350,16,0,8,36,13293,0,1,2,30200,2320,0
"Absolution Regalia",351,16,0,0,39,13193,0,1,1,20100,1460,0
"Vestments of Absolution",352,16,0,0,50,13305,0,1,1,20400,1540,0
"Avatar Regalia",353,16,0,0,40,13193,0,1,1,20003,1330,0
"Incarnate Regalia",354,16,0,0,41,13193,0,1,1,20000,1200,0
"Vestments of Faith",355,16,0,2,42,13193,0,1,0,20000,920,0
"Vestments of Transcendence",356,16,0,0,43,13193,0,1,0,10600,760,0
"Vestments of Prophecy",357,16,0,0,44,13193,0,1,0,0,660,0
"Garments of the Oracle",358,16,0,0,51,13193,0,1,0,10900,880,0
"Vestments of the Devout",359,400,0,2,52,13193,0,1,0,0,600,0
"Vestments of the Virtuous",360,16,0,2,53,13193,0,1,0,0,650,0
"Heroes' Regalia of Faith",361,16,0,512,38,13293,0,1,2,30001,2000,0
"Valorous Regalia of Faith",362,16,0,0,38,13291,361,1,2,30001,2130,0
"Valorous Sanctification Regalia",363,16,0,512,37,13293,0,1,2,30100,2190,0
"Conqueror's Sanctification Regalia",364,16,0,0,37,13291,363,1,2,30100,2260,0
"Cataclysmic Gladiator's Satin Armor",365,16,46529,272,17,13301,0,1,3,40300,3900,0
"Cataclysmic Gladiator's Satin Armor",366,16,0,274,17,3859,365,1,3,40300,3902,0
"Vicious Gladiator's Satin Armor",369,16,46540,272,19,13301,0,1,3,40000,3520,0
"Vicious Gladiator's Satin Armor",370,16,0,274,19,3859,369,1,3,40000,3522,0
"Bloodthirsty Gladiator's Satin Armor",371,16,46519,272,19,13304,369,1,3,40000,3390,0
"Wrathful Gladiator's Satin Armor",372,16,46584,272,20,13301,0,1,2,30300,2700,0
"Relentless Gladiator's Satin Armor",373,16,46617,272,21,13301,0,1,2,30200,2510,0
"Furious Gladiator's Satin Armor",374,16,46606,272,22,13301,0,1,2,30100,2321,0
"Deadly Gladiator's Satin Armor",375,16,46573,272,23,13301,0,1,2,30001,2131,0
"Hateful Gladiator's Satin Armor",376,16,46595,272,23,13304,375,1,2,30001,2001,0
"Savage Gladiator's Satin Armor",377,16,46562,272,23,13306,375,1,2,30001,2001,0
"Brutal Gladiator's Satin Armor",378,16,46637,272,24,13301,0,1,1,20400,1591,0
"Vengeful Gladiator's Satin Armor",379,16,46647,272,25,13301,0,1,1,20100,1461,0
"Merciless Gladiator's Satin Armor",380,16,46657,272,26,13301,0,1,1,20003,1361,0
"Gladiator's Plate Armor",381,1,46625,272,27,13301,0,1,1,20000,1231,0
"Satin Battlegear",382,16,0,273,27,13306,973,1,1,20000,1150,0
"Field Marshal's Raiment",383,16,0,279,0,13307,0,1,0,0,740,0
"Warlord's Raiment",384,16,0,283,0,13307,0,1,0,0,740,0
"Vindictive Gladiator's Satin Armor",388,16,46394,276,45,13301,0,1,6,70001,8401,0
"Cruel Gladiator's Satin Armor",389,16,46464,276,46,13301,0,1,6,70200,8601,0
"Vindictive Gladiator's Satin Armor",390,16,46393,280,45,13301,0,1,6,70001,8401,0
"Cruel Gladiator's Satin Armor",391,16,46463,280,46,13301,0,1,6,70200,8601,0
"Vindictive Gladiator's Satin Armor",392,16,46418,278,45,3859,388,1,6,70001,8712,0
"Vindictive Gladiator's Satin Armor",393,16,46417,282,45,3859,390,1,6,70001,8712,0
"Cruel Gladiator's Satin Armor",394,16,46487,282,46,3859,391,1,6,70200,8712,0
"Cruel Gladiator's Satin Armor",395,16,46488,278,46,3859,389,1,6,70200,8712,0
"Malevolent Gladiator's Satin Armor",396,16,0,274,9,3859,282,1,4,50003,4762,0
"Tyrannical Gladiator's Satin Armor",397,16,0,278,16,3859,273,1,4,50100,4962,0
"Tyrannical Gladiator's Satin Armor",398,16,0,282,16,3859,258,1,4,50100,4962,0
"Prideful Gladiator's Satin Armor",399,16,0,278,14,3859,240,1,4,50400,5502,0
"Prideful Gladiator's Satin Armor",400,16,0,282,14,3859,251,1,4,50400,5502,0
"Grievous Gladiator's Satin Armor",401,16,0,278,15,3859,217,1,4,50200,5222,0
"Grievous Gladiator's Satin Armor",402,16,0,282,15,3859,207,1,4,50200,5222,0
"Primal Gladiator's Satin Armor",403,16,0,278,11,3859,140,1,5,60001,6602,0
"Primal Gladiator's Satin Armor",404,16,0,282,11,3859,139,1,5,60001,6602,0
"Wild Gladiator's Satin Armor",405,16,0,278,12,3859,98,1,5,60100,7002,0
"Wild Gladiator's Satin Armor",406,16,0,282,12,3859,97,1,5,60100,7002,0
"Warmongering Gladiator's Satin Armor",407,16,0,278,13,3859,118,1,5,60200,7102,0
"Warmongering Gladiator's Satin Armor",408,16,0,282,13,3859,117,1,5,60200,7102,0
"Vindictive Combatant's Chain Armor",409,4,46352,276,45,13302,1113,1,6,70001,8100,0
"Vindictive Combatant's Chain Armor",410,4,46354,280,45,13302,1114,1,6,70001,8100,0
"Sulfuron Hammer",413,0,46721,1,0,0,0,1,0,0,670,0
"Embrace of the Living Mountain",415,64,0,512,28,13193,0,1,5,60200,6950,0
"Embrace of the Living Mountain",416,64,0,512,28,2015,415,1,5,60200,7050,0
"Embrace of the Living Mountain",417,64,0,0,28,13145,415,1,5,60200,7200,0
"Windspeaker's Regalia",418,64,0,512,29,13193,0,1,5,60001,6700,0
"Soul Priest's Raiment",419,16,0,512,29,2015,327,1,5,60001,6850,0
"Windspeaker's Regalia",420,64,0,0,29,13145,418,1,5,60001,7000,0
"Regalia of Celestial Harmony",421,64,79850,768,30,13193,0,1,4,50400,5400,0
"Regalia of Celestial Harmony",422,64,79852,256,30,13145,421,1,4,50400,5660,0
"Regalia of Celestial Harmony",423,64,79851,768,30,1641,421,1,4,50400,5280,0
"Regalia of the Witch Doctor",424,64,79847,768,10,13193,0,1,4,50200,5220,0
"Regalia of the Witch Doctor",425,64,79848,256,10,2015,424,1,4,50200,5350,0
"Regalia of the Witch Doctor",426,64,79849,768,10,1641,424,1,4,50200,5020,0
"Regalia of the Firebird",427,64,79844,768,31,13193,0,1,4,50003,4960,0
"Regalia of the Firebird",428,64,79845,768,31,1641,427,1,4,50003,4830,0
"Guardian Serpent Regalia",429,16,79753,256,31,2015,336,1,4,50003,5090,0
"Raiment of the Farseer",430,64,0,0,49,0,0,1,6,70001,8400,0
"Battlegear of Iron Wrath",432,1,0,512,28,13193,0,1,5,60200,6950,0
"Battlegear of Iron Wrath",433,1,0,512,28,2015,432,1,5,60200,7050,0
"Battlegear of Iron Wrath",434,1,0,0,28,13145,432,1,5,60200,7200,0
"Blackhand's Battlegear",435,1,0,512,29,13193,0,1,5,60001,6700,0
"Blackhand's Battlegear",436,1,0,512,29,2015,435,1,5,60001,6850,0
"Blackhand's Battlegear",437,1,0,0,29,13145,435,1,5,60001,7000,0
"Battleplate of the Prehistoric Marauder",438,1,79893,768,30,13193,0,1,4,50400,5400,0
"Battleplate of the Prehistoric Marauder",439,1,79891,256,30,13145,438,1,4,50400,5660,0
"Battleplate of the Prehistoric Marauder",440,1,79892,768,30,1641,438,1,4,50400,5280,0
"Battleplate of the Last Mogu",441,1,79890,768,10,13193,0,1,4,50200,5220,0
"Battleplate of the Last Mogu",442,1,79889,768,10,1641,441,1,4,50200,5020,0
"Battleplate of the Last Mogu",443,1,79888,256,10,2015,441,1,4,50200,5350,0
"Battleplate of Resounding Rings",444,1,79886,768,31,13193,0,1,4,50003,4960,0
"Battleplate of Resounding Rings",445,1,79887,256,31,2015,444,1,4,50003,5090,0
"Battleplate of Resounding Rings",446,1,79885,768,31,1641,444,1,4,50003,4830,0
"Battlelord's Plate",447,1,0,0,49,0,0,1,6,70001,8400,0
"Vestments of the Black Harvest",448,256,0,0,49,0,0,1,6,70001,8400,0
"Deathrattle Regalia",449,256,0,512,28,13193,0,1,5,60200,6950,0
"Deathrattle Regalia",450,256,0,0,28,13145,449,1,5,60200,7200,0
"Deathrattle Regalia",451,256,0,512,28,2015,449,1,5,60200,7050,0
"Shadow Council's Garb",452,256,0,512,29,13193,0,1,5,60001,6700,0
"Shadow Council's Garb",453,256,0,0,29,13145,452,1,5,60001,7000,0
"Shadow Council's Garb",454,256,0,512,29,2015,452,1,5,60001,6850,0
"Regalia of the Horned Nightmare",455,256,79768,768,30,13193,0,1,4,50400,5400,0
"Regalia of the Horned Nightmare",456,256,79766,256,30,13145,455,1,4,50400,5660,0
"Regalia of the Horned Nightmare",457,256,79767,768,30,1641,455,1,4,50400,5280,0
"Regalia of the Thousandfold Hells",458,256,79765,768,10,13193,0,1,4,50200,5220,0
"Regalia of the Thousandfold Hells",459,256,79763,768,10,1641,458,1,4,50200,5020,0
"Regalia of the Thousandfold Hells",460,256,79764,256,10,2015,458,1,4,50200,5350,0
"Sha Skin Regalia",461,256,79762,768,31,13193,0,1,4,50003,4960,0
"Sha Skin Regalia",462,256,79761,768,31,1641,461,1,4,50003,4830,0
"Sha Skin Regalia",463,256,79760,256,31,2015,461,1,4,50003,5090,0
"Battlegear of the Uncrowned",464,8,0,0,49,0,0,1,6,70001,8400,0
"Felblade Armor",465,8,0,512,28,13193,0,1,5,60200,6950,0
"Felblade Armor",466,8,0,512,28,2015,465,1,5,60200,7050,0
"Felblade Armor",467,8,0,0,28,13145,465,1,5,60200,7200,0
"Poisoner's Battlegear",468,8,0,512,29,13193,0,1,5,60001,6700,0
"Poisoner's Battlegear",469,8,0,512,29,2015,468,1,5,60001,6850,0
"Poisoner's Battlegear",470,8,0,0,29,13145,468,1,5,60001,7000,0
"Barbed Assassin Battlegear",471,8,79813,768,30,13193,0,1,4,50400,5400,0
"Barbed Assassin Battlegear",472,8,79815,256,30,13145,471,1,4,50400,5660,0
"Barbed Assassin Battlegear",473,8,79814,768,30,1641,471,1,4,50400,5280,0
"Nine-Tail Battlegear",474,8,79810,768,10,13193,0,1,4,50200,5220,0
"Nine-Tail Battlegear",475,8,79812,256,10,2015,474,1,4,50200,5350,0
"Nine-Tail Battlegear",476,8,79811,768,10,1641,474,1,4,50200,5020,0
"Battlegear of the Thousandfold Blades",477,8,79809,256,31,2015,478,1,4,50003,5090,0
"Battlegear of the Thousandfold Blades",478,8,79807,768,31,13193,0,1,4,50003,4960,0
"Battlegear of the Thousandfold Blades",479,8,79808,768,31,1641,478,1,4,50003,4830,0
"Watch of the Ceaseless Vigil",480,2,0,512,28,13193,0,1,5,60200,6950,0
"Watch of the Ceaseless Vigil",481,2,0,512,28,2015,480,1,5,60200,7050,0
"Watch of the Ceaseless Vigil",482,2,0,0,28,13145,480,1,5,60200,7200,0
"Battlegear of Guiding Light",483,2,0,512,29,13193,0,1,5,60001,6700,0
"Battlegear of Guiding Light",484,2,0,512,29,2015,483,1,5,60001,6850,0
"Battlegear of Guiding Light",485,2,0,0,29,13145,483,1,5,60001,7000,0
"Vestments of Winged Triumph",487,2,79884,768,30,13193,0,1,4,50400,5400,0
"Vestments of Winged Triumph",488,2,79883,256,30,13145,487,1,4,50400,5660,0
"Vestments of Winged Triumph",489,2,79882,768,30,1641,487,1,4,50400,5280,0
"Battlegear of the Lightning Emperor",490,2,79879,768,10,13193,0,1,4,50200,5220,0
"Battlegear of the Lightning Emperor",491,2,79880,256,10,2015,490,1,4,50200,5350,0
"Battlegear of the Lightning Emperor",492,2,79881,768,10,1641,490,1,4,50200,5020,0
"White Tiger Battlegear",493,2,79876,768,31,13193,0,1,4,50003,4960,0
"White Tiger Battlegear",494,2,79878,256,31,2015,493,1,4,50003,5090,0
"White Tiger Battlegear",495,2,79877,768,31,1641,493,1,4,50003,4830,0
"Battleplate of the Silver Hand",496,2,0,0,49,0,0,1,6,70001,8400,0
"Grandmaster's Finery",497,512,0,0,49,0,0,1,6,70001,8400,0
"Battlegear of the Somber Gaze",498,512,0,512,29,13193,0,1,5,60001,6700,0
"Battlegear of the Somber Gaze",500,512,0,512,29,2015,498,1,5,60001,6850,0
"Battlegear of the Somber Gaze",501,512,0,0,29,13145,498,1,5,60001,7000,0
"Battlewrap of the Hurricane's Eye",502,512,0,512,28,13193,0,1,5,60200,6950,0
"Battlewrap of the Hurricane's Eye",503,512,0,512,28,2015,502,1,5,60200,7050,0
"Battlewrap of the Hurricane's Eye",505,512,0,0,28,13145,502,1,5,60200,7200,0
"Vestments of the Seven Sacred Seals",506,512,79805,768,30,13193,0,1,4,50400,5400,0
"Vestments of the Seven Sacred Seals",507,512,79806,256,30,13145,506,1,4,50400,5660,0
"Vestments of the Seven Sacred Seals",508,512,79804,768,30,1641,506,1,4,50400,5280,0
"Fire-Charm Vestments",510,512,79801,768,10,13193,0,1,4,50200,5220,0
"Fire-Charm Vestments",511,512,79802,256,10,2015,510,1,4,50200,5350,0
"Fire-Charm Vestments",512,512,79803,768,10,1641,510,1,4,50200,5020,0
"Vestments of the Red Crane",513,512,79799,768,31,13193,0,1,4,50003,4960,0
"Vestments of the Red Crane",514,512,79798,256,31,2015,513,1,4,50003,5090,0
"Vestments of the Red Crane",515,512,79800,768,31,1641,513,1,4,50003,4830,0
"Vesture of Tirisgarde",516,128,0,0,49,0,0,1,6,70001,8400,0
"Raiment of the Arcanic Conclave",517,128,0,512,28,13193,0,1,5,60200,6950,0
"Raiment of the Arcanic Conclave",518,128,0,0,28,13145,517,1,5,60200,7200,0
"Raiment of the Arcanic Conclave",519,128,0,512,28,2015,517,1,5,60200,7050,0
"Arcanoshatter Regalia",520,128,0,512,29,13193,0,1,5,60001,6700,0
"Arcanoshatter Regalia",521,128,0,512,29,2015,520,1,5,60001,6850,0
"Arcanoshatter Regalia",522,128,0,0,29,13145,520,1,5,60001,7000,0
"Chronomancer Regalia",523,128,79750,768,30,13193,0,1,4,50400,5400,0
"Chronomancer Regalia",524,128,79748,256,30,13145,523,1,4,50400,5660,0
"Chronomancer Regalia",525,128,79749,768,30,1641,523,1,4,50400,5280,0
"Regalia of the Chromatic Hydra",526,128,79747,768,10,13193,0,1,4,50200,5220,0
"Regalia of the Chromatic Hydra",527,128,79745,256,10,2015,526,1,4,50200,5350,0
"Regalia of the Chromatic Hydra",528,128,79746,768,10,1641,526,1,4,50200,5020,0
"Regalia of the Burning Scroll",529,128,79744,768,31,13193,0,1,4,50003,4960,0
"Regalia of the Burning Scroll",530,128,79743,256,31,2015,529,1,4,50003,5090,0
"Regalia of the Burning Scroll",531,128,79742,768,31,1641,529,1,4,50003,4830,0
"Guise of the Unseen Path",532,4,0,0,49,0,0,1,6,70001,8400,0
"Battlegear of the Savage Hunt",533,4,0,512,28,13193,0,1,5,60200,6950,0
"Battlegear of the Savage Hunt",534,4,0,512,28,2015,533,1,5,60200,7050,0
"Battlegear of the Savage Hunt",535,4,0,0,28,13145,533,1,5,60200,7200,0
"Rylakstalker's Battlegear",536,4,0,512,29,13193,0,1,5,60001,6700,0
"Rylakstalker's Battlegear",537,4,0,512,29,2015,536,1,5,60001,6850,0
"Rylakstalker's Battlegear",538,4,0,0,29,13145,536,1,5,60001,7000,0
"Battlegear of the Unblinking Vigil",539,4,79841,768,30,13193,0,1,4,50400,5400,0
"Battlegear of the Unblinking Vigil",540,4,79843,256,30,13145,539,1,4,50400,5660,0
"Battlegear of the Unblinking Vigil",541,4,79842,768,30,1641,539,1,4,50400,5280,0
"Battlegear of the Saurok Stalker",542,4,79839,768,10,13193,0,1,4,50200,5220,0
"Battlegear of the Saurok Stalker",543,4,79840,768,10,1641,542,1,4,50200,5020,0
"Battlegear of the Saurok Stalker",544,4,79838,256,10,2015,542,1,4,50200,5350,0
"Yaungol Slayer Battlegear",545,4,79835,768,31,13193,0,1,4,50003,4960,0
"Yaungol Slayer Battlegear",546,4,79836,768,31,1641,545,1,4,50003,4830,0
"Yaungol Slayer Battlegear",547,4,79837,256,31,2015,545,1,4,50003,5090,0
"Battlegear of the Shattered Abyss",548,2048,0,0,49,0,0,1,6,70001,8400,0
"Dreamgrove Raiment",549,1024,0,0,49,0,0,1,6,70001,8400,0
"Deathlord's Battleplate",550,32,0,0,49,0,0,1,6,70001,8400,0
"Oathclaw Wargarb",551,1024,0,512,28,13193,0,1,5,60200,6950,0
"Oathclaw Wargarb",552,1024,0,512,28,2015,551,1,5,60200,7050,0
"Oathclaw Wargarb",553,1024,0,0,28,13145,551,1,5,60200,7200,0
"Living Wood Battlegear",554,1024,0,512,29,13193,0,1,5,60001,6700,0
"Living Wood Battlegear",555,1024,0,512,29,2015,554,1,5,60001,6850,0
"Living Wood Battlegear",556,1024,0,0,29,13145,554,1,5,60001,7000,0
"Vestments of the Shattered Vale",557,1024,79797,768,30,13193,0,1,4,50400,5400,0
"Vestments of the Shattered Vale",558,1024,79796,256,30,13145,557,1,4,50400,5660,0
"Vestments of the Shattered Vale",559,1024,79795,768,30,1641,557,1,4,50400,5280,0
"Vestments of the Haunted Forest",560,1024,79794,768,10,13193,0,1,4,50200,5220,0
"Vestments of the Haunted Forest",561,1024,79792,256,10,2015,560,1,4,50200,5350,0
"Vestments of the Haunted Forest",562,1024,79793,768,10,1641,560,1,4,50200,5020,0
"Vestments of the Eternal Blossom",563,1024,79791,768,31,13193,0,1,4,50003,4960,0
"Vestments of the Eternal Blossom",564,1024,79790,256,31,2015,563,1,4,50003,5090,0
"Vestments of the Eternal Blossom",565,1024,79789,768,31,1641,563,1,4,50003,4830,0
"Demongaze Armor",566,32,0,512,28,13193,0,1,5,60200,6950,0
"Demongaze Armor",567,32,0,512,28,2015,566,1,5,60200,7050,0
"Demongaze Armor",568,32,0,0,28,13145,566,1,5,60200,7200,0
"Ogreskull Boneplate Battlegear",569,32,0,512,29,13193,0,1,5,60001,6700,0
"Ogreskull Boneplate Battlegear",570,32,0,512,29,2015,569,1,5,60001,6850,0
"Ogreskull Boneplate Battlegear",571,32,0,0,29,13145,569,1,5,60001,7000,0
"Battleplate of Cyclopean Dread",572,32,79873,768,30,13193,0,1,4,50400,5400,0
"Battleplate of Cyclopean Dread",573,32,79875,256,30,13145,572,1,4,50400,5660,0
"Battleplate of Cyclopean Dread",574,32,79874,768,30,1641,572,1,4,50400,5280,0
"Battleplate of the All-Consuming Maw",575,32,79872,768,10,13193,0,1,4,50200,5220,0
"Battleplate of the All-Consuming Maw",576,32,79871,768,10,1641,575,1,4,50200,5020,0
"Battleplate of the All-Consuming Maw",577,32,79870,256,10,2015,575,1,4,50200,5350,0
"Plate of the Lost Catacomb",578,32,79868,768,31,13193,0,1,4,50003,4960,0
"Plate of the Lost Catacomb",579,32,79867,768,31,1641,578,1,4,50003,4830,0
"Plate of the Lost Catacomb",580,32,79869,256,31,2015,578,1,4,50003,5090,0
"Felfume Raiment",581,400,0,0,54,1641,0,1,5,60200,6850,0
"Ironpelt Garb",582,3592,0,0,54,1641,0,1,5,60200,6850,0
"Rancorbite Armor",583,4164,0,0,54,1641,0,1,5,60200,6850,0
"Demonbreaker Battleplate",584,35,0,0,54,1641,0,1,5,60200,6850,0
"Shadowstrike and Thunderstrike",586,4,46823,1,0,0,0,1,0,0,750,0
"Shadowstrike and Thunderstrike",587,0,46824,1,0,0,0,1,0,0,2320,0
"Cataclysmic Gladiator's Plate Armor",588,1,46527,272,17,13301,0,1,3,40300,3900,0
"Cataclysmic Gladiator's Plate Armor",589,1,0,274,17,3859,588,1,3,40300,3902,0
"Cataclysmic Gladiator's Felweave Armor",590,256,46525,272,17,13301,0,1,3,40300,3900,0
"Cataclysmic Gladiator's Felweave Armor",591,256,0,274,17,3859,590,1,3,40300,3902,0
"Cataclysmic Gladiator's Ringmail Armor",592,64,46528,272,17,13301,0,1,3,40300,3900,0
"Cataclysmic Gladiator's Ringmail Armor",593,64,0,274,17,3859,592,1,3,40300,3902,0
"Cataclysmic Gladiator's Leather Armor",594,8,46526,272,17,13301,0,1,3,40300,3900,0
"Cataclysmic Gladiator's Leather Armor",595,8,0,274,17,3859,594,1,3,40300,3902,0
"Cataclysmic Gladiator's Scaled Armor",596,2,46530,272,17,13301,0,1,3,40300,3900,0
"Cataclysmic Gladiator's Scaled Armor",597,2,0,274,17,3859,596,1,3,40300,3902,0
"Cataclysmic Gladiator's Silk Armor",598,128,46531,272,17,13301,0,1,3,40300,3900,0
"Cataclysmic Gladiator's Silk Armor",599,128,0,274,17,3859,598,1,3,40300,3902,0
"Cataclysmic Gladiator's Chain Armor",600,4,46355,272,17,13301,0,1,3,40300,3900,0
"Cataclysmic Gladiator's Chain Armor",601,4,0,274,17,3859,600,1,3,40300,3902,0
"Cataclysmic Gladiator's Dragonhide Armor",602,1024,46523,272,17,13301,0,1,3,40300,3900,0
"Cataclysmic Gladiator's Dragonhide Armor",603,1024,0,274,17,3859,602,1,3,40300,3902,0
"Cataclysmic Gladiator's Dreadplate Armor",604,32,46524,272,17,13301,0,1,3,40300,3900,0
"Cataclysmic Gladiator's Dreadplate Armor",605,32,0,274,17,3859,604,1,3,40300,3902,0
"Ruthless Gladiator's Plate Armor",606,1,46549,272,18,13301,0,1,3,40200,3710,0
"Ruthless Gladiator's Plate Armor",607,1,0,274,18,3859,606,1,3,40200,3712,0
"Ruthless Gladiator's Felweave Armor",608,256,46547,272,18,13301,0,1,3,40200,3710,0
"Ruthless Gladiator's Felweave Armor",609,256,0,274,18,3859,608,1,3,40200,3712,0
"Ruthless Gladiator's Ringmail Armor",610,64,46550,272,18,13301,0,1,3,40200,3710,0
"Ruthless Gladiator's Ringmail Armor",611,64,0,274,18,3859,610,1,3,40200,3712,0
"Ruthless Gladiator's Satin Armor",612,16,46551,272,18,13301,0,1,3,40200,3710,0
"Ruthless Gladiator's Leather Armor",613,8,0,274,18,3859,615,1,3,40200,3712,0
"Ruthless Gladiator's Satin Armor",614,16,0,274,18,3859,612,1,3,40200,3712,0
"Ruthless Gladiator's Leather Armor",615,8,46548,272,18,13301,0,1,3,40200,3710,0
"Ruthless Gladiator's Scaled Armor",616,2,46552,272,18,13301,0,1,3,40200,3710,0
"Ruthless Gladiator's Scaled Armor",617,2,0,274,18,3859,616,1,3,40200,3712,0
"Ruthless Gladiator's Silk Armor",618,128,46553,272,18,13301,0,1,3,40200,3710,0
"Ruthless Gladiator's Silk Armor",619,128,0,274,18,3859,618,1,3,40200,3712,0
"Ruthless Gladiator's Chain Armor",620,4,46544,272,18,13301,0,1,3,40200,3710,0
"Ruthless Gladiator's Chain Armor",621,4,0,274,18,3859,620,1,3,40200,3712,0
"Ruthless Gladiator's Dragonhide Armor",622,1024,46545,272,18,13301,0,1,3,40200,3710,0
"Ruthless Gladiator's Dragonhide Armor",623,1024,0,274,18,3859,622,1,3,40200,3712,0
"Ruthless Gladiator's Dreadplate Armor",624,32,46546,272,18,13301,0,1,3,40200,3710,0
"Ruthless Gladiator's Dreadplate Armor",625,32,0,274,18,3859,624,1,3,40200,3712,0
"Vicious Gladiator's Plate Armor",626,1,46538,272,19,13301,0,1,3,40000,3520,0
"Vicious Gladiator's Plate Armor",627,1,0,274,19,3859,626,1,3,40000,3522,0
"Vicious Gladiator's Felweave Armor",628,256,46536,272,19,13301,0,1,3,40000,3520,0
"Vicious Gladiator's Felweave Armor",629,256,0,274,19,3859,628,1,3,40000,3522,0
"Spiritwalker's Regalia",630,64,0,512,32,13193,0,1,3,40300,3970,0
"Colossal Dragonplate Battlegear",631,1,0,0,32,2015,649,1,3,40300,4100,0
"Spiritwalker's Regalia",632,64,0,512,32,1641,630,1,3,40300,3840,0
"Volcanic Regalia",633,64,0,512,33,13193,0,1,3,40200,3780,0
"Volcanic Regalia",634,64,0,0,33,2015,633,1,3,40200,3910,0
"Regalia of the Raging Elements",635,64,0,512,34,13193,0,1,3,40000,3590,0
"Regalia of the Raging Elements",636,64,0,0,34,2015,635,1,3,40200,3720,0
"Frost Witch's Regalia",637,64,0,512,35,13293,0,1,2,30300,2510,0
"Frost Witch's Regalia",638,64,0,512,35,13291,637,1,2,30300,2640,0
"Frost Witch's Regalia",639,64,0,0,35,13292,637,1,2,30300,2770,0
"Nobundo's Garb",640,64,0,4,36,13293,0,1,2,30200,2320,0
"Thrall's Garb",641,64,0,8,36,13293,0,1,2,30200,2320,0
"Valorous Worldbreaker Regalia",642,64,0,512,37,13293,0,1,2,30100,2190,0
"Conqueror's Worldbreaker Regalia",643,64,0,0,37,13291,642,1,2,30100,2260,0
"Heroes' Earthshatter Regalia",644,64,0,512,38,13293,0,1,2,30001,2000,0
"Valorous Earthshatter Regalia",645,64,0,0,38,13291,644,1,2,30001,2130,0
"Colossal Dragonplate Battlegear",649,1,0,512,32,13193,0,1,3,40300,3970,0
"Colossal Dragonplate Battlegear",650,1,0,512,32,1641,649,1,3,40300,3840,0
"Molten Giant Battleplate",651,1,0,512,33,13193,0,1,3,40200,3780,0
"Molten Giant Battleplate",652,1,0,0,33,2015,651,1,3,40200,3910,0
"Earthen Battleplate",653,1,0,512,34,13193,0,1,3,40000,3590,0
"Earthen Battleplate",654,1,0,0,34,2015,653,1,3,40200,3720,0
"Ymirjar Lord's Battlegear",655,1,0,512,35,13293,0,1,2,30300,2510,0
"Sanctified Ymirjar Lord's Battlegear",656,1,0,512,35,13291,655,1,2,30300,2640,0
"Hellscream's Battlegear",657,1,0,8,36,13293,0,1,2,30200,2320,0
"Wrynn's Battlegear",658,1,0,4,36,13293,0,1,2,30200,2320,0
"Valorous Siegebreaker Battlegear",659,1,0,512,37,13293,0,1,2,30100,2190,0
"Conqueror's Siegebreaker Battlegear",660,1,0,0,37,13291,659,1,2,30100,2260,0
"Heroes' Dreadnaught Battlegear",661,1,0,512,38,13293,0,1,2,30001,2000,0
"Valorous Dreadnaught Battlegear",662,1,0,0,38,13291,661,1,2,30001,2130,0
"Spiritwalker's Regalia",663,64,0,0,32,2015,630,1,3,40300,4100,0
"Vestments of the Faceless Shroud",664,256,0,512,32,13193,0,1,3,40300,3970,0
"Vestments of the Faceless Shroud",665,256,0,512,32,1641,664,1,3,40300,3840,0
"Vestments of the Faceless Shroud",666,256,0,0,32,2015,664,1,3,40300,4100,0
"Balespider's Burning Vestments",667,256,0,512,33,13193,0,1,3,40200,3780,0
"Balespider's Burning Vestments",668,256,0,0,33,2015,667,1,3,40200,3910,0
"Shadowflame Regalia",669,256,0,512,34,13193,0,1,3,40000,3590,0
"Shadowflame Regalia",670,256,0,0,34,2015,669,1,3,40200,3720,0
"Dark Coven's Regalia",671,256,0,512,35,13293,0,1,2,30300,2510,0
"Sanctified Dark Coven's Regalia",672,256,0,512,35,13291,671,1,2,30300,2640,0
"Sanctified Dark Coven's Regalia",673,256,0,0,35,13292,671,1,2,30300,2770,0
"Kel'Thuzad's Regalia",674,256,0,4,36,13293,0,1,2,30200,2320,0
"Gul'dan's Regalia",675,256,0,8,36,13293,0,1,2,30200,2320,0
"Valorous Deathbringer Garb",676,256,0,512,37,13293,0,1,2,30100,2190,0
"Conqueror's Deathbringer Garb",677,256,0,0,37,13291,676,1,2,30100,2260,0
"Heroes' Plagueheart Garb",678,256,0,512,38,13293,0,1,2,30001,2000,0
"Valorous Plagueheart Garb",679,256,0,0,38,13291,678,1,2,30001,2130,0
"Blackfang Battleweave",680,8,0,512,32,13193,0,1,3,40300,3970,0
"Blackfang Battleweave",681,8,0,512,32,1641,680,1,3,40300,3840,0
"Blackfang Battleweave",682,8,0,0,32,2015,680,1,3,40300,4100,0
"Vestments of the Dark Phoenix",683,8,0,512,33,13193,0,1,3,40200,3780,0
"Vestments of the Dark Phoenix",684,8,0,0,33,2015,683,1,3,40200,3910,0
"Wind Dancer's Regalia",685,8,0,512,34,13193,0,1,3,40000,3590,0
"Wind Dancer's Regalia",686,8,0,0,34,2015,685,1,3,40200,3720,0
"Shadowblade's Battlegear",687,8,0,512,35,13293,0,1,2,30300,2510,0
"Sanctified Shadowblade's Battlegear",688,8,0,512,35,13291,687,1,2,30300,2640,0
"Sanctified Shadowblade's Battlegear",689,8,0,0,35,13292,687,1,2,30300,2770,0
"VanCleef's Battlegear",690,8,0,4,36,13293,0,1,2,30200,2320,0
"Garona's Battlegear",691,8,0,8,36,13293,0,1,2,30200,2320,0
"Valorous Terrorblade Battlegear",692,8,0,512,37,13293,0,1,2,30100,2190,0
"Conqueror's Terrorblade Battlegear",693,8,0,0,37,13291,692,1,2,30100,2260,0
"Heroes' Bonescythe Battlegear",694,8,0,512,38,13293,0,1,2,30001,2000,0
"Valorous Bonescythe Battlegear",695,8,0,0,38,13291,694,1,2,30001,2130,0
"Battleplate of Radiant Glory",696,2,0,512,32,13193,0,1,3,40300,3970,0
"Battleplate of Radiant Glory",697,2,0,512,32,1641,696,1,3,40300,3840,0
"Battleplate of Radiant Glory",698,2,0,0,32,2015,696,1,3,40300,4100,0
"Battleplate of Immolation",699,2,0,512,33,13193,0,1,3,40200,3780,0
"Battleplate of Immolation",700,2,0,0,33,2015,699,1,3,40200,3910,0
"Reinforced Sapphirium Battleplate",701,2,0,512,34,13193,0,1,3,40000,3590,0
"Reinforced Sapphirium Battleplate",702,2,0,0,34,2015,701,1,3,40200,3720,0
"Lightsworn Plate",703,2,0,512,35,13293,0,1,2,30300,2510,0
"Sanctified Lightsworn Plate",704,2,0,512,35,13291,703,1,2,30300,2640,0
"Sanctified Lightsworn Plate",705,2,0,0,35,13292,703,1,2,30300,2770,0
"Turalyon's Plate",706,2,0,4,36,13293,0,1,2,30200,2320,0
"Liadrin's Plate",707,2,0,8,36,13293,0,1,2,30200,2320,0
"Valorous Aegis Plate",708,2,0,512,37,13293,0,1,2,30100,2190,0
"Conqueror's Aegis Plate",709,2,0,0,37,13291,708,1,2,30100,2260,0
"Heroes' Redemption Plate",710,2,0,512,38,13293,0,1,2,30001,2000,0
"Valorous Redemption Plate",711,2,0,0,38,13291,710,1,2,30001,2130,0
"Time Lord's Regalia",712,128,0,512,32,13193,0,1,3,40300,3970,0
"Time Lord's Regalia",713,128,0,512,32,1641,712,1,3,40300,3840,0
"Time Lord's Regalia",714,128,0,0,32,2015,712,1,3,40300,4100,0
"Firehawk Robes of Conflagration",715,128,0,512,33,13193,0,1,3,40200,3780,0
"Firehawk Robes of Conflagration",716,128,0,0,33,2015,715,1,3,40200,3910,0
"Firelord's Vestments",717,128,0,512,34,13193,0,1,3,40000,3590,0
"Firelord's Vestments",718,128,0,0,34,2015,717,1,3,40200,3720,0
"Bloodmage's Regalia",719,128,0,512,35,13293,0,1,2,30300,2510,0
"Sanctified Bloodmage's Regalia",720,128,0,512,35,13291,719,1,2,30300,2640,0
"Sanctified Bloodmage's Regalia",721,128,0,0,35,13292,719,1,2,30300,2770,0
"Khadgar's Regalia",722,128,0,4,36,13293,0,1,2,30200,2320,0
"Sunstrider's Regalia",723,128,0,8,36,13293,0,1,2,30200,2320,0
"Valorous Kirin Tor Garb",724,128,0,512,37,13293,0,1,2,30100,2190,0
"Conqueror's Kirin Tor Garb",725,128,0,0,37,13291,724,1,2,30100,2260,0
"Heroes' Frostfire Garb",726,128,0,512,38,13293,0,1,2,30001,2000,0
"Valorous Frostfire Garb",727,128,0,0,38,13291,726,1,2,30001,2130,0
"Wyrmstalker Battlegear",728,4,0,512,32,13193,0,1,3,40300,3970,0
"Wyrmstalker Battlegear",729,4,0,512,32,1641,728,1,3,40300,3840,0
"Wyrmstalker Battlegear",730,4,0,0,32,2015,728,1,3,40300,4100,0
"Flamewaker's Battlegear",731,4,0,512,33,13193,0,1,3,40200,3780,0
"Flamewaker's Battlegear",732,4,0,0,33,2015,731,1,3,40200,3910,0
"Lightning-Charged Battlegear",733,4,0,512,34,13193,0,1,3,40000,3590,0
"Lightning-Charged Battlegear",734,4,0,0,34,2015,733,1,3,40200,3720,0
"Ahn'Kahar Blood Hunter's Battlegear",735,4,0,512,35,13293,0,1,2,30300,2510,0
"Sanctified Ahn'Kahar Blood Hunter's Battlegear",736,4,0,512,35,13291,735,1,2,30300,2640,0
"Sanctified Ahn'Kahar Blood Hunter's Battlegear",737,4,0,0,35,13292,735,1,2,30300,2770,0
"Windrunner's Pursuit",738,4,0,8,36,13293,0,1,2,30200,2320,0
"Windrunner's Battlegear",739,4,0,4,36,13293,0,1,2,30200,2320,0
"Valorous Scourgestalker Battlegear",740,4,0,512,37,13293,0,1,2,30100,2190,0
"Conqueror's Scourgestalker Battlegear",741,4,0,0,37,13291,740,1,2,30100,2260,0
"Heroes' Cryptstalker Battlegear",742,4,0,512,38,13293,0,1,2,30001,2000,0
"Valorous Cryptstalker Battlegear",743,4,0,0,38,13291,742,1,2,30001,2130,0
"Vicious Gladiator's Ringmail Armor",747,64,46539,272,19,13301,0,1,3,40000,3520,0
"Vicious Gladiator's Ringmail Armor",748,64,0,274,19,3859,747,1,3,40000,3522,0
"Vicious Gladiator's Leather Armor",749,8,46537,272,19,13301,0,1,3,40000,3520,0
"Vicious Gladiator's Leather Armor",750,8,0,274,19,3859,749,1,3,40000,3522,0
"Vicious Gladiator's Scaled Armor",751,2,46541,272,19,13301,0,1,3,40000,3520,0
"Vicious Gladiator's Scaled Armor",752,2,0,274,19,3859,751,1,3,40000,3522,0
"Vicious Gladiator's Silk Armor",753,128,46542,272,19,13301,0,1,3,40000,3520,0
"Vicious Gladiator's Silk Armor",754,128,0,274,19,3859,753,1,3,40000,3522,0
"Vicious Gladiator's Chain Armor",755,4,46533,272,19,13301,0,1,3,40000,3520,0
"Vicious Gladiator's Chain Armor",756,4,0,274,19,3859,755,1,3,40000,3522,0
"Vicious Gladiator's Dragonhide Armor",757,1024,46534,272,19,13301,0,1,3,40000,3520,0
"Vicious Gladiator's Dragonhide Armor",758,1024,0,274,19,3859,757,1,3,40000,3522,0
"Vicious Gladiator's Dreadplate Armor",759,32,46535,272,19,13301,0,1,3,40000,3520,0
"Vicious Gladiator's Dreadplate Armor",760,32,0,274,19,3859,759,1,3,40000,3522,0
"Wrathful Gladiator's Plate Armor",761,1,46582,272,20,13301,0,1,2,30300,2700,0
"Wrathful Gladiator's Felweave Armor",762,256,46580,272,20,13301,0,1,2,30300,2700,0
"Wrathful Gladiator's Ringmail Armor",763,64,46583,272,20,13301,0,1,2,30300,2700,0
"Wrathful Gladiator's Leather Armor",764,8,46581,272,20,13301,0,1,2,30300,2700,0
"Wrathful Gladiator's Scaled Armor",765,2,46585,272,20,13301,0,1,2,30300,2700,0
"Wrathful Gladiator's Silk Armor",766,128,46586,272,20,13301,0,1,2,30300,2700,0
"Wrathful Gladiator's Chain Armor",767,4,46577,272,20,13301,0,1,2,30300,2700,0
"Wrathful Gladiator's Dragonhide Armor",768,1024,46578,272,20,13301,0,1,2,30300,2700,0
"Wrathful Gladiator's Dreadplate Armor",769,32,46579,272,20,13301,0,1,2,30300,2700,0
"Relentless Gladiator's Plate Armor",770,1,46615,272,21,13301,0,1,2,30200,2510,0
"Relentless Gladiator's Felweave Armor",771,256,46613,272,21,13301,0,1,2,30200,2510,0
"Relentless Gladiator's Ringmail Armor",772,64,46616,272,21,13301,0,1,2,30200,2510,0
"Relentless Gladiator's Leather Armor",773,8,46614,272,21,13301,0,1,2,30200,2510,0
"Relentless Gladiator's Scaled Armor",774,2,46618,272,21,13301,0,1,2,30200,2510,0
"Relentless Gladiator's Silk Armor",775,128,46619,272,21,13301,0,1,2,30200,2510,0
"Relentless Gladiator's Chain Armor",776,4,46610,272,21,13301,0,1,2,30200,2510,0
"Relentless Gladiator's Dragonhide Armor",777,1024,46611,272,21,13301,0,1,2,30200,2510,0
"Relentless Gladiator's Dreadplate Armor",778,32,46612,272,21,13301,0,1,2,30200,2510,0
"Furious Gladiator's Plate Armor",779,1,46604,272,22,13301,0,1,2,30100,2321,0
"Furious Gladiator's Felweave Armor",780,256,46602,272,22,13301,0,1,2,30100,2320,0
"Furious Gladiator's Ringmail Armor",781,64,46605,272,22,13301,0,1,2,30100,2321,0
"Furious Gladiator's Leather Armor",782,8,46603,272,22,13301,0,1,2,30100,2321,0
"Furious Gladiator's Scaled Armor",783,2,46607,272,22,13301,0,1,2,30100,2321,0
"Furious Gladiator's Silk Armor",784,128,46608,272,22,13301,0,1,2,30100,2321,0
"Furious Gladiator's Chain Armor",785,4,46599,272,22,13301,0,1,2,30100,2321,0
"Furious Gladiator's Dragonhide Armor",786,1024,46600,272,22,13301,0,1,2,30100,2320,0
"Furious Gladiator's Dreadplate Armor",787,32,46601,272,22,13301,0,1,2,30100,2321,0
"Deadly Gladiator's Plate Armor",788,1,46571,272,23,13301,0,1,2,30001,2131,0
"Deadly Gladiator's Felweave Armor",789,256,46569,272,23,13301,0,1,2,30001,2131,0
"Deadly Gladiator's Ringmail Armor",790,64,46572,272,23,13301,0,1,2,30001,2131,0
"Deadly Gladiator's Leather Armor",791,8,46570,272,23,13301,0,1,2,30001,2131,0
"Deadly Gladiator's Scaled Armor",792,2,46574,272,23,13301,0,1,2,30001,2131,0
"Deadly Gladiator's Silk Armor",793,128,46575,272,23,13301,0,1,2,30001,2131,0
"Deadly Gladiator's Chain Armor",794,4,46566,272,23,13301,0,1,2,30001,2131,0
"Deadly Gladiator's Dragonhide Armor",795,1024,46567,272,23,13301,0,1,2,30001,2131,0
"Deadly Gladiator's Dreadplate Armor",796,32,46568,272,23,13301,0,1,2,30001,2131,0
"Hateful Gladiator's Plate Armor",797,1,46593,272,23,13304,788,1,2,30001,2001,0
"Hateful Gladiator's Felweave Armor",798,256,46591,272,23,13304,789,1,2,30001,2001,0
"Hateful Gladiator's Ringmail Armor",799,64,46594,272,23,13304,790,1,2,30001,2001,0
"Hateful Gladiator's Leather Armor",800,8,46592,272,23,13304,791,1,2,30001,2001,0
"Hateful Gladiator's Scaled Armor",801,2,46596,272,23,13304,792,1,2,30001,2001,0
"Hateful Gladiator's Silk Armor",802,128,46597,272,23,13304,793,1,2,30001,2001,0
"Hateful Gladiator's Chain Armor",803,4,46588,272,23,13304,794,1,2,30001,2001,0
"Hateful Gladiator's Dragonhide Armor",804,1024,46589,272,23,13304,795,1,2,30001,2001,0
"Hateful Gladiator's Dreadplate Armor",805,32,46590,272,23,13304,796,1,2,30001,2001,0
"Savage Gladiator's Plate Armor",806,1,46560,272,23,13306,788,1,2,30001,2001,0
"Savage Gladiator's Felweave Armor",807,256,46558,272,23,13306,789,1,2,30001,2001,0
"Savage Gladiator's Ringmail Armor",808,64,46561,272,23,13306,790,1,2,30001,2001,0
"Savage Gladiator's Leather Armor",809,8,46559,272,23,13306,791,1,2,30001,2001,0
"Savage Gladiator's Scaled Armor",810,2,46563,272,23,13306,792,1,2,30001,2001,0
"Savage Gladiator's Silk Armor",811,128,46564,272,23,13306,793,1,2,30001,2001,0
"Savage Gladiator's Chain Armor",812,4,46555,272,23,13306,794,1,2,30001,2001,0
"Savage Gladiator's Dragonhide Armor",813,1024,46556,272,23,13306,795,1,2,30001,2001,0
"Savage Gladiator's Dreadplate Armor",814,32,46557,272,23,13306,796,1,2,30001,2001,0
"Deep Earth Vestments",815,1024,0,512,32,13193,0,1,3,40300,3970,0
"Deep Earth Vestments",816,1024,0,512,32,1641,815,1,3,40300,3840,0
"Deep Earth Vestments",817,1024,0,0,32,2015,815,1,3,40300,4100,0
"Obsidian Arborweave Vestments",818,1024,0,512,33,13193,0,1,3,40200,3780,0
"Obsidian Arborweave Vestments",819,1024,0,0,33,2015,818,1,3,40200,3910,0
"Stormrider's Vestments",820,1024,0,512,34,13193,0,1,3,40000,3590,0
"Stormrider's Vestments",821,1024,0,0,34,2015,820,1,3,40200,3720,0
"Lasherweave Battlegear",822,1024,0,512,35,13293,0,1,2,30300,2510,0
"Sanctified Lasherweave Battlegear",823,1024,0,512,35,13291,822,1,2,30300,2640,0
"Sanctified Lasherweave Battlegear",824,1024,0,0,35,13292,822,1,2,30300,2770,0
"Malfurion's Battlegear",825,1024,0,4,36,13293,0,1,2,30200,2320,0
"Runetotem's Battlegear",826,1024,0,8,36,13293,0,1,2,30200,2320,0
"Valorous Nightsong Battlegear",827,1024,0,512,37,13293,0,1,2,30100,2190,0
"Conqueror's Nightsong Battlegear",828,1024,0,0,37,13291,827,1,2,30100,2260,0
"Heroes' Dreamwalker Battlegear",829,1024,0,512,38,13293,0,1,2,30001,2000,0
"Valorous Dreamwalker Battlegear",830,1024,0,0,38,13291,829,1,2,30001,2130,0
"Necrotic Boneplate Armor",831,32,0,512,32,13193,0,1,3,40300,3970,0
"Necrotic Boneplate Armor",832,32,0,512,32,1641,831,1,3,40300,3840,0
"Necrotic Boneplate Armor",833,32,0,0,32,2015,831,1,3,40300,4100,0
"Elementium Deathplate Battlearmor",834,32,0,512,33,13193,0,1,3,40300,3780,0
"Elementium Deathplate Battlearmor",835,32,0,0,33,2015,834,1,3,40200,3910,0
"Magma Plated Battlearmor",836,32,0,512,34,13193,0,1,3,40000,3590,0
"Magma Plated Battlearmor",837,32,0,0,34,2015,836,1,3,40200,3720,0
"Scourgelord's Plate",838,32,0,512,35,13293,0,1,2,30300,2510,0
"Sanctified Scourgelord's Plate",839,32,0,512,35,13291,838,1,2,30300,2640,0
"Sanctified Scourgelord's Plate",840,32,0,0,35,13292,838,1,2,30300,2770,0
"Koltira's Battlegear",841,32,0,8,36,13293,0,1,2,30200,2320,0
"Thassarian's Battlegear",842,32,0,4,36,13293,0,1,2,30200,2320,0
"Valorous Darkruned Plate",843,32,0,512,37,13293,0,1,2,30100,2190,0
"Conqueror's Darkruned Plate",844,32,0,0,37,13291,843,1,2,30100,2260,0
"Heroes' Scourgeborne Plate",845,32,0,512,38,13293,0,1,2,30001,2000,0
"Valorous Scourgeborne Plate",846,32,0,0,38,13291,845,1,2,30001,2130,0
"Onslaught Armor",847,1,0,0,39,13193,0,1,1,20100,1460,0
"Destroyer Armor",848,1,0,0,40,13193,0,1,1,20003,1330,0
"Warbringer Armor",849,1,0,0,41,13193,0,1,1,20000,1200,0
"Dreadnaught's Battlegear",850,1,0,2,42,13193,0,1,0,20000,920,0
"Conqueror's Battlegear",851,1,0,0,51,13193,0,1,0,10900,880,0
"Battlegear of Wrath",852,1,0,0,43,13193,0,1,0,10600,760,0
"Battlegear of Might",853,1,0,0,44,13193,0,1,0,0,660,0
"Deathmist Raiment",854,256,0,2,53,13193,0,1,0,0,650,0
"Sorcerer's Regalia",855,128,0,2,53,13193,0,1,0,0,650,0
"Beastmaster Armor",856,4,0,2,53,13193,0,1,0,0,650,0
"Darkmantle Armor",857,8,0,2,53,13193,0,1,0,0,650,0
"Feralheart Raiment",858,1024,0,2,53,13193,0,1,0,0,650,0
"Soulforge Armor",859,2,0,2,53,13193,0,1,0,0,650,0
"The Five Thunders",860,64,0,2,53,13193,0,1,0,0,650,0
"Battlegear of Heroism",861,1,0,2,53,13193,0,1,0,0,650,0
"Malefic Raiment",862,256,0,0,39,13193,0,1,1,20100,1460,0
"Corruptor Raiment",863,256,0,0,40,13193,0,1,1,20003,1330,0
"Voidheart Raiment",864,256,0,0,41,13193,0,1,1,20000,1200,0
"Plagueheart Raiment",865,256,0,2,42,13193,0,1,0,20000,920,0
"Doomcaller's Attire",866,256,0,0,51,13193,0,1,0,10900,880,0
"Nemesis Raiment",867,256,0,0,43,13193,0,1,0,10600,760,0
"Felheart Raiment",868,256,0,0,44,13193,0,1,0,0,660,0
"Skyshatter Raiment",869,64,0,0,50,13305,0,1,1,20400,1540,0
"Skyshatter Regalia",870,64,0,0,39,13193,0,1,1,20100,1460,0
"Cataclysm Regalia",871,64,0,0,40,13193,0,1,1,20003,1330,0
"Cyclone Regalia",872,64,0,0,41,13193,0,1,1,20000,1200,0
"The Earthshatterer",873,64,0,2,42,13193,0,1,0,20000,920,0
"Stormcaller's Garb",874,64,0,0,51,13193,0,1,0,10900,880,0
"The Ten Storms",875,64,0,0,43,13193,0,1,0,10600,760,0
"The Earthfury",876,64,0,0,44,13193,0,1,0,0,660,0
"Cataclysmic Gladiator's Arsenal",877,0,0,275,0,0,0,1,3,40300,4102,0
"Cataclysmic Gladiator's Arsenal",878,0,46532,273,0,0,0,1,3,40300,3840,0
"Ruthless Gladiator's Arsenal",879,0,46554,273,0,0,0,1,3,40200,3780,0
"Ruthless Gladiator's Arsenal",880,0,0,275,0,0,0,1,3,40200,3912,0
"Vicious Gladiator's Arsenal",881,0,46543,273,0,0,0,1,3,40000,3590,0
"Vicious Gladiator's Arsenal",882,0,0,275,0,0,0,1,3,40000,3592,0
"Wrathful Gladiator's Arsenal",883,0,46587,273,0,0,0,1,2,30300,2640,0
"Wrathful Gladiator's Arsenal",884,0,0,275,0,0,0,1,2,30300,2642,0
"Relentless Gladiator's Arsenal",885,0,46620,273,0,0,0,1,2,30200,2510,0
"Relentless Gladiator's Arsenal",886,0,0,275,0,0,0,1,2,30200,2512,0
"Slayer's Battlegear",887,8,0,0,50,13305,0,1,1,20400,1540,0
"Slayer's Armor",888,8,0,0,39,13193,0,1,1,20100,1460,0
Deathmantle,889,8,0,0,40,13193,0,1,1,20003,1330,0
Netherblade,890,8,0,0,41,13193,0,1,1,20000,1200,0
"Bonescythe Armor",891,8,0,2,42,13193,0,1,0,20000,920,0
"Deathdealer's Embrace",892,8,0,0,51,13193,0,1,0,10900,880,0
"Bloodfang Armor",893,8,0,0,43,13193,0,1,0,10600,760,0
"Nightslayer Armor",894,8,0,0,44,13193,0,1,0,0,660,0
"Lightbringer Battlegear",895,2,0,0,50,13305,0,1,1,20400,1540,0
"Lightbringer Armor",896,2,0,0,39,13193,0,1,1,20100,1460,0
"Crystalforge Armor",897,2,0,0,40,13193,0,1,1,20003,1330,0
"Aldor Regalia",898,128,0,0,41,13193,0,1,1,20000,1200,0
"Redemption Armor",899,2,0,2,42,13193,0,1,0,20000,920,0
"Avenger's Battlegear",900,2,0,0,51,13193,0,1,0,10900,880,0
"Judgment Armor",901,2,0,0,43,13193,0,1,0,10600,760,0
"Lawbringer Armor",902,2,0,0,44,13193,0,1,0,0,660,0
"Tempest Garb",903,128,0,0,50,13305,0,1,1,20400,1540,0
"Tempest Regalia",904,128,0,0,39,13193,0,1,1,20100,1460,0
"Tirisfal Regalia",905,128,0,0,40,13193,0,1,1,20003,1330,0
"Justicar Armor",906,2,0,0,41,13193,0,1,1,20000,1200,0
"Frostfire Regalia",907,128,0,2,42,13193,0,1,0,20000,920,0
"Enigma Vestments",908,128,0,0,51,13193,0,1,0,10900,880,0
"Netherwind Regalia",909,128,0,0,43,13193,0,1,0,10600,760,0
"Arcanist Regalia",910,128,0,0,44,13193,0,1,0,0,660,0
"Gronnstalker's Battlegear",911,4,0,0,50,13305,0,1,1,20400,1540,0
"Gronnstalker's Armor",912,4,0,0,39,13193,0,1,1,20100,1460,0
"Demon Stalker Armor",913,4,0,0,41,13193,0,1,1,20000,1200,0
"Cryptstalker Armor",914,4,0,2,42,13193,0,1,0,20000,920,0
"Striker's Garb",915,4,0,0,51,13193,0,1,0,10900,880,0
"Dragonstalker Armor",916,4,0,0,43,13193,0,1,0,10600,760,0
"Giantstalker Armor",917,4,0,0,44,13193,0,1,0,0,660,0
"Rift Stalker Armor",918,4,0,0,40,13193,0,1,1,20003,1330,0
"Thunderheart Regalia",919,1024,0,0,50,13305,0,1,1,20400,1540,0
"Thunderheart Raiment",920,1024,0,0,39,13193,0,1,1,20100,1460,0
"Nordrassil Raiment",921,1024,0,0,40,13193,0,1,1,20003,1330,0
"Malorne Raiment",922,1024,0,0,41,13193,0,1,1,20000,1200,0
"Furious Gladiator's Arsenal",923,0,46609,273,0,0,0,1,2,30100,2321,0
"Dreamwalker Raiment",924,1024,0,2,42,13193,0,1,0,20000,920,0
"Furious Gladiator's Arsenal",925,0,0,275,0,0,0,1,2,30100,2322,0
"Genesis Raiment",926,1024,0,0,51,13193,0,1,0,10900,880,0
"Stormrage Raiment",927,1024,0,0,43,13193,0,1,0,10600,760,0
"Cenarion Raiment",928,1024,0,0,44,13193,0,1,0,0,660,0
"Deadly Gladiator's Arsenal",929,0,46576,273,0,0,0,1,2,30001,2131,0
"Savage Gladiator's Arsenal",930,0,46565,273,0,0,0,1,2,30001,2001,0
"Onslaught Battlegear",931,1,0,0,50,13305,0,1,1,20400,1540,0
"Malefic Regalia",932,256,0,0,50,13305,0,1,1,20400,1540,0
"Regalia of Shackled Elements",933,64,87049,768,8,13193,0,1,6,70001,8751,0
"Regalia of Shackled Elements",934,64,87046,768,8,2015,933,1,6,70001,8752,0
"Regalia of Shackled Elements",935,64,87050,256,8,13145,933,1,6,70001,8753,0
"Regalia of Shackled Elements",936,64,87047,768,8,1641,933,1,6,70001,8750,0
"Warplate of the Obsidian Aspect",937,1,87061,768,8,13193,0,1,6,70001,8751,0
"Warplate of the Obsidian Aspect",938,1,87060,768,8,2015,937,1,6,70001,8752,0
"Warplate of the Obsidian Aspect",939,1,87062,256,8,13145,937,1,6,70001,8753,0
"Warplate of the Obsidian Aspect",940,1,87059,768,8,1641,937,1,6,70001,8750,0
"Legacy of Azj'aqir",941,256,87024,768,8,1641,315,1,6,70001,8750,0
"Doomblade Battlegear",942,8,87039,768,8,13193,0,1,6,70001,8751,0
"Doomblade Battlegear",943,8,87038,768,8,2015,942,1,6,70001,8752,0
"Doomblade Battlegear",944,8,87041,256,8,13145,942,1,6,70001,8753,0
"Doomblade Battlegear",945,8,87040,768,8,1641,942,1,6,70001,8750,0
"Brutal Gladiator's Plate Armor",946,1,46635,272,24,13301,0,1,1,20400,1591,0
"Brutal Gladiator's Felweave Armor",947,256,46633,272,24,13301,0,1,1,20400,1591,0
"Brutal Gladiator's Ringmail Armor",948,64,46636,272,24,13301,0,1,1,20400,1591,0
"Brutal Gladiator's Leather Armor",949,8,46634,272,24,13301,0,1,1,20400,1591,0
"Brutal Gladiator's Scaled Armor",950,2,46638,272,24,13301,0,1,1,20400,1591,0
"Brutal Gladiator's Silk Armor",951,128,46639,272,24,13301,0,1,1,20400,1591,0
"Brutal Gladiator's Chain Armor",952,4,46631,272,24,13301,0,1,1,20400,1591,0
"Brutal Gladiator's Dragonhide Armor",953,1024,46632,272,24,13301,0,1,1,20400,1591,0
"Vengeful Gladiator's Plate Armor",954,1,46645,272,25,13301,0,1,1,20100,1461,0
"Vengeful Gladiator's Felweave Armor",955,256,46643,272,25,13301,0,1,1,20100,1461,0
"Vengeful Gladiator's Ringmail Armor",956,64,46646,272,25,13301,0,1,1,20100,1461,0
"Vengeful Gladiator's Leather Armor",957,8,46644,272,25,13301,0,1,1,20100,1461,0
"Vengeful Gladiator's Scaled Armor",958,2,46648,272,25,13301,0,1,1,20100,1461,0
"Vengeful Gladiator's Silk Armor",959,128,46649,272,25,13301,0,1,1,20100,1461,0
"Vengeful Gladiator's Chain Armor",960,4,46641,272,25,13301,0,1,1,20100,1461,0
"Vengeful Gladiator's Dragonhide Armor",961,1024,46642,272,25,13301,0,1,1,20100,1461,0
"Merciless Gladiator's Plate Armor",962,1,46655,272,26,13301,0,1,1,20003,1361,0
"Merciless Gladiator's Felweave Armor",963,256,46653,272,26,13301,0,1,1,20003,1361,0
"Merciless Gladiator's Ringmail Armor",964,64,46656,272,26,13301,0,1,1,20003,1361,0
"Merciless Gladiator's Leather Armor",965,8,46654,272,26,13301,0,1,1,20003,1361,0
"Merciless Gladiator's Scaled Armor",966,2,46658,272,26,13301,0,1,1,20003,1361,0
"Merciless Gladiator's Silk Armor",967,128,46659,272,26,13301,0,1,1,20003,1361,0
"Merciless Gladiator's Chain Armor",968,4,46651,272,26,13301,0,1,1,20003,1361,0
"Merciless Gladiator's Dragonhide Armor",969,1024,46652,272,26,13301,0,1,1,20003,1361,0
"Gladiator's Felweave Armor",970,256,46623,272,27,13301,0,1,1,20000,1231,0
"Gladiator's Ringmail Armor",971,64,46626,272,27,13301,0,1,1,20000,1231,0
"Gladiator's Leather Armor",972,8,46624,272,27,13301,0,1,1,20000,1231,0
"Gladiator's Satin Armor",973,16,46627,272,27,13301,0,1,1,20000,1231,0
"Gladiator's Scaled Armor",974,2,46628,272,27,13301,0,1,1,20000,1231,0
"Gladiator's Silk Armor",975,128,46629,272,27,13301,0,1,1,20000,1231,0
"Gladiator's Chain Armor",976,4,46621,272,27,13301,0,1,1,20000,1231,0
"Gladiator's Dragonhide Armor",977,1024,46622,272,27,13301,0,1,1,20000,1231,0
"Battleplate of the Highlord",978,2,87057,768,8,13193,0,1,6,70001,8751,0
"Battleplate of the Highlord",979,2,87056,768,8,2015,978,1,6,70001,8752,0
"Battleplate of the Highlord",980,2,87058,256,8,13145,978,1,6,70001,8753,0
"Battleplate of the Highlord",981,2,87055,768,8,1641,978,1,6,70001,8750,0
"Vestments of Enveloped Dissonance",982,512,87036,768,8,13193,0,1,6,70001,8751,0
"Vestments of Enveloped Dissonance",983,512,87034,768,8,2015,982,1,6,70001,8752,0
"Vestments of Enveloped Dissonance",984,512,87037,256,8,13145,982,1,6,70001,8753,0
"Vestments of Enveloped Dissonance",985,512,87035,768,8,1641,982,1,6,70001,8750,0
"Regalia of Everburning Knowledge",986,128,87015,768,8,13193,0,1,6,70001,8751,0
"Regalia of Everburning Knowledge",987,128,87014,768,8,2015,986,1,6,70001,8752,0
"Regalia of Everburning Knowledge",988,128,87017,256,8,13145,986,1,6,70001,8753,0
"Regalia of Everburning Knowledge",989,128,87016,768,8,1641,986,1,6,70001,8750,0
"Eagletalon Battlegear",990,4,87042,768,8,13193,0,1,6,70001,8751,0
"Eagletalon Battlegear",991,4,87043,768,8,2015,990,1,6,70001,8752,0
"Eagletalon Battlegear",992,4,87045,256,8,13145,990,1,6,70001,8753,0
"Eagletalon Battlegear",993,4,87044,768,8,1641,990,1,6,70001,8750,0
"Garb of the Astral Warden",994,1024,87031,768,8,13193,0,1,6,70001,8751,0
"Garb of the Astral Warden",995,1024,87030,768,8,2015,994,1,6,70001,8752,0
"Garb of the Astral Warden",996,1024,87033,256,8,13145,994,1,6,70001,8753,0
"Garb of the Astral Warden",997,1024,87032,768,8,1641,994,1,6,70001,8750,0
"Vestment of Second Sight",998,2048,87026,768,8,13193,0,1,6,70001,8751,0
"Vestment of Second Sight",999,2048,87027,768,8,2015,998,1,6,70001,8752,0
"Vestment of Second Sight",1000,2048,87029,256,8,13145,998,1,6,70001,8753,0
"Vestment of Second Sight",1001,2048,87028,768,8,1641,998,1,6,70001,8750,0
"Dreadwyrm Battleplate",1002,32,87053,768,8,13193,0,1,6,70001,8751,0
"Dreadwyrm Battleplate",1003,32,87051,768,8,2015,1002,1,6,70001,8752,0
"Dreadwyrm Battleplate",1004,32,87054,256,8,13145,1002,1,6,70001,8753,0
"Dreadwyrm Battleplate",1005,32,87052,768,8,1641,1002,1,6,70001,8750,0
"Brutal Gladiator's Arsenal",1006,0,46640,273,0,0,0,1,1,20400,1541,0
"Vengeful Gladiator's Arsenal",1007,0,46650,273,0,0,0,1,1,20100,1461,0
"Merciless Gladiator's Arsenal",1008,0,46660,273,0,0,0,1,1,20003,1361,0
"Gladiator's Arsenal",1009,0,46630,273,0,0,0,1,1,20000,1231,0
"Tyrannical Gladiator's Dreadplate Armor",1010,32,0,278,16,3859,267,1,4,50100,4962,0
"Tyrannical Gladiator's Dreadplate Armor",1011,32,0,282,16,3859,256,1,4,50100,4962,0
"Tyrannical Gladiator's Dragonhide Armor",1012,1024,0,278,16,3859,266,1,4,50100,4962,0
"Tyrannical Gladiator's Dragonhide Armor",1013,1024,0,282,16,3859,255,1,4,50100,4962,0
"Tyrannical Gladiator's Chain Armor",1014,4,0,278,16,3859,265,1,4,50100,4962,0
"Tyrannical Gladiator's Chain Armor",1015,4,0,282,16,3859,254,1,4,50100,4962,0
"Tyrannical Gladiator's Silk Armor",1016,128,0,278,16,3859,275,1,4,50100,4962,0
"Tyrannical Gladiator's Silk Armor",1017,128,0,282,16,3859,264,1,4,50100,4962,0
"Tyrannical Gladiator's Ironskin Armor",1018,512,0,278,16,3859,269,1,4,50100,4962,0
"Tyrannical Gladiator's Ironskin Armor",1019,512,0,282,16,3859,259,1,4,50100,4962,0
"Tyrannical Gladiator's Scaled Armor",1020,2,0,278,16,3859,274,1,4,50100,4962,0
"Tyrannical Gladiator's Scaled Armor",1021,2,0,282,16,3859,263,1,4,50100,4962,0
"Tyrannical Gladiator's Leather Armor",1022,8,0,278,16,3859,270,1,4,50100,4962,0
"Tyrannical Gladiator's Leather Armor",1023,8,0,282,16,3859,260,1,4,50100,4962,0
"Tyrannical Gladiator's Ringmail Armor",1024,64,0,278,16,3859,272,1,4,50100,4962,0
"Tyrannical Gladiator's Ringmail Armor",1025,64,0,282,16,3859,262,1,4,50100,4962,0
"Tyrannical Gladiator's Felweave Armor",1026,256,0,278,16,3859,268,1,4,50100,4962,0
"Tyrannical Gladiator's Felweave Armor",1027,256,0,282,16,3859,257,1,4,50100,4962,0
"Tyrannical Gladiator's Plate Armor",1028,1,0,278,16,3859,271,1,4,50100,4962,0
"Tyrannical Gladiator's Plate Armor",1029,1,0,282,16,3859,261,1,4,50100,4962,0
"Grievous Gladiator's Dreadplate Armor",1030,32,0,278,15,3859,211,1,4,50200,5222,0
"Grievous Gladiator's Dreadplate Armor",1031,32,0,282,15,3859,201,1,4,50200,5222,0
"Grievous Gladiator's Dragonhide Armor",1032,1024,0,278,15,3859,210,1,4,50200,5222,0
"Grievous Gladiator's Dragonhide Armor",1033,1024,0,282,15,3859,200,1,4,50200,5222,0
"Grievous Gladiator's Chain Armor",1034,4,0,278,15,3859,199,1,4,50200,5222,0
"Grievous Gladiator's Chain Armor",1035,4,0,282,15,3859,198,1,4,50200,5222,0
"Grievous Gladiator's Silk Armor",1036,128,0,278,15,3859,219,1,4,50200,5220,0
"Grievous Gladiator's Silk Armor",1037,128,0,282,15,3859,209,1,4,50200,5220,0
"Grievous Gladiator's Ironskin Armor",1038,512,0,278,15,3859,213,1,4,50200,5220,0
"Grievous Gladiator's Ironskin Armor",1039,512,0,282,15,3859,203,1,4,50200,5220,0
"Grievous Gladiator's Scaled Armor",1040,2,0,278,15,3859,218,1,4,50200,5220,0
"Grievous Gladiator's Scaled Armor",1041,2,0,282,15,3859,208,1,4,50200,5220,0
"Grievous Gladiator's Leather Armor",1042,8,0,278,15,3859,214,1,4,50200,5220,0
"Grievous Gladiator's Leather Armor",1043,8,0,282,15,3859,204,1,4,50200,5220,0
"Grievous Gladiator's Ringmail Armor",1044,64,0,278,15,3859,216,1,4,50200,5220,0
"Grievous Gladiator's Ringmail Armor",1045,64,0,282,15,3859,206,1,4,50200,5220,0
"Grievous Gladiator's Felweave Armor",1046,256,0,278,15,3859,212,1,4,50200,5220,0
"Grievous Gladiator's Felweave Armor",1047,256,0,282,15,3859,202,1,4,50200,5220,0
"Grievous Gladiator's Plate Armor",1048,1,0,278,15,3859,215,1,4,50200,5222,0
"Grievous Gladiator's Plate Armor",1049,1,0,282,15,3859,205,1,4,50200,5222,0
,1050,0,0,283,0,0,0,1,4,50300,5220,0
,1051,0,0,279,0,0,0,1,4,50300,5220,0
,1052,0,0,279,0,0,0,1,4,50200,4980,0
,1053,0,0,283,0,0,0,1,4,50200,4980,0
"Malevolent Gladiator's Dreadplate Armor",1054,32,0,274,9,3859,285,1,4,50003,4760,0
"Malevolent Gladiator's Dragonhide Armor",1055,1024,0,274,9,3859,281,1,4,50003,4760,0
"Malevolent Gladiator's Chain Armor",1056,4,0,274,9,3859,286,1,4,50003,4760,0
"Malevolent Gladiator's Silk Armor",1057,128,0,274,9,3859,276,1,4,50003,4760,0
,1058,0,0,275,0,0,0,1,4,60001,4700,0
"Malevolent Gladiator's Ironskin Armor",1059,512,45961,272,9,13301,0,1,4,50003,4760,0
"Malevolent Gladiator's Scaled Armor",1060,2,0,274,9,3859,277,1,4,50003,4760,0
"Malevolent Gladiator's Leather Armor",1061,8,0,274,9,3859,280,1,4,50003,4760,0
"Malevolent Gladiator's Ringmail Armor",1062,64,0,274,9,3859,284,1,4,50003,4760,0
"Malevolent Gladiator's Felweave Armor",1063,256,0,274,9,3859,283,1,4,50003,4760,0
"Malevolent Gladiator's Plate Armor",1064,1,0,274,9,3859,278,1,4,50003,4760,0
,1065,0,0,279,0,0,0,1,4,50400,5500,0
,1066,0,0,283,0,0,0,1,4,50400,5500,0
"Vindictive Combatant's Leather Armor",1067,8,46364,280,45,13302,1126,1,6,70001,8100,0
"Vindictive Combatant's Leather Armor",1068,8,46363,276,45,13302,1125,1,6,70001,8100,0
"Vindictive Combatant's Plate Armor",1069,1,46365,280,45,13302,1134,1,6,70001,8100,0
"Vindictive Combatant's Plate Armor",1070,1,46366,276,45,13302,1133,1,6,70001,8100,0
"Vindictive Combatant's Satin Armor",1071,16,46370,276,45,13302,388,1,6,70001,8100,0
"Vindictive Combatant's Satin Armor",1072,16,46369,280,45,13302,390,1,6,70001,8100,0
"Prideful Gladiator's Dreadplate Armor",1073,32,0,278,14,3859,234,1,4,50400,5500,0
"Prideful Gladiator's Dreadplate Armor",1074,32,0,282,14,3859,245,1,4,50400,5500,0
"Prideful Gladiator's Dragonhide Armor",1075,1024,0,278,14,3859,233,1,4,50400,5500,0
"Prideful Gladiator's Dragonhide Armor",1076,1024,0,282,14,3859,244,1,4,50400,5500,0
"Prideful Gladiator's Chain Armor",1077,4,0,278,14,3859,232,1,4,50400,5500,0
"Prideful Gladiator's Chain Armor",1078,4,0,282,14,3859,243,1,4,50400,5500,0
"Prideful Gladiator's Silk Armor",1079,128,0,278,14,3859,242,1,4,50400,5500,0
"Prideful Gladiator's Silk Armor",1080,128,0,282,14,3859,253,1,4,50400,5500,0
"Prideful Gladiator's Ironskin Armor",1081,512,0,278,14,3859,236,1,4,50400,5500,0
"Prideful Gladiator's Ironskin Armor",1082,512,0,282,14,3859,247,1,4,50400,5500,0
"Prideful Gladiator's Scaled Armor",1083,2,0,278,14,3859,241,1,4,50400,5500,0
"Prideful Gladiator's Scaled Armor",1084,2,0,282,14,3859,252,1,4,50400,5500,0
"Prideful Gladiator's Leather Armor",1085,8,0,278,14,3859,237,1,4,50400,5500,0
"Prideful Gladiator's Leather Armor",1086,8,0,282,14,3859,248,1,4,50400,5500,0
"Prideful Gladiator's Ringmail Armor",1087,64,0,278,14,3859,239,1,4,50400,5500,0
"Prideful Gladiator's Ringmail Armor",1088,64,0,282,14,3859,250,1,4,50400,5500,0
"Prideful Gladiator's Felweave Armor",1089,256,0,278,14,3859,235,1,4,50400,5500,0
"Prideful Gladiator's Felweave Armor",1090,256,0,282,14,3859,246,1,4,50400,5500,0
"Prideful Gladiator's Plate Armor",1091,1,0,278,14,3859,238,1,4,50400,5500,0
"Prideful Gladiator's Plate Armor",1092,1,0,282,14,3859,249,1,4,50400,5500,0
"Vindictive Gladiator's Silk Armor",1093,128,46397,280,45,13301,0,1,6,70001,8401,0
"Vindictive Gladiator's Silk Armor",1094,128,46398,276,45,13301,0,1,6,70001,8401,0
"Vindictive Gladiator's Silk Armor",1095,128,46421,282,45,3859,1093,1,6,70001,8710,0
"Vindictive Gladiator's Silk Armor",1096,128,46422,278,45,3859,1094,1,6,70001,8710,0
"Vindictive Gladiator's Dragonhide Armor",1097,1024,46379,280,45,13301,0,1,6,70001,8401,0
"Vindictive Gladiator's Dragonhide Armor",1098,1024,46380,276,45,13301,0,1,6,70001,8401,0
"Vindictive Gladiator's Dragonhide Armor",1099,1024,46403,282,45,3859,1097,1,6,70001,8710,0
"Vindictive Gladiator's Dragonhide Armor",1100,1024,46404,278,45,3859,1098,1,6,70001,8710,0
"Vindictive Gladiator's Felweave Armor",1101,256,46383,276,45,13301,0,1,6,70001,8401,0
"Vindictive Gladiator's Felweave Armor",1102,256,46384,280,45,13301,0,1,6,70001,8401,0
"Vindictive Gladiator's Felweave Armor",1103,256,46407,278,45,3859,1101,1,6,70001,8710,0
"Vindictive Gladiator's Felweave Armor",1104,256,46408,282,45,3859,1102,1,6,70001,8710,0
"Vindictive Gladiator's Dreadplate Armor",1105,32,46381,280,45,13301,0,1,6,70001,8401,0
"Vindictive Gladiator's Dreadplate Armor",1106,32,46382,276,45,13301,0,1,6,70001,8401,0
"Vindictive Gladiator's Dreadplate Armor",1107,32,46405,282,45,3859,1105,1,6,70001,8710,0
"Vindictive Gladiator's Dreadplate Armor",1108,32,46406,278,45,3859,1106,1,6,70001,8710,0
"Vindictive Gladiator's Felskin Armor",1109,2048,46400,280,45,13301,0,1,6,70001,8401,0
"Vindictive Gladiator's Felskin Armor",1110,2048,46399,276,45,13301,0,1,6,70001,8401,0
"Vindictive Gladiator's Felskin Armor",1111,2048,46424,282,45,3859,1109,1,6,70001,8710,0
"Vindictive Gladiator's Felskin Armor",1112,2048,46423,278,45,3859,1110,1,6,70001,8710,0
"Vindictive Gladiator's Chain Armor",1113,4,46378,276,45,13301,0,1,6,70001,8401,0
"Vindictive Gladiator's Chain Armor",1114,4,46377,280,45,13301,0,1,6,70001,8401,0
"Vindictive Gladiator's Chain Armor",1115,4,46402,278,45,3859,1113,1,6,70001,8710,0
"Vindictive Gladiator's Chain Armor",1116,4,46401,282,45,3859,1114,1,6,70001,8710,0
"Vindictive Gladiator's Ironskin Armor",1117,512,46386,276,45,13301,0,1,6,70001,8401,0
"Vindictive Gladiator's Ironskin Armor",1118,512,46385,280,45,13301,0,1,6,70001,8401,0
"Vindictive Gladiator's Ironskin Armor",1119,512,46410,278,45,3859,1117,1,6,70001,8710,0
"Vindictive Gladiator's Ironskin Armor",1120,512,46409,282,45,3859,1118,1,6,70001,8710,0
"Vindictive Gladiator's Scaled Armor",1121,2,46396,276,45,13301,0,1,6,70001,8401,0
"Vindictive Gladiator's Scaled Armor",1122,2,46395,280,45,13301,0,1,6,70001,8401,0
"Vindictive Gladiator's Scaled Armor",1123,2,46420,278,45,3859,1121,1,6,70001,8710,0
"Vindictive Gladiator's Scaled Armor",1124,2,46419,282,45,3859,1122,1,6,70001,8710,0
"Vindictive Gladiator's Leather Armor",1125,8,46387,276,45,13301,0,1,6,70001,8401,0
"Vindictive Gladiator's Leather Armor",1126,8,46388,280,45,13301,0,1,6,70001,8401,0
"Vindictive Gladiator's Leather Armor",1127,8,46411,278,45,3859,1125,1,6,70001,8710,0
"Vindictive Gladiator's Leather Armor",1128,8,46412,282,45,3859,1126,1,6,70001,8710,0
"Vindictive Gladiator's Ringmail Armor",1129,64,46392,276,45,13301,0,1,6,70001,8401,0
"Vindictive Gladiator's Ringmail Armor",1130,64,46391,280,45,13301,0,1,6,70001,8401,0
"Vindictive Gladiator's Ringmail Armor",1131,64,46416,278,45,3859,1129,1,6,70001,8710,0
"Vindictive Gladiator's Ringmail Armor",1132,64,46415,282,45,3859,1130,1,6,70001,8710,0
"Vindictive Gladiator's Plate Armor",1133,1,46389,276,45,13301,0,1,6,70001,8401,0
"Vindictive Gladiator's Plate Armor",1134,1,46390,280,45,13301,0,1,6,70001,8401,0
"Vindictive Gladiator's Plate Armor",1135,1,46413,278,45,3859,1133,1,6,70001,8710,0
"Vindictive Gladiator's Plate Armor",1136,1,46414,282,45,3859,1134,1,6,70001,8710,0
"Vindictive Combatant's Silk Armor",1137,128,46374,276,45,13302,1094,1,6,70001,8100,0
"Primal Gladiator's Dreadplate Armor",1138,32,0,278,11,3859,128,1,5,60001,6600,0
"Primal Gladiator's Dreadplate Armor",1139,32,0,282,11,3859,127,1,5,60001,6600,0
"Primal Gladiator's Dragonhide Armor",1140,1024,0,278,11,3859,126,1,5,60001,6600,0
"Primal Gladiator's Dragonhide Armor",1141,1024,0,282,11,3859,125,1,5,60001,6600,0
"Primal Gladiator's Chain Armor",1142,4,0,278,11,3859,124,1,5,60001,6600,0
"Primal Gladiator's Chain Armor",1143,4,0,282,11,3859,123,1,5,60001,6600,0
"Primal Gladiator's Silk Armor",1144,128,0,278,11,3859,144,1,5,60001,6600,0
"Primal Gladiator's Silk Armor",1145,128,0,282,11,3859,143,1,5,60001,6600,0
"Primal Gladiator's Ironskin Armor",1146,512,0,278,11,3859,132,1,5,60001,6600,0
"Primal Gladiator's Ironskin Armor",1147,512,0,282,11,3859,131,1,5,60001,6600,0
"Primal Gladiator's Scaled Armor",1148,2,0,278,11,3859,142,1,5,60001,6600,0
"Primal Gladiator's Scaled Armor",1149,2,0,282,11,3859,141,1,5,60001,6600,0
"Primal Gladiator's Leather Armor",1150,8,0,278,11,3859,134,1,5,60001,6600,0
"Primal Gladiator's Leather Armor",1151,8,0,282,11,3859,133,1,5,60001,6600,0
"Primal Gladiator's Ringmail Armor",1152,64,0,278,11,3859,138,1,5,60001,6600,0
"Primal Gladiator's Ringmail Armor",1153,64,0,282,11,3859,137,1,5,60001,6600,0
"Primal Gladiator's Felweave Armor",1154,256,0,278,11,3859,130,1,5,60001,6600,0
"Primal Gladiator's Felweave Armor",1155,256,0,282,11,3859,129,1,5,60001,6600,0
"Primal Gladiator's Plate Armor",1156,1,0,278,11,3859,136,1,5,60001,6600,0
"Primal Gladiator's Plate Armor",1157,1,0,282,11,3859,135,1,5,60001,6600,0
"Vindictive Combatant's Felweave Armor",1158,256,46495,276,45,13302,1101,1,6,70001,8100,0
"Vindictive Combatant's Silk Armor",1159,128,46373,280,45,13302,1093,1,6,70001,8100,0
"Vindictive Combatant's Felweave Armor",1160,256,46496,280,45,13302,1102,1,6,70001,8100,0
"Vindictive Combatant's Ringmail Armor",1161,64,46367,276,45,13302,1129,1,6,70001,8100,0
"Vindictive Combatant's Ringmail Armor",1162,64,46368,280,45,13302,1130,1,6,70001,8100,0
"Vindictive Combatant's Dreadplate Armor",1163,32,46358,276,45,13302,1106,1,6,70001,8100,0
"Vindictive Combatant's Scaled Armor",1164,2,46372,276,45,13302,1121,1,6,70001,8100,0
"Vindictive Combatant's Dreadplate Armor",1165,32,46359,280,45,13302,1105,1,6,70001,8100,0
"Vindictive Combatant's Scaled Armor",1166,2,46371,280,45,13302,1122,1,6,70001,8100,0
"Vindictive Combatant's Felskin Armor",1167,2048,47444,276,45,13302,1110,1,6,70001,8100,0
"Vindictive Combatant's Dragonhide Armor",1168,1024,46356,276,45,13302,1098,1,6,70001,8100,0
"Vindictive Combatant's Ironskin Armor",1169,512,46361,276,45,13302,1117,1,6,70001,8100,0
"Vindictive Combatant's Felskin Armor",1170,2048,47446,280,45,13302,1109,1,6,70001,8100,0
"Vindictive Combatant's Dragonhide Armor",1171,1024,46357,280,45,13302,1097,1,6,70001,8100,0
"Vindictive Combatant's Ironskin Armor",1172,512,46362,280,45,13302,1118,1,6,70001,8100,0
"Wild Gladiator's Dreadplate Armor",1173,32,0,278,12,3859,90,1,5,60100,7000,0
"Wild Gladiator's Dreadplate Armor",1174,32,0,282,12,3859,89,1,5,60100,7000,0
"Wild Gladiator's Dragonhide Armor",1175,1024,0,278,12,3859,84,1,5,60100,7000,0
"Wild Gladiator's Dragonhide Armor",1176,1024,0,282,12,3859,83,1,5,60100,7000,0
"Wild Gladiator's Chain Armor",1177,4,0,278,12,3859,80,1,5,60100,7000,0
"Wild Gladiator's Chain Armor",1178,4,0,282,12,3859,79,1,5,60100,7000,0
"Wild Gladiator's Silk Armor",1179,128,0,278,12,3859,100,1,5,60100,7000,0
"Wild Gladiator's Silk Armor",1180,128,0,282,12,3859,99,1,5,60100,7000,0
"Wild Gladiator's Ironskin Armor",1181,512,0,278,12,3859,88,1,5,60100,7000,0
"Wild Gladiator's Ironskin Armor",1182,512,0,282,12,3859,87,1,5,60100,7000,0
"Wild Gladiator's Scaled Paladin",1183,2,0,278,12,3859,94,1,5,60100,7000,0
"Wild Gladiator's Scaled Paladin",1184,2,0,282,12,3859,93,1,5,60100,7000,0
"Wild Gladiator's Leather Armor",1185,8,0,278,12,3859,85,1,5,60100,7000,0
"Wild Gladiator's Leather Armor",1186,8,0,282,12,3859,86,1,5,60100,7000,0
"Wild Gladiator's Ringmail Armor",1187,64,0,278,12,3859,81,1,5,60100,7000,0
"Wild Gladiator's Ringmail Armor",1188,64,0,282,12,3859,82,1,5,60100,7000,0
"Wild Gladiator's Felweave Armor",1189,256,0,278,12,3859,96,1,5,60100,7000,0
"Wild Gladiator's Felweave Armor",1190,256,0,282,12,3859,95,1,5,60100,7000,0
"Wild Gladiator's Plate Armor",1191,1,0,278,12,3859,92,1,5,60100,7000,0
"Wild Gladiator's Plate Armor",1192,1,0,282,12,3859,91,1,5,60100,7000,0
"Bloodthirsty Gladiator's Plate Armor",1193,1,46517,272,19,13304,626,1,3,40000,3390,0
"Bloodthirsty Gladiator's Felweave Armor",1194,256,46515,272,19,13304,628,1,3,40000,3390,0
"Bloodthirsty Gladiator's Ringmail Armor",1195,64,46518,272,19,13304,747,1,3,40000,3390,0
"Bloodthirsty Gladiator's Leather Armor",1196,8,46516,272,19,13304,749,1,3,40000,3390,0
"Bloodthirsty Gladiator's Scaled Armor",1197,2,46520,272,19,13304,751,1,3,40000,3390,0
"Bloodthirsty Gladiator's Silk Armor",1198,128,46521,272,19,13304,753,1,3,40000,3390,0
"Bloodthirsty Gladiator's Chain Armor",1199,4,46512,272,19,13304,755,1,3,40000,3390,0
"Bloodthirsty Gladiator's Dragonhide Armor",1200,1024,46513,272,19,13304,757,1,3,40000,3390,0
"Bloodthirsty Gladiator's Dreadplate Armor",1201,32,46514,272,19,13304,759,1,3,40000,3390,0
"Brutal Gladiator's Dreadplate Armor",1202,32,47060,272,24,13301,0,1,1,20400,1591,0
,1203,0,46598,273,0,0,0,1,2,30001,2320,0
"Warmongering Gladiator's Dreadplate Armor",1204,32,0,278,13,3859,108,1,5,60200,7100,0
"Warmongering Gladiator's Dreadplate Armor",1205,32,0,282,13,3859,107,1,5,60200,7100,0
"Warmongering Gladiator's Dragonhide Armor",1206,1024,0,278,13,3859,106,1,5,60200,7100,0
"Warmongering Gladiator's Dragonhide Armor",1207,1024,0,282,13,3859,105,1,5,60200,7100,0
"Warmongering Gladiator's Chain Armor",1208,4,0,278,13,3859,102,1,5,60200,7100,0
"Warmongering Gladiator's Chain Armor",1209,4,0,282,13,3859,101,1,5,60200,7100,0
"Warmongering Gladiator's Silk Armor",1210,128,0,278,13,3859,122,1,5,60200,7100,0
"Warmongering Gladiator's Silk Armor",1211,128,0,282,13,3859,121,1,5,60200,7100,0
"Warmongering Gladiator's Ironskin Armor",1212,512,0,278,13,3859,112,1,5,60200,7100,0
"Warmongering Gladiator's Ironskin Armor",1213,512,0,282,13,3859,111,1,5,60200,7100,0
"Warmongering Gladiator's Scaled Armor",1214,2,0,278,13,3859,120,1,5,60200,7100,0
"Warmongering Gladiator's Scaled Armor",1215,2,0,282,13,3859,119,1,5,60200,7100,0
"Warmongering Gladiator's Leather Armor",1216,8,0,278,13,3859,114,1,5,60200,7100,0
"Warmongering Gladiator's Leather Armor",1217,8,0,282,13,3859,113,1,5,60200,7100,0
"Warmongering Gladiator's Ringmail Armor",1218,64,0,278,13,3859,104,1,5,60200,7100,0
"Warmongering Gladiator's Ringmail Armor",1219,64,0,282,13,3859,103,1,5,60200,7100,0
"Warmongering Gladiator's Felweave Armor",1220,256,0,278,13,3859,110,1,5,60200,7100,0
"Warmongering Gladiator's Felweave Armor",1221,256,0,282,13,3859,109,1,5,60200,7100,0
"Warmongering Gladiator's Plate Armor",1222,1,0,278,13,3859,116,1,5,60200,7100,0
"Warmongering Gladiator's Plate Armor",1223,1,0,282,13,3859,115,1,5,60200,7100,0
"Unused Set",1224,0,46459,1,46,13301,0,1,6,0,8601,0
"Cruel Gladiator's Plate Armor",1225,1,46459,276,46,13301,0,1,6,70200,8601,0
"Cruel Gladiator's Plate Armor",1226,1,46460,280,46,13301,0,1,6,70200,8601,0
"Cruel Gladiator's Plate Armor",1227,1,46483,278,46,3859,1225,1,6,70200,8602,0
"Cruel Gladiator's Plate Armor",1228,1,46484,282,46,3859,1226,1,6,70200,8602,0
"Cruel Gladiator's Felweave Armor",1229,256,46453,276,46,13301,0,1,6,70200,8601,0
"Cruel Gladiator's Felweave Armor",1230,256,46454,280,46,13301,0,1,6,70200,8601,0
"Cruel Gladiator's Felweave Armor",1231,256,46477,278,46,3859,1229,1,6,70200,8602,0
"Cruel Gladiator's Felweave Armor",1232,256,46478,282,46,3859,1230,1,6,70200,8602,0
"Cruel Gladiator's Ringmail Armor",1233,64,46462,276,46,13301,0,1,6,70200,8601,0
"Cruel Gladiator's Ringmail Armor",1234,64,46461,280,46,13301,0,1,6,70200,8601,0
"Cruel Gladiator's Ringmail Armor",1235,64,46486,278,46,3859,1233,1,6,70200,8602,0
"Cruel Gladiator's Ringmail Armor",1236,64,46485,282,46,3859,1234,1,6,70200,8602,0
"Cruel Gladiator's Leather Armor",1237,8,46457,276,46,13301,0,1,6,70200,8601,0
"Cruel Gladiator's Leather Armor",1238,8,46458,280,46,13301,0,1,6,70200,8601,0
"Cruel Gladiator's Leather Armor",1239,8,46481,278,46,3859,1237,1,6,70200,8602,0
"Cruel Gladiator's Leather Armor",1240,8,46482,282,46,3859,1238,1,6,70200,8602,0
"Cruel Gladiator's Scaled Armor",1241,2,46466,276,46,13301,0,1,6,70200,8601,0
"Cruel Gladiator's Scaled Armor",1242,2,46465,280,46,13301,0,1,6,70200,8601,0
"Cruel Gladiator's Scaled Armor",1243,2,46490,278,46,3859,1241,1,6,70200,8602,0
"Cruel Gladiator's Scaled Armor",1244,2,46489,282,46,3859,1242,1,6,70200,8602,0
"Cruel Gladiator's Ironskin Armor",1245,512,46456,276,46,13301,0,1,6,70200,8601,0
"Cruel Gladiator's Ironskin Armor",1246,512,46455,280,46,13301,0,1,6,70200,8601,0
"Cruel Gladiator's Ironskin Armor",1247,512,46480,278,46,3859,1245,1,6,70200,8602,0
"Cruel Gladiator's Ironskin Armor",1248,512,46479,282,46,3859,1246,1,6,70200,8602,0
"Cruel Gladiator's Silk Armor",1249,128,46468,276,46,13301,0,1,6,70200,8601,0
"Cruel Gladiator's Silk Armor",1250,128,46467,280,46,13301,0,1,6,70200,8601,0
"Cruel Gladiator's Silk Armor",1251,128,46492,278,46,3859,1249,1,6,70200,8602,0
"Cruel Gladiator's Silk Armor",1252,128,46491,282,46,3859,1250,1,6,70200,8602,0
"Cruel Gladiator's Chain Armor",1253,4,46447,280,46,13301,0,1,6,70200,8601,0
"Cruel Gladiator's Chain Armor",1254,4,46448,276,46,13301,0,1,6,70200,8601,0
"Cruel Gladiator's Chain Armor",1255,4,46472,278,46,3859,1254,1,6,70200,8602,0
"Cruel Gladiator's Chain Armor",1256,4,46471,282,46,3859,1253,1,6,70200,8602,0
"Cruel Gladiator's Dragonhide Armor",1257,1024,46450,276,46,13301,0,1,6,70200,8601,0
"Cruel Gladiator's Dragonhide Armor",1258,1024,46449,280,46,13301,0,1,6,70200,8601,0
"Cruel Gladiator's Dragonhide Armor",1259,1024,46474,278,46,3859,1257,1,6,70200,8602,0
"Cruel Gladiator's Dragonhide Armor",1260,1024,46473,282,46,3859,1258,1,6,70200,8602,0
"Cruel Gladiator's Felskin Armor",1261,2048,47083,280,46,13301,0,1,6,70200,8601,0
"Cruel Gladiator's Felskin Armor",1262,2048,47082,276,46,13301,0,1,6,70200,8601,0
"Cruel Gladiator's Felskin Armor",1263,2048,47080,278,46,3859,1262,1,6,70200,8602,0
"Cruel Gladiator's Felskin Armor",1264,2048,47081,282,46,3859,1261,1,6,70200,8602,0
"Cruel Gladiator's Dreadplate Armor",1265,32,46452,276,46,13301,0,1,6,70200,8601,0
"Cruel Gladiator's Dreadplate Armor",1266,32,46451,280,46,13301,0,1,6,70200,8601,0
"Cruel Gladiator's Dreadplate Armor",1267,32,46476,278,46,3859,1265,1,6,70200,8602,0
"Cruel Gladiator's Dreadplate Armor",1268,32,46475,282,46,3859,1266,1,6,70200,8602,0
"Cruel Combatant's Plate Armor",1269,1,47158,280,46,13302,1226,1,6,70200,8600,0
"Cruel Combatant's Plate Armor",1270,1,47159,276,46,13302,1225,1,6,70200,8600,0
"Cruel Combatant's Felweave Armor",1271,256,47164,280,46,13302,1230,1,6,70200,8600,0
"Cruel Combatant's Felweave Armor",1272,256,47165,276,46,13302,1229,1,6,70200,8600,0
"Cruel Combatant's Ringmail Armor",1273,64,47157,280,46,13302,1234,1,6,70200,8600,0
"Cruel Combatant's Ringmail Armor",1274,64,47156,276,46,13302,1233,1,6,70200,8600,0
"Cruel Combatant's Leather Armor",1275,8,47161,280,46,13302,1238,1,6,70200,8600,0
"Cruel Combatant's Leather Armor",1276,8,47160,276,46,13302,1237,1,6,70200,8600,0
"Cruel Combatant's Satin Armor",1277,16,47155,280,46,13302,391,1,6,70200,8600,0
"Cruel Combatant's Satin Armor",1278,16,47154,276,46,13302,389,1,6,70200,8600,0
"Cruel Combatant's Scaled Armor",1279,2,47153,280,46,13302,1242,1,6,70200,8600,0
"Cruel Combatant's Scaled Armor",1280,2,47152,276,46,13302,1241,1,6,70200,8600,0
"Cruel Combatant's Ironskin Armor",1281,512,47162,280,46,13302,1246,1,6,70200,8600,0
"Cruel Combatant's Ironskin Armor",1282,512,47163,276,46,13302,1245,1,6,70200,8600,0
"Cruel Combatant's Silk Armor",1283,128,47151,280,46,13302,1250,1,6,70200,8600,0
"Cruel Combatant's Silk Armor",1284,128,47150,276,46,13302,1249,1,6,70200,8600,0
"Cruel Combatant's Chain Armor",1285,4,47173,280,46,13302,1253,1,6,70200,8600,0
"Cruel Combatant's Chain Armor",1286,4,47172,276,46,13302,1254,1,6,70200,8600,0
"Cruel Combatant's Dragonhide Armor",1287,1024,47171,280,46,13302,1258,1,6,70200,8600,0
"Cruel Combatant's Dragonhide Armor",1288,1024,47170,276,46,13302,1257,1,6,70200,8600,0
"Cruel Combatant's Felskin Armor",1289,2048,47167,280,46,13302,1261,1,6,70200,8600,0
"Cruel Combatant's Felskin Armor",1290,2048,47166,276,46,13302,1262,1,6,70200,8600,0
"Cruel Combatant's Dreadplate Armor",1291,32,47169,280,46,13302,1266,1,6,70200,8600,0
"Cruel Combatant's Dreadplate Armor",1292,32,47168,276,46,13302,1265,1,6,70200,8600,0
"Titanic Onslaught Armor",1293,1,87107,768,56,13193,0,1,6,70200,8901,0
"Titanic Onslaught Armor",1294,1,87108,768,56,2015,1293,1,6,70200,8902,0
"Titanic Onslaught Armor",1295,1,87110,256,56,13145,1293,1,6,70200,8903,0
"Titanic Onslaught Armor",1296,1,87109,768,56,1641,1293,1,6,70200,8900,0
"Diabolic Raiment",1297,256,87073,768,56,13193,0,1,6,70200,8901,0
"Diabolic Raiment",1298,256,87071,768,56,2015,1297,1,6,70200,8902,0
"Diabolic Raiment",1299,256,87074,256,56,13145,1297,1,6,70200,8903,0
"Diabolic Raiment",1300,256,87072,768,56,1641,1297,1,6,70200,8900,0
"Regalia of the Skybreaker",1301,64,87095,768,56,13193,0,1,6,70200,8901,0
"Regalia of the Skybreaker",1302,64,87096,768,56,1641,1301,1,6,70200,8900,0
"Regalia of the Skybreaker",1303,64,87097,768,56,2015,1301,1,6,70200,8902,0
"Regalia of the Skybreaker",1304,64,87098,256,56,13145,1301,1,6,70200,8903,0
"Fanged Slayer's Armor",1305,8,87089,768,56,13193,0,1,6,70200,8901,0
"Fanged Slayer's Armor",1306,8,87088,768,56,1641,1305,1,6,70200,8900,0
"Fanged Slayer's Armor",1307,8,87087,768,56,2015,1305,1,6,70200,8902,0
"Fanged Slayer's Armor",1308,8,87090,256,56,13145,1305,1,6,70200,8903,0
"Vestments of Blind Absolution",1309,16,87067,768,56,13193,0,1,6,70200,8901,0
"Vestments of Blind Absolution",1310,16,87070,256,56,13145,1309,1,6,70200,8903,0
"Vestments of Blind Absolution",1312,16,87069,768,56,2015,1309,1,6,70200,8902,0
"Radiant Lightbringer Armor",1313,2,87105,768,56,13193,0,1,6,70200,8901,0
"Radiant Lightbringer Armor",1314,2,87106,256,56,13145,1313,1,6,70200,8903,0
"Radiant Lightbringer Armor",1315,2,87104,768,56,1641,1313,1,6,70200,8900,0
"Radiant Lightbringer Armor",1316,2,87103,768,56,2015,1313,1,6,70200,8902,0
"Xuen's Battlegear",1317,512,87083,768,56,13193,0,1,6,70200,8901,0
"Xuen's Battlegear",1318,512,87086,256,56,13145,1317,1,6,70200,8903,0
"Xuen's Battlegear",1319,512,87085,768,56,1641,1317,1,6,70200,8900,0
"Xuen's Battlegear",1320,512,87084,768,56,2015,1317,1,6,70200,8902,0
"Regalia of the Arcane Tempest",1321,128,87065,768,56,13193,0,1,6,70200,8901,0
"Regalia of the Arcane Tempest",1322,128,87066,256,56,13145,1321,1,6,70200,8903,0
"Regalia of the Arcane Tempest",1323,128,87064,768,56,1641,1321,1,6,70200,8900,0
"Regalia of the Arcane Tempest",1324,128,87063,768,56,2015,1321,1,6,70200,8902,0
"Wildstalker Armor",1325,4,87092,768,56,13193,0,1,6,70200,8901,0
"Wildstalker Armor",1326,4,87094,256,56,13145,1325,1,6,70200,8903,0
"Wildstalker Armor",1327,4,87093,768,56,1641,1325,1,6,70200,8900,0
"Wildstalker Armor",1328,4,87091,768,56,2015,1325,1,6,70200,8902,0
"Stormheart Raiment",1329,1024,87081,768,56,13193,0,1,6,70200,8901,0
"Stormheart Raiment",1330,1024,87082,256,56,13145,1329,1,6,70200,8903,0
"Stormheart Raiment",1331,1024,87080,768,56,1641,1329,1,6,70200,8900,0
"Stormheart Raiment",1332,1024,87079,768,56,2015,1329,1,6,70200,8902,0
"Demonbane Armor",1333,2048,87075,768,56,13193,0,1,6,70200,8901,0
"Demonbane Armor",1334,2048,87078,256,56,13145,1333,1,6,70200,8903,0
"Demonbane Armor",1335,2048,87076,768,56,1641,1333,1,6,70200,8900,0
"Demonbane Armor",1336,2048,87077,768,56,2015,1333,1,6,70200,8902,0
"Gravewarden Armaments",1337,32,87099,768,56,13193,0,1,6,70200,8901,0
"Gravewarden Armaments",1338,32,87102,256,56,13145,1337,1,6,70200,8903,0
"Gravewarden Armaments",1339,32,87100,768,56,1641,1337,1,6,70200,8900,0
"Gravewarden Armaments",1340,32,87101,768,56,2015,1337,1,6,70200,8902,0
"Vestments of Blind Absolution",1342,16,87068,768,56,1641,1309,1,6,70200,8900,0
"Warmongering Gladiator's Satin Armor Boogaloo",1343,16,43170,281,13,13301,0,1,5,0,7100,0
BT,1344,0,0,1,0,0,0,1,0,0,4630,0
"Armaments of the Ebon Blade",1345,32,47255,1,0,0,0,1,0,70001,6800,0
"Armaments of the Silver Hand",1346,2,47256,1,0,0,0,1,0,70001,6800,0
"The Warglaives of Azzinoth",1347,2048,47331,3,0,0,0,1,0,20100,6800,0
"Fierce Combatant's Dreadplate Armor",1348,32,47338,276,57,13302,1400,1,6,70300,8900,0
"Fierce Combatant's Dreadplate Armor",1349,32,47337,280,57,13302,1401,1,6,70300,8900,0
"Fierce Gladiator's Dreadplate Armor",1352,32,47403,278,57,3859,1400,1,6,70300,8902,0
"Fierce Gladiator's Dreadplate Armor",1353,32,47404,282,57,3859,1401,1,6,70300,8902,0
"Fierce Combatant's Felskin Armor",1354,2048,47340,276,57,13302,1402,1,6,70300,8900,0
"Fierce Combatant's Felskin Armor",1355,2048,47339,280,57,13302,1403,1,6,70300,8900,0
"Fierce Gladiator's Felskin Armor",1358,2048,47384,278,57,3859,1402,1,6,70300,8902,0
"Fierce Gladiator's Felskin Armor",1359,2048,47383,282,57,3859,1403,1,6,70300,8902,0
"Fierce Combatant's Dragonhide Armor",1360,1024,47336,276,57,13302,1404,1,6,70300,8900,0
"Fierce Combatant's Dragonhide Armor",1361,1024,47335,280,57,13302,1405,1,6,70300,8900,0
"Fierce Combatant's Chain Armor",1362,4,47334,276,57,13302,1406,1,6,70300,8900,0
"Fierce Combatant's Chain Armor",1363,4,47333,280,57,13302,1407,1,6,70300,8900,0
"Fierce Combatant's Silk Armor",1364,128,47356,276,57,13302,1408,1,6,70300,8900,0
"Fierce Combatant's Silk Armor",1365,128,47355,280,57,13302,1409,1,6,70300,8900,0
"Fierce Combatant's Ironskin Armor",1366,512,47343,276,57,13302,1410,1,6,70300,8900,0
"Fierce Combatant's Ironskin Armor",1367,512,47344,280,57,13302,1411,1,6,70300,8900,0
"Fierce Combatant's Scaled Armor",1368,2,47354,276,57,13302,1412,1,6,70300,8900,0
"Fierce Combatant's Scaled Armor",1369,2,47353,280,57,13302,1413,1,6,70300,8900,0
"Fierce Combatant's Satin Armor",1370,16,47352,276,57,13302,1414,1,6,70300,8900,0
"Fierce Combatant's Satin Armor",1371,16,47351,280,57,13302,1415,1,6,70300,8900,0
"Fierce Combatant's Leather Armor",1372,8,47346,276,57,13302,1416,1,6,70300,8900,0
"Fierce Combatant's Leather Armor",1373,8,47345,280,57,13302,1417,1,6,70300,8900,0
"Fierce Combatant's Ringmail Armor",1374,64,47350,276,57,13302,1418,1,6,70300,8900,0
"Fierce Combatant's Ringmail Armor",1375,64,47349,280,57,13302,1419,1,6,70300,8900,0
"Fierce Combatant's Felweave Armor",1376,256,47341,276,57,13302,1420,1,6,70300,8900,0
"Fierce Combatant's Felweave Armor",1377,256,47342,280,57,13302,1421,1,6,70300,8900,0
"Fierce Combatant's Plate Armor",1378,1,47347,276,57,13302,1422,1,6,70300,8900,0
"Fierce Combatant's Plate Armor",1379,1,47348,280,57,13302,1423,1,6,70300,8900,0
"Fierce Gladiator's Dragonhide Armor",1380,1024,47405,278,57,3859,1404,1,6,70300,8902,0
"Fierce Gladiator's Dragonhide Armor",1381,1024,47406,282,57,3859,1405,1,6,70300,8902,0
"Fierce Gladiator's Chain Armor",1382,4,47407,278,57,3859,1406,1,6,70300,8902,0
"Fierce Gladiator's Chain Armor",1383,4,47408,282,57,3859,1407,1,6,70300,8902,0
"Fierce Gladiator's Silk Armor",1384,128,47387,278,57,3859,1408,1,6,70300,8902,0
"Fierce Gladiator's Silk Armor",1385,128,47388,282,57,3859,1409,1,6,70300,8902,0
"Fierce Gladiator's Ironskin Armor",1386,512,47399,278,57,3859,1410,1,6,70300,8902,0
"Fierce Gladiator's Ironskin Armor",1387,512,47400,282,57,3859,1411,1,6,70300,8902,0
"Fierce Gladiator's Scaled Armor",1388,2,47389,278,57,3859,1412,1,6,70300,8902,0
"Fierce Gladiator's Scaled Armor",1389,2,47390,282,57,3859,1413,1,6,70300,8902,0
"Fierce Gladiator's Satin Armor",1390,16,47391,278,57,3859,1414,1,6,70300,8902,0
"Fierce Gladiator's Satin Armor",1391,16,47392,282,57,3859,1415,1,6,70300,8902,0
"Fierce Gladiator's Leather Armor",1392,8,47398,278,57,3859,1416,1,6,70300,8902,0
"Fierce Gladiator's Leather Armor",1393,8,47397,282,57,3859,1417,1,6,70300,8902,0
"Fierce Gladiator's Ringmail Armor",1394,64,47393,278,57,3859,1418,1,6,70300,8902,0
"Fierce Gladiator's Ringmail Armor",1395,64,47394,282,57,3859,1419,1,6,70300,8902,0
"Fierce Gladiator's Felweave Armor",1396,256,47402,278,57,3859,1420,1,6,70300,8902,0
"Fierce Gladiator's Felweave Armor",1397,256,47401,282,57,3859,1421,1,6,70300,8902,0
"Fierce Gladiator's Plate Armor",1398,1,47395,282,57,3859,1423,1,6,70300,8902,0
"Fierce Gladiator's Plate Armor",1399,1,47396,278,57,3859,1422,1,6,70300,8902,0
"Fierce Gladiator's Dreadplate Armor",1400,32,47377,276,57,13301,0,1,6,70300,8901,0
"Fierce Gladiator's Dreadplate Armor",1401,32,47378,280,57,13301,0,1,6,70300,8901,0
"Fierce Gladiator's Felskin Armor",1402,2048,47358,276,57,13301,0,1,6,70300,8901,0
"Fierce Gladiator's Felskin Armor",1403,2048,47357,280,57,13301,0,1,6,70300,8901,0
"Fierce Gladiator's Dragonhide Armor",1404,1024,47379,276,57,13301,0,1,6,70300,8901,0
"Fierce Gladiator's Dragonhide Armor",1405,1024,47380,280,57,13301,0,1,6,70300,8901,0
"Fierce Gladiator's Chain Armor",1406,4,47381,276,57,13301,0,1,6,70300,8901,0
"Fierce Gladiator's Chain Armor",1407,4,47382,280,57,13301,0,1,6,70300,8901,0
"Fierce Gladiator's Silk Armor",1408,128,47361,276,57,13301,0,1,6,70300,8901,0
"Fierce Gladiator's Silk Armor",1409,128,47362,280,57,13301,0,1,6,70300,8901,0
"Fierce Gladiator's Ironskin Armor",1410,512,47373,276,57,13301,0,1,6,70300,8901,0
"Fierce Gladiator's Ironskin Armor",1411,512,47374,280,57,13301,0,1,6,70300,8901,0
"Fierce Gladiator's Scaled Armor",1412,2,47363,276,57,13301,0,1,6,70300,8901,0
"Fierce Gladiator's Scaled Armor",1413,2,47364,280,57,13301,0,1,6,70300,8901,0
"Fierce Gladiator's Satin Armor",1414,16,47365,276,57,13301,0,1,6,70300,8901,0
"Fierce Gladiator's Satin Armor",1415,16,47366,280,57,13301,0,1,6,70300,8901,0
"Fierce Gladiator's Leather Armor",1416,8,47372,276,57,13301,0,1,6,70300,8901,0
"Fierce Gladiator's Leather Armor",1417,8,47371,280,57,13301,0,1,6,70300,8901,0
"Fierce Gladiator's Ringmail Armor",1418,64,47367,276,57,13301,0,1,6,70300,8901,0
"Fierce Gladiator's Ringmail Armor",1419,64,47368,280,57,13301,0,1,6,70300,8901,0
"Fierce Gladiator's Felweave Armor",1420,256,47376,276,57,13301,0,1,6,70300,8901,0
"Fierce Gladiator's Felweave Armor",1421,256,47375,280,57,13301,0,1,6,70300,8901,0
"Fierce Gladiator's Plate Armor",1422,1,47370,276,57,13301,0,1,6,70300,8901,0
"Fierce Gladiator's Plate Armor",1423,1,47369,280,57,13301,0,1,6,70300,8901,0
"Dreadmist Raiment",1424,400,0,2,52,13193,0,1,0,0,600,0
"Magister's Regalia",1425,400,0,2,52,13193,0,1,0,0,600,0
"Wildheart Raiment",1426,3592,0,2,52,13193,0,1,0,0,600,0
"Shadowcraft Armor",1427,3592,0,2,52,13193,0,1,0,0,600,0
"Beaststalker Armor",1428,4164,0,2,52,13193,0,1,0,0,600,0
"The Elements",1429,4164,0,2,52,13193,0,1,0,0,600,0
"Lightforge Armor",1430,35,0,2,52,13193,0,1,0,0,600,0
"Battlegear of Valor",1431,35,0,2,52,13193,0,1,0,0,600,0
"Golden King Plate",1436,1,47610,2,58,0,0,1,4,50003,4950,0
"Betrayer Regalia",1437,256,47611,2,58,0,0,1,4,50003,4950,0
"Windfury Armor",1438,64,47612,2,58,0,0,1,4,50003,4950,0
"Silent Assassin Armor",1439,8,47613,2,58,0,0,1,4,50003,4950,0
"Light Regalia",1440,16,47614,2,58,0,0,1,4,50003,4950,0
"Holy Warrior Plate",1441,2,47615,2,58,0,0,1,4,50003,4950,0
"Regal Lord Armor",1442,512,47616,2,58,0,0,1,4,50003,4950,0
"Elemental Triad Regalia",1443,128,47617,2,58,0,0,1,4,50003,4950,0
"Howling Beast Armor",1444,4,47618,2,58,0,0,1,4,50003,4950,0
"Cycle Armor",1445,1024,47619,2,58,0,0,1,4,50003,4950,0
"Lich Lord Plate",1446,32,47620,2,58,0,0,1,4,50003,4950,0
"Righteous Battleplate",1447,35,48060,2,60,0,0,1,1,20000,1150,0
"Der'izu Armor",1448,4164,48059,2,60,0,0,1,1,20000,1150,0
"Obsidian Prowler's Garb",1449,3592,48061,2,60,0,0,1,1,20000,1150,0
"Mana-Etched Regalia",1450,400,48058,2,60,0,0,1,1,20000,1150,0
"Inkrot Test Set",1451,8191,0,1,0,0,0,1,0,0,1150,0
"The Warglaives of Azzinoth",1453,0,47331,3,0,0,0,1,1,20100,1560,0
,1454,0,0,1,0,0,0,1,0,60200,10,0
,1455,0,0,1,0,0,0,1,0,60200,10,0
"Timewarden's Plate",1456,35,47920,2,59,0,0,1,6,70205,8551,0
"Chronoscryer's Finery",1457,400,47921,2,59,13193,0,1,6,70205,8551,0
"Epoch Sentinel's Mail",1458,4164,47922,2,59,13193,0,1,6,70205,8551,0
"Riftscarred Vestments",1459,3592,47923,2,59,13193,0,1,6,70205,8551,0
,1460,0,0,1,0,0,0,1,0,60200,10,0
,1461,0,0,1,0,0,0,1,0,60200,10,0
,1462,0,0,1,0,0,0,1,0,0,10,0
,1463,0,0,1,0,0,0,1,0,30100,10,0
"Weapons of the Lightforged",1464,0,48316,3,0,0,0,1,6,70300,9050,0
,1465,0,0,1,0,0,0,1,0,30200,10,0
,1466,0,0,1,0,0,0,1,0,30200,10,0
,1467,0,0,1,0,0,0,1,0,0,10,0
"Venerated Triumvirate Battleplate",1468,35,48566,2,63,0,0,1,6,70300,8750,0
"Sterling Triumvirate Chainmail",1469,4164,48567,2,63,0,0,1,6,70300,8750,0
"Burnished Triumvirate Armor",1470,3592,48568,2,63,0,0,1,6,70300,8750,0
"Light-Woven Triumvirate Regalia",1471,400,48569,2,63,0,0,1,6,70300,8750,0
"Dreadwake Armor",1472,32,87148,768,62,13193,0,1,6,70300,9301,0
"Dreadwake Armor",1473,32,87149,768,62,2015,1472,1,6,70300,9302,0
"Dreadwake Armor",1474,32,87150,256,62,13145,1472,1,6,70300,9303,0
"Dreadwake Armor",1475,32,87147,768,62,1641,1472,1,6,70300,9300,0
"Felreaper Vestments",1476,2048,87125,768,62,13193,0,1,6,70300,9301,0
"Felreaper Vestments",1477,2048,87124,768,62,2015,1476,1,6,70300,9302,0
"Felreaper Vestments",1478,2048,87126,256,62,13145,1476,1,6,70300,9303,0
"Felreaper Vestments",1479,2048,87123,768,62,1641,1476,1,6,70300,9300,0
"Bearmantle Battlegear",1480,1024,87129,768,62,13193,0,1,6,70300,9301,0
"Bearmantle Battlegear",1481,1024,87128,768,62,2015,1480,1,6,70300,9302,0
"Bearmantle Battlegear",1482,1024,87130,256,62,13145,1480,1,6,70300,9303,0
"Bearmantle Battlegear",1483,1024,87127,768,62,1641,1480,1,6,70300,9300,0
"Serpentstalker Guise",1484,4,87141,768,62,13193,0,1,6,70300,9301,0
"Serpentstalker Guise",1485,4,87139,768,62,2015,1484,1,6,70300,9302,0
"Serpentstalker Guise",1486,4,87142,256,62,13145,1484,1,6,70300,9303,0
"Serpentstalker Guise",1487,4,87140,768,62,1641,1484,1,6,70300,9300,0
"Runebound Regalia",1488,128,87111,768,62,13193,0,1,6,70300,9301,0
"Runebound Regalia",1489,128,87112,768,62,2015,1488,1,6,70300,9302,0
"Runebound Regalia",1490,128,87114,256,62,13145,1488,1,6,70300,9303,0
"Runebound Regalia",1491,128,87113,768,62,1641,1488,1,6,70300,9300,0
"Chi-Ji's Battlegear",1492,512,87132,768,62,13193,0,1,6,70300,9301,0
"Chi-Ji's Battlegear",1493,512,87133,768,62,2015,1492,1,6,70300,9302,0
"Chi-Ji's Battlegear",1494,512,87134,256,62,13145,1492,1,6,70300,9303,0
"Chi-Ji's Battlegear",1495,512,87131,768,62,1641,1492,1,6,70300,9300,0
"Light's Vanguard Battleplate",1496,2,87153,768,62,13193,0,1,6,70300,9301,0
"Light's Vanguard Battleplate",1497,2,87152,768,62,2015,1496,1,6,70300,9302,0
"Light's Vanguard Battleplate",1498,2,87154,256,62,13145,1496,1,6,70300,9303,0
"Light's Vanguard Battleplate",1499,2,87151,768,62,1641,1496,1,6,70300,9300,0
"Gilded Seraph's Raiment",1500,16,87115,768,62,13193,0,1,6,70300,9301,0
"Gilded Seraph's Raiment",1501,16,87116,768,62,2015,1500,1,6,70300,9302,0
"Gilded Seraph's Raiment",1502,16,87118,256,62,13145,1500,1,6,70300,9303,0
"Gilded Seraph's Raiment",1503,16,87117,768,62,1641,1500,1,6,70300,9300,0
"Regalia of the Dashing Scoundrel",1504,8,87136,768,62,13193,0,1,6,70300,9301,0
"Regalia of the Dashing Scoundrel",1505,8,87135,768,62,2015,1504,1,6,70300,9302,0
"Regalia of the Dashing Scoundrel",1506,8,87138,256,62,13145,1504,1,6,70300,9303,0
"Regalia of the Dashing Scoundrel",1507,8,87137,768,62,1641,1504,1,6,70300,9300,0
"Garb of Venerated Spirits",1508,64,87143,768,62,13193,0,1,6,70300,9301,0
"Garb of Venerated Spirits",1509,64,87146,768,62,2015,1508,1,6,70300,9302,0
"Garb of Venerated Spirits",1510,64,87144,256,62,13145,1508,1,6,70300,9303,0
"Garb of Venerated Spirits",1511,64,87145,768,62,1641,1508,1,6,70300,9300,0
"Grim Inquisitor's Regalia",1512,256,87120,768,62,13193,0,1,6,70300,9301,0
"Grim Inquisitor's Regalia",1513,256,87119,768,62,2015,1512,1,6,70300,9302,0
"Grim Inquisitor's Regalia",1514,256,87122,256,62,13145,1512,1,6,70300,9303,0
"Grim Inquisitor's Regalia",1515,256,87121,768,62,1641,1512,1,6,70300,9300,0
"Juggernaut Battlegear",1516,1,87155,768,62,13193,0,1,6,70300,9301,0
"Juggernaut Battlegear",1517,1,87157,768,62,2015,1516,1,6,70300,9302,0
"Juggernaut Battlegear",1518,1,87158,256,62,13145,1516,1,6,70300,9303,0
"Juggernaut Battlegear",1519,1,87156,768,62,1641,1516,1,6,70300,9300,0
"Highmountain's Heritage",1522,0,49783,10,208,0,0,1,0,70305,10,54204
"Heritage of the Shal'dorei",1523,0,49784,10,208,14121,0,1,0,70305,10,54205
"Heritage of the Ren'dorei",1524,0,49928,6,208,0,0,1,0,70305,10,54203
"Heritage of the Lightforged",1525,0,49782,6,208,14121,0,1,0,70305,10,54202
"Goldspine Plate",1526,35,50347,2,60,0,0,1,1,20000,1150,0
"Crimson Sentinel Garb",1527,4164,50346,2,60,0,0,1,1,20000,1150,0
"Tundraspite Armor",1528,3592,50345,2,60,0,0,1,1,20000,1150,0
"Mindwrack Raiment",1529,400,50344,0,60,13489,4141,1,1,20000,1150,0
"Frostwolf Leathers",1530,3592,50678,2,61,0,0,1,5,60002,8551,0
"Ceremonial Karabor Finery",1531,400,50680,2,61,0,0,1,5,60002,8551,0
"Sha'tari Defender's Plate",1532,35,50681,2,61,0,0,1,5,60002,8551,0
"Blackrock Sootplate",1533,35,50682,2,61,0,0,1,5,60002,6999,0
"Garb of the Shadowmoon",1534,400,50683,2,61,0,0,1,5,60002,6999,0
"Thunderlord Harness",1535,3592,50684,2,61,0,0,1,5,60002,6999,0
"Warsong Outrider's Garb",1536,4164,50685,2,61,0,0,1,5,60002,6999,0
"Vestments of the Tidesages",1637,400,52868,2,165,0,0,1,7,80001,10110,0
"Eternal Curator's Vestment",1638,400,0,512,166,13193,0,1,7,80001,11010,0
"Eternal Curator's Vestment",1639,400,0,512,166,2015,1638,1,7,80001,11012,0
"Eternal Curator's Vestment",1640,400,0,0,166,13145,1638,1,7,80001,11013,0
"Eternal Curator's Vestment",1641,400,0,512,166,1641,1638,1,7,80001,11009,0
"Eternal Curator's Garb",1642,3592,0,512,166,13193,0,1,7,80001,11010,0
"Eternal Curator's Garb",1643,3592,0,512,166,2015,1642,1,7,80001,11012,0
"Eternal Curator's Garb",1644,3592,0,0,166,13145,1642,1,7,80001,11013,0
"Eternal Curator's Garb",1645,3592,0,512,166,1641,1642,1,7,80001,11009,0
"Eternal Curator's Chains",1646,4164,0,512,166,13193,0,1,7,80001,11010,0
"Eternal Curator's Chains",1647,4164,0,512,166,2015,1646,1,7,80001,11012,0
"Eternal Curator's Chains",1648,4164,0,0,166,13145,1646,1,7,80001,11013,0
"Eternal Curator's Chains",1649,4164,0,512,166,1641,1646,1,7,80001,11009,0
"Eternal Curator's Protectorate",1650,35,0,512,166,13193,0,1,7,80001,11010,0
"Eternal Curator's Protectorate",1651,35,0,512,166,2015,1650,1,7,80001,11012,0
"Eternal Curator's Protectorate",1652,35,0,0,166,13145,1650,1,7,80001,11013,0
"Eternal Curator's Protectorate",1653,35,0,512,166,1641,1650,1,7,80001,11009,0
"Dread Gladiator's Vestment",1654,400,63575,276,167,13301,0,1,7,80001,11002,0
"Dread Aspirant's Vestment",1655,400,60674,278,167,13303,1654,1,7,80001,10999,0
"7th Legionnaire's Vestment",1656,400,0,276,167,13448,1654,1,7,80001,11001,0
"Dread Gladiator's Leathers",1657,3592,63574,276,167,13301,0,1,7,80001,11002,0
"Dread Aspirant's Leathers",1658,3592,60676,278,167,13303,1657,1,7,80001,10999,0
"7th Legionnaire's Leathers",1659,3592,0,276,167,13448,1657,1,7,80001,11001,0
"Dread Gladiator's Chain",1660,4164,63573,276,167,13301,0,1,7,80001,11002,0
"Dread Aspirant's Chain",1661,4164,60678,278,167,13303,1660,1,7,80001,10999,0
"7th Legionnaire's Chain",1662,4164,0,276,167,13448,1660,1,7,80001,11001,0
"Dread Gladiator's Plate",1663,35,63572,276,167,13301,0,1,7,80001,11002,0
"Dread Aspirant's Plate",1664,35,60681,278,167,13303,1663,1,7,80001,10999,0
"7th Legionnaire's Plate",1665,35,0,276,167,13448,1663,1,7,80001,11001,0
"Dread Gladiator's Vestment",1666,400,63571,280,167,13301,0,1,7,80001,11002,0
"Dread Aspirant's Vestment",1667,400,60675,282,167,13303,1666,1,7,80001,10999,0
"Honorbound Artificer's Vestment",1668,400,0,280,167,13448,1666,1,7,80001,11001,0
"Dread Gladiator's Leathers",1669,3592,63570,280,167,13301,0,1,7,80001,11002,0
"Dread Aspirant's Leathers",1670,3592,60677,282,167,13303,1669,1,7,80001,10999,0
"Honorbound Outrider's Leathers",1671,3592,0,280,167,13448,1669,1,7,80001,11001,0
"Dread Gladiator's Chain",1672,4164,63569,280,167,13301,0,1,7,80001,11002,0
"Dread Aspirant's Chain",1673,4164,60679,282,167,13303,1672,1,7,80001,10999,0
"Honorbound Vanguard's Chain",1674,4164,0,280,167,13448,1672,1,7,80001,11001,0
"Dread Gladiator's Plate",1675,35,63568,280,167,13301,0,1,7,80001,11002,0
"Dread Aspirant's Plate",1676,35,60682,282,167,13303,1675,1,7,80001,10999,0
"Honorbound Centurion's Plate",1677,35,0,280,167,13448,1675,1,7,80001,11001,0
"Heritage of the Dark Iron",1679,0,51483,6,208,0,0,1,0,80001,10,61660
"Heritage of the Warsong",1680,0,51484,10,208,0,0,1,0,80001,10,61661
"Heritage of the Blackrock",1681,0,51484,10,208,0,0,1,0,80001,10,61661
"Heritage of the Frostwolves",1682,0,51484,10,208,0,0,1,0,80001,10,61661
"Dread Gladiator's Vestment",1691,400,0,27,0,0,0,1,7,80001,11003,0
"Dread Gladiator's Vestment",1692,400,0,27,0,0,0,1,7,80001,11003,0
"Dread Gladiator's Vestment",1693,400,0,27,0,0,0,1,7,80001,11003,0
"Dread Gladiator's Vestment",1694,400,0,27,0,0,0,1,7,80001,11003,0
"Dread Gladiator's Vestment",1696,3592,0,27,0,0,0,1,7,80001,11003,0
"Dread Gladiator's Vestment",1698,3592,0,27,0,0,0,1,7,80001,11003,0
"Dread Gladiator's Vestment",1699,3592,0,27,0,0,0,1,7,80001,11003,0
"Dread Gladiator's Vestment",1701,4164,0,27,0,0,0,1,7,80001,11003,0
"Dread Gladiator's Vestment",1703,4164,0,27,0,0,0,1,7,80001,11003,0
"Dread Gladiator's Vestment",1704,4164,0,27,0,0,0,1,7,80001,11003,0
"Dread Gladiator's Vestment",1706,35,0,27,0,0,0,1,7,80001,11003,0
"Dread Gladiator's Vestment",1708,35,0,27,0,0,0,1,7,80001,11003,0
"Dread Gladiator's Vestment",1709,35,0,27,0,0,0,1,7,80001,11003,0
"Dread Gladiator's Vestment",1710,35,0,27,0,0,0,1,7,80001,11003,0
"Dread Gladiator's Vestment",1711,400,0,23,0,0,0,1,7,80001,11003,0
"Dread Gladiator's Vestment",1713,400,0,23,0,0,0,1,7,80001,11003,0
"Dread Gladiator's Vestment",1714,400,0,23,0,0,0,1,7,80001,11003,0
"Dread Gladiator's Vestment",1716,3592,0,23,0,0,0,1,7,80001,11003,0
"Dread Gladiator's Vestment",1718,3592,0,23,0,0,0,1,7,80001,11003,0
"Dread Gladiator's Vestment",1719,3592,0,23,0,0,0,1,7,80001,11003,0
"Dread Gladiator's Vestment",1721,4164,0,23,0,0,0,1,7,80001,11003,0
"Dread Gladiator's Vestment",1723,4164,0,23,0,0,0,1,7,80001,11003,0
"Dread Gladiator's Vestment",1724,4164,0,23,0,0,0,1,7,80001,11003,0
"Dread Gladiator's Vestment",1726,35,0,23,0,0,0,1,7,80001,11003,0
"Dread Gladiator's Vestment",1727,35,0,23,0,0,0,1,7,80001,11003,0
"Dread Gladiator's Vestment",1728,35,0,23,0,0,0,1,7,80001,11003,0
"Dread Gladiator's Vestment",1729,35,0,23,0,0,0,1,7,80001,11003,0
"Dread Gladiator's Vestment",1730,35,0,23,0,0,0,1,7,80001,11003,0
"Dread Gladiator's Plate",1731,35,0,282,167,3859,1675,1,7,80001,11003,0
"Dread Gladiator's Chain",1732,4164,0,282,167,3859,1672,1,7,80001,11003,0
"Dread Gladiator's Leathers",1733,3592,0,282,167,3859,1669,1,7,80001,11003,0
"Dread Gladiator's Vestment",1734,400,0,282,167,3859,1666,1,7,80001,11003,0
"Dread Gladiator's Plate",1735,35,0,278,167,3859,1663,1,7,80001,11003,0
"Dread Gladiator's Chain",1736,4164,0,278,167,3859,1660,1,7,80001,11003,0
"Dread Gladiator's Leathers",1737,3592,0,278,167,3859,1657,1,7,80001,11003,0
"Dread Gladiator's Vestment",1738,400,0,278,167,3859,1654,1,7,80001,11003,0
,1739,0,0,1,0,0,0,1,7,80001,1200,0
,1740,0,0,3,0,0,0,1,0,20001,200,0
"Heritage of Kul Tiras",1741,0,53722,6,208,0,0,1,0,80105,10,66693
"Heritage of the Zandalari",1742,0,53721,10,208,0,0,1,0,80105,10,64968
"Sinister Gladiator's Vestment",1743,400,0,27,0,0,0,1,7,80100,11103,0
"Sinister Gladiator's Vestment",1744,35,0,27,0,0,0,1,7,80100,11103,0
"Deathguard's Battleplate",1745,35,0,280,168,13448,0,1,7,80100,11101,0
"Sinister Aspirant's Plate",1746,35,60690,282,168,13303,1745,1,7,80100,11099,0
"Sinister Gladiator's Vestment",1747,35,0,27,0,0,0,1,7,80100,11103,0
"Sinister Gladiator's Vestment",1748,35,0,27,0,0,0,1,7,80100,11103,0
"Sinister Gladiator's Vestment",1749,35,0,27,0,0,0,1,7,80100,11103,0
"Sinister Gladiator's Plate",1750,35,0,282,168,3859,1745,1,7,80100,11103,0
"Sinister Gladiator's Plate",1751,35,63567,282,168,13301,1745,1,7,80100,11102,0
"Blightguard's Chains",1752,4164,0,280,168,13448,0,1,7,80100,11101,0
"Sinister Aspirant's Chain",1753,4164,60688,282,168,13303,1752,1,7,80100,11099,0
"Sinister Gladiator's Vestment",1754,4164,0,27,0,0,0,1,7,80100,11103,0
"Sinister Gladiator's Vestment",1755,4164,0,27,0,0,0,1,7,80100,11103,0
"Sinister Gladiator's Vestment",1756,4164,0,27,0,0,0,1,7,80100,11103,0
"Sinister Gladiator's Chain",1757,4164,0,282,168,3859,1752,1,7,80100,11103,0
"Sinister Gladiator's Chain",1758,4164,63566,282,168,13301,1752,1,7,80100,11102,0
"Deathstalker's Guise",1759,3592,0,280,168,13448,0,1,7,80100,11101,0
"Sinister Aspirant's Leathers",1760,3592,60686,282,168,13303,1759,1,7,80100,11099,0
"Sinister Gladiator's Vestment",1761,3592,0,27,0,0,0,1,7,80100,11103,0
"Sinister Gladiator's Vestment",1762,3592,0,27,0,0,0,1,7,80100,11103,0
"Sinister Gladiator's Vestment",1763,3592,0,27,0,0,0,1,7,80100,11103,0
"Sinister Gladiator's Leathers",1764,3592,0,282,168,3859,1759,1,7,80100,11103,0
"Sinister Gladiator's Leathers",1765,3592,63565,282,168,13301,1759,1,7,80100,11102,0
"Plaguebringer's Raiment",1766,400,0,280,168,13448,0,1,7,80100,11101,0
"Sinister Aspirant's Vestment",1767,400,60684,282,168,13303,1766,1,7,80100,11099,0
"Sinister Gladiator's Vestment",1768,400,0,27,0,0,0,1,7,80100,11103,0
"Sinister Gladiator's Vestment",1769,400,0,27,0,0,0,1,7,80100,11103,0
"Sinister Gladiator's Vestment",1770,400,0,27,0,0,0,1,7,80100,11103,0
"Sinister Gladiator's Vestment",1771,400,0,282,168,3859,1766,1,7,80100,11103,0
"Sinister Gladiator's Vestment",1772,400,63564,282,168,13301,1766,1,7,80100,11102,0
"Sinister Gladiator's Vestment",1773,35,0,23,0,0,0,1,7,80100,11103,0
"Sinister Gladiator's Vestment",1774,35,0,23,0,0,0,1,7,80100,11103,0
"Wardenguard's Battleplate",1775,35,0,276,168,13448,0,1,7,80100,11101,0
"Sinister Aspirant's Plate",1776,35,60689,278,168,13303,1775,1,7,80100,11099,0
"Sinister Gladiator's Vestment",1777,35,0,23,0,0,0,1,7,80100,11103,0
"Sinister Gladiator's Vestment",1778,35,0,23,0,0,0,1,7,80100,11103,0
"Sinister Gladiator's Vestment",1779,35,0,23,0,0,0,1,7,80100,11103,0
"Sinister Gladiator's Plate",1780,35,0,278,168,3859,1775,1,7,80100,11103,0
"Sinister Gladiator's Plate",1781,35,63563,278,168,13301,1775,1,7,80100,11102,0
"Kaldorei Archer's Chainmail",1782,4164,0,276,168,13448,0,1,7,80100,11101,0
"Sinister Aspirant's Chain",1783,4164,60687,278,168,13303,1782,1,7,80100,11099,0
"Sinister Gladiator's Vestment",1784,4164,0,23,0,0,0,1,7,80100,11103,0
"Sinister Gladiator's Vestment",1785,4164,0,23,0,0,0,1,7,80100,11103,0
"Sinister Gladiator's Vestment",1786,4164,0,23,0,0,0,1,7,80100,11103,0
"Sinister Gladiator's Chain",1787,4164,0,278,168,3859,1782,1,7,80100,11103,0
"Sinister Gladiator's Chain",1788,4164,63562,278,168,13301,1782,1,7,80100,11102,0
"Darkwood Sentinel's Guise",1789,3592,0,276,168,13448,0,1,7,80100,11101,0
"Sinister Aspirant's Leathers",1790,3592,60685,278,168,13303,1789,1,7,80100,11099,0
"Sinister Gladiator's Vestment",1791,3592,0,23,0,0,0,1,7,80100,11103,0
"Sinister Gladiator's Vestment",1792,3592,0,23,0,0,0,1,7,80100,11103,0
"Sinister Gladiator's Vestment",1793,3592,0,23,0,0,0,1,7,80100,11103,0
"Sinister Gladiator's Leathers",1794,3592,0,278,168,3859,1789,1,7,80100,11103,0
"Sinister Gladiator's Leathers",1795,3592,63561,278,168,13301,1789,1,7,80100,11102,0
"Moonpriest's Vestments",1796,400,0,276,168,13448,0,1,7,80100,11101,0
"Sinister Aspirant's Vestment",1797,400,60683,278,168,13303,1796,1,7,80100,11099,0
"Sinister Gladiator's Vestment",1798,400,0,23,0,0,0,1,7,80100,11103,0
"Sinister Gladiator's Vestment",1799,400,0,23,0,0,0,1,7,80100,11103,0
"Sinister Gladiator's Vestment",1800,400,0,23,0,0,0,1,7,80100,11103,0
"Sinister Gladiator's Vestment",1801,400,0,278,168,3859,1796,1,7,80100,11103,0
"Sinister Gladiator's Vestment",1802,400,63560,278,168,13301,1796,1,7,80100,11102,0
"Heritage of the Bronzebeard",1803,0,53846,2,208,0,0,1,0,80001,10,34465
"Heritage of the Sin'dorei",1804,0,93888,2,208,0,0,1,0,80001,10,47452
"Soul Reaper's Raiment",1806,400,0,512,169,13193,0,1,7,80001,11110,0
"Soul Reaper's Raiment",1807,400,0,512,169,1641,1806,1,7,80001,11109,0
"Soul Reaper's Raiment",1808,400,0,512,169,2015,1806,1,7,80001,11111,0
"Soul Reaper's Raiment",1809,400,0,0,169,13145,1806,1,7,80001,11112,0
"Boneblade Battlegear",1810,3592,0,512,169,13193,0,1,7,80001,11110,0
"Boneblade Battlegear",1811,3592,0,512,169,1641,1810,1,7,80001,11109,0
"Boneblade Battlegear",1812,3592,0,512,169,2015,1810,1,7,80001,11111,0
"Boneblade Battlegear",1813,3592,0,0,169,13145,1810,1,7,80001,11112,0
"Death-Devourer Vestments",1814,4164,0,512,169,13193,0,1,7,80001,11110,0
"Death-Devourer Vestments",1815,4164,0,512,169,1641,1814,1,7,80001,11109,0
"Death-Devourer Vestments",1816,4164,0,512,169,2015,1814,1,7,80001,11111,0
"Death-Devourer Vestments",1817,4164,0,0,169,13145,1814,1,7,80001,11112,0
"Gravelord's Direplate",1818,35,0,512,169,13193,0,1,7,80001,11110,0
"Gravelord's Direplate",1819,35,0,512,169,1641,1818,1,7,80001,11109,0
"Gravelord's Direplate",1820,35,0,512,169,2015,1818,1,7,80001,11111,0
"Gravelord's Direplate",1821,35,0,0,169,13145,1818,1,7,80001,11112,0
"Brawler's Garb",1822,0,55492,6,171,0,0,1,7,80105,10110,0
"Brawler's Garb",1823,0,55493,10,171,0,0,1,7,80105,10110,0
"Armor of the Amaranthine Path",1824,35,55559,2,60,0,0,1,1,20000,1150,0
"Chainmail of the Timeless Hunt",1825,4164,55566,2,60,0,0,1,1,20000,1150,0
"Restless Dreambound Battlegear",1826,3592,55572,2,60,0,0,1,1,20000,1150,0
"Tranquil Spiritbind Regalia",1827,400,55587,2,60,0,0,1,1,20000,1150,0
"Heritage of Gnomeregan",1828,0,54642,6,208,0,0,1,0,80200,10,33812
"Heritage of the Shu'halo",1829,0,54765,10,208,0,0,1,0,80200,10,40576
"Naga Lord's Warplate",1830,35,0,512,172,13193,0,1,7,80200,11110,0
"Queen's Guard Scalemail",1831,4164,0,512,172,13193,0,1,7,80200,11110,0
"Razorfin Regalia",1832,3592,0,512,172,13193,0,1,7,80200,11110,0
"Frilled Harbinger's Vestments",1833,400,0,512,172,13193,0,1,7,80200,11110,0
"Naga Lord's Warplate",1834,35,0,512,172,2015,1830,1,7,80200,11111,0
"Queen's Guard Scalemail",1835,4164,0,512,172,2015,1831,1,7,80200,11111,0
"Razorfin Regalia",1836,3592,0,512,172,2015,1832,1,7,80200,11111,0
"Frilled Harbinger's Vestments",1837,400,0,512,172,2015,1833,1,7,80200,11111,0
"Naga Lord's Warplate",1838,35,0,0,172,13145,1830,1,7,80200,11112,0
"Queen's Guard Scalemail",1839,4164,0,0,172,13145,1831,1,7,80200,11112,0
"Razorfin Regalia",1840,3592,0,0,172,13145,1832,1,7,80200,11112,0
"Frilled Harbinger's Vestments",1841,400,0,0,172,13145,1833,1,7,80200,11112,0
"Naga Lord's Warplate",1842,35,0,512,172,1641,1830,1,7,80200,11109,0
"Queen's Guard Scalemail",1843,4164,0,512,172,1641,1831,1,7,80200,11109,0
"Razorfin Regalia",1844,3592,0,512,172,1641,1832,1,7,80200,11109,0
"Frilled Harbinger's Vestments",1845,400,0,512,172,1641,1833,1,7,80200,11109,0
"Notorious Gladiator's Vestment",1846,400,63559,278,173,13301,0,1,7,80200,3600,0
"Notorious Gladiator's Vestment",1847,400,0,310,173,3859,1846,1,7,80200,3601,0
"Notorious Gladiator's Vestment",1848,400,0,23,0,0,0,1,7,80200,3600,0
"Notorious Gladiator's Vestment",1849,400,0,23,0,0,0,1,7,80200,3600,0
"Notorious Gladiator's Vestment",1850,400,0,23,0,0,0,1,7,80200,3600,0
"Notorious Aspirant's Vestment",1851,400,60691,278,173,13303,1846,1,7,80200,3250,0
"Notorious Gladiator's Leathers",1852,3592,63558,278,173,13301,0,1,7,80200,3600,0
"Notorious Gladiator's Leathers",1853,3592,0,310,173,3859,1852,1,7,80200,3601,0
"Notorious Gladiator's Leathers",1854,3592,0,23,0,0,0,1,7,80200,3600,0
"Notorious Gladiator's Leathers",1855,3592,0,23,0,0,0,1,7,80200,3600,0
"Notorious Gladiator's Leathers",1856,3592,0,23,0,0,0,1,7,80200,3600,0
"Notorious Aspirant's Leathers",1857,3592,60694,278,173,13303,1852,1,7,80200,3300,0
"Notorious Gladiator's Chain",1858,4164,63557,278,173,13301,0,1,7,80200,3600,0
"Notorious Gladiator's Chain",1859,4164,0,310,173,3859,1858,1,7,80200,3601,0
"Notorious Gladiator's Chain",1860,4164,0,23,0,0,0,1,7,80200,3600,0
"Notorious Gladiator's Chain",1861,4164,0,23,0,0,0,1,7,80200,3600,0
"Notorious Gladiator's Chain",1862,4164,0,23,0,0,0,1,7,80200,3600,0
"Notorious Aspirant's Chain",1863,4164,60696,278,173,13303,1858,1,7,80200,3300,0
"Notorious Gladiator's Plate",1864,35,63556,278,173,13301,0,1,7,80200,3600,0
"Notorious Gladiator's Plate",1865,35,0,310,173,3859,1864,1,7,80200,3601,0
"Notorious Gladiator's Plate",1866,35,0,23,0,0,0,1,7,80200,3600,0
"Notorious Gladiator's Plate",1867,35,0,23,0,0,0,1,7,80200,3600,0
"Notorious Gladiator's Plate",1868,35,0,23,0,0,0,1,7,80200,3600,0
"Notorious Aspirant's Plate",1869,35,60698,278,173,13303,1864,1,7,80200,3250,0
"Notorious Gladiator's Vestment",1870,0,0,23,0,0,0,1,7,80200,1200,0
"Notorious Gladiator's Vestment",1871,0,0,23,0,0,0,1,7,80200,1200,0
"Notorious Gladiator's Vestment",1872,0,0,27,0,0,0,1,7,80200,1200,0
"Notorious Gladiator's Vestment",1873,0,0,27,0,0,0,1,7,80200,1200,0
"Notorious Aspirant's Plate",1874,35,60699,282,173,13303,1879,1,7,80200,3300,0
"Notorious Gladiator's Plate",1875,35,0,27,0,0,0,1,7,80200,3600,0
"Notorious Gladiator's Plate",1876,35,0,27,0,0,0,1,7,80200,3600,0
"Notorious Gladiator's Plate",1877,35,0,27,0,0,0,1,7,80200,3600,0
"Notorious Gladiator's Plate",1878,35,0,314,173,3859,1879,1,7,80200,3601,0
"Notorious Gladiator's Plate",1879,35,63555,282,173,13301,0,1,7,80200,3600,0
"Notorious Aspirant's Chain",1880,4164,60697,282,173,13303,1885,1,7,80200,3250,0
"Notorious Gladiator's Chain",1881,4164,0,27,0,0,0,1,7,80200,3600,0
"Notorious Gladiator's Chain",1882,4164,0,27,0,0,0,1,7,80200,3600,0
"Notorious Gladiator's Chain",1883,4164,0,27,0,0,0,1,7,80200,3600,0
"Notorious Gladiator's Chain",1884,4164,0,314,173,3859,1885,1,7,80200,3601,0
"Notorious Gladiator's Chain",1885,4164,63554,282,173,13301,0,1,7,80200,3600,0
"Notorious Aspirant's Leathers",1886,3592,60695,282,173,13303,1891,1,7,80200,3300,0
"Notorious Gladiator's Leathers",1887,3592,0,27,0,0,0,1,7,80200,3600,0
"Notorious Gladiator's Leathers",1888,3592,0,27,0,0,0,1,7,80200,3600,0
"Notorious Gladiator's Leathers",1889,3592,0,27,0,0,0,1,7,80200,3600,0
"Notorious Gladiator's Leathers",1890,3592,0,314,173,3859,1891,1,7,80200,3601,0
"Notorious Gladiator's Leathers",1891,3592,63553,280,173,13301,0,1,7,80200,3600,0
"Notorious Aspirant's Vestment",1892,400,60692,282,173,13303,1897,1,7,80200,3250,0
"Notorious Gladiator's Vestment",1893,400,0,27,0,0,0,1,7,80200,3600,0
"Notorious Gladiator's Vestment",1894,400,0,27,0,0,0,1,7,80200,3600,0
"Notorious Gladiator's Vestment",1895,400,0,27,0,0,0,1,7,80200,3600,0
"Notorious Gladiator's Vestment",1896,400,0,314,173,3859,1897,1,7,80200,3601,0
"Notorious Gladiator's Vestment",1897,400,63552,282,173,13301,0,1,7,80200,3600,0
"Renowned Explorer's Attire",1902,0,0,2,174,0,0,1,7,80205,10,0
"Wendigo Woolies",1903,0,0,258,240,0,0,1,7,80205,10,0
"Battlegear of Valor",1904,1,0,3,0,0,0,1,0,80205,0,0
"Dreadmist Raiment",1905,256,0,3,0,0,0,1,0,80205,0,0
"The Elements",1906,64,0,3,0,0,0,1,0,80205,0,0
"Shadowcraft Armor",1907,8,0,3,0,0,0,1,0,80205,0,0
"Vestments of the Devout",1908,16,0,3,0,0,0,1,0,80205,0,0
"Lightforge Armor",1909,2,0,3,0,0,0,1,0,80205,0,0
"Magister's Regalia",1910,128,0,3,0,0,0,1,0,80205,0,0
"Beaststalker Armor",1911,4,0,3,0,0,0,1,0,80205,0,0
"Wildheart Raiment",1912,1024,0,3,0,0,0,1,0,80205,0,0
"Vestments of the Eternal Traveler",1913,0,57686,2,239,0,0,1,7,80205,10,0
"Sprite Darter's Wings",1914,0,0,258,238,0,0,1,7,80305,10,0
"Crown of Eternal Winter",1915,0,0,1,0,0,0,1,7,80205,10,0
"Jewel of the Firelord",1916,0,0,1,0,0,0,1,7,80205,10,0
"Hood of Hungering Darkness",1917,0,0,1,0,0,0,1,7,80205,10,0
"Corrupted Gladiator's Vestment",1944,0,0,23,0,0,0,1,7,80300,1200,0
"Corrupted Gladiator's Vestment",1945,0,0,23,0,0,0,1,7,80300,1200,0
"Corrupted Gladiator's Plate",1947,35,0,27,0,0,0,1,7,80300,3600,0
"Corrupted Gladiator's Plate",1948,35,0,27,0,0,0,1,7,80300,3600,0
"Corrupted Gladiator's Plate",1949,35,0,23,0,0,0,1,7,80300,3600,0
"Corrupted Gladiator's Plate",1950,35,0,278,175,3859,1951,1,7,80300,3601,0
"Corrupted Gladiator's Plate",1951,35,60706,272,175,13301,0,1,7,80300,3600,0
"Corrupted Gladiator's Chain",1953,4164,0,23,0,0,0,1,7,80300,3600,0
"Corrupted Gladiator's Chain",1954,4164,0,23,0,0,0,1,7,80300,3600,0
"Corrupted Gladiator's Chain",1955,4164,0,27,0,0,0,1,7,80300,3600,0
"Corrupted Gladiator's Chain",1956,4164,0,278,175,3859,1957,1,7,80300,3601,0
"Corrupted Gladiator's Chain",1957,4164,60704,272,175,13301,0,1,7,80300,3600,0
"Corrupted Gladiator's Leathers",1959,3592,0,27,0,0,0,1,7,80300,3600,0
"Corrupted Gladiator's Leathers",1960,3592,0,27,0,0,0,1,7,80300,3600,0
"Corrupted Gladiator's Leathers",1961,3592,0,27,0,0,0,1,7,80300,3600,0
"Corrupted Gladiator's Leathers",1962,3592,0,278,175,3859,1963,1,7,80300,3601,0
"Corrupted Gladiator's Leathers",1963,3592,60702,272,175,13301,0,1,7,80300,3600,0
"Corrupted Gladiator's Vestment",1965,400,0,27,0,0,0,1,7,80300,3600,0
"Corrupted Gladiator's Vestment",1966,400,0,27,0,0,0,1,7,80300,3600,0
"Corrupted Gladiator's Vestment",1967,400,0,23,0,0,0,1,7,80300,3600,0
"Corrupted Gladiator's Vestment",1968,400,0,278,175,3859,1969,1,7,80300,3601,0
"Corrupted Gladiator's Vestment",1969,400,60700,272,175,13301,0,1,7,80300,3600,0
"Corrupted Gladiator's Vestment",1970,0,0,27,0,0,0,1,7,80300,1200,0
"Corrupted Gladiator's Vestment",1971,0,0,27,0,0,0,1,7,80300,1200,0
"Corrupted Gladiator's Plate",1972,35,0,282,175,3859,1951,1,7,80300,3601,0
"Corrupted Gladiator's Chain",1973,4164,0,282,175,3859,1957,1,7,80300,3601,0
"Corrupted Gladiator's Leathers",1974,3592,0,282,175,3859,1963,1,7,80300,3601,0
"Corrupted Gladiator's Vestment",1975,400,0,282,175,3859,1969,1,7,80300,3601,0
"Heritage of Gilneas",1976,0,54990,6,208,0,0,1,0,80300,10,47456
"Heritage of Kezan",1977,0,57080,10,208,0,0,1,0,80305,10,34466
"Zeppelin Pilot's Helmet",1978,0,57080,11,0,0,0,1,0,80305,10,0
"Heritage of the Mechagnome",1980,0,58436,6,208,0,0,1,0,80305,10,74394
"Heritage of the Vulpera",1981,0,58435,10,208,0,0,1,0,80305,10,74393
"Cosmic Aberration's Plate",1982,35,0,512,176,13193,0,1,7,80305,4301,0
"Cosmic Aberration's Plate",1983,35,0,512,176,1641,1982,1,7,80305,4300,0
"Cosmic Aberration's Plate",1984,35,0,512,176,2015,1982,1,7,80305,4302,0
"Cosmic Aberration's Plate",1985,35,0,0,176,13145,1982,1,7,80305,4303,0
"Lurking Defiler's Scalemail",1986,4164,0,512,176,13193,0,1,7,80305,4301,0
"Lurking Defiler's Scalemail",1987,4164,0,512,176,1641,1986,1,7,80305,4300,0
"Lurking Defiler's Scalemail",1988,4164,0,512,176,2015,1986,1,7,80305,4302,0
"Lurking Defiler's Scalemail",1989,4164,0,0,176,13145,1986,1,7,80305,4303,0
"Treacherous Schemer's Leathers",1990,3592,0,512,176,13193,0,1,7,80305,4301,0
"Treacherous Schemer's Leathers",1991,3592,0,512,176,1641,1990,1,7,80305,4300,0
"Treacherous Schemer's Leathers",1992,3592,0,512,176,2015,1990,1,7,80305,4302,0
"Treacherous Schemer's Leathers",1993,3592,0,0,176,13145,1990,1,7,80305,4303,0
"Oblivion Cultist's Robes",1994,400,0,512,176,13193,0,1,7,80305,4301,0
"Oblivion Cultist's Robes",1995,400,0,512,176,1641,1994,1,7,80305,4300,0
"Oblivion Cultist's Robes",1996,400,0,512,176,2015,1994,1,7,80305,4302,0
"Oblivion Cultist's Robes",1997,400,0,0,176,13145,1994,1,7,80305,4303,0
"Renowned Explorer's Attire",1998,0,0,3,174,0,0,1,7,80205,10,0
"Renowned Explorer's Attire",1999,0,0,3,174,0,0,1,7,80205,10,0
"Corrupted Gladiator's Leathers",2002,3592,0,23,0,0,0,1,7,80300,3600,0
"Corrupted Gladiator's Vestment",2003,400,0,27,0,0,0,1,7,80300,3600,0
"Corrupted Gladiator's Vestment",2004,400,0,23,0,0,0,1,7,80300,3600,0
"Corrupted Gladiator's Vestment",2005,400,0,23,0,0,0,1,7,80300,3600,0
"Corrupted Gladiator's Leathers",2006,3592,0,23,0,0,0,1,7,80300,3600,0
"Corrupted Gladiator's Chain",2007,4164,0,23,0,0,0,1,7,80300,3600,0
"Corrupted Gladiator's Chain",2008,4164,0,27,0,0,0,1,7,80300,3600,0
"Corrupted Gladiator's Chain",2009,4164,0,27,0,0,0,1,7,80300,3600,0
"Corrupted Gladiator's Plate",2010,35,0,27,0,0,0,1,7,80300,3600,0
"Corrupted Gladiator's Plate",2011,35,0,23,0,0,0,1,7,80300,3600,0
"Corrupted Gladiator's Plate",2012,35,0,23,0,0,0,1,7,80300,3600,0
"Corrupted Gladiator's Leathers",2013,3592,0,23,0,0,0,1,7,80300,3600,0
"Vestments of the Selfless",2015,400,60595,0,181,13590,0,1,8,90001,3600,93647
"Vestments of the Harmonious",2016,400,60595,0,181,13591,2015,1,8,90001,3600,93647
"Vestments of the Reverent",2017,400,60595,0,181,13813,2015,1,8,90001,3600,93647
"Vestments of the Discordant",2018,400,63018,0,181,13813,2015,1,8,90001,3600,93647
"Garb of the Selfless",2019,3592,60595,0,181,13590,0,1,8,90001,3600,93647
"Garb of the Harmonious",2020,3592,60595,0,181,13591,2019,1,8,90001,3600,93647
"Garb of the Reverent",2021,3592,60595,0,181,13813,2019,1,8,90001,3600,93647
"Garb of the Discordant",2022,3592,63019,0,181,13813,2019,1,8,90001,3600,93647
"Chain of the Selfless",2023,4164,60595,0,181,13590,0,1,8,90001,3600,93647
"Chain of the Discordant",2024,4164,63020,0,181,13813,2023,1,8,90001,3600,93647
"Chain of the Harmonious",2025,4164,60595,0,181,13591,2023,1,8,90001,3600,93647
"Chain of the Reverent",2026,4164,60595,0,181,13813,2023,1,8,90001,3600,93647
"Warplate of the Reverent",2027,35,60595,0,181,13813,2029,1,8,90001,3600,93647
"Warplate of the Discordant",2028,35,63021,0,181,13813,2029,1,8,90001,3600,93647
"Warplate of the Selfless",2029,35,60595,0,181,13590,0,1,8,90001,3600,93647
"Warplate of the Harmonious",2030,35,60595,0,181,13591,2029,1,8,90001,3600,93647
"Rationale of Maldraxxus",2031,400,62005,0,180,13591,2032,1,8,90001,3600,93648
"Wisdom of Maldraxxus",2032,400,62009,0,180,13590,0,1,8,90001,3600,93648
"Mind of Maldraxxus",2033,400,62037,0,180,13595,2032,1,8,90001,3600,93648
"Horror of Maldraxxus",2034,400,62014,0,180,13594,2032,1,8,90001,3600,93648
"Sight of Maldraxxus",2035,3592,62008,0,180,13590,0,1,8,90001,3600,93648
"Guile of Maldraxxus",2036,3592,62004,0,180,13591,2035,1,8,90001,3600,93648
"Warflesh of Maldraxxus",2037,3592,62013,0,180,13594,2035,1,8,90001,3600,93648
"Zeal of Maldraxxus",2038,3592,62036,0,180,13595,2035,1,8,90001,3600,93648
"Heart of Maldraxxus",2039,4164,62028,0,180,13595,2041,1,8,90001,3600,93648
"Shambler of Maldraxxus",2040,4164,62012,0,180,13594,2041,1,8,90001,3600,93648
"Will of Maldraxxus",2041,4164,62007,0,180,13590,0,1,8,90001,3600,93648
"Alacrity of Maldraxxus",2042,4164,62003,0,180,13591,2041,1,8,90001,3600,93648
"Might of Maldraxxus",2043,35,62006,0,180,13590,0,1,8,90001,3600,93648
"Authority of Maldraxxus",2044,35,62002,0,180,13591,2043,1,8,90001,3600,93648
"Abomination of Maldraxxus",2045,35,62011,0,180,13594,2043,1,8,90001,3600,93648
"Mettle of Maldraxxus",2046,35,62015,0,180,13595,2043,1,8,90001,3600,93648
"Faewoven Regalia",2047,400,61901,0,178,13590,0,1,8,90001,3600,93649
"Night Courtier's Regalia",2048,400,61907,0,178,13591,2047,1,8,90001,3601,93649
"Conservator's Regalia",2049,400,61911,256,178,13592,2047,1,8,90001,3602,93649
"Winterborn Regalia",2050,400,61915,256,178,13787,2047,1,8,90001,3603,93649
"Oakheart Raiment",2051,3592,61901,0,178,13590,0,1,8,90001,3600,93649
"Conservator's Raiment",2052,3592,61910,256,178,13592,2051,1,8,90001,3602,93649
"Winterborn Raiment",2053,3592,61914,256,178,13787,2051,1,8,90001,3603,93649
"Night Courtier's Raiment",2054,3592,61906,0,178,13591,2051,1,8,90001,3601,93649
"Runewarden's Guise",2055,4164,61902,0,178,13590,0,1,8,90001,3600,93649
"Conservator's Guise",2056,4164,61909,256,178,13592,2055,1,8,90001,3602,93649
"Night Courtier's Guise",2057,4164,61905,0,178,13591,2055,1,8,90001,3601,93649
"Winterborn Guise",2058,4164,61913,256,178,13787,2055,1,8,90001,3603,93649
"Queensguard Warbark",2059,35,61903,0,178,13590,0,1,8,90001,3600,93649
"Night Courtier's Warbark",2060,35,61904,0,178,13591,2059,1,8,90001,3601,93649
"Winterborn Warbark",2061,35,61912,0,178,13787,2059,1,8,90001,3603,93649
"Conservator's Warbark",2062,35,61908,0,178,13592,2059,1,8,90001,3602,93649
"Soulbreaker's Crimson Vestments",2063,400,62039,0,179,13591,2066,1,8,90001,3600,93650
"Soulbreaker's Burnished Vestments",2064,400,62034,0,179,13596,2066,1,8,90001,3600,93650
"Soulbreaker's Court Vestments",2065,400,62035,0,179,13584,2066,1,8,90001,3600,93650
"Soulbreaker's Ebony Vestments",2066,400,62033,0,179,13590,0,1,8,90001,3600,93650
"Crimson Death Shroud Armor",2067,3592,62032,0,179,13591,2070,1,8,90001,3600,93650
"Court Death Shroud Armor",2068,3592,62031,0,179,13584,2070,1,8,90001,3601,93650
"Burnished Death Shroud Armor",2069,3592,62030,0,179,13596,2070,1,8,90001,3602,93650
"Ebony Death Shroud Armor",2070,3592,62029,0,179,13590,0,1,8,90001,3603,93650
"Fearstalker's Ebony Battlegear",2071,4164,62024,0,179,13590,0,1,8,90001,3600,93650
"Fearstalker's Court Battlegear",2072,4164,62026,0,179,13584,2071,1,8,90001,3600,93650
"Fearstalker's Burnished Battlegear",2073,4164,62025,0,179,13596,2071,1,8,90001,3600,93650
"Fearstalker's Crimson Battlegear",2074,4164,62027,0,179,13591,2071,1,8,90001,3600,93650
"Dread Sentinel's Ebony Battleplate",2075,35,62016,0,179,13590,0,1,8,90001,3600,93650
"Dread Sentinel's Burnished Battleplate",2076,35,62022,0,179,13596,2075,1,8,90001,3600,93650
"Dread Sentinel's Court Battleplate",2077,35,62018,0,179,13584,2075,1,8,90001,3600,93650
"Dread Sentinel's Crimson Battleplate",2078,35,62021,0,179,13591,2075,1,8,90001,3600,93650
"9.0 Exile's Reach Weapons Recolor 1",2080,0,62040,3,0,0,0,1,8,90001,1550,0
"9.0 Exile's Reach Weapons Recolor 2",2081,0,62040,3,0,0,0,1,8,90001,1550,0
"9.0 Exile's Reach Weapons Recolor 3",2082,0,62040,3,0,0,0,1,8,90001,1550,0
"9.0 Exile's Reach Weapons Recolor 4",2083,0,62040,3,0,0,0,1,8,90001,1550,0
"Night Courtier's Bulb",2084,0,62410,3,0,0,0,1,8,90001,1550,93649
"Night Courtier's Pack",2085,0,62412,3,0,0,0,1,8,90001,1550,93649
"Night Courtier's Regalia",2086,400,0,65,0,0,0,1,8,90001,3601,93649
"Night Courtier's Regalia",2087,400,0,65,0,0,0,1,8,90001,3601,93649
"Night Courtier's Regalia",2089,400,0,65,0,0,0,1,8,90001,3601,93649
"Night Courtier's Raiment",2090,3592,0,65,0,0,0,1,8,90001,3601,93649
"Night Courtier's Raiment",2091,3592,0,65,0,0,0,1,8,90001,3601,93649
"Night Courtier's Raiment",2092,3592,0,65,0,0,0,1,8,90001,3601,93649
"Night Courtier's Guise",2093,4164,0,65,0,0,0,1,8,90001,3601,93649
"Night Courtier's Guise",2094,4164,0,65,0,0,0,1,8,90001,3601,93649
"Night Courtier's Guise",2095,4164,0,65,0,0,0,1,8,90001,3601,93649
"Night Courtier's Warbark",2096,35,0,65,0,0,0,1,8,90001,3601,93649
"Night Courtier's Warbark",2097,35,0,65,0,0,0,1,8,90001,3601,93649
"Night Courtier's Warbark",2098,35,0,65,0,0,0,1,8,90001,3601,93649
"Soulbreaker's Crimson Vestments",2099,400,0,65,0,0,0,1,8,90001,3600,93650
"Soulbreaker's Crimson Vestments",2100,400,0,65,0,0,0,1,8,90001,3600,93650
"Soulbreaker's Crimson Vestments",2101,400,0,65,0,0,0,1,8,90001,3600,93650
"Crimson Death Shroud Armor",2102,3592,0,65,0,0,0,1,8,90001,3600,93650
"Crimson Death Shroud Armor",2103,3592,0,65,0,0,0,1,8,90001,3600,93650
"Crimson Death Shroud Armor",2104,3592,0,65,0,0,0,1,8,90001,3600,93650
"Fearstalker's Crimson Battlegear",2105,4164,0,65,0,0,0,1,8,90001,3600,93650
"Fearstalker's Crimson Battlegear",2106,4164,0,65,0,0,0,1,8,90001,3600,93650
"Fearstalker's Crimson Battlegear",2107,4164,0,65,0,0,0,1,8,90001,3600,93650
"Dread Sentinel's Crimson Battleplate",2108,35,0,65,0,0,0,1,8,90001,3600,93650
"Dread Sentinel's Crimson Battleplate",2109,35,0,65,0,0,0,1,8,90001,3600,93650
"Dread Sentinel's Crimson Battleplate",2110,35,0,65,0,0,0,1,8,90001,3600,93650
"Rationale of Maldraxxus",2111,400,0,65,0,0,0,1,8,90001,3600,93648
"Rationale of Maldraxxus",2112,400,0,65,0,0,0,1,8,90001,3600,93648
"Rationale of Maldraxxus",2113,400,0,65,0,0,0,1,8,90001,3600,93648
"Guile of Maldraxxus",2114,3592,0,65,0,0,0,1,8,90001,3600,93648
"Guile of Maldraxxus",2115,3592,0,65,0,0,0,1,8,90001,3600,93648
"Guile of Maldraxxus",2116,3592,0,65,0,0,0,1,8,90001,3600,93648
"Alacrity of Maldraxxus",2117,4164,0,65,0,0,0,1,8,90001,3600,93648
"Alacrity of Maldraxxus",2118,4164,0,65,0,0,0,1,8,90001,3600,93648
"Alacrity of Maldraxxus",2119,4164,0,65,0,0,0,1,8,90001,3600,93648
"Authority of Maldraxxus",2120,35,0,65,0,0,0,1,8,90001,3600,93648
"Authority of Maldraxxus",2121,35,0,65,0,0,0,1,8,90001,3600,93648
"Authority of Maldraxxus",2122,35,0,65,0,0,0,1,8,90001,3600,93648
"Winterborn Weapons",2123,0,62806,1,0,0,0,1,8,0,3700,0
"Vestments of the Harmonious",2124,400,0,65,0,0,0,1,8,90001,3600,93647
"Vestments of the Harmonious",2125,400,0,65,0,0,0,1,8,90001,3600,93647
"Vestments of the Harmonious",2126,400,0,65,0,0,0,1,8,90001,3600,93647
"Garb of the Harmonious",2127,3592,0,65,0,0,0,1,8,90001,3600,93647
"Garb of the Harmonious",2128,3592,0,65,0,0,0,1,8,90001,3600,93647
"Garb of the Harmonious",2129,3592,0,65,0,0,0,1,8,90001,3600,93647
"Chain of the Harmonious",2130,4164,0,65,0,0,0,1,8,90001,3600,93647
"Chain of the Harmonious",2131,4164,0,65,0,0,0,1,8,90001,3600,93647
"Chain of the Harmonious",2132,4164,0,65,0,0,0,1,8,90001,3600,93647
"Warplate of the Harmonious",2133,35,0,65,0,0,0,1,8,90001,3600,93647
"Warplate of the Harmonious",2134,35,0,65,0,0,0,1,8,90001,3600,93647
"Warplate of the Harmonious",2135,35,0,65,0,0,0,1,8,90001,3600,93647
"Sinful Gladiator's Vestment",2136,0,0,19,0,0,0,1,8,90002,1550,0
"Sinful Gladiator's Vestment",2137,0,0,19,0,0,0,1,8,90002,10,0
"Sinful Gladiator's Vestment",2138,400,0,19,0,0,0,1,8,90002,1950,0
"Sinful Gladiator's Vestment",2139,400,0,19,0,0,0,1,8,90002,1950,0
"Sinful Gladiator's Vestment",2140,400,0,19,0,0,0,1,8,90002,1950,0
"Sinful Gladiator's Leathers",2141,3592,0,19,0,0,0,1,8,90002,1950,0
"Sinful Gladiator's Leathers",2142,3592,0,19,0,0,0,1,8,90002,1950,0
"Sinful Gladiator's Leathers",2143,3592,0,19,0,0,0,1,8,90002,1950,0
"Sinful Gladiator's Chain",2144,4164,0,19,0,0,0,1,8,90002,1950,0
"Sinful Gladiator's Chain",2145,4164,0,19,0,0,0,1,8,90002,1950,0
"Sinful Gladiator's Chain",2146,4164,0,19,0,0,0,1,8,90002,1950,0
"Sinful Gladiator's Plate",2147,35,0,19,0,0,0,1,8,90002,1950,0
"Sinful Gladiator's Plate",2148,35,0,19,0,0,0,1,8,90002,1950,0
"Sinful Gladiator's Plate",2149,35,0,19,0,0,0,1,8,90002,1950,0
"Grand Sentinel's Greatplate",2150,35,0,512,183,13193,0,1,8,90002,200,0
"Grand Sentinel's Greatplate",2151,35,0,512,183,1641,2150,1,8,90002,100,0
"Grand Sentinel's Greatplate",2152,35,0,512,183,2015,2150,1,8,90002,300,0
"Grand Sentinel's Greatplate",2153,35,0,0,183,13145,2150,1,8,90002,400,0
"Inexorable Castigator's Guise",2154,4164,0,512,183,13193,0,1,8,90002,200,0
"Inexorable Castigator's Guise",2155,4164,0,512,183,1641,2154,1,8,90002,100,0
"Inexorable Castigator's Guise",2156,4164,0,512,183,2015,2154,1,8,90002,300,0
"Inexorable Castigator's Guise",2157,4164,0,0,183,13145,2154,1,8,90002,400,0
"Depraved Beguiler's Visage",2158,400,0,512,183,13193,0,1,8,90002,200,0
"Depraved Beguiler's Visage",2159,400,0,512,183,1641,2158,1,8,90002,100,0
"Depraved Beguiler's Visage",2160,400,0,512,183,2015,2158,1,8,90002,300,0
"Depraved Beguiler's Visage",2161,400,0,0,183,13145,2158,1,8,90002,400,0
"Sin Slayer's Leathers",2162,3592,0,512,183,13193,0,1,8,90002,200,0
"Sin Slayer's Leathers",2163,3592,0,512,183,1641,2162,1,8,90002,100,0
"Sin Slayer's Leathers",2164,3592,0,512,183,2015,2162,1,8,90002,300,0
"Sin Slayer's Leathers",2165,3592,0,0,183,13145,2162,1,8,90002,400,0
"Sinful Gladiator's Vestment",2166,400,0,274,182,3859,2170,1,8,90002,300,0
"Sinful Gladiator's Leathers",2167,3592,0,274,182,3859,2171,1,8,90002,300,0
"Sinful Gladiator's Chain",2168,4164,0,274,182,3859,2172,1,8,90002,300,0
"Sinful Gladiator's Plate",2169,35,0,274,182,3859,2173,1,8,90002,300,0
"Sinful Gladiator's Vestment",2170,400,74241,272,182,13301,0,1,8,90002,200,0
"Sinful Gladiator's Leathers",2171,3592,74247,272,182,13301,0,1,8,90002,200,0
"Sinful Gladiator's Chain",2172,4164,74245,272,182,13301,0,1,8,90002,200,0
"Sinful Gladiator's Plate",2173,35,74243,272,182,13301,0,1,8,90002,200,0
"Sinful Aspirant's Vestment",2174,400,74248,272,182,13303,2170,1,8,90002,100,0
"Sinful Aspirant's Leathers",2175,3592,74246,272,182,13303,2171,1,8,90002,100,0
"Sinful Aspirant's Chain",2176,4164,74244,272,182,13303,2172,1,8,90002,100,0
"Sinful Aspirant's Plate",2177,35,74242,272,182,13303,2173,1,8,90002,100,0
"Stitchmasters' Weapons",2178,0,62901,1,0,0,0,1,8,90002,1670,93648
"Doubt's Weapon Cache",2179,0,62989,1,0,0,0,1,8,90002,1670,0
"Wisdom's Weapon Cache",2180,0,62990,1,0,0,0,1,8,90002,1670,0
"Reverent Aspirant's Weaponry",2181,0,62994,1,0,0,0,1,8,90002,1670,0
"Dread Gladiator's Arsenal",2184,0,63223,277,0,0,0,1,8,90002,580,0
"Dread Gladiator's Arsenal",2185,0,63224,281,0,0,0,1,8,90002,580,0
"Dread Aspirant's Arsenal",2186,0,63227,277,0,0,0,1,8,90002,580,0
"Dread Aspirant's Arsenal",2187,0,63226,281,0,0,0,1,8,90002,580,0
"Sinister Aspirant's Arsenal",2188,0,63551,283,0,0,0,1,8,90002,600,0
"Sinister Aspirant's Arsenal",2189,0,63550,279,0,0,0,1,8,90002,600,0
"Sinister Gladiator's Arsenal",2190,0,63549,283,0,0,0,1,8,90002,600,0
"Sinister Gladiator's Arsenal",2191,0,63548,279,0,0,0,1,8,90002,600,0
"Notorious Aspirant's Arsenal",2192,0,63230,281,0,0,0,1,8,90002,600,0
"Notorious Aspirant's Arsenal",2193,0,63229,277,0,0,0,1,8,90002,600,0
"Notorious Gladiator's Arsenal",2194,0,63232,281,0,0,0,1,8,90002,600,0
"Notorious Gladiator's Arsenal",2195,0,63231,277,0,0,0,1,8,90002,600,0
"Corrupted Aspirant's Arsenal",2196,0,63233,277,0,0,0,1,8,90002,600,0
"Corrupted Aspirant's Arsenal",2197,0,63234,281,0,0,0,1,8,90002,600,0
"Corrupted Gladiator's Arsenal",2198,0,63236,277,0,0,0,1,8,90002,600,0
"Corrupted Gladiator's Arsenal",2199,0,63235,281,0,0,0,1,8,90002,600,0
"Celestial Observer's Ensemble",2200,0,0,258,237,0,0,1,8,90100,10,0
"Dark Iron Weapons",2201,0,63536,1,0,0,0,1,8,0,3700,0
"Garb of the Azure Dusk",2202,0,63595,0,184,13859,2205,1,8,90100,10,93649
"Garb of the Twilight Grove",2203,0,63596,0,184,13850,2205,1,8,90100,10,93649
"Garb of Fall's Promise",2204,0,63597,0,184,13849,2205,1,8,90100,10,93649
"Garb of Pure Spirit",2205,0,63598,0,184,13591,0,1,8,90100,10,93649
"Battlefield Messenger's Regalia",2206,0,63599,256,185,13849,2208,1,8,90100,10,93647
"Forsworn Aspirant's Regalia",2207,0,63600,256,185,13850,2208,1,8,90100,10,93647
"Aspiring Aspirant's Regalia",2208,0,63601,256,185,13591,0,1,8,90100,10,93647
"Devoted Aspirant's Regalia",2209,0,63602,256,185,13859,2208,1,8,90100,10,93647
"Frontline Necromancer's Vestments",2210,0,63626,0,186,13849,2212,1,8,90100,10,93648
"Marileth's Assistant's Vestments",2211,0,63627,0,186,13859,2212,1,8,90100,10,93648
"Initiate's Necromantle Vestments",2212,0,63628,0,186,13591,0,1,8,90100,10,93648
"Rogue Necromancer's Vestments",2213,0,63629,0,186,13850,2212,1,8,90100,10,93648
"Harvester's Court Attire",2214,0,63630,0,187,13591,0,1,8,90100,10,93650
"Renathal's Battlefield Attire",2215,0,63631,0,187,13849,2214,1,8,90100,10,93650
"Radiant Court Attire",2216,0,63632,0,187,13850,2214,1,8,90100,10,93650
"Sinful Venthyr Attire",2217,0,63633,0,187,13859,2214,1,8,90100,10,93650
"Court Inquisitor's Vestments",2218,0,63634,0,188,13591,0,1,8,90100,10,93650
"Renathal's Field Inquisitor's Vestments",2219,0,63635,0,188,13849,2218,1,8,90100,10,93650
"Redeemed Inquisitor's Vestments",2220,0,63636,0,188,13850,2218,1,8,90100,10,93650
"Sinful Inquisitor's Vestments",2221,0,63637,0,188,13859,2218,1,8,90100,10,93650
"Unchained Gladiator's Vestment",2224,400,74256,272,189,13301,0,1,8,90100,2000,0
"Unchained Gladiator's Leathers",2225,3592,74254,272,189,13301,0,1,8,90100,2000,0
"Unchained Gladiator's Chain",2226,4164,74252,272,189,13301,0,1,8,90100,2000,0
"Unchained Gladiator's Plate",2227,35,74250,272,189,13301,0,1,8,90100,2000,0
"Unchained Gladiator's Vestment",2228,400,0,274,189,3859,2224,1,8,90100,2000,0
"Unchained Gladiator's Leathers",2229,3592,0,274,189,3859,2225,1,8,90100,2000,0
"Unchained Gladiator's Chain",2230,4164,0,274,189,3859,2226,1,8,90100,2000,0
"Unchained Gladiator's Plate",2231,35,0,274,189,3859,2227,1,8,90100,2000,0
"Unchained Gladiator's Vestment",2232,0,0,19,0,0,0,1,8,90100,1550,0
"Unchained Gladiator's Vestment",2233,0,0,19,0,0,0,1,8,90100,10,0
"Unchained Gladiator's Vestment",2234,400,0,19,0,0,0,1,8,90100,2000,0
"Unchained Gladiator's Vestment",2235,400,0,19,0,0,0,1,8,90100,2000,0
"Unchained Gladiator's Vestment",2236,400,0,19,0,0,0,1,8,90100,2000,0
"Unchained Gladiator's Leathers",2237,3592,0,19,0,0,0,1,8,90100,2000,0
"Unchained Gladiator's Leathers",2238,3592,0,19,0,0,0,1,8,90100,2000,0
"Unchained Gladiator's Leathers",2239,3592,0,19,0,0,0,1,8,90100,2000,0
"Unchained Gladiator's Chain",2240,4164,0,19,0,0,0,1,8,90100,2000,0
"Unchained Gladiator's Chain",2241,4164,0,19,0,0,0,1,8,90100,2000,0
"Unchained Gladiator's Chain",2242,4164,0,19,0,0,0,1,8,90100,2000,0
"Unchained Gladiator's Plate",2243,35,0,19,0,0,0,1,8,90100,2000,0
"Unchained Gladiator's Plate",2244,35,0,19,0,0,0,1,8,90100,2000,0
"Unchained Gladiator's Plate",2245,35,0,19,0,0,0,1,8,90100,2000,0
"Unchained Aspirant's Vestment",2246,400,74255,272,189,13303,2224,1,8,90100,1580,0
"Unchained Aspirant's Leathers",2247,3592,74253,272,189,13303,2225,1,8,90100,1580,0
"Unchained Aspirant's Chain",2248,4164,74251,272,189,13303,2226,1,8,90100,1580,0
"Unchained Aspirant's Plate",2249,35,74249,272,189,13303,2227,1,8,90100,1580,0
"Soulforged Dreadplate",2250,35,0,512,190,13193,0,1,8,90100,2261,0
"Soulforged Dreadplate",2251,35,0,512,190,1641,2250,1,8,90100,2260,0
"Soulforged Dreadplate",2252,35,0,512,190,2015,2250,1,8,90100,2262,0
"Soulforged Dreadplate",2253,35,0,0,190,13145,2250,1,8,90100,2263,0
"Tower Ascendant's Battlegear",2254,4164,0,512,190,13193,0,1,8,90100,2261,0
"Tower Ascendant's Battlegear",2255,4164,0,512,190,1641,2254,1,8,90100,2260,0
"Tower Ascendant's Battlegear",2256,4164,0,512,190,2015,2254,1,8,90100,2262,0
"Tower Ascendant's Battlegear",2257,4164,0,0,190,13145,2254,1,8,90100,2263,0
"Sanctum Assailant's Trappings",2258,3592,0,512,190,13193,0,1,8,90100,2261,0
"Sanctum Assailant's Trappings",2259,3592,0,512,190,1641,2258,1,8,90100,2260,0
"Sanctum Assailant's Trappings",2260,3592,0,512,190,2015,2258,1,8,90100,2262,0
"Sanctum Assailant's Trappings",2261,3592,0,0,190,13145,2258,1,8,90100,2263,0
"Dark Supplicant's Garb",2262,400,0,512,190,13193,0,1,8,90100,2261,0
"Dark Supplicant's Garb",2263,400,0,512,190,1641,2262,1,8,90100,2260,0
"Dark Supplicant's Garb",2264,400,0,512,190,2015,2262,1,8,90100,2262,0
"Dark Supplicant's Garb",2265,400,0,0,190,13145,2262,1,8,90100,2263,0
"Unchained Gladiator's Vestment",2267,400,0,19,0,0,0,1,8,90100,2000,0
"Unchained Gladiator's Vestment",2268,400,0,19,0,0,0,1,8,90100,2000,0
"Unchained Gladiator's Vestment",2269,400,0,19,0,0,0,1,8,90100,2000,0
"Unchained Gladiator's Vestment",2270,400,0,19,0,0,0,1,8,90100,2000,0
"Unchained Gladiator's Vestment",2271,400,0,19,0,0,0,1,8,90100,2000,0
"Unchained Gladiator's Vestment",2272,400,0,19,0,0,0,1,8,90100,2000,0
"Unchained Gladiator's Leathers",2273,3592,0,19,0,0,0,1,8,90100,2000,0
"Unchained Gladiator's Leathers",2274,3592,0,19,0,0,0,1,8,90100,2000,0
"Unchained Gladiator's Leathers",2275,3592,0,19,0,0,0,1,8,90100,2000,0
"Unchained Gladiator's Leathers",2276,3592,0,19,0,0,0,1,8,90100,2000,0
"Unchained Gladiator's Leathers",2277,3592,0,19,0,0,0,1,8,90100,2000,0
"Unchained Gladiator's Leathers",2278,3592,0,19,0,0,0,1,8,90100,2000,0
"Unchained Gladiator's Chain",2279,4164,0,19,0,0,0,1,8,90100,2000,0
"Unchained Gladiator's Chain",2280,4164,0,19,0,0,0,1,8,90100,2000,0
"Unchained Gladiator's Chain",2281,4164,0,19,0,0,0,1,8,90100,2000,0
"Unchained Gladiator's Chain",2282,4164,0,19,0,0,0,1,8,90100,2000,0
"Unchained Gladiator's Chain",2283,4164,0,19,0,0,0,1,8,90100,2000,0
"Unchained Gladiator's Chain",2284,4164,0,19,0,0,0,1,8,90100,2000,0
"Unchained Gladiator's Plate",2285,35,0,19,0,0,0,1,8,90100,2000,0
"Unchained Gladiator's Plate",2286,35,0,19,0,0,0,1,8,90100,2000,0
"Unchained Gladiator's Plate",2287,35,0,19,0,0,0,1,8,90100,2000,0
"Unchained Gladiator's Plate",2288,35,0,19,0,0,0,1,8,90100,2000,0
"Unchained Gladiator's Plate",2289,35,0,19,0,0,0,1,8,90100,2000,0
"Unchained Gladiator's Plate",2290,35,0,19,0,0,0,1,8,90100,2000,0
"Baby Murloc Satch-Shells",2291,0,0,131,0,0,0,1,8,90105,10,0
"Ravencrest's Battleplate",2292,35,65176,2,349,0,0,1,8,90105,1640,0
"Wings of Awakening",2293,0,0,387,0,0,0,1,8,90105,10,0
"Gravewarden Armaments",2294,32,64923,2,56,13216,1337,1,6,90105,8904,0
"Demonbane Armor",2295,2048,64924,2,56,13216,1333,1,6,90105,8904,0
"Stormheart Raiment",2296,1024,64925,2,56,13216,1329,1,6,90105,8904,0
"Wildstalker Armor",2297,4,64926,2,56,13216,1325,1,6,90105,8904,0
"Regalia of the Arcane Tempest",2298,128,64927,2,56,13216,1321,1,6,90105,8904,0
"Xuen's Battlegear",2299,512,64928,2,56,13216,1317,1,6,90105,8904,0
"Radiant Lightbringer Armor",2300,2,64929,2,56,13216,1313,1,6,90105,8904,0
"Vestments of Blind Absolution",2301,16,64930,2,56,13216,1309,1,6,90105,8904,0
"Fanged Slayer's Armor",2302,8,64931,2,56,13216,1305,1,6,90105,8904,0
"Regalia of the Skybreaker",2303,64,64932,2,56,13216,1301,1,6,90105,8904,0
"Diabolic Raiment",2304,256,64933,2,56,13216,1297,1,6,90105,8904,0
"Titanic Onslaught Armor",2305,1,64934,2,56,13216,1293,1,6,90105,8904,0
"Stormheart Raiment",2310,1024,64925,3,0,0,0,1,6,90105,8904,0
"Vestments of Blind Absolution",2312,16,64930,3,0,0,0,1,6,90105,8904,0
"Regalia of the Skybreaker",2313,64,64932,3,0,0,0,1,6,90105,8904,0
"Diabolic Raiment",2314,256,64933,3,0,0,0,1,6,90105,8904,0
"Cosmic Aspirant's Vestment",2316,400,0,275,191,13303,0,1,8,90200,1580,0
"Cosmic Aspirant's Leathers",2317,3592,0,275,191,13303,0,1,8,90200,1580,0
"Cosmic Aspirant's Chain",2318,4164,0,275,191,13303,0,1,8,90200,1580,0
"Cosmic Aspirant's Plate",2319,35,0,275,191,13303,0,1,8,90200,1580,0
"Fel-Automaton Exoplate",2320,35,65502,2,198,0,0,1,5,100005,1640,0
"Vestment of the Honored Valarjar",2321,400,65533,2,47,13978,171,1,6,0,8554,0
"Blades of Elune",2322,0,65568,1,198,0,0,1,8,90002,1670,0
"Twisted Arcanum Regalia",2323,400,65569,2,198,0,0,1,6,100005,1640,0
"Vagabond's Midnight Threads",2324,0,65570,67,0,0,0,1,8,0,1640,0
"Cosmic Gladiator's Vestment",2325,0,0,19,0,0,0,1,8,90200,10,0
"Wanderer's Midnight Trappings",2326,0,65648,67,0,0,0,1,8,0,1640,0
"Darkmoon Harlequin's Bells",2327,0,65671,2,198,0,0,1,9,0,1640,0
"Vagabond's Violet Threads",2328,0,65672,67,0,0,0,1,8,0,1640,0
"Wanderer's Violet Trappings",2329,0,65673,67,0,0,0,1,8,0,1640,0
"Trapper's Munitions",2330,4,65675,67,0,0,0,1,8,0,1640,0
"Chains of the Honored Valarjar",2331,4164,65676,2,47,13978,179,1,6,100005,8554,0
"Vagabond's Azure Threads",2332,0,65678,67,0,0,0,1,8,0,1640,0
"Wanderer's Azure Trappings",2333,0,65677,67,0,0,0,1,8,0,1640,0
"Battlewraps of the Honored Valarjar",2334,3592,65696,2,47,13978,175,1,6,100005,8554,0
"Cosmic Gladiator's Prestigious Cloak",2335,0,0,19,0,0,0,1,8,90200,1550,0
"Weapons of Glorious Domination",2336,0,65715,3,0,0,0,1,8,90200,9050,0
"Barkbinds of the Archdruid's Nightmare",2337,3592,65716,322,321,0,0,1,6,70000,7000,0
"Slumbering Caldera Regalia",2338,4164,65718,2,198,0,0,1,3,100005,10,0
"Bones of the Bloodhunter",2339,0,65719,2,198,0,0,1,9,0,1640,0
"Swashbuckling Buccaneer's Slops",2340,0,65720,2,252,14140,0,1,9,0,1640,0
"Wanderer's Crimson Trappings",2341,0,65721,67,0,0,0,1,8,0,1640,0
"Vagabond's Crimson Threads",2342,0,65723,67,0,0,0,1,8,0,1640,0
"Battleplate of the Honored Valarjar",2343,35,65734,2,47,13978,183,1,6,0,8554,0
"Wanderer's Snowy Trappings",2344,0,65736,67,0,0,0,1,8,0,1640,0
"Vagabond's Snowy Threads",2345,0,65737,67,0,0,0,1,8,0,1640,0
"Dashing Buccaneer's Slops",2346,0,65738,2,252,14141,2340,1,9,0,1640,0
"Ruby Felfire Armaments",2347,0,65740,1,0,0,0,1,8,90002,1670,0
"The First Eidolon's Soulsteel",2348,32,0,512,192,13193,0,1,8,90200,2521,0
"The First Eidolon's Soulsteel",2349,32,0,512,192,1641,2348,1,8,90200,2520,0
"The First Eidolon's Soulsteel",2350,32,0,512,192,2015,2348,1,8,90200,2522,0
"The First Eidolon's Soulsteel",2351,32,0,0,192,13145,2348,1,8,90200,2523,0
"Cosmic Gladiator's Dreadplate Armor",2352,32,0,275,191,13301,0,1,8,90200,2520,0
"Cosmic Gladiator's Dreadplate Armor",2353,32,0,275,191,3859,2352,1,8,90200,2521,0
"Mercurial Punisher's Painweave",2354,2048,0,512,192,13193,0,1,8,90200,2521,0
"Mercurial Punisher's Painweave",2355,2048,0,512,192,1641,2354,1,8,90200,2520,0
"Mercurial Punisher's Painweave",2356,2048,0,512,192,2015,2354,1,8,90200,2522,0
"Mercurial Punisher's Painweave",2357,2048,0,0,192,13145,2354,1,8,90200,2523,0
"Cosmic Gladiator's Felskin Armor",2358,2048,0,275,191,13301,0,1,8,90200,2520,0
"Cosmic Gladiator's Felskin Armor",2359,2048,0,275,191,3859,2358,1,8,90200,2521,0
"Tapestry of the Fixed Stars",2360,1024,0,512,192,13193,0,1,8,90200,2521,0
"Tapestry of the Fixed Stars",2361,1024,0,512,192,1641,2360,1,8,90200,2520,0
"Tapestry of the Fixed Stars",2362,1024,0,512,192,2015,2360,1,8,90200,2522,0
"Tapestry of the Fixed Stars",2363,1024,0,0,192,13145,2360,1,8,90200,2523,0
"Cosmic Gladiator's Dragonhide Armor",2364,1024,0,275,191,13301,0,1,8,90200,2520,0
"Cosmic Gladiator's Dragonhide Armor",2365,1024,0,275,191,3859,2364,1,8,90200,2521,0
"Godstalker's Battlegear",2366,4,0,512,192,13193,0,1,8,90200,2521,0
"Godstalker's Battlegear",2367,4,0,512,192,1641,2366,1,8,90200,2520,0
"Godstalker's Battlegear",2368,4,0,512,192,2015,2366,1,8,90200,2522,0
"Godstalker's Battlegear",2369,4,0,0,192,13145,2366,1,8,90200,2523,0
"Cosmic Gladiator's Chain Armor",2370,4,0,275,191,13301,0,1,8,90200,2520,0
"Cosmic Gladiator's Chain Armor",2371,4,0,275,191,3859,2370,1,8,90200,2521,0
"Erudite Occultist's Vestments",2372,128,0,512,192,13193,0,1,8,90200,2521,0
"Erudite Occultist's Vestments",2373,128,0,512,192,1641,2372,1,8,90200,2520,0
"Erudite Occultist's Vestments",2374,128,0,512,192,2015,2372,1,8,90200,2522,0
"Erudite Occultist's Vestments",2375,128,0,0,192,13145,2372,1,8,90200,2523,0
"Cosmic Gladiator's Silk Armor",2376,128,0,275,191,13301,0,1,8,90200,2520,0
"Cosmic Gladiator's Silk Armor",2377,128,0,275,191,3859,2376,1,8,90200,2521,0
"Garb of the Grand Upwelling",2378,512,0,512,192,13193,0,1,8,90200,2521,0
"Garb of the Grand Upwelling",2379,512,0,512,192,1641,2378,1,8,90200,2520,0
"Garb of the Grand Upwelling",2380,512,0,512,192,2015,2378,1,8,90200,2522,0
"Garb of the Grand Upwelling",2381,512,0,0,192,13145,2378,1,8,90200,2523,0
"Cosmic Gladiator's Ironskin Armor",2382,512,0,275,191,13301,0,1,8,90200,2520,0
"Cosmic Gladiator's Ironskin Armor",2383,512,0,275,191,3859,2382,1,8,90200,2521,0
"Luminous Chevalier's Gallantry",2384,2,0,512,192,13193,0,1,8,90200,2521,0
"Luminous Chevalier's Gallantry",2385,2,0,512,192,1641,2384,1,8,90200,2520,0
"Luminous Chevalier's Gallantry",2386,2,0,512,192,2015,2384,1,8,90200,2522,0
"Luminous Chevalier's Gallantry",2387,2,0,0,192,13145,2384,1,8,90200,2523,0
"Cosmic Gladiator's Scaled Armor",2388,2,0,275,191,13301,0,1,8,90200,2520,0
"Cosmic Gladiator's Scaled Armor",2389,2,0,275,191,3859,2388,1,8,90200,2521,0
"Habiliments of the Empyrean",2390,16,0,512,192,13193,0,1,8,90200,2521,0
"Habiliments of the Empyrean",2391,16,0,512,192,1641,2390,1,8,90200,2520,0
"Habiliments of the Empyrean",2392,16,0,512,192,2015,2390,1,8,90200,2522,0
"Habiliments of the Empyrean",2393,16,0,0,192,13145,2390,1,8,90200,2523,0
"Cosmic Gladiator's Satin Armor",2394,16,0,275,191,13301,0,1,8,90200,2520,0
"Cosmic Gladiator's Satin Armor",2395,16,0,275,191,3859,2394,1,8,90200,2521,0
"Soulblade Shadowhide",2396,8,0,512,192,13193,0,1,8,90200,2521,0
"Soulblade Shadowhide",2397,8,0,512,192,1641,2396,1,8,90200,2520,0
"Soulblade Shadowhide",2398,8,0,512,192,2015,2396,1,8,90200,2522,0
"Soulblade Shadowhide",2399,8,0,0,192,13145,2396,1,8,90200,2523,0
"Cosmic Gladiator's Leather Armor",2400,8,0,275,191,13301,0,1,8,90200,2520,0
"Cosmic Gladiator's Leather Armor",2401,8,0,275,191,3859,2400,1,8,90200,2521,0
"Theurgic Starspeaker's Regalia",2402,64,0,512,192,13193,0,1,8,90200,2521,0
"Theurgic Starspeaker's Regalia",2403,64,0,512,192,1641,2402,1,8,90200,2520,0
"Theurgic Starspeaker's Regalia",2404,64,0,512,192,2015,2402,1,8,90200,2522,0
"Theurgic Starspeaker's Regalia",2405,64,0,0,192,13145,2402,1,8,90200,2523,0
"Cosmic Gladiator's Ringmail Armor",2406,64,0,275,191,13301,0,1,8,90200,2520,0
"Cosmic Gladiator's Ringmail Armor",2407,64,0,275,191,3859,2406,1,8,90200,2521,0
"Shroud of the Demon Star",2408,256,0,512,192,13193,0,1,8,90200,2521,0
"Shroud of the Demon Star",2409,256,0,512,192,1641,2408,1,8,90200,2520,0
"Shroud of the Demon Star",2410,256,0,512,192,2015,2408,1,8,90200,2522,0
"Shroud of the Demon Star",2411,256,0,0,192,13145,2408,1,8,90200,2523,0
"Cosmic Gladiator's Felweave Armor",2412,256,0,275,191,13301,0,1,8,90200,2520,0
"Cosmic Gladiator's Felweave Armor",2413,256,0,275,191,3859,2412,1,8,90200,2521,0
"Armaments of the Infinite Infantry",2414,1,0,512,192,13193,0,1,8,90200,2521,0
"Armaments of the Infinite Infantry",2415,1,0,512,192,1641,2414,1,8,90200,2520,0
"Armaments of the Infinite Infantry",2416,1,0,512,192,2015,2414,1,8,90200,2522,0
"Armaments of the Infinite Infantry",2417,1,0,0,192,13145,2414,1,8,90200,2523,0
"Cosmic Gladiator's Plate Armor",2418,1,0,275,191,13301,0,1,8,90200,2520,0
"Cosmic Gladiator's Plate Armor",2419,1,0,275,191,3859,2418,1,8,90200,2521,0
"Cosmic Gladiator's Dreadplate Armor",2420,32,0,19,0,0,0,1,8,90200,2000,0
"Cosmic Gladiator's Dreadplate Armor",2421,32,0,19,0,0,0,1,8,90200,2000,0
"Cosmic Gladiator's Dreadplate Armor",2422,32,0,19,0,0,0,1,8,90200,2000,0
"Cosmic Gladiator's Dreadplate Armor",2423,32,0,19,0,0,0,1,8,90200,2000,0
"Cosmic Gladiator's Dreadplate Armor",2424,32,0,19,0,0,0,1,8,90200,2000,0
"Cosmic Gladiator's Felskin Armor",2425,2048,0,19,0,0,0,1,8,90200,2000,0
"Cosmic Gladiator's Felskin Armor",2426,2048,0,19,0,0,0,1,8,90200,2000,0
"Cosmic Gladiator's Felskin Armor",2427,2048,0,19,0,0,0,1,8,90200,2000,0
"Cosmic Gladiator's Felskin Armor",2428,2048,0,19,0,0,0,1,8,90200,2000,0
"Cosmic Gladiator's Felskin Armor",2429,2048,0,19,0,0,0,1,8,90200,2000,0
"Cosmic Gladiator's Dragonhide Armor",2430,1024,0,19,0,0,0,1,8,90200,2000,0
"Cosmic Gladiator's Dragonhide Armor",2431,1024,0,19,0,0,0,1,8,90200,2000,0
"Cosmic Gladiator's Dragonhide Armor",2432,1024,0,19,0,0,0,1,8,90200,2000,0
"Cosmic Gladiator's Dragonhide Armor",2433,1024,0,19,0,0,0,1,8,90200,2000,0
"Cosmic Gladiator's Dragonhide Armor",2434,1024,0,19,0,0,0,1,8,90200,2000,0
"Cosmic Gladiator's Chain Armor",2435,4,0,19,0,0,0,1,8,90200,2000,0
"Cosmic Gladiator's Chain Armor",2436,4,0,19,0,0,0,1,8,90200,2000,0
"Cosmic Gladiator's Chain Armor",2437,4,0,19,0,0,0,1,8,90200,2000,0
"Cosmic Gladiator's Chain Armor",2438,4,0,19,0,0,0,1,8,90200,2000,0
"Cosmic Gladiator's Chain Armor",2439,4,0,19,0,0,0,1,8,90200,2000,0
"Cosmic Gladiator's Silk Armor",2440,128,0,19,0,0,0,1,8,90200,2000,0
"Cosmic Gladiator's Silk Armor",2441,128,0,19,0,0,0,1,8,90200,2000,0
"Cosmic Gladiator's Silk Armor",2442,128,0,19,0,0,0,1,8,90200,2000,0
"Cosmic Gladiator's Silk Armor",2443,128,0,19,0,0,0,1,8,90200,2000,0
"Cosmic Gladiator's Silk Armor",2444,128,0,19,0,0,0,1,8,90200,2000,0
"Cosmic Gladiator's Ironskin Armor",2445,512,0,19,0,0,0,1,8,90200,2000,0
"Cosmic Gladiator's Ironskin Armor",2446,512,0,19,0,0,0,1,8,90200,2000,0
"Cosmic Gladiator's Ironskin Armor",2447,512,0,19,0,0,0,1,8,90200,2000,0
"Cosmic Gladiator's Ironskin Armor",2448,512,0,19,0,0,0,1,8,90200,2000,0
"Cosmic Gladiator's Ironskin Armor",2449,512,0,19,0,0,0,1,8,90200,2000,0
"Cosmic Gladiator's Scaled Armor",2450,2,0,19,0,0,0,1,8,90200,2000,0
"Cosmic Gladiator's Scaled Armor",2451,2,0,19,0,0,0,1,8,90200,2000,0
"Cosmic Gladiator's Scaled Armor",2452,2,0,19,0,0,0,1,8,90200,2000,0
"Cosmic Gladiator's Scaled Armor",2453,2,0,19,0,0,0,1,8,90200,2000,0
"Cosmic Gladiator's Scaled Armor",2454,2,0,19,0,0,0,1,8,90200,2000,0
"Cosmic Gladiator's Satin Armor",2455,16,0,19,0,0,0,1,8,90200,2000,0
"Cosmic Gladiator's Satin Armor",2456,16,0,19,0,0,0,1,8,90200,2000,0
"Cosmic Gladiator's Satin Armor",2457,16,0,19,0,0,0,1,8,90200,2000,0
"Cosmic Gladiator's Satin Armor",2458,16,0,19,0,0,0,1,8,90200,2000,0
"Cosmic Gladiator's Satin Armor",2459,16,0,19,0,0,0,1,8,90200,2000,0
"Cosmic Gladiator's Leather Armor",2460,8,0,19,0,0,0,1,8,90200,2000,0
"Cosmic Gladiator's Leather Armor",2461,8,0,19,0,0,0,1,8,90200,2000,0
"Cosmic Gladiator's Leather Armor",2462,8,0,19,0,0,0,1,8,90200,2000,0
"Cosmic Gladiator's Leather Armor",2463,8,0,19,0,0,0,1,8,90200,2000,0
"Cosmic Gladiator's Leather Armor",2464,8,0,19,0,0,0,1,8,90200,2000,0
"Cosmic Gladiator's Ringmail Armor",2465,64,0,19,0,0,0,1,8,90200,2000,0
"Cosmic Gladiator's Ringmail Armor",2466,64,0,19,0,0,0,1,8,90200,2000,0
"Cosmic Gladiator's Ringmail Armor",2467,64,0,19,0,0,0,1,8,90200,2000,0
"Cosmic Gladiator's Ringmail Armor",2468,64,0,19,0,0,0,1,8,90200,2000,0
"Cosmic Gladiator's Ringmail Armor",2469,64,0,19,0,0,0,1,8,90200,2000,0
"Cosmic Gladiator's Felweave Armor",2470,256,0,19,0,0,0,1,8,90200,2000,0
"Cosmic Gladiator's Felweave Armor",2471,256,0,19,0,0,0,1,8,90200,2000,0
"Cosmic Gladiator's Felweave Armor",2472,256,0,19,0,0,0,1,8,90200,2000,0
"Cosmic Gladiator's Felweave Armor",2473,256,0,19,0,0,0,1,8,90200,2000,0
"Cosmic Gladiator's Felweave Armor",2474,256,0,19,0,0,0,1,8,90200,2000,0
"Cosmic Gladiator's Plate Armor",2475,1,0,19,0,0,0,1,8,90200,2000,0
"Cosmic Gladiator's Plate Armor",2476,1,0,19,0,0,0,1,8,90200,2000,0
"Cosmic Gladiator's Plate Armor",2477,1,0,19,0,0,0,1,8,90200,2000,0
"Cosmic Gladiator's Plate Armor",2478,1,0,19,0,0,0,1,8,90200,2000,0
"Cosmic Gladiator's Plate Armor",2479,1,0,19,0,0,0,1,8,90200,2000,0
"Blood Knight's Dedication",2481,2,66280,256,347,0,0,1,8,90205,10,95684
"Fireplume Regalia",2482,0,0,258,236,0,0,1,8,90205,10,0
"Lavaforge Arsenal",2483,0,66302,3,0,0,0,1,8,90205,10,0
"Dark Ranger's Attire",2484,4,66309,0,350,0,0,1,8,90205,10,42890
"Dracthyr Battlegear",2485,0,66371,3,0,0,0,1,9,100000,2000,0
"Cosmic Gladiator's Prestigious Cloak",2486,0,0,19,0,0,0,1,8,90200,1550,0
"Cosmic Gladiator's Vestment",2487,0,0,19,0,0,0,1,8,90200,10,0
"Diadem of the Spell-Keeper",2488,0,0,131,0,0,0,1,8,90105,10,0
"Renowned Expeditioner's Cloth Armor",2489,400,70315,0,203,13591,2689,1,9,100000,10000,0
"Renowned Expeditioner's Leather Armor",2490,3592,70316,0,203,13591,2685,1,9,100000,10000,0
"Renowned Expeditioner's Mail Armor",2491,4164,70317,0,203,13591,2692,1,9,100000,10000,0
"Renowned Expeditioner's Plate Armor",2492,35,70318,0,203,13591,2697,1,9,100000,10000,0
"Eternal Gladiator's Dreadplate Armor",2498,32,74268,272,193,13301,0,1,8,90200,2520,0
"Eternal Gladiator's Felskin Armor",2504,2048,74267,272,193,13301,0,1,8,90200,2520,0
"Eternal Gladiator's Dragonhide Armor",2510,1024,74266,272,193,13301,0,1,8,90200,2520,0
"Eternal Gladiator's Chain Armor",2516,4,74265,272,193,13301,0,1,8,90200,2520,0
"Eternal Gladiator's Silk Armor",2522,128,74264,272,193,13301,0,1,8,90200,2520,0
"Eternal Gladiator's Ironskin Armor",2528,512,74263,272,193,13301,0,1,8,90200,2520,0
"Eternal Gladiator's Scaled Armor",2534,2,74262,272,193,13301,0,1,8,90200,2520,0
"Eternal Gladiator's Satin Armor",2540,16,74261,272,193,13301,0,1,8,90200,2520,0
"Eternal Gladiator's Leather Armor",2546,8,74260,272,193,13301,0,1,8,90200,2520,0
"Eternal Gladiator's Ringmail Armor",2552,64,74259,272,193,13301,0,1,8,90200,2520,0
"Eternal Gladiator's Felweave Armor",2558,256,74258,272,193,13301,0,1,8,90200,2520,0
"Eternal Gladiator's Plate Armor",2564,1,74257,272,193,13301,0,1,8,90200,2520,0
"Eternal Aspirant's Vestment",2565,400,74272,272,193,13303,0,1,8,90200,1580,0
"Eternal Aspirant's Leathers",2566,3592,74271,272,193,13303,0,1,8,90200,1580,0
"Eternal Aspirant's Chain",2567,4164,74270,272,193,13303,0,1,8,90200,1580,0
"Eternal Aspirant's Plate",2568,35,74269,272,193,13303,0,1,8,90200,1580,0
"Eternal Gladiator's Dreadplate Armor",2569,32,0,274,193,3859,2498,1,8,90200,2521,0
"Eternal Gladiator's Felskin Armor",2570,2048,0,274,193,3859,2504,1,8,90200,2521,0
"Eternal Gladiator's Dragonhide Armor",2571,1024,0,274,193,3859,2510,1,8,90200,2521,0
"Eternal Gladiator's Chain Armor",2572,4,0,274,193,3859,2516,1,8,90200,2521,0
"Eternal Gladiator's Silk Armor",2573,128,0,274,193,3859,2522,1,8,90200,2521,0
"Eternal Gladiator's Ironskin Armor",2574,512,0,274,193,3859,2528,1,8,90200,2521,0
"Eternal Gladiator's Scaled Armor",2575,2,0,274,193,3859,2534,1,8,90200,2521,0
"Eternal Gladiator's Satin Armor",2576,16,0,274,193,3859,2540,1,8,90200,2521,0
"Eternal Gladiator's Leather Armor",2577,8,0,274,193,3859,2546,1,8,90200,2521,0
"Eternal Gladiator's Ringmail Armor",2578,64,0,274,193,3859,2552,1,8,90200,2521,0
"Eternal Gladiator's Felweave Armor",2579,256,0,274,193,3859,2558,1,8,90200,2521,0
"Eternal Gladiator's Plate Armor",2580,1,0,274,193,3859,2564,1,8,90200,2521,0
"Spiked Crimson Spaulders",2581,0,73863,3,0,0,0,1,9,100002,10,0
"Crimson Valdrakken Clothing",2582,0,70755,0,194,13965,0,1,9,100000,10150,0
"Bronze Valdrakken Clothing",2583,0,70758,0,194,13964,2582,1,9,100000,10150,0
"Black Valdrakken Clothing",2584,0,70756,0,194,13966,2582,1,9,100000,10150,0
"Azure Valdrakken Clothing",2585,0,70757,0,194,13967,2582,1,9,100000,10150,0
"Green Valdrakken Clothing",2586,0,70759,0,194,13968,2582,1,9,100000,10150,0
"Tuskarr Trader's Garb",2587,3592,70804,0,202,13591,2681,1,9,100000,10100,0
"Haunted Frostbrood Remains",2601,32,0,512,195,13193,0,1,9,100000,10501,0
"Skybound Avenger's Flightwear",2602,2048,0,512,195,13193,0,1,9,100000,10501,0
"Lost Landcaller's Vesture",2603,1024,0,512,195,13193,0,1,9,100000,10501,0
"Scales of the Awakened",2604,4096,0,512,195,13193,0,1,9,100000,10501,0
"Stormwing Harrier's Camouflage",2605,4,0,512,195,13193,0,1,9,100000,10501,0
"Bindings of the Crystal Scholar",2606,128,0,512,195,13193,0,1,9,100000,10501,0
"Wrappings of the Waking Fist",2607,512,0,512,195,13193,0,1,9,100000,10501,0
"Virtuous Silver Cataphract",2608,2,0,512,195,13193,0,1,9,100000,10501,0
"Draconic Hierophant's Finery",2609,16,0,512,195,13193,0,1,9,100000,10501,0
"Vault Delver's Toolkit",2610,8,0,512,195,13193,0,1,9,100000,10501,0
"Elements of Infused Earth",2611,64,0,512,195,13193,0,1,9,100000,10501,0
"Scalesworn Cultist's Habit",2612,256,0,512,195,13193,0,1,9,100000,10501,0
"Stones of the Walking Mountain",2613,1,0,512,195,13193,0,1,9,100000,10501,0
"Haunted Frostbrood Remains",2614,32,0,512,195,2015,2601,1,9,100000,10502,0
"Haunted Frostbrood Remains",2615,32,0,0,195,13145,2601,1,9,100000,10503,0
"Haunted Frostbrood Remains",2616,32,0,512,195,1641,2601,1,9,100000,10500,0
"Skybound Avenger's Flightwear",2617,2048,0,512,195,2015,2602,1,9,100000,10502,0
"Skybound Avenger's Flightwear",2618,2048,0,0,195,13145,2602,1,9,100000,10503,0
"Skybound Avenger's Flightwear",2619,2048,0,512,195,1641,2602,1,9,100000,10500,0
"Lost Landcaller's Vesture",2620,1024,0,512,195,2015,2603,1,9,100000,10502,0
"Lost Landcaller's Vesture",2621,1024,0,0,195,13145,2603,1,9,100000,10503,0
"Lost Landcaller's Vesture",2622,1024,0,512,195,1641,2603,1,9,100000,10500,0
"Scales of the Awakened",2623,4096,0,512,195,2015,2604,1,9,100000,10502,0
"Scales of the Awakened",2624,4096,0,0,195,13145,2604,1,9,100000,10503,0
"Scales of the Awakened",2625,4096,0,512,195,1641,2604,1,9,100000,10500,0
"Stormwing Harrier's Camouflage",2626,4,0,512,195,2015,2605,1,9,100000,10502,0
"Stormwing Harrier's Camouflage",2627,4,0,0,195,13145,2605,1,9,100000,10503,0
"Stormwing Harrier's Camouflage",2628,4,0,512,195,1641,2605,1,9,100000,10500,0
"Bindings of the Crystal Scholar",2629,128,0,512,195,2015,2606,1,9,100000,10502,0
"Bindings of the Crystal Scholar",2630,128,0,0,195,13145,2606,1,9,100000,10503,0
"Bindings of the Crystal Scholar",2631,128,0,512,195,1641,2606,1,9,100000,10500,0
"Wrappings of the Waking Fist",2632,512,0,512,195,2015,2607,1,9,100000,10502,0
"Wrappings of the Waking Fist",2633,512,0,0,195,13145,2607,1,9,100000,10503,0
"Wrappings of the Waking Fist",2634,512,0,512,195,1641,2607,1,9,100000,10500,0
"Virtuous Silver Cataphract",2635,2,0,512,195,2015,2608,1,9,100000,10502,0
"Virtuous Silver Cataphract",2636,2,0,0,195,13145,2608,1,9,100000,10503,0
"Virtuous Silver Cataphract",2637,2,0,512,195,1641,2608,1,9,100000,10500,0
"Draconic Hierophant's Finery",2638,16,0,512,195,2015,2609,1,9,100000,10502,0
"Draconic Hierophant's Finery",2639,16,0,0,195,13145,2609,1,9,100000,10503,0
"Draconic Hierophant's Finery",2640,16,0,512,195,1641,2609,1,9,100000,10500,0
"Vault Delver's Toolkit",2641,8,0,512,195,2015,2610,1,9,100000,10502,0
"Vault Delver's Toolkit",2642,8,0,0,195,13145,2610,1,9,100000,10503,0
"Vault Delver's Toolkit",2643,8,0,512,195,1641,2610,1,9,100000,10500,0
"Elements of Infused Earth",2644,64,0,512,195,2015,2611,1,9,100000,10502,0
"Elements of Infused Earth",2645,64,0,0,195,13145,2611,1,9,100000,10503,0
"Elements of Infused Earth",2646,64,0,512,195,1641,2611,1,9,100000,10500,0
"Scalesworn Cultist's Habit",2647,256,0,512,195,2015,2612,1,9,100000,10502,0
"Scalesworn Cultist's Habit",2648,256,0,0,195,13145,2612,1,9,100000,10503,0
"Scalesworn Cultist's Habit",2649,256,0,512,195,1641,2612,1,9,100000,10500,0
"Stones of the Walking Mountain",2650,1,0,512,195,2015,2613,1,9,100000,10502,0
"Stones of the Walking Mountain",2651,1,0,0,195,13145,2613,1,9,100000,10503,0
"Stones of the Walking Mountain",2652,1,0,512,195,1641,2613,1,9,100000,10500,0
"Community Feast Ladle",2653,0,72066,1,0,0,0,1,9,100000,10,0
"Glorious Dragonrider's Mail",2654,4164,72070,2,198,0,0,1,6,70100,10,0
"Corrupted Runelord's Regalia",2655,400,72080,2,198,0,0,1,6,100005,1640,0
"Dream Defender's Emerald Guardplate",2656,35,72081,322,321,0,0,1,6,100005,1000,0
"Sylvan Stalker's Leathers",2657,3592,72082,2,198,0,0,1,6,100005,10,0
"Tidecaller's Scales",2658,4164,72086,322,321,0,0,1,6,100005,1000,0
"Void-Bound Raiment",2659,400,72087,3,198,0,0,1,6,100005,1640,0
"Void-Bound Battlegear",2660,3592,72088,3,198,0,0,1,6,100005,10,0
"Raging Tempest",2661,400,0,0,199,13979,0,1,9,100000,10200,0
Drakebreaker,2662,400,0,0,199,13980,2661,1,9,100000,10200,0
"Raging Tempest",2663,4164,0,0,199,13979,0,1,9,100000,10200,0
Drakebreaker,2664,4164,0,0,199,13980,2663,1,9,100000,10200,0
"Raging Tempest",2665,3592,0,0,199,13979,0,1,9,100000,10200,0
Drakebreaker,2666,3592,0,0,199,13980,2665,1,9,100000,10200,0
"Raging Tempest",2667,35,0,0,199,13979,0,1,9,100000,10200,0
Drakebreaker,2668,35,0,0,199,13980,2667,1,9,100000,10200,0
"Solemn Watchman's Garb",2669,0,72092,2,351,13968,0,1,9,100005,10,0
"Obsidian Dracthyr Battlegear",2670,4164,72112,0,200,13981,2672,1,9,100000,10050,0
"Sabellian's Battlegear",2671,0,72115,65,201,0,0,1,9,100000,10150,0
"Emerald Dracthyr Battlegear",2672,4164,0,2,200,13983,0,1,9,100000,10050,0
"Crimson Dracthyr Battlegear",2673,4164,0,0,200,13984,2672,1,9,100000,10050,0
"Cobalt Dracthyr Battlegear",2674,4164,0,0,200,13985,2672,1,9,100000,10050,0
"Sandshaped Dracthyr Battlegear",2675,4164,72112,2,200,13986,2672,1,9,100000,10050,0
"Void-Bound Chains",2676,4164,72123,3,198,0,0,1,6,100005,10,0
"Void-Bound Warplate",2677,35,72124,3,198,0,0,1,6,100005,1640,0
"Kvaldir Scout Leathers",2678,3592,72132,2,198,0,0,1,6,100005,10,0
"Helarjar Berserker Warplate",2679,35,72133,2,198,0,0,1,6,100005,1640,0
"[DNT] 10.0 Mythic VFX Unlock - All Items",2680,0,72248,259,0,0,0,1,9,100000,3980,0
"Ottuk Hide Armor",2681,3592,0,0,202,13987,0,1,9,100000,10100,0
"Crimson Aspirant's Leather Armor",2682,3592,85271,274,207,13303,2681,1,9,100000,10100,0
"Tuskarr Dungeoneer's Garb",2683,3592,0,0,202,13988,2681,1,9,100000,10100,0
"Tuskarr Field Garb",2684,3592,0,0,202,13990,2681,1,9,100000,10100,0
"Trailblazer's Leather Armor",2685,3592,0,0,203,13989,0,1,9,100000,10000,0
"Isle Trapper's Gear",2686,3592,0,0,203,13990,2685,1,9,100000,10000,0
"Dust Devil Armor",2687,3592,74364,2,203,13979,2685,1,9,100000,10000,0
"Dragonflight Combatant's Resilient Armor",2688,3592,0,256,203,13991,2685,1,9,100000,10000,0
"Trailblazer's Cloth Armor",2689,400,0,0,203,13989,0,1,9,100000,10000,0
"Cloudburst Regalia",2690,400,74363,2,203,13979,2689,1,9,100000,10000,0
"Dragonflight Combatant's Wildercloth Regalia",2691,400,0,256,203,13991,2689,1,9,100000,10000,0
"Trailblazer's Mail Armor",2692,4164,0,0,203,13989,0,1,9,100000,10000,0
"Drakewatcher's Armor",2693,400,0,0,203,13990,2689,1,9,100000,10000,0
"Dragonflight Combatant's Adamant Battlegear",2694,4164,0,256,203,13991,2692,1,9,100000,10000,0
"Cyclonic Battlegear",2695,4164,74365,2,203,13979,2692,1,9,100000,10000,0
"Hornstrider's Battlegear",2696,4164,0,0,203,13990,2692,1,9,100000,10000,0
"Trailblazer's Plate Armor",2697,35,0,0,203,13989,0,1,9,100000,10000,0
"Dragonflight Combatant's Draconium Armor",2698,35,0,256,203,13991,2697,1,9,100000,10000,0
"Firestorm Armor",2699,35,74366,2,203,13979,2697,1,9,100000,10000,0
"Shorebreaker's Armor",2700,35,0,0,203,13990,2697,1,9,100000,10000,0
"Cobalt Watcher's Vestments",2701,400,0,0,204,13987,0,1,9,100000,10100,0
"Crimson Aspirant's Silk Armor",2702,400,85272,274,207,13303,2701,1,9,100000,10100,0
"Titan Dungeonkeeper's Vestments",2703,400,0,0,204,13988,2701,1,9,100000,10100,0
"Tyr Hold Vestments",2704,400,0,0,204,13990,2701,1,9,100000,10100,0
"Lost Watcher's Vestments",2705,400,0,0,204,13990,2701,1,9,100000,10100,0
"Ohn'ahran Falconer's Regalia",2706,4164,0,0,205,13987,0,1,9,100000,10100,0
"Crimson Aspirant's Chain Armor",2707,4164,85273,274,207,13303,2706,1,9,100000,10100,0
"Aylaag Nomad's Regalia",2708,4164,0,0,205,13990,2706,1,9,100000,10100,0
"Nokhud Regalia",2709,4164,0,0,205,13990,2706,1,9,100000,10100,0
"Centaur Dungeon Harness",2710,4164,0,0,205,13988,2706,1,9,100000,10100,0
"Wyrmforged Battlegear",2711,35,0,0,206,13987,0,1,9,100000,10100,0
"Djaradin Dungeon Battlegear",2712,35,0,0,206,13988,2711,1,9,100000,10100,0
"Citadel Breaker's Battlegear",2713,35,0,0,206,13990,2711,1,9,100000,10100,0
"Drakeender's Battlegear",2714,35,0,0,206,13990,2711,1,9,100000,10100,0
"Crimson Aspirant's Plate Armor",2715,35,85274,274,207,13303,2711,1,9,100000,10100,0
"Crimson Gladiator's Silk Armor",2716,128,85275,272,207,13301,0,1,9,100000,10401,0
"Crimson Gladiator's Silk Armor",2717,128,85276,274,207,3859,2716,1,9,100000,10402,0
"Crimson Gladiator's Silk Armor",2718,16,85277,272,207,13301,0,1,9,100000,10401,0
"Crimson Gladiator's Silk Armor",2719,16,85278,274,207,3859,2718,1,9,100000,10402,0
"Crimson Gladiator's Silk Armor",2720,256,85279,272,207,13301,0,1,9,100000,10401,0
"Crimson Gladiator's Silk Armor",2721,256,85280,274,207,3859,2720,1,9,100000,10402,0
"Crimson Gladiator's Leather Armor",2722,1024,85281,272,207,13301,0,1,9,100000,10401,0
"Crimson Gladiator's Leather Armor",2723,1024,85282,274,207,3859,2722,1,9,100000,10402,0
"Crimson Gladiator's Leather Armor",2724,2048,85283,272,207,13301,0,1,9,100000,10401,0
"Crimson Gladiator's Leather Armor",2725,2048,85284,274,207,3859,2724,1,9,100000,10402,0
"Crimson Gladiator's Leather Armor",2726,512,85285,272,207,13301,0,1,9,100000,10401,0
"Crimson Gladiator's Leather Armor",2727,512,85286,274,207,3859,2726,1,9,100000,10401,0
"Crimson Gladiator's Leather Armor",2728,8,85287,272,207,13301,0,1,9,100000,10401,0
"Crimson Gladiator's Leather Armor",2729,8,85288,274,207,3859,2728,1,9,100000,10402,0
"Crimson Gladiator's Chain Armor",2730,4096,85289,272,207,13301,0,1,9,100000,10401,0
"Crimson Gladiator's Chain Armor",2731,4096,85290,274,207,3859,2730,1,9,100000,10401,0
"Crimson Gladiator's Chain Armor",2732,4,85291,272,207,13301,0,1,9,100000,10401,0
"Crimson Gladiator's Chain Armor",2733,4,85292,274,207,3859,2732,1,9,100000,10402,0
"Crimson Gladiator's Chain Armor",2734,64,85293,272,207,13301,0,1,9,100000,10401,0
"Crimson Gladiator's Chain Armor",2735,64,85294,274,207,3859,2734,1,9,100000,10402,0
"Crimson Gladiator's Plate Armor",2736,32,85295,272,207,13301,0,1,9,100000,10401,0
"Crimson Gladiator's Plate Armor",2737,32,85296,274,207,3859,2736,1,9,100000,10402,0
"Crimson Gladiator's Plate Armor",2738,2,85297,272,207,13301,0,1,9,100000,10401,0
"Crimson Gladiator's Plate Armor",2739,2,85298,274,207,3859,2738,1,9,100000,10402,0
"Crimson Gladiator's Plate Armor",2740,1,85299,272,207,13301,0,1,9,100000,10401,0
"Crimson Gladiator's Plate Armor",2741,1,85300,274,207,3859,2740,1,9,100000,10402,0
"Verdant Wing",2742,400,0,2,199,13992,2661,1,9,100000,10200,0
"Vibrant Wildercloth",2743,400,0,0,199,13993,2661,1,9,100000,10200,0
"Emerald Scale",2744,4164,0,2,199,13992,2663,1,9,100000,10200,0
Flame-Touched,2745,4164,0,0,199,13993,2663,1,9,100000,10200,0
"Green Draketracker",2746,3592,0,2,199,13992,2665,1,9,100000,10200,0
Life-Bound,2747,3592,0,0,199,13993,2665,1,9,100000,10200,0
Dreamfire,2748,35,0,2,199,13992,2667,1,9,100000,10200,0
"Primal Molten",2749,35,0,0,199,13993,2667,1,9,100000,10200,0
"Cosmic Gladiator's Arsenal",2750,0,74273,273,193,13301,0,1,8,90200,600,0
"Cosmic Aspirant's Arsenal",2751,0,74274,273,193,13303,0,1,8,90200,600,0
"Unchained Aspirant's Arsenal",2752,0,74276,273,189,13303,0,1,8,90100,600,0
"Unchained Gladiator's Arsenal",2753,0,74275,273,189,13301,0,1,8,90100,600,0
"Sinful Aspirant's Arsenal",2754,0,74281,273,182,13303,0,1,8,90001,600,0
"Sinful Gladiator's Ardenweald Arsenal",2755,0,74280,273,182,13301,0,1,8,90001,600,0
"Sinful Gladiator's Revendreth Arsenal",2756,0,74277,273,182,13301,0,1,8,90001,600,0
"Sinful Gladiator's Maldraxxus Arsenal",2757,0,74278,273,182,13301,0,1,8,90001,600,0
"Sinful Gladiator's Bastion Arsenal",2758,0,74279,273,182,13301,0,1,8,90001,600,0
"Wanderer's Rosey Trappings",2759,0,72811,67,0,0,0,1,9,0,1640,0
"Vagabond's Snowy Threads",2760,0,72812,67,0,0,0,1,8,0,1640,0
"Vagabond's Carrot Threads",2761,0,72829,67,0,0,0,1,8,0,1640,0
"Wanderer's Carrot Trappings",2762,0,72830,67,0,0,0,1,8,0,1640,0
"Crimson Gladiator's Silk Armor",2763,128,0,19,0,0,0,1,9,100002,3820,0
"Crimson Gladiator's Silk Armor",2764,128,0,19,0,0,0,1,9,100002,3820,0
"Crimson Gladiator's Silk Armor",2765,128,0,19,0,0,0,1,9,100002,3820,0
"Crimson Gladiator's Silk Armor",2766,128,0,19,0,0,0,1,9,100002,3820,0
"Crimson Gladiator's Silk Armor",2767,128,0,19,0,0,0,1,9,100002,3820,0
"Crimson Gladiator's Silk Armor",2768,16,0,19,0,0,0,1,9,100002,3820,0
"Crimson Gladiator's Silk Armor",2769,16,0,19,0,0,0,1,9,100002,3820,0
"Crimson Gladiator's Silk Armor",2770,16,0,19,0,0,0,1,9,100002,3820,0
"Crimson Gladiator's Silk Armor",2771,16,0,19,0,0,0,1,9,100002,3820,0
"Crimson Gladiator's Silk Armor",2772,16,0,19,0,0,0,1,9,100002,3820,0
"Crimson Gladiator's Silk Armor",2773,256,0,19,0,0,0,1,9,100002,3820,0
"Crimson Gladiator's Silk Armor",2774,256,0,19,0,0,0,1,9,100002,3820,0
"Crimson Gladiator's Silk Armor",2775,256,0,19,0,0,0,1,9,100002,3820,0
"Crimson Gladiator's Silk Armor",2776,256,0,19,0,0,0,1,9,100002,3820,0
"Crimson Gladiator's Silk Armor",2777,256,0,19,0,0,0,1,9,100002,3820,0
"Crimson Gladiator's Leather Armor",2778,1024,0,19,0,0,0,1,9,100002,3820,0
"Crimson Gladiator's Leather Armor",2779,1024,0,19,0,0,0,1,9,100002,3820,0
"Crimson Gladiator's Leather Armor",2780,1024,0,19,0,0,0,1,9,100002,3820,0
"Crimson Gladiator's Leather Armor",2781,1024,0,19,0,0,0,1,9,100002,3820,0
"Crimson Gladiator's Leather Armor",2782,1024,0,19,0,0,0,1,9,100002,3820,0
"Crimson Gladiator's Leather Armor",2783,2048,0,19,0,0,0,1,9,100002,3820,0
"Crimson Gladiator's Leather Armor",2784,2048,0,19,0,0,0,1,9,100002,3820,0
"Crimson Gladiator's Leather Armor",2785,2048,0,19,0,0,0,1,9,100002,3820,0
"Crimson Gladiator's Leather Armor",2786,2048,0,19,0,0,0,1,9,100002,3820,0
"Crimson Gladiator's Leather Armor",2787,2048,0,19,0,0,0,1,9,100002,3820,0
"Crimson Gladiator's Leather Armor",2788,512,0,19,0,0,0,1,9,100002,3820,0
"Crimson Gladiator's Leather Armor",2789,512,0,19,0,0,0,1,9,100002,3820,0
"Crimson Gladiator's Leather Armor",2790,512,0,19,0,0,0,1,9,100002,3820,0
"Crimson Gladiator's Leather Armor",2791,512,0,19,0,0,0,1,9,100002,3820,0
"Crimson Gladiator's Leather Armor",2792,512,0,19,0,0,0,1,9,100002,3820,0
"Crimson Gladiator's Leather Armor",2793,8,0,19,0,0,0,1,9,100002,3820,0
"Crimson Gladiator's Leather Armor",2794,8,0,19,0,0,0,1,9,100002,3820,0
"Crimson Gladiator's Leather Armor",2795,8,0,19,0,0,0,1,9,100002,3820,0
"Crimson Gladiator's Leather Armor",2796,8,0,19,0,0,0,1,9,100002,3820,0
"Crimson Gladiator's Leather Armor",2797,8,0,19,0,0,0,1,9,100002,3820,0
"Crimson Gladiator's Chain Armor",2798,4096,0,19,0,0,0,1,9,100002,3820,0
"Crimson Gladiator's Chain Armor",2799,4096,0,19,0,0,0,1,9,100002,3820,0
"Crimson Gladiator's Chain Armor",2800,4096,0,19,0,0,0,1,9,100002,3820,0
"Crimson Gladiator's Chain Armor",2801,4096,0,19,0,0,0,1,9,100002,3820,0
"Crimson Gladiator's Chain Armor",2802,4096,0,19,0,0,0,1,9,100002,3820,0
"Crimson Gladiator's Chain Armor",2803,4,0,19,0,0,0,1,9,100002,3820,0
"Crimson Gladiator's Chain Armor",2804,4,0,19,0,0,0,1,9,100002,3820,0
"Crimson Gladiator's Chain Armor",2805,4,0,19,0,0,0,1,9,100002,3820,0
"Crimson Gladiator's Chain Armor",2806,4,0,19,0,0,0,1,9,100002,3820,0
"Crimson Gladiator's Chain Armor",2807,4,0,19,0,0,0,1,9,100002,3820,0
"Crimson Gladiator's Chain Armor",2808,64,0,19,0,0,0,1,9,100002,3820,0
"Crimson Gladiator's Chain Armor",2809,64,0,19,0,0,0,1,9,100002,3820,0
"Crimson Gladiator's Chain Armor",2810,64,0,19,0,0,0,1,9,100002,3820,0
"Crimson Gladiator's Chain Armor",2811,64,0,19,0,0,0,1,9,100002,3820,0
"Crimson Gladiator's Chain Armor",2812,64,0,19,0,0,0,1,9,100002,3820,0
"Crimson Gladiator's Plate Armor",2813,32,0,19,0,0,0,1,9,100002,3820,0
"Crimson Gladiator's Plate Armor",2814,32,0,19,0,0,0,1,9,100002,3820,0
"Crimson Gladiator's Plate Armor",2815,32,0,19,0,0,0,1,9,100002,3820,0
"Crimson Gladiator's Plate Armor",2816,32,0,19,0,0,0,1,9,100002,3820,0
"Crimson Gladiator's Plate Armor",2817,32,0,19,0,0,0,1,9,100002,3820,0
"Crimson Gladiator's Plate Armor",2818,2,0,19,0,0,0,1,9,100002,3820,0
"Crimson Gladiator's Plate Armor",2819,2,0,19,0,0,0,1,9,100002,3820,0
"Crimson Gladiator's Plate Armor",2820,2,0,19,0,0,0,1,9,100002,3820,0
"Crimson Gladiator's Plate Armor",2821,2,0,19,0,0,0,1,9,100002,3820,0
"Crimson Gladiator's Plate Armor",2822,2,0,19,0,0,0,1,9,100002,3820,0
"Crimson Gladiator's Plate Armor",2823,1,0,19,0,0,0,1,9,100002,3820,0
"Crimson Gladiator's Plate Armor",2824,1,0,19,0,0,0,1,9,100002,3820,0
"Crimson Gladiator's Plate Armor",2825,1,0,19,0,0,0,1,9,100002,3820,0
"Crimson Gladiator's Plate Armor",2826,1,0,19,0,0,0,1,9,100002,3820,0
"Crimson Gladiator's Plate Armor",2827,1,0,19,0,0,0,1,9,100002,3820,0
"Crimson Gladiator's Prestigious Cloak",2828,0,74897,19,0,0,0,1,9,100002,1550,0
"Crimson Gladiator's Tabard",2829,0,74898,19,0,0,0,1,9,100002,10,0
"Lion's Heritage",2830,0,72452,6,208,0,0,1,0,100007,10,47454
"Lion's Heritage",2831,0,72452,6,208,0,0,1,0,100007,10,47454
"Lion's Heritage",2832,0,72452,6,208,0,0,1,0,100007,10,47454
"Heritage of Draenor",2833,0,72479,10,208,0,0,1,0,100007,10,34464
"Heritage of Draenor",2834,0,72479,10,208,0,0,1,0,100007,10,34464
"Heritage of Draenor",2835,0,72479,10,208,0,0,1,0,100007,10,34464
"Zandalar Haruspec",2836,1024,74720,3,0,0,0,1,8,100007,100,0
"Zandalar Predator",2837,4,74721,3,0,0,0,1,8,100007,100,0
"Zandalar Illusionist",2838,128,74722,3,0,0,0,1,8,100007,100,0
"Zandalar Freethinker",2839,2,74723,3,0,0,0,1,8,100007,100,0
"Zandalar Confessor",2840,16,74724,3,0,0,0,1,8,100007,100,0
"Zandalar Madcap",2841,8,74725,3,0,0,0,1,8,100007,100,0
"Zandalar Augur",2842,64,74726,3,0,0,0,1,8,100007,100,0
"Zandalar Demoniac",2843,256,74727,3,0,0,0,1,8,100007,100,0
"Zandalar Vindicator",2844,1,74728,3,0,0,0,1,8,100007,100,0
"Bloodtinged Cloth",2845,0,74730,3,0,0,0,1,8,100007,100,0
"Blooddrenched Leather",2846,0,74732,3,0,0,0,1,8,100007,100,0
"Bloodstained Mail",2847,0,74733,3,0,0,0,1,8,100007,100,0
"Bloodsoaked Plate",2848,0,74734,3,0,0,0,1,8,100007,100,0
"Sappy Buddy",2849,0,0,3,209,0,0,1,9,100007,10,0
"S.C.A.N.N.E.R. Mk3",2850,0,0,3,209,0,0,1,9,100007,10,0
"Shredderizing Glove",2851,0,0,3,209,0,0,1,9,100007,10,0
"Black Dragonflight's Vestments",2852,0,76038,2,213,13981,2912,1,9,100100,10,0
"Raging Tempest",2853,400,0,0,199,14009,2661,1,9,100000,10200,0
"Raging Tempest",2854,3592,0,0,199,14009,2665,1,9,100000,10200,0
"Raging Tempest",2855,4164,0,0,199,14009,2663,1,9,100000,10200,0
"Raging Tempest",2856,35,0,0,199,14009,2667,1,9,100000,10200,0
"Waveborne Diplomat's Regalia",2857,0,75449,2,235,0,0,1,9,100007,10,0
"Irons of the Onyx Crucible",2858,1,0,512,211,13193,0,1,9,100100,10601,0
"Heartfire Sentinel's Authority",2859,2,0,512,211,13193,0,1,9,100100,10621,0
"Sinister Savant's Cursethreads",2860,256,0,512,211,13193,0,1,9,100100,10605,0
"Runes of the Cinderwolf",2861,64,0,512,211,13193,0,1,9,100100,10609,0
"Lurking Specter's Shadeweave",2862,8,0,512,211,13193,0,1,9,100100,10613,0
"The Furnace Seraph's Verdict",2863,16,0,512,211,13193,0,1,9,100100,10617,0
"Fangs of the Vermillion Forge",2864,512,0,512,211,13193,0,1,9,100100,10625,0
"Underlight Conjurer's Brilliance",2865,128,0,512,211,13193,0,1,9,100100,10629,0
"Ashen Predator's Scaleform",2866,4,0,512,211,13193,0,1,9,100100,10633,0
"Legacy of Obsidian Secrets",2867,4096,0,512,211,13193,0,1,9,100100,10637,0
"Strands of the Autumn Blaze",2868,1024,0,512,211,13193,0,1,9,100100,10641,0
"Kinslayer's Burdens",2869,2048,0,512,211,13193,0,1,9,100100,10645,0
"Lingering Phantom's Encasement",2870,32,0,512,211,13193,0,1,9,100100,10649,0
"Heartfire Sentinel's Authority",2871,2,0,512,211,2015,2859,1,9,100100,10622,0
"Heartfire Sentinel's Authority",2872,2,0,0,211,13145,2859,1,9,100100,10623,0
"Heartfire Sentinel's Authority",2873,2,0,512,211,1641,2859,1,9,100100,10620,0
"Sinister Savant's Cursethreads",2874,256,0,512,211,2015,2860,1,9,100100,10606,0
"Sinister Savant's Cursethreads",2875,256,0,0,211,13145,2860,1,9,100100,10607,0
"Sinister Savant's Cursethreads",2876,256,0,512,211,1641,2860,1,9,100100,10604,0
"Runes of the Cinderwolf",2877,64,0,512,211,2015,2861,1,9,100100,10610,0
"Runes of the Cinderwolf",2878,64,0,0,211,13145,2861,1,9,100100,10611,0
"Runes of the Cinderwolf",2879,64,0,512,211,1641,2861,1,9,100100,10608,0
"Lurking Specter's Shadeweave",2880,8,0,512,211,2015,2862,1,9,100100,10614,0
"Lurking Specter's Shadeweave",2881,8,0,0,211,13145,2862,1,9,100100,10615,0
"Lurking Specter's Shadeweave",2882,8,0,512,211,1641,2862,1,9,100100,10612,0
"The Furnace Seraph's Verdict",2883,16,0,512,211,2015,2863,1,9,100100,10618,0
"The Furnace Seraph's Verdict",2884,16,0,0,211,13145,2863,1,9,100100,10619,0
"The Furnace Seraph's Verdict",2885,16,0,512,211,1641,2863,1,9,100100,10616,0
"Fangs of the Vermillion Forge",2886,512,0,512,211,2015,2864,1,9,100100,10626,0
"Fangs of the Vermillion Forge",2887,512,0,0,211,13145,2864,1,9,100100,10627,0
"Fangs of the Vermillion Forge",2888,512,0,512,211,1641,2864,1,9,100100,10624,0
"Ashen Predator's Scaleform",2889,4,0,512,211,2015,2866,1,9,100100,10634,0
"Ashen Predator's Scaleform",2890,4,0,0,211,13145,2866,1,9,100100,10635,0
"Ashen Predator's Scaleform",2891,4,0,512,211,1641,2866,1,9,100100,10632,0
"Strands of the Autumn Blaze",2892,1024,0,512,211,2015,2868,1,9,100100,10642,0
"Strands of the Autumn Blaze",2893,1024,0,0,211,13145,2868,1,9,100100,10643,0
"Strands of the Autumn Blaze",2894,1024,0,512,211,1641,2868,1,9,100100,10640,0
"Lingering Phantom's Encasement",2895,32,0,512,211,2015,2870,1,9,100100,10650,0
"Lingering Phantom's Encasement",2896,32,0,0,211,13145,2870,1,9,100100,10651,0
"Lingering Phantom's Encasement",2897,32,0,512,211,1641,2870,1,9,100100,10648,0
"Irons of the Onyx Crucible",2898,1,0,512,211,2015,2858,1,9,100100,10602,0
"Irons of the Onyx Crucible",2899,1,0,0,211,13145,2858,1,9,100100,10603,0
"Irons of the Onyx Crucible",2900,1,0,512,211,1641,2858,1,9,100100,10600,0
"Kinslayer's Burdens",2901,2048,0,512,211,2015,2869,1,9,100100,10646,0
"Kinslayer's Burdens",2902,2048,0,0,211,13145,2869,1,9,100100,10647,0
"Kinslayer's Burdens",2903,2048,0,512,211,1641,2869,1,9,100100,10644,0
"Legacy of Obsidian Secrets",2904,4096,0,512,211,2015,2867,1,9,100100,10638,0
"Legacy of Obsidian Secrets",2905,4096,0,0,211,13145,2867,1,9,100100,10639,0
"Legacy of Obsidian Secrets",2906,4096,0,512,211,1641,2867,1,9,100100,10636,0
"Underlight Conjurer's Brilliance",2907,128,0,512,211,2015,2865,1,9,100100,10630,0
"Underlight Conjurer's Brilliance",2908,128,0,0,211,13145,2865,1,9,100100,10631,0
"Underlight Conjurer's Brilliance",2909,128,0,512,211,1641,2865,1,9,100100,10628,0
"Obsidian Gladiator's Chain Armor",2910,4096,85301,272,212,13301,0,1,9,100100,3820,0
"Obsidian Gladiator's Chain Armor",2911,4096,85302,274,212,3859,2910,1,9,100100,3820,0
"Ornate Black Dragon Labwear",2912,0,75832,0,213,13966,0,1,9,100100,10,0
"Obsidian Gladiator's Plate Armor",2913,32,85303,272,212,13301,0,1,9,100100,10401,0
"Obsidian Gladiator's Plate Armor",2914,32,85307,274,212,3859,2913,1,9,100100,10402,0
"Obsidian Gladiator's Silk Armor",2915,16,85308,272,212,13301,0,1,9,100100,10401,0
"Obsidian Gladiator's Silk Armor",2916,16,85309,274,212,3859,2915,1,9,100100,10402,0
"Obsidian Gladiator's Silk Armor",2917,256,85310,272,212,13301,0,1,9,100100,10401,0
"Obsidian Gladiator's Silk Armor",2918,256,85311,274,212,3859,2917,1,9,100100,10402,0
"Obsidian Gladiator's Leather Armor",2919,2048,85312,272,212,13301,0,1,9,100100,10401,0
"Obsidian Gladiator's Leather Armor",2920,2048,85313,274,212,3859,2919,1,9,100100,10402,0
"Obsidian Gladiator's Leather Armor",2921,1024,85314,272,212,13301,0,1,9,100100,10401,0
"Obsidian Gladiator's Leather Armor",2922,1024,85315,274,212,3859,2921,1,9,100100,10402,0
"Obsidian Gladiator's Leather Armor",2923,512,85316,272,212,13301,0,1,9,100100,10401,0
"Obsidian Gladiator's Leather Armor",2924,512,85317,274,212,3859,2923,1,9,100100,10401,0
"Obsidian Gladiator's Leather Armor",2925,8,85318,272,212,13301,0,1,9,100100,10401,0
"Obsidian Gladiator's Leather Armor",2926,8,85319,274,212,3859,2925,1,9,100100,10402,0
"Obsidian Gladiator's Chain Armor",2927,4,85320,272,212,13301,0,1,9,100100,10401,0
"Obsidian Gladiator's Chain Armor",2928,4,85321,274,212,3859,2927,1,9,100100,10402,0
"Obsidian Gladiator's Chain Armor",2929,64,85322,272,212,13301,0,1,9,100100,10401,0
"Obsidian Gladiator's Chain Armor",2930,64,85323,274,212,3859,2929,1,9,100100,10402,0
"Obsidian Gladiator's Plate Armor",2931,2,85324,272,212,13301,0,1,9,100100,10401,0
"Obsidian Gladiator's Plate Armor",2932,2,85325,274,212,3859,2931,1,9,100100,10402,0
"Obsidian Gladiator's Plate Armor",2933,1,85326,272,212,13301,0,1,9,100100,10401,0
"Obsidian Gladiator's Plate Armor",2934,1,85327,274,212,3859,2933,1,9,100100,10402,0
"Obsidian Gladiator's Silk Armor",2935,128,85328,272,212,13301,0,1,9,100100,10401,0
"Obsidian Gladiator's Silk Armor",2936,128,85329,274,212,3859,2935,1,9,100100,10402,0
"[DNT] 10.1 Mythic VFX Unlock - All Items",2937,0,75968,259,0,0,0,1,9,100100,3985,0
"Azure Renewal Finery",2938,0,76018,0,213,14014,2912,1,9,100100,9,0
"Obsidian Gladiator's Silk Armor",2939,128,0,19,0,0,0,1,9,100002,3820,0
"Obsidian Gladiator's Silk Armor",2940,128,0,19,0,0,0,1,9,100002,3820,0
"Obsidian Gladiator's Silk Armor",2941,128,0,19,0,0,0,1,9,100002,3820,0
"Obsidian Gladiator's Silk Armor",2942,128,0,19,0,0,0,1,9,100002,3820,0
"Obsidian Gladiator's Silk Armor",2943,128,0,19,0,0,0,1,9,100002,3820,0
"Obsidian Gladiator's Silk Armor",2944,16,0,19,0,0,0,1,9,100002,3820,0
"Obsidian Gladiator's Silk Armor",2945,16,0,19,0,0,0,1,9,100002,3820,0
"Obsidian Gladiator's Silk Armor",2946,16,0,19,0,0,0,1,9,100002,3820,0
"Obsidian Gladiator's Silk Armor",2947,16,0,19,0,0,0,1,9,100002,3820,0
"Obsidian Gladiator's Silk Armor",2948,16,0,19,0,0,0,1,9,100002,3820,0
"Obsidian Gladiator's Silk Armor",2949,256,0,19,0,0,0,1,9,100002,3820,0
"Obsidian Gladiator's Silk Armor",2950,256,0,19,0,0,0,1,9,100002,3820,0
"Obsidian Gladiator's Silk Armor",2951,256,0,19,0,0,0,1,9,100002,3820,0
"Obsidian Gladiator's Silk Armor",2952,256,0,19,0,0,0,1,9,100002,3820,0
"Obsidian Gladiator's Silk Armor",2953,256,0,19,0,0,0,1,9,100002,3820,0
"Obsidian Gladiator's Leather Armor",2954,1024,0,19,0,0,0,1,9,100002,3820,0
"Obsidian Gladiator's Leather Armor",2955,1024,0,19,0,0,0,1,9,100002,3820,0
"Obsidian Gladiator's Leather Armor",2956,1024,0,19,0,0,0,1,9,100002,3820,0
"Obsidian Gladiator's Leather Armor",2957,1024,0,19,0,0,0,1,9,100002,3820,0
"Obsidian Gladiator's Leather Armor",2958,1024,0,19,0,0,0,1,9,100002,3820,0
"Obsidian Gladiator's Leather Armor",2959,2048,0,19,0,0,0,1,9,100002,3820,0
"Obsidian Gladiator's Leather Armor",2960,2048,0,19,0,0,0,1,9,100002,3820,0
"Obsidian Gladiator's Leather Armor",2961,2048,0,19,0,0,0,1,9,100002,3820,0
"Obsidian Gladiator's Leather Armor",2962,2048,0,19,0,0,0,1,9,100002,3820,0
"Obsidian Gladiator's Leather Armor",2963,2048,0,19,0,0,0,1,9,100002,3820,0
"Obsidian Gladiator's Leather Armor",2964,512,0,19,0,0,0,1,9,100002,3820,0
"Obsidian Gladiator's Leather Armor",2965,512,0,19,0,0,0,1,9,100002,3820,0
"Obsidian Gladiator's Leather Armor",2966,512,0,19,0,0,0,1,9,100002,3820,0
"Obsidian Gladiator's Leather Armor",2967,512,0,19,0,0,0,1,9,100002,3820,0
"Obsidian Gladiator's Leather Armor",2968,512,0,19,0,0,0,1,9,100002,3820,0
"Obsidian Gladiator's Leather Armor",2969,8,0,19,0,0,0,1,9,100002,3820,0
"Obsidian Gladiator's Leather Armor",2970,8,0,19,0,0,0,1,9,100002,3820,0
"Obsidian Gladiator's Leather Armor",2971,8,0,19,0,0,0,1,9,100002,3820,0
"Obsidian Gladiator's Leather Armor",2972,8,0,19,0,0,0,1,9,100002,3820,0
"Obsidian Gladiator's Leather Armor",2973,8,0,19,0,0,0,1,9,100002,3820,0
"Obsidian Gladiator's Chain Armor",2974,4096,0,19,0,0,0,1,9,100002,3820,0
"Obsidian Gladiator's Chain Armor",2975,4096,0,19,0,0,0,1,9,100002,3820,0
"Obsidian Gladiator's Chain Armor",2976,4096,0,19,0,0,0,1,9,100002,3820,0
"Obsidian Gladiator's Chain Armor",2977,4096,0,19,0,0,0,1,9,100002,3820,0
"Obsidian Gladiator's Chain Armor",2978,4096,0,19,0,0,0,1,9,100002,3820,0
"Obsidian Gladiator's Chain Armor",2979,4,0,19,0,0,0,1,9,100002,3820,0
"Obsidian Gladiator's Chain Armor",2980,4,0,19,0,0,0,1,9,100002,3820,0
"Obsidian Gladiator's Chain Armor",2981,4,0,19,0,0,0,1,9,100002,3820,0
"Obsidian Gladiator's Chain Armor",2982,4,0,19,0,0,0,1,9,100002,3820,0
"Obsidian Gladiator's Chain Armor",2983,4,0,19,0,0,0,1,9,100002,3820,0
"Obsidian Gladiator's Chain Armor",2984,64,0,19,0,0,0,1,9,100002,3820,0
"Obsidian Gladiator's Chain Armor",2985,64,0,19,0,0,0,1,9,100002,3820,0
"Obsidian Gladiator's Chain Armor",2986,64,0,19,0,0,0,1,9,100002,3820,0
"Obsidian Gladiator's Chain Armor",2987,64,0,19,0,0,0,1,9,100002,3820,0
"Obsidian Gladiator's Chain Armor",2988,64,0,19,0,0,0,1,9,100002,3820,0
"Obsidian Gladiator's Plate Armor",2989,32,0,19,0,0,0,1,9,100002,3820,0
"Obsidian Gladiator's Plate Armor",2990,32,0,19,0,0,0,1,9,100002,3820,0
"Obsidian Gladiator's Plate Armor",2991,32,0,19,0,0,0,1,9,100002,3820,0
"Obsidian Gladiator's Plate Armor",2992,32,0,19,0,0,0,1,9,100002,3820,0
"Obsidian Gladiator's Plate Armor",2993,32,0,19,0,0,0,1,9,100002,3820,0
"Obsidian Gladiator's Plate Armor",2994,2,0,19,0,0,0,1,9,100002,3820,0
"Obsidian Gladiator's Plate Armor",2995,2,0,19,0,0,0,1,9,100002,3820,0
"Obsidian Gladiator's Plate Armor",2996,2,0,19,0,0,0,1,9,100002,3820,0
"Obsidian Gladiator's Plate Armor",2997,2,0,19,0,0,0,1,9,100002,3820,0
"Obsidian Gladiator's Plate Armor",2998,2,0,19,0,0,0,1,9,100002,3820,0
"Obsidian Gladiator's Plate Armor",2999,1,0,19,0,0,0,1,9,100002,3820,0
"Obsidian Gladiator's Plate Armor",3000,1,0,19,0,0,0,1,9,100002,3820,0
"Obsidian Gladiator's Plate Armor",3001,1,0,19,0,0,0,1,9,100002,3820,0
"Obsidian Gladiator's Plate Armor",3002,1,0,19,0,0,0,1,9,100002,3820,0
"Obsidian Gladiator's Plate Armor",3003,1,0,19,0,0,0,1,9,100002,3820,0
"Obsidian Gladiator's Prestigious Cloak",3004,0,0,19,0,0,0,1,9,100002,1550,0
"Obsidian Gladiator's Tabard",3005,0,0,19,0,0,0,1,9,100002,10,0
"Enmity Hood and Cloak",3006,0,76111,67,0,0,0,1,8,0,1640,0
"Obsidian Aspirant's Silk Armor",3007,400,85330,274,212,13303,2661,1,9,100100,10200,0
"Obsidian Aspirant's Leather Armor",3008,3592,85331,274,212,13303,2665,1,9,100100,10200,0
"Obsidian Aspirant's Chain Armor",3009,4164,85332,274,212,13303,2663,1,9,100100,10200,0
"Obsidian Aspirant's Plate Armor",3010,35,85333,274,212,13303,2667,1,9,100100,10200,0
"Moonless Vestiture",3011,400,0,0,215,14016,0,1,9,100100,10100,0
"Endowed Garb",3012,400,0,0,215,13590,3011,1,9,100100,10100,0
"Suffused Attire",3013,400,0,0,215,14017,3011,1,9,100100,10100,0
"Zaralek Surveyor's Expedition Gear",3014,400,0,0,215,14018,3011,1,9,100100,10100,0
"Sunless Leathers",3015,3592,0,0,215,14016,0,1,9,100100,10100,0
"Zaralek Surveyor's Expedition Gear",3016,3592,0,0,215,14018,3015,1,9,100100,10100,0
"Suffused Attire",3017,3592,0,0,215,14017,3015,1,9,100100,10100,0
"Inherited Gear",3018,3592,0,0,215,13590,3015,1,9,100100,10100,0
"Skyless Scales",3019,4164,0,0,215,14016,0,1,9,100100,10100,0
"Bequeathed Armor",3020,4164,0,0,215,13590,3019,1,9,100100,10100,0
"Suffused Attire",3021,4164,0,0,215,14017,3019,1,9,100100,10100,0
"Zaralek Surveyor's Expedition Gear",3022,4164,0,0,215,14018,3019,1,9,100100,10100,0
"Starless Bulwark",3023,35,0,0,215,14016,0,1,9,100100,10100,0
"Bestowed Plate",3024,35,0,0,215,13590,3023,1,9,100100,10100,0
"Zaralek Surveyor's Expedition Gear",3025,35,0,0,215,14018,3023,1,9,100100,10100,0
"Suffused Attire",3026,35,0,0,215,14017,3023,1,9,100100,10100,0
"Wanderer's Sunny Trappings",3027,0,76218,67,0,0,0,1,8,0,1640,0
"Wanderer's Aquatic Trappings",3028,0,76219,67,0,0,0,1,8,0,1640,0
"Wanderer's Plum Trappings",3029,0,76220,67,0,0,0,1,8,0,1640,0
"Wanderer's Faded Trappings",3030,0,76221,67,0,0,0,1,8,0,1640,0
"Wanderer's Brick Trappings",3031,0,76222,67,0,0,0,1,8,0,1640,0
"Wanderer's Camo Trappings",3032,0,76223,67,0,0,0,1,8,0,1640,0
"Wanderer's Deep Trappings",3033,0,76224,67,0,0,0,1,8,0,1640,0
"Wanderer's Cloudy Trappings",3034,0,76225,67,0,0,0,1,8,0,1640,0
"Wanderer's Grassy Trappings",3035,0,76226,67,0,0,0,1,8,0,1640,0
"Wanderer's Lively Trappings",3036,0,76227,67,0,0,0,1,8,0,1640,0
"Wanderer's Sepia Trappings",3037,0,76228,67,0,0,0,1,8,0,1640,0
"Vagabond's Sunny Threads",3038,0,76229,67,0,0,0,1,8,0,1640,0
"Vagabond's Aquatic Threads",3039,0,76230,67,0,0,0,1,8,0,1640,0
"Vagabond's Plum Threads",3040,0,76231,67,0,0,0,1,8,0,1640,0
"Vagabond's Faded Threads",3041,0,76232,67,0,0,0,1,8,0,1640,0
"Vagabond's Brick Threads",3042,0,76233,67,0,0,0,1,8,0,1640,0
"Vagabond's Camo Threads",3043,0,76234,67,0,0,0,1,8,0,1640,0
"Vagabond's Deep Threads",3044,0,76235,67,0,0,0,1,8,0,1640,0
"Vagabond's Cloudy Threads",3045,0,76236,67,0,0,0,1,8,0,1640,0
"Vagabond's Grassy Threads",3046,0,76237,67,0,0,0,1,8,0,1640,0
"Vagabond's Lively Threads",3047,0,76238,67,0,0,0,1,8,0,1640,0
"Vagabond's Sepia Threads",3048,0,76239,67,0,0,0,1,8,0,1640,0
"Feathered Drape of the Guardian",3049,0,0,3,0,0,0,1,9,100100,10,0
"Feathered Cowl of the Guardian",3050,0,0,3,0,0,0,1,9,100100,10,0
"Standard of the Guardian",3051,0,0,3,0,0,0,1,9,100100,10,0
"Standard of the Guardian",3052,0,0,3,0,0,0,1,9,100100,10,0
"Standard of the Guardian",3053,0,0,3,0,0,0,1,9,100100,10,0
"Drake Racer's Silks",3054,0,0,0,227,14104,0,1,9,100105,10,0
"Glacial Cloth",3055,400,0,0,217,0,0,1,0,11100,919,0
"Polar Leather",3056,3592,0,0,217,0,0,1,0,11100,919,0
"Icy Scale Mail",3057,4164,0,0,217,0,0,1,0,11100,919,0
"Icebane Plate",3058,35,0,0,217,0,0,1,0,11100,919,0
"Warmonger's Battlegear",3061,400,0,8,218,0,0,1,9,100105,11003,0
"Warmonger's Battlegear",3062,3592,0,8,218,0,0,1,9,100105,11003,0
"Warmonger's Battlegear",3063,4164,0,8,218,0,0,1,9,100105,11003,0
"Warmonger's Battlegear",3064,35,0,8,218,0,0,1,9,100105,11003,0
"Jingoist's War Armor",3065,400,0,4,218,0,0,1,9,100105,11003,0
"Jingoist's War Armor",3066,3592,0,4,218,0,0,1,9,100105,11003,0
"Jingoist's War Armor",3067,4164,0,4,218,0,0,1,9,100105,11003,0
"Jingoist's War Armor",3068,35,0,4,218,0,0,1,9,100105,11003,0
"Decorous Garments",3069,400,76583,0,218,0,0,1,9,100105,3521,0
"Lifegiver's Garms",3070,3592,76584,0,218,0,0,1,9,100105,3901,0
"Hauberk of Discipline",3071,4164,76585,0,218,0,0,1,9,100105,10,0
"Valhalas Ceremonial Armor",3072,35,76582,0,218,0,0,1,9,100105,3971,0
"[DNT] Bloodsail Faction Ensemble",3073,0,0,1,0,0,0,1,0,0,10,0
"Feathered Cowl of the Guardian",3074,0,0,3,0,0,0,1,9,100100,10,0
"Feathered Cowl of the Guardian",3075,0,0,3,0,0,0,1,9,100100,10,0
"Rift-Mender's Vestments",3076,0,76581,0,213,14030,2912,1,9,100105,10,0
"Brown Tweed Cap",3077,0,77306,3,0,0,0,1,9,100105,10,0
"Blue Tweed Cap",3078,0,77307,3,0,0,0,1,9,100105,10,0
"Plate of the Light Avenger",3079,0,77333,67,0,0,0,1,9,100105,10,0
"Armaments of the Light Avenger",3080,0,77336,67,0,0,0,1,9,100105,10,0
"Secrets of the Unnamed Cult",3081,0,77337,67,0,0,0,1,9,100105,10,0
"Blood Onyx Blades",3082,0,77338,67,0,0,0,1,9,100105,10,0
"Silks of the Unnamed Cult",3083,0,77506,67,0,0,0,1,9,100105,10,0
"Blood Onyx Uniform",3084,0,77567,67,0,0,0,1,9,100105,10,0
"High Scholar's Arcana",3085,0,77569,2,234,0,0,1,9,100105,10,0
"Forsaken Champion's Attire",3086,0,77654,10,208,0,0,1,0,100107,10,112641
"Anachronistic Vestments",3087,400,0,0,215,14028,3011,1,9,100105,4020,0
"Garments of Discontinuity",3088,3592,0,0,215,14028,3015,1,9,100105,4020,0
"Paradoxical Raiment",3089,4164,0,0,215,14028,3019,1,9,100105,4020,0
"Anomalous Armor",3090,35,0,0,215,14028,3023,1,9,100105,4020,0
"Infinite Zealot's Vestments",3091,400,77850,0,215,14029,3011,1,9,100105,4020,0
"Infinite Stalker's Garments",3092,3592,77851,0,215,14029,3015,1,9,100105,4020,0
"Infinite Soldier's Raiment",3093,4164,77852,0,215,14029,3019,1,9,100105,4020,0
"Infinite Vanguard's Armor",3094,35,77853,0,215,14029,3023,1,9,100105,4020,0
"Forsaken Champion's Additional Attire",3095,0,78021,11,0,0,0,1,0,100107,10,112641
"10.1.7 Outdoor Sets Mythic VFX Unlock - Head and Shoulders",3096,0,77678,259,0,0,0,1,9,100107,4020,0
"Gothic Corsage",3097,0,0,3,0,0,0,1,9,100105,10,0
"Fanciful Corsage",3098,0,0,3,0,0,0,1,9,100105,10,0
"Ashamane's Vestment of Rebirth",3099,0,77699,67,0,0,0,1,9,100107,10,0
"Ashamane's Blessings of Rebirth",3100,0,77707,67,0,0,0,1,9,100107,10,0
"Nathreza Blasphemer's Flames",3101,0,77701,67,0,0,0,1,9,100107,10,0
"Nathreza Blasphemer's Glaives",3102,0,77706,67,0,0,0,1,9,100107,10,0
"Possessed Watcher Guise",3103,0,77702,67,0,0,0,1,9,100107,10,0
"Possessed Watcher Arsenal",3104,0,77708,67,0,0,0,1,9,100107,10,0
"Jewels of the Alluring Call",3105,0,77704,67,0,0,0,1,9,100107,10,0
"Instruments of the Alluring Call",3106,0,77709,67,0,0,0,1,9,100107,10,0
"Savage Champion's Trophies",3107,0,77703,67,0,0,0,1,9,100107,10,0
"Savage Champion's Aggression",3108,0,77710,67,0,0,0,1,9,100107,10,0
"Webbed Saronite Exoskeleton",3109,0,77700,67,0,0,0,1,9,100107,10,0
"Webbed Saronite Weaponry",3110,0,77705,67,0,0,0,1,9,100107,10,0
"Battle Magister's Regalia",3111,0,77740,67,0,0,0,1,9,100200,10,0
"Battle Magister's Enchantment",3112,0,77741,67,0,0,0,1,9,100200,10,0
"Scales of the Silver Hoarder",3113,0,77748,67,0,0,0,1,9,100200,10,0
"Treasure of the Silver Hoarder",3114,0,77749,67,0,0,0,1,9,100200,10,0
"Hornstrider Warrior's Camouflage",3115,0,77751,67,0,0,0,1,9,100200,10,0
"Hornstrider Warrior's Preference",3116,0,77750,67,0,0,0,1,9,100200,10,0
"Imminence of Krag'wa's Executor",3117,0,77753,67,0,0,0,1,9,100200,10,0
"Tools of Krag'wa's Executor",3118,0,77752,67,0,0,0,1,9,100200,10,0
"Traditionalist's Kaldorei Blades",3119,0,77783,67,0,0,0,1,9,100107,10,0
"Rose Gold Titan Key",3120,0,77830,3,0,0,0,1,9,100107,10,0
"Kaldorei Protector's Adornment",3121,0,77884,6,208,14033,0,1,0,100107,10,38250
"Cosmic Weapons Cache",3122,0,77952,195,0,0,0,1,9,100107,10,0
"Chromatically Calibrated Holo-Gogs",3123,0,78030,1,0,0,0,1,9,100107,10999,0
"Chromatically Calibrated Bio-Optic Killshades",3124,0,78031,1,0,0,0,1,9,100107,10999,0
"Chromatically Calibrated Retinal Armor",3125,0,78032,1,0,0,0,1,9,100107,10999,0
"Chromatically Calibrated Cranial Cannons",3126,0,78034,1,0,0,0,1,9,100107,10999,0
"Chromatically Calibrated Cranial Cannons",3127,0,78035,1,0,0,0,1,9,100107,10999,0
"Stormrider's Attire",3128,0,78048,2,233,14130,0,1,9,100107,1640,0
"Thundering Stormrider's Attire",3129,0,78049,2,233,14036,3128,1,9,100107,1640,0
"Raiment of Amirdrassil",3130,0,78086,6,208,14032,3121,1,9,100200,10,38250
"Ceremonial Jacaranda Regalia",3131,400,0,0,224,14034,0,1,9,100200,10,0
"Embrace of the Dreamfused Skull",3132,4164,0,0,224,14034,0,1,9,100200,10,0
"Barkbloom Warleathers",3133,3592,0,0,224,14034,0,1,9,100200,10,0
"Overgrown Freyan Warplate",3134,35,0,0,224,14034,0,1,9,100200,10,0
"Temporal Burdens",3135,0,78173,3,0,0,0,1,9,100107,10,0
"Temporal Burdens",3136,0,78191,3,0,0,0,1,9,100107,10,0
"Blazing Dreamstalker's Trophies",3137,4,0,512,225,13193,0,1,9,100200,10201,0
"Blazing Dreamstalker's Trophies",3138,4,0,512,225,1641,3137,1,9,100200,10200,0
"Blazing Dreamstalker's Trophies",3139,4,0,0,225,13145,3137,1,9,100200,10203,0
"Blazing Dreamstalker's Trophies",3140,4,0,512,225,2015,3137,1,9,100200,10202,0
"Mystic Heron's Discipline",3141,512,0,0,225,13145,3144,1,9,100200,10203,0
"Mystic Heron's Discipline",3142,512,0,512,225,1641,3144,1,9,100200,10200,0
"Mystic Heron's Discipline",3143,512,0,512,225,2015,3144,1,9,100200,10202,0
"Mystic Heron's Discipline",3144,512,0,512,225,13193,0,1,9,100200,10201,0
"Zealous Pyreknight's Ardor",3145,2,0,0,225,13145,3148,1,9,100200,10203,0
"Zealous Pyreknight's Ardor",3146,2,0,512,225,2015,3148,1,9,100200,10202,0
"Zealous Pyreknight's Ardor",3147,2,0,512,225,1641,3148,1,9,100200,10200,0
"Zealous Pyreknight's Ardor",3148,2,0,512,225,13193,0,1,9,100200,10201,0
"Molten Vanguard's Mortarplate",3149,1,0,512,225,2015,3150,1,9,100200,10202,0
"Molten Vanguard's Mortarplate",3150,1,0,512,225,13193,0,1,9,100200,10201,0
"Molten Vanguard's Mortarplate",3151,1,0,0,225,13145,3150,1,9,100200,10203,0
"Molten Vanguard's Mortarplate",3152,1,0,512,225,1641,3150,1,9,100200,10200,0
"Screaming Torchfiend's Brutality",3153,2048,0,512,225,13193,0,1,9,100200,10201,0
"Screaming Torchfiend's Brutality",3154,2048,0,512,225,1641,3153,1,9,100200,10200,0
"Screaming Torchfiend's Brutality",3155,2048,0,512,225,2015,3153,1,9,100200,10202,0
"Screaming Torchfiend's Brutality",3156,2048,0,0,225,13145,3153,1,9,100200,10203,0
"Weyrnkeeper's Timeless Vigil",3157,4096,0,512,225,13193,0,1,9,100200,10201,0
"Weyrnkeeper's Timeless Vigil",3158,4096,0,512,225,2015,3157,1,9,100200,10202,0
"Weyrnkeeper's Timeless Vigil",3159,4096,0,0,225,13145,3157,1,9,100200,10203,0
"Weyrnkeeper's Timeless Vigil",3160,4096,0,512,225,1641,3157,1,9,100200,10200,0
"Risen Nightmare's Gravemantle",3161,32,0,512,225,2015,3163,1,9,100200,10202,0
"Risen Nightmare's Gravemantle",3162,32,0,512,225,1641,3163,1,9,100200,10200,0
"Risen Nightmare's Gravemantle",3163,32,0,512,225,13193,0,1,9,100200,10201,0
"Risen Nightmare's Gravemantle",3164,32,0,0,225,13145,3163,1,9,100200,10203,0
"Lucid Shadewalker's Silence",3165,8,0,512,225,13193,0,1,9,100200,10201,0
"Lucid Shadewalker's Silence",3166,8,0,0,225,13145,3165,1,9,100200,10203,0
"Lucid Shadewalker's Silence",3167,8,0,512,225,1641,3165,1,9,100200,10200,0
"Lucid Shadewalker's Silence",3168,8,0,512,225,2015,3165,1,9,100200,10202,0
"Vision of the Greatwolf Outcast",3169,64,0,512,225,13193,0,1,9,100200,10201,0
"Vision of the Greatwolf Outcast",3170,64,0,512,225,2015,3169,1,9,100200,10202,0
"Vision of the Greatwolf Outcast",3171,64,0,512,225,1641,3169,1,9,100200,10200,0
"Vision of the Greatwolf Outcast",3172,64,0,0,225,13145,3169,1,9,100200,10203,0
"Devout Ashdevil's Pactweave",3173,256,0,0,225,13145,3175,1,9,100200,10203,0
"Devout Ashdevil's Pactweave",3174,256,0,512,225,2015,3175,1,9,100200,10202,0
"Devout Ashdevil's Pactweave",3175,256,0,512,225,13193,0,1,9,100200,10201,0
"Devout Ashdevil's Pactweave",3176,256,0,512,225,1641,3175,1,9,100200,10200,0
"Benevolent Embersage's Guidance",3177,1024,0,512,225,13193,0,1,9,100200,10201,0
"Benevolent Embersage's Guidance",3178,1024,0,512,225,2015,3177,1,9,100200,10202,0
"Benevolent Embersage's Guidance",3179,1024,0,512,225,1641,3177,1,9,100200,10200,0
"Benevolent Embersage's Guidance",3180,1024,0,0,225,13145,3177,1,9,100200,10203,0
"Blessings of Lunar Communion",3181,16,0,512,225,1641,3184,1,9,100200,10200,0
"Blessings of Lunar Communion",3182,16,0,0,225,13145,3184,1,9,100200,10203,0
"Blessings of Lunar Communion",3183,16,0,512,225,2015,3184,1,9,100200,10202,0
"Blessings of Lunar Communion",3184,16,0,512,225,13193,0,1,9,100200,10201,0
"Wayward Chronomancer's Clockwork",3185,128,0,512,225,1641,3186,1,9,100200,10200,0
"Wayward Chronomancer's Clockwork",3186,128,0,512,225,13193,0,1,9,100200,10201,0
"Wayward Chronomancer's Clockwork",3187,128,0,512,225,2015,3186,1,9,100200,10202,0
"Wayward Chronomancer's Clockwork",3188,128,0,0,225,13145,3186,1,9,100200,10203,0
"Sky-Captain's Masquerade Attire",3189,0,78218,2,230,14107,0,1,9,100200,10,0
"Sky-Captain's Formal Attire",3190,0,78217,2,230,13978,3189,1,9,100200,10,0
"Overgrown Freyan Warplate",3191,35,0,0,224,13990,3134,1,9,100200,10,0
"Embrace of the Dreamfused Skull",3192,4164,0,0,224,13990,3132,1,9,100200,10,0
"Barkbloom Warleathers",3193,3592,0,0,224,13990,3133,1,9,100200,10,0
"Ceremonial Jacaranda Regalia",3194,400,0,0,224,13990,3131,1,9,100200,10,0
"Verdant Gladiator's Silk Armor",3195,128,85334,272,226,13301,0,1,9,100200,10401,0
"Verdant Gladiator's Silk Armor",3196,128,85335,274,226,3859,3195,1,9,100200,10402,0
"Verdant Gladiator's Silk Armor",3197,16,85336,272,226,13301,0,1,9,100200,10401,0
"Verdant Gladiator's Silk Armor",3198,16,85337,274,226,3859,3197,1,9,100200,10402,0
"Verdant Gladiator's Silk Armor",3199,256,85338,272,226,13301,0,1,9,100200,10401,0
"Verdant Gladiator's Silk Armor",3200,256,85339,274,226,3859,3199,1,9,100200,10402,0
"Verdant Gladiator's Leather Armor",3201,1024,85340,272,226,13301,0,1,9,100200,10401,0
"Verdant Gladiator's Leather Armor",3202,1024,85341,274,226,3859,3201,1,9,100200,10402,0
"Verdant Gladiator's Leather Armor",3203,2048,85342,272,226,13301,0,1,9,100200,10401,0
"Verdant Gladiator's Leather Armor",3204,2048,85343,274,226,3859,3203,1,9,100200,10402,0
"Verdant Gladiator's Leather Armor",3205,512,85344,272,226,13301,0,1,9,100200,10401,0
"Verdant Gladiator's Leather Armor",3206,512,85345,274,226,3859,3205,1,9,100200,10401,0
"Verdant Gladiator's Leather Armor",3207,8,85346,272,226,13301,0,1,9,100200,10401,0
"Verdant Gladiator's Leather Armor",3208,8,85347,274,226,3859,3207,1,9,100200,10402,0
"Verdant Gladiator's Chain Armor",3209,4096,85348,272,226,13301,0,1,9,100200,10401,0
"Verdant Gladiator's Chain Armor",3210,4096,85349,274,226,3859,3209,1,9,100200,10402,0
"Verdant Gladiator's Chain Armor",3211,4,85350,272,226,13301,0,1,9,100200,10401,0
"Verdant Gladiator's Chain Armor",3212,4,85351,274,226,3859,3211,1,9,100200,10402,0
"Verdant Gladiator's Chain Armor",3213,64,85352,272,226,13301,0,1,9,100200,10401,0
"Verdant Gladiator's Chain Armor",3214,64,85353,274,226,3859,3213,1,9,100200,10402,0
"Verdant Gladiator's Plate Armor",3215,32,85354,272,226,13301,0,1,9,100200,10401,0
"Verdant Gladiator's Plate Armor",3216,32,85355,274,226,3859,3215,1,9,100200,10402,0
"Verdant Gladiator's Plate Armor",3217,2,85356,272,226,13301,0,1,9,100200,10401,0
"Verdant Gladiator's Plate Armor",3218,2,85357,274,226,3859,3217,1,9,100200,10402,0
"Verdant Gladiator's Plate Armor",3219,1,85358,272,226,13301,0,1,9,100200,10401,0
"Verdant Gladiator's Plate Armor",3220,1,85359,274,226,3859,3219,1,9,100200,10402,0
"Verdant Gladiator's Silk Armor",3221,128,0,19,0,0,0,1,9,100200,3820,0
"Verdant Gladiator's Silk Armor",3222,128,0,19,0,0,0,1,9,100200,3820,0
"Verdant Gladiator's Silk Armor",3223,128,0,19,0,0,0,1,9,100200,3820,0
"Verdant Gladiator's Silk Armor",3224,128,0,19,0,0,0,1,9,100200,3820,0
"Verdant Gladiator's Silk Armor",3225,128,0,19,0,0,0,1,9,100200,3820,0
"Verdant Gladiator's Silk Armor",3226,16,0,19,0,0,0,1,9,100200,3820,0
"Verdant Gladiator's Silk Armor",3227,16,0,19,0,0,0,1,9,100200,3820,0
"Verdant Gladiator's Silk Armor",3228,16,0,19,0,0,0,1,9,100200,3820,0
"Verdant Gladiator's Silk Armor",3229,16,0,19,0,0,0,1,9,100200,3820,0
"Verdant Gladiator's Silk Armor",3230,16,0,19,0,0,0,1,9,100200,3820,0
"Verdant Gladiator's Silk Armor",3231,256,0,19,0,0,0,1,9,100200,3820,0
"Verdant Gladiator's Silk Armor",3232,256,0,19,0,0,0,1,9,100200,3820,0
"Verdant Gladiator's Silk Armor",3233,256,0,19,0,0,0,1,9,100200,3820,0
"Verdant Gladiator's Silk Armor",3234,256,0,19,0,0,0,1,9,100200,3820,0
"Verdant Gladiator's Silk Armor",3235,256,0,19,0,0,0,1,9,100200,3820,0
"Verdant Gladiator's Leather Armor",3236,1024,0,19,0,0,0,1,9,100200,3820,0
"Verdant Gladiator's Leather Armor",3237,1024,0,19,0,0,0,1,9,100200,3820,0
"Verdant Gladiator's Leather Armor",3238,1024,0,19,0,0,0,1,9,100200,3820,0
"Verdant Gladiator's Leather Armor",3239,1024,0,19,0,0,0,1,9,100200,3820,0
"Verdant Gladiator's Leather Armor",3240,1024,0,19,0,0,0,1,9,100200,3820,0
"Verdant Gladiator's Leather Armor",3241,2048,0,19,0,0,0,1,9,100200,3820,0
"Verdant Gladiator's Leather Armor",3242,2048,0,19,0,0,0,1,9,100200,3820,0
"Verdant Gladiator's Leather Armor",3243,2048,0,19,0,0,0,1,9,100200,3820,0
"Verdant Gladiator's Leather Armor",3244,2048,0,19,0,0,0,1,9,100200,3820,0
"Verdant Gladiator's Leather Armor",3245,2048,0,19,0,0,0,1,9,100200,3820,0
"Verdant Gladiator's Leather Armor",3246,512,0,19,0,0,0,1,9,100200,3820,0
"Verdant Gladiator's Leather Armor",3247,512,0,19,0,0,0,1,9,100200,3820,0
"Verdant Gladiator's Leather Armor",3248,512,0,19,0,0,0,1,9,100200,3820,0
"Verdant Gladiator's Leather Armor",3249,512,0,19,0,0,0,1,9,100200,3820,0
"Verdant Gladiator's Leather Armor",3250,512,0,19,0,0,0,1,9,100200,3820,0
"Verdant Gladiator's Leather Armor",3251,8,0,19,0,0,0,1,9,100200,3820,0
"Verdant Gladiator's Leather Armor",3252,8,0,19,0,0,0,1,9,100200,3820,0
"Verdant Gladiator's Leather Armor",3253,8,0,19,0,0,0,1,9,100200,3820,0
"Verdant Gladiator's Leather Armor",3254,8,0,19,0,0,0,1,9,100200,3820,0
"Verdant Gladiator's Leather Armor",3255,8,0,19,0,0,0,1,9,100200,3820,0
"Verdant Gladiator's Chain Armor",3256,4096,0,19,0,0,0,1,9,100200,3820,0
"Verdant Gladiator's Chain Armor",3257,4096,0,19,0,0,0,1,9,100200,3820,0
"Verdant Gladiator's Chain Armor",3258,4096,0,19,0,0,0,1,9,100200,3820,0
"Verdant Gladiator's Chain Armor",3259,4096,0,19,0,0,0,1,9,100200,3820,0
"Verdant Gladiator's Chain Armor",3260,4096,0,19,0,0,0,1,9,100200,3820,0
"Verdant Gladiator's Chain Armor",3261,4,0,19,0,0,0,1,9,100200,3820,0
"Verdant Gladiator's Chain Armor",3262,4,0,19,0,0,0,1,9,100200,3820,0
"Verdant Gladiator's Chain Armor",3263,4,0,19,0,0,0,1,9,100200,3820,0
"Verdant Gladiator's Chain Armor",3264,4,0,19,0,0,0,1,9,100200,3820,0
"Verdant Gladiator's Chain Armor",3265,4,0,19,0,0,0,1,9,100200,3820,0
"Verdant Gladiator's Chain Armor",3266,64,0,19,0,0,0,1,9,100200,3820,0
"Verdant Gladiator's Chain Armor",3267,64,0,19,0,0,0,1,9,100200,3820,0
"Verdant Gladiator's Chain Armor",3268,64,0,19,0,0,0,1,9,100200,3820,0
"Verdant Gladiator's Chain Armor",3269,64,0,19,0,0,0,1,9,100200,3820,0
"Verdant Gladiator's Chain Armor",3270,64,0,19,0,0,0,1,9,100200,3820,0
"Verdant Gladiator's Plate Armor",3271,32,0,19,0,0,0,1,9,100200,3820,0
"Verdant Gladiator's Plate Armor",3272,32,0,19,0,0,0,1,9,100200,3820,0
"Verdant Gladiator's Plate Armor",3273,32,0,19,0,0,0,1,9,100200,3820,0
"Verdant Gladiator's Plate Armor",3274,32,0,19,0,0,0,1,9,100200,3820,0
"Verdant Gladiator's Plate Armor",3275,32,0,19,0,0,0,1,9,100200,3820,0
"Verdant Gladiator's Plate Armor",3276,2,0,19,0,0,0,1,9,100200,3820,0
"Verdant Gladiator's Plate Armor",3277,2,0,19,0,0,0,1,9,100200,3820,0
"Verdant Gladiator's Plate Armor",3278,2,0,19,0,0,0,1,9,100200,3820,0
"Verdant Gladiator's Plate Armor",3279,2,0,19,0,0,0,1,9,100200,3820,0
"Verdant Gladiator's Plate Armor",3280,2,0,19,0,0,0,1,9,100200,3820,0
"Verdant Gladiator's Plate Armor",3281,1,0,19,0,0,0,1,9,100200,3820,0
"Verdant Gladiator's Plate Armor",3282,1,0,19,0,0,0,1,9,100200,3820,0
"Verdant Gladiator's Plate Armor",3283,1,0,19,0,0,0,1,9,100200,3820,0
"Verdant Gladiator's Plate Armor",3284,1,0,19,0,0,0,1,9,100200,3820,0
"Verdant Gladiator's Plate Armor",3285,1,0,19,0,0,0,1,9,100200,3820,0
"Verdant Gladiator's Leather Armor",3286,8,0,19,0,0,0,1,9,100200,3820,0
"Verdant Gladiator's Prestigious Cloak",3287,0,0,19,0,0,0,1,9,100200,1550,0
"Verdant Gladiator's Tabard",3288,0,0,19,0,0,0,1,9,100200,10,0
"Verdant Aspirant's Silk Armor",3289,400,85360,274,226,13303,3131,1,9,100200,10200,0
"Verdant Aspirant's Leather Armor",3290,3592,85361,274,226,13303,3133,1,9,100200,10200,0
"Verdant Aspirant's Chain Armor",3291,4164,85362,274,226,13303,3132,1,9,100200,10200,0
"Verdant Aspirant's Plate Armor",3292,35,85363,274,226,13303,3134,1,9,100200,10200,0
"Overgrown Freyan Warplate",3293,35,0,0,224,13989,3134,1,9,100200,10,0
"Embrace of the Dreamfused Skull",3294,4164,0,0,224,13989,3132,1,9,100200,10,0
"Barkbloom Warleathers",3295,3592,0,0,224,13989,3133,1,9,100200,10,0
"Ceremonial Jacaranda Regalia",3296,400,0,0,224,13989,3131,1,9,100200,10,0
"Overgrown Freyan Warplate",3297,35,0,0,224,14041,3134,1,9,100200,10,0
"Embrace of the Dreamfused Skull",3298,4164,0,0,224,14041,3132,1,9,100200,10,0
"Barkbloom Warleathers",3299,3592,0,0,224,14041,3133,1,9,100200,10,0
"Ceremonial Jacaranda Regalia",3300,400,0,0,224,14041,3131,1,9,100200,10,0
"[DNT] 10.2 Mythic VFX Unlock - All Items",3301,0,78422,259,0,0,0,1,9,100200,3986,0
"Elegant Green Dragon Outerwear",3302,0,78599,0,213,13591,2912,1,9,100200,10,0
"Scarlet Zealot's Trappings",3303,0,78644,67,198,0,0,1,9,0,1640,0
"Moonberry's Many Mischief Makers",3304,0,78707,273,0,0,0,1,9,0,4150,0
"Burden of Unrelenting Justice",3305,0,78712,2,246,14134,0,1,9,100200,10299,0
"Wastewander Tracker's Kit",3306,0,78725,2,232,0,0,1,9,100200,10,0
"Forest Lord's Antlers",3307,0,78732,3,0,0,0,1,9,100200,9050,0
"Ochre Ornament of the Grove",3308,0,78731,3,0,0,0,1,9,100200,9050,0
"Ensemble: Drakebreaker's Plate Armor",3309,0,0,273,0,0,0,1,9,0,4150,0
"Ensemble: Scalewarden's Plate Armor",3310,0,0,273,0,0,0,1,9,0,4150,0
"Ensemble: Drakebreaker's Mail Armor",3311,0,0,273,0,0,0,1,9,0,4150,0
"Ensemble: Drakebreaker's Mail Armor",3312,0,0,273,0,0,0,1,9,0,4150,0
"Ensemble: Drakebreaker's Leather Armor",3313,0,0,273,0,0,0,1,9,0,4150,0
"Ensemble: Scalewarden's Leather Armor",3314,0,0,273,0,0,0,1,9,0,4150,0
"Ensemble: Drakebreaker's Cloth Armor",3315,0,0,273,0,0,0,1,9,0,4150,0
"Ensemble: Scalewarden's Cloth Armor",3316,0,0,273,0,0,0,1,9,0,4150,0
"Arsenal: Drakebreaker's Spiked Hammer",3317,0,0,273,0,0,0,1,9,0,4150,0
"Arsenal: Dreakbreaker's Club",3318,0,0,273,0,0,0,1,9,0,4150,0
"Arsenal: Drakebreaker's Club",3319,0,0,273,0,0,0,1,9,0,4150,0
"Arsenal: Drakebreaker's Knife",3320,0,0,273,0,0,0,1,9,0,4150,0
"Arsenal: Drakebreaker's Warglaive",3321,0,0,273,0,0,0,1,9,0,4150,0
"Arsenal: Drakebreaker's Axe",3322,0,0,273,0,0,0,1,9,0,4150,0
"Arsenal: Drakebreaker's Shield",3323,0,0,273,0,0,0,1,9,0,4150,0
"Arsenal: Drakebreaker's Polearm",3324,0,0,273,0,0,0,1,9,0,4150,0
"Arsenal: Drakebreaker's Greatsword",3325,0,0,273,0,0,0,1,9,0,4150,0
"Arsenal: Drakebreaker's Stave",3326,0,0,273,0,0,0,1,9,0,4150,0
"Arsenal: Drakebreaker's Offhand",3327,0,0,273,0,0,0,1,9,0,4150,0
"Arsenal: Drakebreaker's Wand",3328,0,0,273,0,0,0,1,9,0,4150,0
"Arsenal: Drakebreaker's Gun",3329,0,0,273,0,0,0,1,9,0,4150,0
"Arsenal: Scalewarden's Gun",3330,0,0,273,0,0,0,1,9,0,4150,0
"Arsenal: Scalewarden's Wand",3331,0,0,273,0,0,0,1,9,0,4150,0
"Arsenal: Scalewarden's Offhand",3332,0,0,273,0,0,0,1,9,0,4150,0
"Arsenal: Scalewarden's Stave",3333,0,0,273,0,0,0,1,9,0,4150,0
"Arsenal: Scalewarden's Greatsword",3334,0,0,273,0,0,0,1,9,0,4150,0
"Arsenal: Scalewarden's Polearm",3335,0,0,273,0,0,0,1,9,0,4150,0
"Arsenal: Scalewarden's Shield",3336,0,0,273,0,0,0,1,9,0,4150,0
"Arsenal: Scalewarden's Axe",3337,0,0,273,0,0,0,1,9,0,4150,0
"Arsenal: Scalewarden's Warglaive",3338,0,0,273,0,0,0,1,9,0,4150,0
"Arsenal: Scalewarden's Dagger",3339,0,0,273,0,0,0,1,9,0,4150,0
"Arsenal: Scalewarden's Mace",3340,0,0,273,0,0,0,1,9,0,4150,0
"Arsenal: Scalewarden's Club",3341,0,0,273,0,0,0,1,9,0,4150,0
"Arsenal: Scalewarden's Shortsword",3342,0,0,273,0,0,0,1,9,0,4150,0
"Stormrider's Stormhammers",3343,0,78822,67,0,0,0,1,9,100107,1640,0
"Ochre Ornament of the Grove",3344,0,78829,3,0,0,0,1,9,100200,9050,0
"Whispering Temple Blades",3345,0,78840,65,0,0,0,1,9,100200,1640,0
"Embrace of Lost Embaari",3346,0,78841,6,208,14015,0,1,0,100207,10,38254
"Endurance of Temple Telhamat",3347,0,78843,6,208,14097,3346,1,0,100207,10,38254
"Additional Tokens of Lost Embaari",3348,0,78844,7,0,0,0,1,0,100207,10,38254
"Additional Tokens of Telhamat",3349,0,78845,7,0,0,0,1,0,100207,10,38254
"Covenant of the Darkspear",3350,0,78913,10,208,14125,0,1,0,100207,10,56823
"Gilnean Noble's Suit",3351,0,80080,2,250,0,0,1,9,100205,4150,0
"Outlandish Drake Racer's Silks",3352,0,0,0,227,14105,3054,1,9,100205,10,0
"Ruby Riders of Azeroth Tabard",3353,0,79142,3,0,0,0,1,9,100205,10,0
"Dreadlord's Shadowbane Armor",3354,0,79207,2,229,14107,0,1,9,100205,10,0
"Dreadlord's Venombane Armor",3355,0,79208,2,229,14108,3354,1,9,100205,10,0
"Love Witch's Attire",3356,0,79209,2,231,14143,0,1,9,100205,10,0
"Sky Witch's Attire",3357,0,79210,2,231,14144,3356,1,9,100205,10,0
"Twilight Witch's Attire",3358,0,79211,2,231,14107,3356,1,9,100205,10,0
"Quel'Serrar Skyborn Blades",3359,0,79314,3,198,0,0,1,9,100205,1670,0
"Spring Reveler's Lavender Collection",3360,0,79467,2,241,14138,0,1,9,100205,10,0
"Spring Reveler's Lavender Apparel",3361,0,79468,2,241,14138,0,1,9,100205,10,0
"Dark Ranger General's Kit",3362,0,79517,258,242,0,0,1,9,100205,10,0
"Icy Drake Racer's Silks",3363,0,0,0,227,14106,3054,1,9,100206,10,0
"Frosted Riders of Azeroth Tabard",3364,0,79702,3,0,0,0,1,9,100205,10,0
"Breezebinder's Vestments",3365,400,79733,256,243,14121,0,1,4,50000,1021,0
"Gleaming Burden of Unrelenting Justice",3366,0,79708,2,246,14133,3305,1,9,100200,10299,0
"Moonlit Burden of Unrelenting Justice",3367,0,79709,2,246,14132,3305,1,9,100200,10299,0
"Vestments of Serenity",3368,0,79904,258,244,14120,3439,1,4,50000,1001,0
"Breezebinder's Vestments",3369,400,79734,256,243,14015,3365,1,4,50000,1021,0
"Breezebinder's Vestments",3370,400,79735,256,243,13965,3365,1,4,50000,1021,0
"Spirit-Waker's Vestments",3371,400,79736,256,244,13967,0,1,4,50000,1011,0
"Spirit-Waker's Vestments",3372,400,79737,256,244,13968,3371,1,4,50000,1011,0
"Spirit-Waker's Vestments",3373,400,79738,256,244,13965,3371,1,4,50000,1011,0
"Mistwalker's Vestments",3374,400,79739,256,244,13967,3375,1,4,50000,1012,0
"Mistwalker's Vestments",3375,400,79740,256,244,14121,0,1,4,50000,1012,0
"Mistwalker's Vestments",3376,400,79741,256,244,14120,3375,1,4,50000,1012,0
"Vestments of the Eternal Dynasty",3377,400,79769,256,244,13966,0,1,4,50000,1013,0
"Vestments of the Eternal Dynasty",3378,400,79770,256,244,13967,3377,1,4,50000,1013,0
"Vestments of the Eternal Dynasty",3379,400,79771,256,244,14122,3377,1,4,50000,1013,0
"Guise of the Shado-Pan",3380,0,79772,258,244,14123,0,1,4,50000,1004,0
"Guise of the Shado-Pan",3381,0,79773,258,244,14121,3380,1,4,50000,1004,0
"Mogubreaker Battlegear",3382,3592,79774,256,243,13966,3383,1,4,50000,1021,0
"Mogubreaker Battlegear",3383,3592,79775,256,243,14121,0,1,4,50000,1021,0
"Mogubreaker Battlegear",3384,3592,79776,256,243,13965,3383,1,4,50000,1021,0
"Mogubreaker Battlegear",3385,3592,79777,256,243,14122,3383,1,4,50000,1021,0
"Thunderpaw Battlegear",3386,3592,79778,256,244,14123,3388,1,4,50000,1011,0
"Thunderpaw Battlegear",3387,3592,79779,256,244,14126,3388,1,4,50000,1011,0
"Thunderpaw Battlegear",3388,3592,79780,256,244,14121,0,1,4,50000,1011,0
"Thunderpaw Battlegear",3389,3592,79781,256,244,13965,3388,1,4,50000,1011,0
"Mistveil Leathers",3390,3592,79782,256,244,13966,0,1,4,50000,1012,0
"Mistveil Leathers",3391,3592,79783,256,244,14125,3390,1,4,50000,1012,0
"Mistveil Leathers",3392,3592,79784,256,244,13984,3390,1,4,50000,1012,0
"Mistveil Leathers",3393,3592,79785,256,244,14124,3390,1,4,50000,1012,0
"Tian Monastery Clothing",3394,0,79786,258,244,13967,0,1,4,50000,1001,0
"Tian Monastery Clothing",3395,0,79787,256,244,13965,3394,1,4,50000,1001,0
"Tian Monastery Clothing",3396,0,79788,256,244,14120,3394,1,4,50000,1001,0
"Snowdrift Battlegear",3397,3592,79816,256,244,13967,0,1,4,50000,1013,0
"Snowdrift Battlegear",3398,3592,79817,256,244,14125,3397,1,4,50000,1013,0
"Snowdrift Battlegear",3399,3592,79818,256,244,13965,3397,1,4,50000,1013,0
"Mogu Lord's Regalia",3400,4164,79819,256,243,13966,0,1,4,50000,1021,0
"Mogu Lord's Regalia",3401,4164,79820,256,243,14130,3400,1,4,50000,1021,0
"Mogu Lord's Regalia",3402,4164,79821,256,243,14129,3400,1,4,50000,1021,0
"Kor'kron Shaman Vestments",3403,0,79822,258,244,14128,3405,1,4,50000,1003,0
"Kor'kron Shaman Vestments",3404,0,79823,258,244,14127,3405,1,4,50000,1003,0
"Kor'kron Shaman Vestments",3405,0,79824,258,244,14122,0,1,4,50000,1003,0
"Trailseeker's Laminar Armor",3406,4164,79825,256,244,13966,0,1,4,50000,1011,0
"Trailseeker's Laminar Armor",3407,4164,79826,256,244,14130,3406,1,4,50000,1011,0
"Trailseeker's Laminar Armor",3408,4164,79827,256,244,13968,3406,1,4,50000,1011,0
"Trailseeker's Laminar Armor",3409,4164,79828,256,244,14120,3406,1,4,50000,1011,0
"Dawnwatcher's Scale Armor",3410,4164,79829,256,244,13967,0,1,4,50000,1012,0
"Dawnwatcher's Scale Armor",3411,4164,79830,256,244,14015,3410,1,4,50000,1012,0
"Dawnwatcher's Scale Armor",3412,4164,79831,256,244,13965,3410,1,4,50000,1012,0
"Sun Pearl Clothing",3413,0,79832,256,244,13968,0,1,4,50000,1001,0
"Sun Pearl Clothing",3414,0,79833,256,244,13965,3413,1,4,50000,1001,0
"Sun Pearl Clothing",3415,0,79834,258,244,14122,3413,1,4,50000,1001,0
"Jade Guardian's Regalia",3416,4164,79853,256,244,13967,0,1,4,50000,1013,0
"Jade Guardian's Regalia",3417,4164,79854,256,244,14125,3416,1,4,50000,1013,0
"Jade Guardian's Regalia",3418,4164,79855,256,244,13965,3416,1,4,50000,1013,0
"Jade Guardian's Regalia",3419,4164,79856,256,244,14122,3416,1,4,50000,1013,0
"Swarmbreaker's Battleplate",3420,35,79857,256,243,14123,3422,1,4,50000,1021,0
"Swarmbreaker's Battleplate",3421,35,79858,256,243,14126,3422,1,4,50000,1021,0
"Swarmbreaker's Battleplate",3422,35,79859,256,243,14121,0,1,4,50000,1021,0
"Spiritguard's Warplate",3423,35,79860,256,244,13967,0,1,4,50000,1011,0
"Spiritguard's Warplate",3424,35,79861,256,244,14130,3423,1,4,50000,1011,0
"Spiritguard's Warplate",3425,35,79862,256,244,14131,3423,1,4,50000,1011,0
"Shan'ze Warplate",3426,35,79863,256,244,13968,0,1,4,50000,1012,0
"Shan'ze Warplate",3427,35,79864,256,244,14015,3426,1,4,50000,1012,0
"Shan'ze Warplate",3428,35,79865,256,244,13965,3426,1,4,50000,1012,0
"Shan'ze Warplate",3429,35,79866,256,244,14122,3426,1,4,50000,1012,0
"Gatecrasher's Battleplate",3430,35,79894,256,244,13966,0,1,4,50000,1013,0
"Gatecrasher's Battleplate",3431,35,79895,256,244,13967,3430,1,4,50000,1013,0
"Gatecrasher's Battleplate",3432,35,79896,256,244,13968,3430,1,4,50000,1013,0
"Gatecrasher's Battleplate",3433,35,79897,256,244,13965,3430,1,4,50000,1013,0
"Robes of Quiet Reflection",3434,0,79898,258,244,14125,3436,1,4,50000,1002,0
"Robes of Quiet Reflection",3435,0,79899,258,244,13968,3436,1,4,50000,1002,0
"Robes of Quiet Reflection",3436,0,79900,258,244,13965,0,1,4,50000,1002,0
"Robes of Quiet Reflection",3437,0,79901,258,244,14122,3436,1,4,50000,1002,0
"Vestments of Serenity",3438,0,79903,258,244,13968,3439,1,4,50000,1001,0
"Vestments of Serenity",3439,0,79902,258,244,13967,0,1,4,50000,1001,0
"Battleplate of Resounding Rings",3440,1,79732,258,31,14119,444,1,4,50003,4829,0
"Verdant Gladiator's Prestigious Cloak",3441,0,0,19,0,0,0,1,9,100206,1550,0
"Draconic Gladiator's Tabard",3442,0,0,19,0,0,0,1,9,100206,10,0
"Plunderlord's Finery",3443,0,0,2,247,13965,0,1,9,100206,1,0
"Spring Reveler's Dandelion Apparel",3444,0,80059,2,241,14137,3361,1,9,100205,10,0
"Spring Reveler's Dandelion Collection",3445,0,80060,2,241,14137,3360,1,9,100205,10,0
"Spring Reveler's Turquoise Apparel",3446,0,80061,2,241,13992,3361,1,9,100205,10,0
"Spring Reveler's Turquoise Collection",3447,0,80064,2,241,13992,3360,1,9,100205,10,0
"Spring Reveler's Cornsilk Apparel",3448,0,80065,2,241,14139,3361,1,9,100205,10,0
"Spring Reveler's Cornsilk Collection",3449,0,80066,2,241,14139,3360,1,9,100205,10,0
"Gladiator's Ragged Armor",3451,0,80171,2,249,14107,0,1,9,100206,10,0
"Gladiator's Battered Armor",3452,0,80172,2,249,13978,3451,1,9,100206,10,0
"Bow of the Ranger Captain",3453,0,80199,3,0,0,0,1,0,100207,10,0
"Plunderlord's Tricorne of Admiralty",3454,0,0,3,0,0,0,1,9,100206,10,0
"Plunderlord's Waistcoat (216735)",3455,0,0,3,0,0,0,1,9,100206,10,0
"Plunderlord's Muckscrapers",3456,0,0,3,0,0,0,1,9,100206,10,0
"Plunderlord's Golden Cinch",3457,0,0,3,0,0,0,1,9,100206,10,0
"Plunderlord's Cuffs",3458,0,0,3,0,0,0,1,9,100206,10,0
"Plunderlord's Pilferers",3459,0,0,3,0,0,0,1,9,100206,10,0
"Plunderlord's Fancy Trousers",3460,0,0,3,0,0,0,1,9,100206,10,0
"Plunderlord's Drapery",3461,0,0,3,0,0,0,1,9,100206,10,0
"Plunderlord's Tassled Spaulders",3462,0,0,3,0,0,0,1,9,100206,10,0
"Plunderlord's Gilded Sigil",3463,0,0,3,0,0,0,1,9,100206,10,0
"Plunderlord's Fine Rapier",3464,0,0,3,0,0,0,1,9,100206,10,0
"Plunderlord's Silver Cutlass",3465,0,0,3,0,0,0,1,9,100206,10,0
"Plunderlord's Neck-Severer",3466,0,0,3,0,0,0,1,9,100206,10,0
"Plunderlord's Hand Cannon",3467,0,0,3,0,0,0,1,9,100206,10,0
"Deadly Dagger",3468,0,0,3,0,0,0,1,9,100206,10,0
"Calcified Claymore",3469,0,0,3,0,0,0,1,9,100206,10,0
"Blacksteel Saber",3470,0,0,3,0,0,0,1,9,100206,10,0
"Bloody Iron Cleaver",3471,0,0,3,0,0,0,1,9,100206,10,0
"Copper Cannon",3472,0,0,3,0,0,0,1,9,100206,10,0
"Marvelous Multi-Shot",3473,0,0,3,0,0,0,1,9,100206,10,0
"Swabbie's Gloves",3474,0,0,3,0,0,0,1,9,100206,10,0
"Swindler's Cutouts",3475,0,0,3,0,0,0,1,9,100206,10,0
"Weatherproven Drape",3476,0,0,3,0,0,0,1,9,100206,10,0
"Skulker's Cloak",3477,0,0,3,0,0,0,1,9,100206,10,0
"Spun Cotton Shirt",3478,0,0,3,0,0,0,1,9,100206,10,0
"Quilted Breeches",3479,0,0,3,0,0,0,1,9,100206,10,0
"Handwoven Trousers",3480,0,0,3,0,0,0,1,9,100206,10,0
"Surefooted Boots",3481,0,0,3,0,0,0,1,9,100206,10,0
"Silent Leathers",3482,0,0,3,0,0,0,1,9,100206,10,0
"Storm Captain's Hat",3483,0,0,3,0,0,0,1,9,100206,10,0
"Warm Woolen Cap",3484,0,0,3,0,0,0,1,9,100206,10,0
"Fine Crimson Doublet",3485,0,0,3,0,0,0,1,9,100206,10,0
"Plunderlord's Finery",3486,0,0,3,251,0,0,1,9,990000,1,0
"Fearless Buccaneer's Slops",3487,0,80335,2,252,14142,2340,1,9,100206,1640,0
"Voidtouched Weaponry",3488,0,80450,3,0,0,0,1,9,100207,10,0
"Tools of Krag'wa's Disciple",3489,0,80483,323,0,0,0,1,9,100207,10,0
"Imminence of Krag'wa's Disciple",3490,0,80482,323,0,0,0,1,9,100207,10,0
"Dreadsquall Hunter's Preference",3491,0,80481,323,0,0,0,1,9,100207,10,0
"Dreadsquall Hunter's Camouflage",3492,0,80480,323,0,0,0,1,9,100207,10,0
"Treasure of the Gold Hoarder",3493,0,80479,323,0,0,0,1,9,100207,10,0
"Scales of the Gold Hoarder",3494,0,80478,323,0,0,0,1,9,100207,10,0
"Sin'dorei Magister's Enchantment",3495,0,80477,323,0,0,0,1,9,100207,10,0
"Sin'dorei Magister's Regalia",3496,0,80476,323,0,0,0,1,9,100207,10,0
"Webbed Soulforged Weaponry",3497,0,80475,323,0,0,0,1,9,100207,10,0
"Webbed Soulforged Exoskeleton",3498,0,80474,323,0,0,0,1,9,100207,10,0
"Fanatical Champion's Aggression",3499,0,80473,323,0,0,0,1,9,100207,10,0
"Fanatical Champion's Trophies",3500,0,80472,323,0,0,0,1,9,100207,10,0
"Instruments of Temptation's Call",3501,0,80471,323,0,0,0,1,9,100207,10,0
"Jewels of Temptation's Call",3502,0,80470,323,0,0,0,1,9,100207,10,0
"Shado-Pan Watcher Arsenal",3503,0,80469,323,0,0,0,1,9,100207,10,0
"Shado-Pan Watcher Guise",3504,0,80468,323,0,0,0,1,9,100207,10,0
"Aldrachi Blasphemer's Glaives",3505,0,80467,323,0,0,0,1,9,100207,10,0
"Aldrachi Blasphemer's Flames",3506,0,80466,323,0,0,0,1,9,100207,10,0
"Ela'lothen's Blessings of Rebirth",3507,0,80465,323,0,0,0,1,9,100207,10,0
"Ela'lothen's Vestment of Rebirth",3508,0,80464,323,0,0,0,1,9,100207,10,0
"Igneous Onyx Uniform",3509,0,80463,323,0,0,0,1,9,100207,10,0
"Silks of the Abyssal Cult",3510,0,80462,323,0,0,0,1,9,100207,10,0
"Igneous Onyx Blades",3511,0,80461,323,0,0,0,1,9,100207,10,0
"Secrets of the Abyssal Cult",3512,0,80460,323,0,0,0,1,9,100207,10,0
"Armaments of the Holy Avenger",3513,0,80459,323,0,0,0,1,9,100207,10,0
"Plate of the Holy Avenger",3514,0,80458,323,0,0,0,1,9,100207,10,0
"Loyalty of the Darkspear",3515,0,80503,10,208,13965,3350,1,0,100207,10,56823
"Mask of Lukou",3516,0,80542,11,0,0,0,1,0,100207,10,56823
"Mask of Lukou",3517,0,80543,11,0,0,0,1,0,100207,10,56823
"Expeditionary Arathi Attire",3518,0,0,0,253,13591,0,1,10,110000,10,0
"Honorary Councilmember's Mandate",3519,0,0,0,254,13591,0,1,10,110000,10,0
"Finery of the Assembly",3520,0,0,0,345,13591,0,1,10,110000,10,0
"Thread-Bearer's Carapace",3521,0,0,0,346,13591,0,1,10,110000,10,0
"Cardinal Educator's Knowledge",3522,0,81517,256,261,13965,3525,1,10,110000,10,0
"Lilac Educator's Knowledge",3523,0,81519,256,261,14015,3525,1,10,110000,10,0
"Leafy Educator's Knowledge",3524,0,81520,256,261,13968,3525,1,10,110000,10,0
"Cobalt Educator's Knowledge",3525,0,81521,256,261,13967,0,1,10,110000,10,0
"Midnight Educator's Knowledge",3526,0,81522,256,261,13966,3525,1,10,110000,10,0
"Sandy Quotidian Wear",3527,0,81523,0,260,14122,3530,1,10,110000,10,0
"Maroon Quotidian Wear",3528,0,81524,0,260,13965,3530,1,10,110000,10,0
"Earthy Quotidian Wear",3529,0,81525,0,260,13968,3530,1,10,110000,10,0
"Umber Quotidian Wear",3530,0,81526,0,260,14125,0,1,10,110000,10,0
"Taupe Quotidian Wear",3531,0,81527,0,260,13967,3530,1,10,110000,10,0
"Vermillion Patron's Elegance",3532,0,81528,0,259,13965,3534,1,10,110000,10,0
"Royal Patron's Elegance",3533,0,81529,0,259,14015,3534,1,10,110000,10,0
"Verdant Patron's Elegance",3534,0,81530,0,259,13968,0,1,10,110000,10,0
"Celestial Patron's Elegance",3535,0,81531,0,259,13967,3534,1,10,110000,10,0
"Court Patron's Elegance",3536,0,81532,0,259,13966,3534,1,10,110000,10,0
"Versatile Peddler's Trinkets",3537,0,81533,0,258,14145,0,1,10,110000,10,0
"Arcane Peddler's Trinkets",3538,0,81534,0,258,14015,3537,1,10,110000,10,0
"Curious Peddler's Trinkets",3539,0,81535,0,258,13968,3537,1,10,110000,10,0
"Peculiar Peddler's Trinkets",3540,0,81536,0,258,13967,3537,1,10,110000,10,0
"Occult Peddler's Trinkets",3541,0,81537,0,258,13966,3537,1,10,110000,10,0
"Toiler's Khaki Uniform",3542,0,81539,0,257,13965,3545,1,10,110000,10,0
"Toiler's Ochre Uniform",3543,0,81540,0,257,13968,3545,1,10,110000,10,0
"Toiler's Burgundy Uniform",3544,0,81541,0,257,14146,3545,1,10,110000,10,0
"Toiler's Beige Uniform",3545,0,81542,0,257,14125,0,1,10,110000,10,0
"Toiler's Navy Uniform",3546,0,81543,0,257,13967,3545,1,10,110000,10,0
"Formed Artisan's Talent",3547,0,81544,0,256,13965,0,1,10,110000,10,0
"Woven Artisan's Talent",3548,0,81545,0,256,14015,3547,1,10,110000,10,0
"Cast Artisan's Talent",3549,0,81546,0,256,13968,3547,1,10,110000,10,0
"Stained Artisan's Talent",3550,0,81547,0,256,13967,3547,1,10,110000,10,0
"Sooty Artisan's Talent",3551,0,81548,0,256,13966,3547,1,10,110000,10,0
"Saffron Cartographer's Orientation",3552,0,81549,0,255,14122,0,1,10,110000,10,0
"Oceanic Cartographer's Orientation",3553,0,81550,0,255,14145,3552,1,10,110000,10,0
"Crimson Cartographer's Orientation",3554,0,81551,0,255,13965,3552,1,10,110000,10,0
"Deep Cartographer's Orientation",3555,0,81552,0,255,14015,3552,1,10,110000,10,0
"Mossy Cartographer's Orientation",3556,0,81553,0,255,13968,3552,1,10,110000,10,0
"Draconic Gladiator's Silk Armor",3558,128,0,19,0,0,0,1,9,100206,3820,0
"Draconic Gladiator's Silk Armor",3559,128,0,19,0,0,0,1,9,100206,3820,0
"Draconic Gladiator's Silk Armor",3560,128,0,19,0,0,0,1,9,100206,3820,0
"Draconic Gladiator's Silk Armor",3561,128,0,19,0,0,0,1,9,100206,3820,0
"Draconic Gladiator's Silk Armor",3562,128,0,19,0,0,0,1,9,100206,3820,0
"Draconic Gladiator's Silk Armor",3563,16,0,19,0,0,0,1,9,100206,3820,0
"Draconic Gladiator's Silk Armor",3564,16,0,19,0,0,0,1,9,100206,3820,0
"Draconic Gladiator's Silk Armor",3565,16,0,19,0,0,0,1,9,100206,3820,0
"Draconic Gladiator's Silk Armor",3566,16,0,19,0,0,0,1,9,100206,3820,0
"Draconic Gladiator's Silk Armor",3567,16,0,19,0,0,0,1,9,100206,3820,0
"Draconic Gladiator's Silk Armor",3568,256,0,19,0,0,0,1,9,100206,3820,0
"Draconic Gladiator's Silk Armor",3569,256,0,19,0,0,0,1,9,100206,3820,0
"Draconic Gladiator's Silk Armor",3570,256,0,19,0,0,0,1,9,100206,3820,0
"Draconic Gladiator's Silk Armor",3571,256,0,19,0,0,0,1,9,100206,3820,0
"Draconic Gladiator's Silk Armor",3572,256,0,19,0,0,0,1,9,100206,3820,0
"Draconic Gladiator's Leather Armor",3573,1024,0,19,0,0,0,1,9,100206,3820,0
"Draconic Gladiator's Leather Armor",3574,1024,0,19,0,0,0,1,9,100206,3820,0
"Draconic Gladiator's Leather Armor",3575,1024,0,19,0,0,0,1,9,100206,3820,0
"Draconic Gladiator's Leather Armor",3576,1024,0,19,0,0,0,1,9,100206,3820,0
"Draconic Gladiator's Leather Armor",3577,1024,0,19,0,0,0,1,9,100206,3820,0
"Draconic Gladiator's Leather Armor",3578,2048,0,19,0,0,0,1,9,100206,3820,0
"Draconic Gladiator's Leather Armor",3579,2048,0,19,0,0,0,1,9,100206,3820,0
"Draconic Gladiator's Leather Armor",3580,2048,0,19,0,0,0,1,9,100206,3820,0
"Draconic Gladiator's Leather Armor",3581,2048,0,19,0,0,0,1,9,100206,3820,0
"Draconic Gladiator's Leather Armor",3582,2048,0,19,0,0,0,1,9,100206,3820,0
"Draconic Gladiator's Leather Armor",3583,512,0,19,0,0,0,1,9,100206,3820,0
"Draconic Gladiator's Leather Armor",3584,512,0,19,0,0,0,1,9,100206,3820,0
"Draconic Gladiator's Leather Armor",3585,512,0,19,0,0,0,1,9,100206,3820,0
"Draconic Gladiator's Leather Armor",3586,512,0,19,0,0,0,1,9,100206,3820,0
"Draconic Gladiator's Leather Armor",3587,512,0,19,0,0,0,1,9,100206,3820,0
"Draconic Gladiator's Leather Armor",3588,8,0,19,0,0,0,1,9,100206,3820,0
"Draconic Gladiator's Leather Armor",3589,8,0,19,0,0,0,1,9,100206,3820,0
"Draconic Gladiator's Leather Armor",3590,8,0,19,0,0,0,1,9,100206,3820,0
"Draconic Gladiator's Leather Armor",3591,8,0,19,0,0,0,1,9,100206,3820,0
"Draconic Gladiator's Leather Armor",3592,8,0,19,0,0,0,1,9,100206,3820,0
"Draconic Gladiator's Chain Armor",3593,4096,0,19,0,0,0,1,9,100206,3820,0
"Draconic Gladiator's Chain Armor",3594,4096,0,19,0,0,0,1,9,100206,3820,0
"Draconic Gladiator's Chain Armor",3595,4096,0,19,0,0,0,1,9,100206,3820,0
"Draconic Gladiator's Chain Armor",3596,4096,0,19,0,0,0,1,9,100206,3820,0
"Draconic Gladiator's Chain Armor",3597,4096,0,19,0,0,0,1,9,100206,3820,0
"Draconic Gladiator's Chain Armor",3598,4,0,19,0,0,0,1,9,100206,3820,0
"Draconic Gladiator's Chain Armor",3599,4,0,19,0,0,0,1,9,100206,3820,0
"Draconic Gladiator's Chain Armor",3600,4,0,19,0,0,0,1,9,100206,3820,0
"Draconic Gladiator's Chain Armor",3601,4,0,19,0,0,0,1,9,100206,3820,0
"Draconic Gladiator's Chain Armor",3602,4,0,19,0,0,0,1,9,100206,3820,0
"Draconic Gladiator's Chain Armor",3603,64,0,19,0,0,0,1,9,100206,3820,0
"Draconic Gladiator's Chain Armor",3604,64,0,19,0,0,0,1,9,100206,3820,0
"Draconic Gladiator's Chain Armor",3605,64,0,19,0,0,0,1,9,100206,3820,0
"Draconic Gladiator's Chain Armor",3606,64,0,19,0,0,0,1,9,100206,3820,0
"Draconic Gladiator's Chain Armor",3607,64,0,19,0,0,0,1,9,100206,3820,0
"Draconic Gladiator's Plate Armor",3608,32,0,19,0,0,0,1,9,100206,3820,0
"Draconic Gladiator's Plate Armor",3609,32,0,19,0,0,0,1,9,100206,3820,0
"Draconic Gladiator's Plate Armor",3610,32,0,19,0,0,0,1,9,100206,3820,0
"Draconic Gladiator's Plate Armor",3611,32,0,19,0,0,0,1,9,100206,3820,0
"Draconic Gladiator's Plate Armor",3612,32,0,19,0,0,0,1,9,100206,3820,0
"Draconic Gladiator's Plate Armor",3613,2,0,19,0,0,0,1,9,100206,3820,0
"Draconic Gladiator's Plate Armor",3614,2,0,19,0,0,0,1,9,100206,3820,0
"Draconic Gladiator's Plate Armor",3615,2,0,19,0,0,0,1,9,100206,3820,0
"Draconic Gladiator's Plate Armor",3616,2,0,19,0,0,0,1,9,100206,3820,0
"Draconic Gladiator's Plate Armor",3617,2,0,19,0,0,0,1,9,100206,3820,0
"Draconic Gladiator's Plate Armor",3618,1,0,19,0,0,0,1,9,100206,3820,0
"Draconic Gladiator's Plate Armor",3619,1,0,19,0,0,0,1,9,100206,3820,0
"Draconic Gladiator's Plate Armor",3620,1,0,19,0,0,0,1,9,100206,3820,0
"Draconic Gladiator's Plate Armor",3621,1,0,19,0,0,0,1,9,100206,3820,0
"Draconic Gladiator's Plate Armor",3622,1,0,19,0,0,0,1,9,100206,3820,0
"Plunderlord's Monocle",3623,0,0,3,0,0,0,1,9,100206,10,0
"Plunderlord's Tabard",3624,0,0,3,0,0,0,1,9,100206,10,0
"Deep Stormrider's Attire",3625,0,81991,2,233,14155,3128,1,9,100107,1640,121328
"Frenzied Deep Stormrider's Attire",3626,0,81992,2,233,14148,3128,1,9,100107,1640,0
"Champion Stormrider's Attire",3627,0,81991,2,233,14156,3128,1,9,100107,1640,121328
"Sparking Champion Stormrider's Attire",3628,0,81992,2,233,14149,3128,1,9,100107,1640,0
"Silver Stormrider's Attire",3629,0,81991,2,233,14131,3128,1,9,100107,1640,121328
"Shocking Silver Stormrider's Attire",3630,0,81992,2,233,14150,3128,1,9,100107,1640,0
"Stormrider's Dark Stormhammers",3631,0,81996,67,0,0,0,1,9,100207,1640,0
"Stormrider's Bronze Stormhammers",3632,0,81997,67,0,0,0,1,9,100207,1640,0
"Stormrider's Bronze Stormhammers",3633,0,81998,67,0,0,0,1,9,100207,1640,0
"Green Snugglefin Murloc Romper",3634,0,82027,2,262,13968,0,1,9,100207,1640,0
"Purple Snugglefin Murloc Romper",3635,0,82031,2,262,14015,3634,1,9,100207,1640,0
"Black Tropical Ensemble",3636,0,82137,2,263,13966,0,1,9,100207,10,0
"Blue Tropical Ensemble",3637,0,82138,2,263,13967,3636,1,9,100207,10,0
"Pink Tropical Ensemble",3638,0,82139,2,263,14151,3636,1,9,100207,10,0
"Sunny Tropical Beachwear",3639,0,82140,2,263,14122,3636,1,9,100207,10,0
"Delver's Cloth Armor",3640,400,0,0,264,14152,0,1,10,110000,10,0
"Delver's Leather Armor",3641,3592,0,0,264,14152,0,1,10,110000,10,0
"Delver's Mail Armor",3642,4164,0,0,264,14152,0,1,10,110000,10,0
"Delver's Plate Armor",3643,35,0,0,264,14152,0,1,10,110000,10,0
"Black Tropical Swimwear Ensemble",3644,0,82198,2,265,13966,0,1,9,100207,10,0
"Tropical Sunrise Swimwear",3645,0,82231,2,265,13967,3644,1,9,100207,10,0
"Pink Tropical Swimwear Ensemble",3646,0,82232,2,265,14151,3644,1,9,100207,10,0
"Sunny Tropical Swimwear",3647,0,82233,2,265,14122,3644,1,9,100207,10,0
"Blazing Felfire Armaments",3648,0,82247,3,0,0,0,1,8,90002,1670,0
"Deep Diver Suit",3649,0,82261,2,266,13967,0,1,9,100207,10,0
"Deepest Depths Diver Suit",3650,0,82267,2,266,14123,3649,1,9,100207,10,0
"Green Diver Suit",3651,0,82269,2,266,13968,3649,1,9,100207,10,0
"CopperDiver Suit",3652,0,82270,2,266,14162,3649,1,9,100207,10,0
"Quel'Serrar Seaborn Blades",3653,0,82318,3,198,0,0,1,9,100207,1670,0
"Quel'Serrar Fireborn Blades",3654,0,82319,3,198,0,0,1,9,100207,1670,0
"Hallowfall Plate Armor",3655,35,0,0,267,13990,0,1,10,110000,10,0
"Hallowfall Mail Armor",3656,4164,0,0,267,13990,0,1,10,110000,10,0
"Hallowfall Leather Armor",3657,3592,0,0,267,13990,0,1,10,110000,10,0
"Hallowfall Cloth Armor",3658,400,0,0,267,13990,0,1,10,110000,10,0
"Forged Gladiator's Tabard",3659,0,0,19,0,0,0,1,10,110000,10,0
"Forged Gladiator's Prestigious Cloak",3660,0,0,19,0,0,0,1,10,110000,1550,0
"Unburied Aspirant's Cloak Rack",3662,0,82343,275,193,13303,0,1,8,90200,1581,0
"Unburied Gladiator's Cloak Rack",3663,0,82420,275,182,13301,0,1,8,90002,201,0
"Dalaran Defender's Plate Armor",3664,35,0,2,268,0,0,1,10,0,3971,0
"Dalaran Defender's Cloth Armor",3665,400,0,2,268,0,0,1,10,0,4150,0
"Dalaran Defender's Mail Armor",3666,4164,0,2,268,0,0,1,10,0,3971,0
"Dalaran Defender's Leather Armor",3667,11784,0,2,268,0,0,1,10,0,3971,0
"Unburied Aspirant's Cloak Rack",3668,0,82409,275,193,13303,0,1,8,90200,1581,0
"Unburied Aspirant's Cloak Rack",3669,0,82410,275,193,13303,0,1,8,90200,1581,0
"Unburied Aspirant's Cloak Rack",3670,0,82411,275,193,13303,0,1,8,90200,1581,0
"Unburied Aspirant's Cloak Rack",3671,0,82412,275,193,13303,0,1,8,90200,1581,0
"Unburied Aspirant's Cloak Rack",3672,0,82413,275,193,13303,0,1,8,90200,1581,0
"Unburied Gladiator's Cloak Rack",3673,0,82422,275,182,13301,0,1,8,90002,201,0
"Unburied Gladiator's Cloak Rack",3674,0,82423,275,182,13301,0,1,8,90002,201,0
"Unburied Gladiator's Cloak Rack",3675,0,82425,275,182,13301,0,1,8,90002,201,0
"Unburied Gladiator's Cloak Rack",3676,0,82426,275,182,13301,0,1,8,90002,201,0
"Unburied Gladiator's Cloak Rack",3677,0,82427,275,182,13301,0,1,8,90002,201,0
"Unburied Gladiator's Cloak Rack",3678,0,82428,275,182,13301,0,1,8,90002,201,0
"Unburied Gladiator's Cloak Rack",3679,0,82430,275,182,13301,0,1,8,90002,201,0
"Unburied Gladiator's Cloak Rack",3680,0,82438,275,182,13301,0,1,8,90002,201,0
"Arsenal: Hellbloom Club",3681,0,0,273,0,0,0,1,9,0,4150,0
"Arsenal: Hellbloom Hammer",3682,0,0,273,0,0,0,1,9,0,4150,0
"Arsenal: Hellbloom Knife",3683,0,0,273,0,0,0,1,9,0,4150,0
"Arsenal: Hellbloom Wand",3684,0,0,273,0,0,0,1,9,0,4150,0
"Arsenal: Hellbloom Polearm",3685,0,0,273,0,0,0,1,9,0,4150,0
"Arsenal: Hellbloom Shield",3686,0,0,273,0,0,0,1,9,0,4150,0
"Arsenal: Hellbloom Staff",3687,0,0,273,0,0,0,1,9,0,4150,0
"Arsenal: Hellbloom Bow",3688,0,0,273,0,0,0,1,9,0,4150,0
"Arsenal: Hellbloom Warglaive",3689,0,0,273,0,0,0,1,9,0,4150,0
"Arsenal: Hellbloom Sword",3690,0,0,273,0,0,0,1,9,0,4150,0
"Arsenal: Hellbloom Greatsword",3691,0,0,273,0,0,0,1,9,0,4150,0
"Arsenal: Hellbloom Axe",3692,0,0,273,0,0,0,1,9,0,4150,0
"Arsenal: Hellbloom Branch",3693,0,0,273,0,0,0,1,9,0,4150,0
"Earthen Copper Regalia",3694,0,82770,3,269,14162,0,1,10,110000,4150,0
"Earthen Weaponry",3695,0,82788,3,270,0,0,1,10,110000,4150,0
"Forged Aspirant's Plate Armor",3696,35,85373,272,271,13303,3655,1,10,110000,10200,0
"Forged Aspirant's Chain Armor",3697,4164,85374,272,271,13303,3656,1,10,110000,10200,0
"Forged Aspirant's Leather Armor",3698,3592,85375,272,271,13303,3657,1,10,110000,10200,0
"Forged Aspirant's Silk Armor",3699,400,85376,272,271,13303,3658,1,10,110000,10200,0
"Heritage of Khaz Algar",3700,0,82771,2,208,14166,0,1,0,110000,10,123985
"Heritage of Khaz Algar",3701,0,82771,2,208,14165,3700,1,0,110000,10,123985
"Heritage of Khaz Algar",3702,0,82771,2,208,14164,3700,1,0,110000,10,123985
"Forged Gladiator's Silk Armor",3704,128,0,19,0,0,0,1,10,110000,3820,0
"Forged Gladiator's Silk Armor",3705,128,0,19,0,0,0,1,10,110000,3820,0
"Forged Gladiator's Silk Armor",3706,128,0,19,0,0,0,1,10,110000,3820,0
"Forged Gladiator's Silk Armor",3707,128,0,19,0,0,0,1,10,110000,3820,0
"Forged Gladiator's Silk Armor",3708,128,0,19,0,0,0,1,10,110000,3820,0
"Forged Gladiator's Silk Armor",3709,16,0,19,0,0,0,1,10,110000,3820,0
"Forged Gladiator's Silk Armor",3710,16,0,19,0,0,0,1,10,110000,3820,0
"Exhumed Centurion's Relics",3711,32,0,512,273,13193,0,1,10,110000,110001,0
"Forged Gladiator's Silk Armor",3712,16,0,19,0,0,0,1,10,110000,3820,0
"Forged Gladiator's Silk Armor",3713,16,0,19,0,0,0,1,10,110000,3820,0
"Forged Gladiator's Silk Armor",3714,16,0,19,0,0,0,1,10,110000,3820,0
"Forged Gladiator's Silk Armor",3715,256,0,19,0,0,0,1,10,110000,3820,0
"Forged Gladiator's Silk Armor",3716,256,0,19,0,0,0,1,10,110000,3820,0
"Forged Gladiator's Silk Armor",3717,256,0,19,0,0,0,1,10,110000,3820,0
"Exhumed Centurion's Relics",3718,32,0,512,273,2015,3711,1,10,110000,110002,0
"Exhumed Centurion's Relics",3719,32,0,0,273,13145,3711,1,10,110000,110003,0
"Exhumed Centurion's Relics",3720,32,0,512,273,1641,3711,1,10,110000,110000,0
"Husk of the Hypogeal Nemesis",3721,2048,0,512,273,2015,3723,1,10,110000,110002,0
"Husk of the Hypogeal Nemesis",3722,2048,0,0,273,13145,3723,1,10,110000,110003,0
"Husk of the Hypogeal Nemesis",3723,2048,0,512,273,13193,0,1,10,110000,110001,0
"Husk of the Hypogeal Nemesis",3724,2048,0,512,273,1641,3723,1,10,110000,110000,0
"Mane of the Greatlynx",3725,1024,0,512,273,2015,3727,1,10,110000,110002,0
"Mane of the Greatlynx",3726,1024,0,0,273,13145,3727,1,10,110000,110003,0
"Mane of the Greatlynx",3727,1024,0,512,273,13193,0,1,10,110000,110001,0
"Mane of the Greatlynx",3728,1024,0,512,273,1641,3727,1,10,110000,110000,0
"Destroyer's Scarred Wards",3729,4096,0,512,273,2015,3731,1,10,110000,110002,0
"Destroyer's Scarred Wards",3730,4096,0,0,273,13145,3731,1,10,110000,110003,0
"Destroyer's Scarred Wards",3731,4096,0,512,273,13193,0,1,10,110000,110001,0
"Destroyer's Scarred Wards",3732,4096,0,512,273,1641,3731,1,10,110000,110000,0
"Lightless Scavenger's Necessities",3733,4,0,512,273,2015,3735,1,10,110000,110002,0
"Lightless Scavenger's Necessities",3734,4,0,0,273,13145,3735,1,10,110000,110003,0
"Lightless Scavenger's Necessities",3735,4,0,512,273,13193,0,1,10,110000,110001,0
"Lightless Scavenger's Necessities",3736,4,0,512,273,1641,3735,1,10,110000,110000,0
"Sparks of Violet Rebirth",3737,128,0,512,273,2015,3739,1,10,110000,110002,0
"Sparks of Violet Rebirth",3738,128,0,0,273,13145,3739,1,10,110000,110003,0
"Sparks of Violet Rebirth",3739,128,0,512,273,13193,0,1,10,110000,110001,0
"Sparks of Violet Rebirth",3740,128,0,512,273,1641,3739,1,10,110000,110000,0
"Gatecrasher's Fortitude",3741,512,0,512,273,2015,3743,1,10,110000,110002,0
"Gatecrasher's Fortitude",3742,512,0,0,273,13145,3743,1,10,110000,110003,0
"Gatecrasher's Fortitude",3743,512,0,512,273,13193,0,1,10,110000,110001,0
"Gatecrasher's Fortitude",3744,512,0,512,273,1641,3743,1,10,110000,110000,0
"Entombed Seraph's Radiance",3745,2,0,512,273,2015,3747,1,10,110000,110002,0
"Entombed Seraph's Radiance",3746,2,0,0,273,13145,3747,1,10,110000,110003,0
"Entombed Seraph's Radiance",3747,2,0,512,273,13193,0,1,10,110000,110001,0
"Entombed Seraph's Radiance",3748,2,0,512,273,1641,3747,1,10,110000,110000,0
"Shards of Living Luster",3749,16,0,512,273,2015,3751,1,10,110000,110002,0
"Shards of Living Luster",3750,16,0,0,273,13145,3751,1,10,110000,110003,0
"Shards of Living Luster",3751,16,0,512,273,13193,0,1,10,110000,110001,0
"Shards of Living Luster",3752,16,0,512,273,1641,3751,1,10,110000,110000,0
"K'areshi Phantom's Bindings",3753,8,0,512,273,2015,3755,1,10,110000,110002,0
"K'areshi Phantom's Bindings",3754,8,0,0,273,13145,3755,1,10,110000,110003,0
"K'areshi Phantom's Bindings",3755,8,0,512,273,13193,0,1,10,110000,110001,0
"K'areshi Phantom's Bindings",3756,8,0,512,273,1641,3755,1,10,110000,110000,0
"Waves of the Forgotten Reservoir",3757,64,0,512,273,2015,3759,1,10,110000,110002,0
"Waves of the Forgotten Reservoir",3758,64,0,0,273,13145,3759,1,10,110000,110003,0
"Waves of the Forgotten Reservoir",3759,64,0,512,273,13193,0,1,10,110000,110001,0
"Waves of the Forgotten Reservoir",3760,64,0,512,273,1641,3759,1,10,110000,110000,0
"Rites of the Hexflame Coven",3761,256,0,512,273,2015,3763,1,10,110000,110002,0
"Rites of the Hexflame Coven",3762,256,0,0,273,13145,3763,1,10,110000,110003,0
"Rites of the Hexflame Coven",3763,256,0,512,273,13193,0,1,10,110000,110001,0
"Rites of the Hexflame Coven",3764,256,0,512,273,1641,3763,1,10,110000,110000,0
"Warsculptor's Masterwork",3765,1,0,512,273,2015,3767,1,10,110000,110002,0
"Warsculptor's Masterwork",3766,1,0,0,273,13145,3767,1,10,110000,110003,0
"Warsculptor's Masterwork",3767,1,0,512,273,13193,0,1,10,110000,110001,0
"Warsculptor's Masterwork",3768,1,0,512,273,1641,3767,1,10,110000,110000,0
"Forged Gladiator's Silk Armor",3769,256,0,19,0,0,0,1,10,110000,3820,0
"Forged Gladiator's Silk Armor",3770,256,0,19,0,0,0,1,10,110000,3820,0
"Forged Gladiator's Leather Armor",3771,1024,0,19,0,0,0,1,10,110000,3820,0
"Forged Gladiator's Leather Armor",3772,1024,0,19,0,0,0,1,10,110000,3820,0
"Forged Gladiator's Leather Armor",3773,1024,0,19,0,0,0,1,10,110000,3820,0
"Forged Gladiator's Leather Armor",3774,1024,0,19,0,0,0,1,10,110000,3820,0
"Forged Gladiator's Leather Armor",3775,1024,0,19,0,0,0,1,10,110000,3820,0
"Forged Gladiator's Leather Armor",3776,2048,0,19,0,0,0,1,10,110000,3820,0
"Forged Gladiator's Leather Armor",3777,2048,0,19,0,0,0,1,10,110000,3820,0
"Forged Gladiator's Leather Armor",3778,2048,0,19,0,0,0,1,10,110000,3820,0
"Forged Gladiator's Leather Armor",3779,2048,0,19,0,0,0,1,10,110000,3820,0
"Forged Gladiator's Leather Armor",3780,2048,0,19,0,0,0,1,10,110000,3820,0
"Forged Gladiator's Leather Armor",3781,512,0,19,0,0,0,1,10,110000,3820,0
"Forged Gladiator's Leather Armor",3782,512,0,19,0,0,0,1,10,110000,3820,0
"Forged Gladiator's Leather Armor",3783,512,0,19,0,0,0,1,10,110000,3820,0
"Forged Gladiator's Leather Armor",3784,512,0,19,0,0,0,1,10,110000,3820,0
"Forged Gladiator's Leather Armor",3785,512,0,19,0,0,0,1,10,110000,3820,0
"Forged Gladiator's Leather Armor",3786,8,0,19,0,0,0,1,10,110000,3820,0
"Forged Gladiator's Leather Armor",3787,8,0,19,0,0,0,1,10,110000,3820,0
"Forged Gladiator's Leather Armor",3788,8,0,19,0,0,0,1,10,110000,3820,0
"Forged Gladiator's Leather Armor",3789,8,0,19,0,0,0,1,10,110000,3820,0
"Forged Gladiator's Leather Armor",3790,8,0,19,0,0,0,1,10,110000,3820,0
"Forged Gladiator's Chain Armor",3791,4096,0,19,0,0,0,1,10,110000,3820,0
"Forged Gladiator's Chain Armor",3792,4096,0,19,0,0,0,1,10,110000,3820,0
"Forged Gladiator's Chain Armor",3793,4096,0,19,0,0,0,1,10,110000,3820,0
"Forged Gladiator's Chain Armor",3794,4096,0,19,0,0,0,1,10,110000,3820,0
"Forged Gladiator's Chain Armor",3795,4096,0,19,0,0,0,1,10,110000,3820,0
"Forged Gladiator's Chain Armor",3796,4,0,19,0,0,0,1,10,110000,3820,0
"Forged Gladiator's Chain Armor",3797,4,0,19,0,0,0,1,10,110000,3820,0
"Forged Gladiator's Chain Armor",3798,4,0,19,0,0,0,1,10,110000,3820,0
"Forged Gladiator's Chain Armor",3799,4,0,19,0,0,0,1,10,110000,3820,0
"Forged Gladiator's Chain Armor",3800,4,0,19,0,0,0,1,10,110000,3820,0
"Forged Gladiator's Chain Armor",3801,64,0,19,0,0,0,1,10,110000,3820,0
"Forged Gladiator's Chain Armor",3802,64,0,19,0,0,0,1,10,110000,3820,0
"Forged Gladiator's Chain Armor",3803,64,0,19,0,0,0,1,10,110000,3820,0
"Forged Gladiator's Chain Armor",3804,64,0,19,0,0,0,1,10,110000,3820,0
"Forged Gladiator's Chain Armor",3805,64,0,19,0,0,0,1,10,110000,3820,0
"Forged Gladiator's Plate Armor",3806,32,0,19,0,0,0,1,10,110000,3820,0
"Forged Gladiator's Plate Armor",3807,32,0,19,0,0,0,1,10,110000,3820,0
"Forged Gladiator's Plate Armor",3808,32,0,19,0,0,0,1,10,110000,3820,0
"Forged Gladiator's Plate Armor",3809,32,0,19,0,0,0,1,10,110000,3820,0
"Forged Gladiator's Plate Armor",3810,32,0,19,0,0,0,1,10,110000,3820,0
"Forged Gladiator's Plate Armor",3811,2,0,19,0,0,0,1,10,110000,3820,0
"Forged Gladiator's Plate Armor",3812,2,0,19,0,0,0,1,10,110000,3820,0
"Forged Gladiator's Plate Armor",3813,2,0,19,0,0,0,1,10,110000,3820,0
"Forged Gladiator's Plate Armor",3814,2,0,19,0,0,0,1,10,110000,3820,0
"Forged Gladiator's Plate Armor",3815,2,0,19,0,0,0,1,10,110000,3820,0
"Forged Gladiator's Plate Armor",3816,1,0,19,0,0,0,1,10,110000,3820,0
"Forged Gladiator's Plate Armor",3817,1,0,19,0,0,0,1,10,110000,3820,0
"Forged Gladiator's Plate Armor",3818,1,0,19,0,0,0,1,10,110000,3820,0
"Forged Gladiator's Plate Armor",3819,1,0,19,0,0,0,1,10,110000,3820,0
"Forged Gladiator's Plate Armor",3820,1,0,19,0,0,0,1,10,110000,3820,0
"Forged Gladiator's Silk Armor",3821,128,85377,272,271,13301,0,1,10,110000,10401,0
"Forged Gladiator's Plate Armor",3822,32,85378,272,271,13301,0,1,10,110000,10401,0
"Forged Gladiator's Leather Armor",3823,2048,85379,272,271,13301,0,1,10,110000,10401,0
"Forged Gladiator's Leather Armor",3824,1024,85380,272,271,13301,0,1,10,110000,10401,0
"Forged Gladiator's Chain Armor",3825,4096,85381,272,271,13301,0,1,10,110000,10401,0
"Forged Gladiator's Chain Armor",3826,4,85382,272,271,13301,0,1,10,110000,10401,0
"Forged Gladiator's Leather Armor",3827,512,86002,272,271,13301,0,1,10,110000,10401,0
"Forged Gladiator's Plate Armor",3828,2,86003,272,271,13301,0,1,10,110000,10401,0
"Forged Gladiator's Silk Armor",3829,16,86004,272,271,13301,0,1,10,110000,10401,0
"Forged Gladiator's Leather Armor",3830,8,86005,272,271,13301,0,1,10,110000,10401,0
"Forged Gladiator's Chain Armor",3831,64,86006,272,271,13301,0,1,10,110000,10401,0
"Forged Gladiator's Plate Armor",3832,1,86007,272,271,13301,0,1,10,110000,10401,0
"Forged Gladiator's Silk Armor",3833,256,86008,272,271,13301,0,1,10,110000,10401,0
"Forged Gladiator's Silk Armor",3834,128,86009,274,271,3859,3821,1,10,110000,10401,0
"Forged Gladiator's Plate Armor",3835,32,86010,274,271,3859,3822,1,10,110000,10401,0
"Forged Gladiator's Leather Armor",3836,2048,86011,274,271,3859,3823,1,10,110000,10401,0
"Forged Gladiator's Leather Armor",3837,1024,86012,274,271,3859,3824,1,10,110000,10401,0
"Forged Gladiator's Chain Armor",3838,4096,86013,274,271,3859,3825,1,10,110000,10401,0
"Forged Gladiator's Chain Armor",3839,4,86014,274,271,3859,3826,1,10,110000,10401,0
"Forged Gladiator's Leather Armor",3840,512,86068,274,271,3859,3827,1,10,110000,10401,0
"Forged Gladiator's Plate Armor",3841,2,86070,274,271,3859,3828,1,10,110000,10401,0
"Forged Gladiator's Silk Armor",3842,16,86071,274,271,3859,3829,1,10,110000,10401,0
"Forged Gladiator's Leather Armor",3843,8,86072,274,271,3859,3830,1,10,110000,10401,0
"Forged Gladiator's Chain Armor",3844,64,86073,274,271,3859,3831,1,10,110000,10401,0
"Forged Gladiator's Plate Armor",3845,1,86074,274,271,3859,3832,1,10,110000,10401,0
"Forged Gladiator's Silk Armor",3846,256,86075,274,271,3859,3833,1,10,110000,10401,0
"<DNT> Loa's Blade-Blessing Cleanup",3847,0,0,67,0,0,0,1,9,100207,10,0
"Void Nemesis' Raiment",3848,32767,0,0,274,14369,3873,1,11,120005,10,0
"Enduring Battlegear of Wrath",3849,1,0,1,274,14172,3872,1,10,110005,10,0
"Void's Judgment Armor",3850,32767,0,0,274,14369,3871,1,11,120005,10,0
"Enduring Stormrage Armor",3851,1024,0,1,274,14172,3870,1,10,110005,10,0
"Dragonstalker's Enduring Armor",3852,4,0,1,274,14172,3869,1,10,110005,10,0
"Voidwind Regalia",3853,32767,0,0,274,14369,3868,1,11,120005,10,0
"Voidfang Armor",3854,32767,0,0,274,14369,3867,1,11,120005,10,0
"Void Storms Armor",3855,32767,0,0,274,14369,3866,1,11,120005,10,0
"Enduring Vestments of Transcendence",3856,16,0,1,274,14172,3865,1,10,110005,10,0
"Pale Rider's Enduring Armor",3857,32,0,1,274,14172,3864,1,10,110005,10,0
"Voidwalker's Armor",3858,32767,0,0,274,14369,3863,1,11,120005,10,0
"Void-Warder's Armor",3859,32767,0,0,274,14369,3862,1,11,120005,10,0
"Enduring Battlegear of the August Acolyte",3860,512,0,1,274,14172,3861,1,10,110005,10,0
"Eternal Battlegear of the August Acolyte",3861,512,85847,0,274,14173,0,1,10,110005,10,0
"Earth-Warder's Eternal Armor",3862,4096,85844,0,274,14173,0,1,10,110005,10,0
"Netherwalker's Eternal Armor",3863,2048,85842,0,274,14173,0,1,10,110005,10,0
"Pale Rider's Eternal Armor",3864,32,85841,0,274,14173,0,1,10,110005,10,0
"Eternal Vestments of Transcendence",3865,16,85849,256,274,14173,0,1,10,110005,10,0
"The Eternal Ten Storms Armor",3866,64,85851,256,274,14173,0,1,10,110005,10,0
"Eternal Bloodfang Armor",3867,8,85850,0,274,14173,0,1,10,110005,10,0
"Eternal Netherwind Regalia",3868,128,85846,256,274,14173,0,1,10,110005,10,0
"Dragonstalker's Eternal Armor",3869,4,85845,0,274,14173,0,1,10,110005,10,0
"Eternal Stormrage Armor",3870,1024,85843,256,274,14173,0,1,10,110005,10,0
"Eternal Judgment Armor",3871,2,85848,256,274,14173,0,1,10,110005,10,0
"Eternal Battlegear of Wrath",3872,1,85853,0,274,14173,0,1,10,110005,10,0
"Eternal Nemesis Raiment",3873,256,85852,256,274,14173,0,1,10,110005,10,0
"Earthen Adventurer's Copper Drapery",3874,0,0,0,254,14037,3519,1,10,110000,10,0
"Plunderlord's Radiant Finery",3875,0,83712,2,247,14122,3443,1,10,110000,1,0
"Misplaced Arathi Attire",3876,0,0,0,275,14123,3518,1,10,110000,11,0
"Darkened Arathi Attire",3877,0,0,0,276,14015,3518,1,10,110000,12,0
"Chains of the Stygian Sea",3878,4164,86474,256,267,14174,3656,1,10,110000,10,0
"Aegis of Hidden Stars",3879,35,86473,256,267,14174,3655,1,10,110000,10,0
"Myconic Shell",3880,3592,86472,256,267,14174,3657,1,10,110000,10,0
"Unkindled Waxweave Panoply",3881,400,86475,256,267,14174,3658,1,10,110000,10,0
"Hallowfall Farmhand's Equipment",3882,0,0,65,0,0,0,1,10,110000,10,0
"Machine-Warden's Regalia",3883,0,0,0,254,14136,3519,1,10,110000,1550,0
"[DNT] 11.0 Mythic VFX Unlock - All Items",3884,0,83826,259,0,0,0,1,10,110000,5710,0
"Ragged Harvest Golem",3885,0,83989,2,278,13965,0,1,9,110000,10,0
"Patched Harvest Golem",3886,0,84000,2,278,14015,3885,1,9,110000,10,0
"Grimy Harvest Golem",3887,0,84002,2,278,13968,3885,1,9,110000,10,0
"Battered Harvest Golem",3888,0,84003,2,278,13967,3885,1,9,110000,10,0
"Dorn Defender Armaments",3889,35,0,0,279,13988,0,1,10,110000,4370,0
"Algari Chainmail",3890,4164,0,0,280,13988,0,1,10,110000,4370,0
"Coreway Regalia",3891,3592,0,0,281,13988,0,1,10,110000,4370,0
"Threads of Awakening",3892,400,0,0,282,13988,0,1,10,110000,4370,0
"Earthen Copper Regalia",3893,0,82770,3,269,14162,3694,1,10,110000,4150,0
"Earthen Copper Regalia",3894,0,82770,3,269,14162,3694,1,10,110000,4150,0
"Earthen Copper Regalia",3895,0,82770,3,269,14162,3694,1,10,110000,4150,0
"Earthen Copper Regalia",3896,0,82770,3,269,14162,3694,1,10,110000,4150,0
"Earthen Copper Regalia",3897,0,82770,3,269,14162,3694,1,10,110000,4150,0
"Tusks of Mannoroth",3898,0,84258,67,0,0,0,1,9,100207,10,0
"Crests of the Kingdom",3900,0,84828,67,0,0,0,1,10,110005,1640,0
"Golden Crests of the Kingdom",3901,0,84999,67,0,14130,3900,1,10,110005,1640,0
"Enduring Stormrage Armor",3902,1024,0,1,274,14172,3870,1,10,110005,10,0
"Enduring Bloodfang Armor",3903,8,0,1,274,14172,3867,1,10,110005,10,0
"Dragonstalker's Enduring Armor",3904,4,0,1,274,14172,3869,1,10,110005,10,0
"Enduring Nemesis Raiment",3905,256,0,1,274,14172,3873,1,10,110005,10,0
"Enduring Judgment Armor",3906,2,0,1,274,14172,3871,1,10,110005,10,0
"Enduring Battlegear of Wrath",3907,1,0,1,274,14172,3872,1,10,110005,10,0
"Enduring Netherwind Regalia",3908,128,0,1,274,14172,3868,1,10,110005,10,0
"Netherwalker's Enduring Armor",3909,2048,0,1,274,14172,3863,1,10,110005,10,0
"Earth-Warder's Enduring Armor",3910,4096,0,1,274,14172,3862,1,10,110005,10,0
"Prowler's Midnight Headgear",3911,0,85118,67,0,0,0,1,10,0,1640,0
"Prowler's Azure Headgear",3912,0,85119,67,0,0,0,1,10,0,1640,0
"Prowler's Sepia Headgear",3913,0,85120,67,0,0,0,1,10,0,1640,0
"Prowler's Grassy Headgear",3914,0,85121,67,0,0,0,1,10,0,1640,0
"Prowler's Cloudy Headgear",3915,0,85122,67,0,0,0,1,10,0,1640,0
"Prowler's Deep Headgear",3916,0,85123,67,0,0,0,1,10,0,1640,0
"Prowler's Camo Headgear",3917,0,85124,67,0,0,0,1,10,0,1640,0
"Prowler's Brick Headgear",3918,0,85125,67,0,0,0,1,10,0,1640,0
"Prowler's Faded Headgear",3920,0,85127,67,0,0,0,1,10,0,1640,0
"Prowler's Icy Headgear",3921,0,85128,67,0,0,0,1,10,0,1640,0
"Prowler's Pink Headgear",3922,0,85129,67,0,0,0,1,10,0,1640,0
"Prowler's Carrot Headgear",3923,0,85130,67,0,0,0,1,10,0,1640,0
"Prowler's Rosy Headgear",3924,0,85136,67,0,0,0,1,10,0,1640,0
"Prowler's Crimson Headgear",3926,0,85131,67,0,0,0,1,10,0,1640,0
"Prowler's Violet Headgear",3927,0,85132,67,0,0,0,1,10,0,1640,0
"Prowler's Aquatic Headgear",3928,0,85133,67,0,0,0,1,10,0,1640,0
"Prowler's Snowy Headgear",3929,0,85134,67,0,0,0,1,10,0,1640,0
"Prowler's Sunny Headgear",3930,0,85135,67,0,0,0,1,10,0,1640,0
"Crimson & Obsidian Aspirant's Weapons",3931,0,85364,275,0,0,0,1,9,100000,3400,0
"Crimson Gladiator's Weapons",3932,0,85365,275,0,0,0,1,9,100000,3820,0
"Crimson Elite's Weapons",3933,0,85366,275,0,0,0,1,10,110005,10,0
"Obsidian Gladiator's Weapons",3934,0,85367,275,0,0,0,1,9,100100,4080,0
"Obsidian Elite's Weapons",3935,0,85368,275,0,0,0,1,9,100100,10,0
"Verdant Aspirant's Weapons",3936,0,85369,275,0,0,0,1,9,100200,4150,0
"Verdant Gladiator's Weapons",3937,0,85370,275,0,0,0,1,9,100200,4470,0
"Verdant Elite's Weapons",3938,0,85371,275,0,0,0,1,9,100200,10,0
"Prized Gladiator's Tabard",3939,0,0,19,0,0,0,1,10,110100,10,0
"Prized Gladiator's Prestigious Cloak",3940,0,0,19,0,0,0,1,10,110100,1550,0
"Prized Gladiator's Silk Armor",3941,128,0,19,0,0,0,1,10,110100,3820,0
"Prized Gladiator's Silk Armor",3942,128,0,19,0,0,0,1,10,110100,3820,0
"Prized Gladiator's Silk Armor",3943,128,0,19,0,0,0,1,10,110100,3820,0
"Prized Gladiator's Silk Armor",3944,128,0,19,0,0,0,1,10,110100,3820,0
"Prized Gladiator's Silk Armor",3945,128,0,19,0,0,0,1,10,110100,3820,0
"Prized Gladiator's Silk Armor",3946,16,0,19,0,0,0,1,10,110100,3820,0
"Prized Gladiator's Silk Armor",3947,16,0,19,0,0,0,1,10,110100,3820,0
"Prized Gladiator's Silk Armor",3948,16,0,19,0,0,0,1,10,110100,3820,0
"Prized Gladiator's Silk Armor",3949,16,0,19,0,0,0,1,10,110100,3820,0
"Prized Gladiator's Silk Armor",3950,16,0,19,0,0,0,1,10,110100,3820,0
"Prized Gladiator's Silk Armor",3951,256,0,19,0,0,0,1,10,110100,3820,0
"Prized Gladiator's Silk Armor",3952,256,0,19,0,0,0,1,10,110100,3820,0
"Prized Gladiator's Silk Armor",3953,256,0,19,0,0,0,1,10,110100,3820,0
"Prized Gladiator's Silk Armor",3954,256,0,19,0,0,0,1,10,110100,3820,0
"Prized Gladiator's Silk Armor",3955,256,0,19,0,0,0,1,10,110100,3820,0
"Prized Gladiator's Leather Armor",3956,1024,0,19,0,0,0,1,10,110100,3820,0
"Prized Gladiator's Leather Armor",3957,1024,0,19,0,0,0,1,10,110100,3820,0
"Prized Gladiator's Leather Armor",3958,1024,0,19,0,0,0,1,10,110100,3820,0
"Prized Gladiator's Leather Armor",3959,1024,0,19,0,0,0,1,10,110100,3820,0
"Prized Gladiator's Leather Armor",3960,1024,0,19,0,0,0,1,10,110100,3820,0
"Prized Gladiator's Leather Armor",3961,2048,0,19,0,0,0,1,10,110100,3820,0
"Prized Gladiator's Leather Armor",3962,2048,0,19,0,0,0,1,10,110100,3820,0
"Prized Gladiator's Leather Armor",3963,2048,0,19,0,0,0,1,10,110100,3820,0
"Prized Gladiator's Leather Armor",3964,2048,0,19,0,0,0,1,10,110100,3820,0
"Prized Gladiator's Leather Armor",3965,2048,0,19,0,0,0,1,10,110100,3820,0
"Prized Gladiator's Leather Armor",3966,512,0,19,0,0,0,1,10,110100,3820,0
"Prized Gladiator's Leather Armor",3967,512,0,19,0,0,0,1,10,110100,3820,0
"Prized Gladiator's Leather Armor",3968,512,0,19,0,0,0,1,10,110100,3820,0
"Prized Gladiator's Leather Armor",3969,512,0,19,0,0,0,1,10,110100,3820,0
"Prized Gladiator's Leather Armor",3970,512,0,19,0,0,0,1,10,110100,3820,0
"Prized Gladiator's Leather Armor",3971,8,0,19,0,0,0,1,10,110100,3820,0
"Prized Gladiator's Leather Armor",3972,8,0,19,0,0,0,1,10,110100,3820,0
"Prized Gladiator's Leather Armor",3973,8,0,19,0,0,0,1,10,110100,3820,0
"Prized Gladiator's Leather Armor",3974,8,0,19,0,0,0,1,10,110100,3820,0
"Prized Gladiator's Leather Armor",3975,8,0,19,0,0,0,1,10,110100,3820,0
"Prized Gladiator's Chain Armor",3976,4096,0,19,0,0,0,1,10,110100,3820,0
"Prized Gladiator's Chain Armor",3977,4096,0,19,0,0,0,1,10,110100,3820,0
"Prized Gladiator's Chain Armor",3978,4096,0,19,0,0,0,1,10,110100,3820,0
"Prized Gladiator's Chain Armor",3979,4096,0,19,0,0,0,1,10,110100,3820,0
"Prized Gladiator's Chain Armor",3980,4096,0,19,0,0,0,1,10,110100,3820,0
"Prized Gladiator's Chain Armor",3981,4,0,19,0,0,0,1,10,110100,3820,0
"Prized Gladiator's Chain Armor",3982,4,0,19,0,0,0,1,10,110100,3820,0
"Prized Gladiator's Chain Armor",3983,4,0,19,0,0,0,1,10,110100,3820,0
"Prized Gladiator's Chain Armor",3984,4,0,19,0,0,0,1,10,110100,3820,0
"Prized Gladiator's Chain Armor",3985,4,0,19,0,0,0,1,10,110100,3820,0
"Prized Gladiator's Chain Armor",3986,64,0,19,0,0,0,1,10,110100,3820,0
"Prized Gladiator's Chain Armor",3987,64,0,19,0,0,0,1,10,110100,3820,0
"Prized Gladiator's Chain Armor",3988,64,0,19,0,0,0,1,10,110100,3820,0
"Prized Gladiator's Chain Armor",3989,64,0,19,0,0,0,1,10,110100,3820,0
"Prized Gladiator's Chain Armor",3990,64,0,19,0,0,0,1,10,110100,3820,0
"Prized Gladiator's Plate Armor",3991,32,0,19,0,0,0,1,10,110100,3820,0
"Prized Gladiator's Plate Armor",3992,32,0,19,0,0,0,1,10,110100,3820,0
"Prized Gladiator's Plate Armor",3993,32,0,19,0,0,0,1,10,110100,3820,0
"Prized Gladiator's Plate Armor",3994,32,0,19,0,0,0,1,10,110100,3820,0
"Prized Gladiator's Plate Armor",3995,32,0,19,0,0,0,1,10,110100,3820,0
"Prized Gladiator's Plate Armor",3996,2,0,19,0,0,0,1,10,110100,3820,0
"Prized Gladiator's Plate Armor",3997,2,0,19,0,0,0,1,10,110100,3820,0
"Prized Gladiator's Plate Armor",3998,2,0,19,0,0,0,1,10,110100,3820,0
"Prized Gladiator's Plate Armor",3999,2,0,19,0,0,0,1,10,110100,3820,0
"Prized Gladiator's Plate Armor",4000,2,0,19,0,0,0,1,10,110100,3820,0
"Prized Gladiator's Plate Armor",4001,1,0,19,0,0,0,1,10,110100,3820,0
"Prized Gladiator's Plate Armor",4002,1,0,19,0,0,0,1,10,110100,3820,0
"Prized Gladiator's Plate Armor",4003,1,0,19,0,0,0,1,10,110100,3820,0
"Prized Gladiator's Plate Armor",4004,1,0,19,0,0,0,1,10,110100,3820,0
"Prized Gladiator's Plate Armor",4005,1,0,19,0,0,0,1,10,110100,3820,0
"Prized Gladiator's Plate Armor",4006,32,86084,272,283,13301,0,1,10,110100,10401,0
"Prized Gladiator's Leather Armor",4007,2048,86085,272,283,13301,0,1,10,110100,10401,0
"Prized Gladiator's Leather Armor",4008,1024,86086,272,283,13301,0,1,10,110100,10401,0
"Prized Gladiator's Chain Armor",4009,4096,86087,272,283,13301,0,1,10,110100,10401,0
"Prized Gladiator's Chain Armor",4010,4,86088,272,283,13301,0,1,10,110100,10401,0
"Prized Gladiator's Silk Armor",4011,128,86089,272,283,13301,0,1,10,110100,10401,0
"Prized Gladiator's Leather Armor",4012,512,86090,272,283,13301,0,1,10,110100,10401,0
"Prized Gladiator's Plate Armor",4013,2,86091,272,283,13301,0,1,10,110100,10401,0
"Prized Gladiator's Silk Armor",4014,16,86092,272,283,13301,0,1,10,110100,10401,0
"Prized Gladiator's Leather Armor",4015,8,86093,272,283,13301,0,1,10,110100,10401,0
"Prized Gladiator's Chain Armor",4016,64,86094,272,283,13301,0,1,10,110100,10401,0
"Prized Gladiator's Plate Armor",4017,1,86095,272,283,13301,0,1,10,110100,10401,0
"Prized Gladiator's Silk Armor",4018,256,86096,272,283,13301,0,1,10,110100,10401,0
"Prized Gladiator's Plate Armor",4019,32,86097,274,283,3859,4006,1,10,110100,10401,0
"Prized Gladiator's Leather Armor",4020,2048,86098,274,283,3859,4007,1,10,110100,10401,0
"Prized Gladiator's Leather Armor",4021,1024,86099,274,283,3859,4008,1,10,110100,10401,0
"Prized Gladiator's Chain Armor",4022,4096,86100,274,283,3859,4009,1,10,110100,10401,0
"Prized Gladiator's Chain Armor",4023,4,86101,274,283,3859,4010,1,10,110100,10401,0
"Prized Gladiator's Silk Armor",4024,128,86102,274,283,3859,4011,1,10,110100,10401,0
"Prized Gladiator's Leather Armor",4025,512,86103,274,283,3859,4012,1,10,110100,10401,0
"Prized Gladiator's Plate Armor",4026,2,86104,274,283,3859,4013,1,10,110100,10401,0
"Prized Gladiator's Silk Armor",4027,16,86105,274,283,3859,4014,1,10,110100,10401,0
"Prized Gladiator's Leather Armor",4028,8,86106,274,283,3859,4015,1,10,110100,10401,0
"Prized Gladiator's Chain Armor",4029,64,86107,274,283,3859,4016,1,10,110100,10401,0
"Prized Gladiator's Silk Armor",4030,256,86108,274,283,3859,4018,1,10,110100,10401,0
"Prized Gladiator's Plate Armor",4031,1,86109,274,283,3859,4017,1,10,110100,10401,0
"Astral Gladiator's Tabard",4032,0,0,19,0,0,0,1,10,110200,10,0
"Astral Gladiator's Prestigious Cloak",4033,0,0,19,0,0,0,1,10,110200,1550,0
"Astral Gladiator's Silk Armor",4034,128,0,19,0,0,0,1,10,110200,3820,0
"Astral Gladiator's Silk Armor",4035,128,0,19,0,0,0,1,10,110200,3820,0
"Astral Gladiator's Silk Armor",4036,128,0,19,0,0,0,1,10,110200,3820,0
"Astral Gladiator's Silk Armor",4037,128,0,19,0,0,0,1,10,110200,3820,0
"Astral Gladiator's Silk Armor",4038,128,0,19,0,0,0,1,10,110200,3820,0
"Astral Gladiator's Silk Armor",4039,16,0,19,0,0,0,1,10,110200,3820,0
"Astral Gladiator's Silk Armor",4040,16,0,19,0,0,0,1,10,110200,3820,0
"Astral Gladiator's Silk Armor",4041,16,0,19,0,0,0,1,10,110200,3820,0
"Astral Gladiator's Silk Armor",4042,16,0,19,0,0,0,1,10,110200,3820,0
"Astral Gladiator's Silk Armor",4043,16,0,19,0,0,0,1,10,110200,3820,0
"Astral Gladiator's Silk Armor",4044,256,0,19,0,0,0,1,10,110200,3820,0
"Astral Gladiator's Silk Armor",4045,256,0,19,0,0,0,1,10,110200,3820,0
"Astral Gladiator's Silk Armor",4046,256,0,19,0,0,0,1,10,110200,3820,0
"Astral Gladiator's Silk Armor",4047,256,0,19,0,0,0,1,10,110200,3820,0
"Astral Gladiator's Silk Armor",4048,256,0,19,0,0,0,1,10,110200,3820,0
"Astral Gladiator's Leather Armor",4049,1024,0,19,0,0,0,1,10,110200,3820,0
"Astral Gladiator's Leather Armor",4050,1024,0,19,0,0,0,1,10,110200,3820,0
"Astral Gladiator's Leather Armor",4051,1024,0,19,0,0,0,1,10,110200,3820,0
"Astral Gladiator's Leather Armor",4052,1024,0,19,0,0,0,1,10,110200,3820,0
"Astral Gladiator's Leather Armor",4053,1024,0,19,0,0,0,1,10,110200,3820,0
"Astral Gladiator's Leather Armor",4054,2048,0,19,0,0,0,1,10,110200,3820,0
"Astral Gladiator's Leather Armor",4055,2048,0,19,0,0,0,1,10,110200,3820,0
"Astral Gladiator's Leather Armor",4056,2048,0,19,0,0,0,1,10,110200,3820,0
"Astral Gladiator's Leather Armor",4057,2048,0,19,0,0,0,1,10,110200,3820,0
"Astral Gladiator's Leather Armor",4058,2048,0,19,0,0,0,1,10,110200,3820,0
"Astral Gladiator's Leather Armor",4059,512,0,19,0,0,0,1,10,110200,3820,0
"Astral Gladiator's Leather Armor",4060,512,0,19,0,0,0,1,10,110200,3820,0
"Astral Gladiator's Leather Armor",4061,512,0,19,0,0,0,1,10,110200,3820,0
"Astral Gladiator's Leather Armor",4062,512,0,19,0,0,0,1,10,110200,3820,0
"Astral Gladiator's Leather Armor",4063,512,0,19,0,0,0,1,10,110200,3820,0
"Astral Gladiator's Leather Armor",4064,8,0,19,0,0,0,1,10,110200,3820,0
"Astral Gladiator's Leather Armor",4065,8,0,19,0,0,0,1,10,110200,3820,0
"Astral Gladiator's Leather Armor",4066,8,0,19,0,0,0,1,10,110200,3820,0
"Astral Gladiator's Leather Armor",4067,8,0,19,0,0,0,1,10,110200,3820,0
"Astral Gladiator's Leather Armor",4068,8,0,19,0,0,0,1,10,110200,3820,0
"Astral Gladiator's Chain Armor",4069,4096,0,19,0,0,0,1,10,110200,3820,0
"Astral Gladiator's Chain Armor",4070,4096,0,19,0,0,0,1,10,110200,3820,0
"Astral Gladiator's Chain Armor",4071,4096,0,19,0,0,0,1,10,110200,3820,0
"Astral Gladiator's Chain Armor",4072,4096,0,19,0,0,0,1,10,110200,3820,0
"Astral Gladiator's Chain Armor",4073,4096,0,19,0,0,0,1,10,110200,3820,0
"Astral Gladiator's Chain Armor",4074,4,0,19,0,0,0,1,10,110200,3820,0
"Astral Gladiator's Chain Armor",4075,4,0,19,0,0,0,1,10,110200,3820,0
"Astral Gladiator's Chain Armor",4076,4,0,19,0,0,0,1,10,110200,3820,0
"Astral Gladiator's Chain Armor",4077,4,0,19,0,0,0,1,10,110200,3820,0
"Astral Gladiator's Chain Armor",4078,4,0,19,0,0,0,1,10,110200,3820,0
"Astral Gladiator's Chain Armor",4079,64,0,19,0,0,0,1,10,110200,3820,0
"Astral Gladiator's Chain Armor",4080,64,0,19,0,0,0,1,10,110200,3820,0
"Astral Gladiator's Chain Armor",4081,64,0,19,0,0,0,1,10,110200,3820,0
"Astral Gladiator's Chain Armor",4082,64,0,19,0,0,0,1,10,110200,3820,0
"Astral Gladiator's Chain Armor",4083,64,0,19,0,0,0,1,10,110200,3820,0
"Astral Gladiator's Plate Armor",4084,32,0,19,0,0,0,1,10,110200,3820,0
"Astral Gladiator's Plate Armor",4085,32,0,19,0,0,0,1,10,110200,3820,0
"Astral Gladiator's Plate Armor",4086,32,0,19,0,0,0,1,10,110200,3820,0
"Astral Gladiator's Plate Armor",4087,32,0,19,0,0,0,1,10,110200,3820,0
"Astral Gladiator's Plate Armor",4088,32,0,19,0,0,0,1,10,110200,3820,0
"Astral Gladiator's Plate Armor",4089,2,0,19,0,0,0,1,10,110200,3820,0
"Astral Gladiator's Plate Armor",4090,2,0,19,0,0,0,1,10,110200,3820,0
"Astral Gladiator's Plate Armor",4091,2,0,19,0,0,0,1,10,110200,3820,0
"Astral Gladiator's Plate Armor",4092,2,0,19,0,0,0,1,10,110200,3820,0
"Astral Gladiator's Plate Armor",4093,2,0,19,0,0,0,1,10,110200,3820,0
"Astral Gladiator's Plate Armor",4094,1,0,19,0,0,0,1,10,110200,3820,0
"Astral Gladiator's Plate Armor",4095,1,0,19,0,0,0,1,10,110200,3820,0
"Astral Gladiator's Plate Armor",4096,1,0,19,0,0,0,1,10,110200,3820,0
"Astral Gladiator's Plate Armor",4097,1,0,19,0,0,0,1,10,110200,3820,0
"Astral Gladiator's Plate Armor",4098,1,0,19,0,0,0,1,10,110200,3820,0
"Astral Gladiator's Plate Armor",4099,32,86118,272,284,13301,0,1,10,110200,10401,0
"Astral Gladiator's Leather Armor",4100,2048,86119,272,284,13301,0,1,10,110200,10401,0
"Astral Gladiator's Leather Armor",4101,1024,86120,272,284,13301,0,1,10,110200,10401,0
"Astral Gladiator's Chain Armor",4102,4096,86121,272,284,13301,0,1,10,110200,10401,0
"Astral Gladiator's Chain Armor",4103,4,86122,272,284,13301,0,1,10,110200,10401,0
"Astral Gladiator's Silk Armor",4104,128,86123,272,284,13301,0,1,10,110200,10401,0
"Astral Gladiator's Leather Armor",4105,512,86124,272,284,13301,0,1,10,110200,10401,0
"Astral Gladiator's Plate Armor",4106,2,86125,272,284,13301,0,1,10,110200,10401,0
"Astral Gladiator's Silk Armor",4107,16,86126,272,284,13301,0,1,10,110200,10401,0
"Astral Gladiator's Leather Armor",4108,8,86127,272,284,13301,0,1,10,110200,10401,0
"Astral Gladiator's Chain Armor",4109,64,86128,272,284,13301,0,1,10,110200,10401,0
"Astral Gladiator's Plate Armor",4110,1,86129,272,284,13301,0,1,10,110200,10401,0
"Astral Gladiator's Silk Armor",4111,256,86130,272,284,13301,0,1,10,110200,10401,0
"Astral Gladiator's Plate Armor",4112,32,86131,274,284,3859,4099,1,10,110200,10401,0
"Astral Gladiator's Leather Armor",4113,2048,86132,274,284,3859,4100,1,10,110200,10401,0
"Astral Gladiator's Leather Armor",4114,1024,86133,274,284,3859,4101,1,10,110200,10401,0
"Astral Gladiator's Chain Armor",4115,4096,86134,274,284,3859,4102,1,10,110200,10401,0
"Astral Gladiator's Chain Armor",4116,4,86135,274,284,3859,4103,1,10,110200,10401,0
"Astral Gladiator's Silk Armor",4117,128,86136,274,284,3859,4104,1,10,110200,10401,0
"Astral Gladiator's Leather Armor",4118,512,86137,274,284,3859,4105,1,10,110200,10401,0
"Astral Gladiator's Plate Armor",4119,2,86138,274,284,3859,4106,1,10,110200,10401,0
"Astral Gladiator's Silk Armor",4120,16,86139,274,284,3859,4107,1,10,110200,10401,0
"Astral Gladiator's Leather Armor",4121,8,86140,274,284,3859,4108,1,10,110200,10401,0
"Astral Gladiator's Chain Armor",4122,64,86141,274,284,3859,4109,1,10,110200,10401,0
"Astral Gladiator's Silk Armor",4123,256,86142,274,284,3859,4111,1,10,110200,10401,0
"Astral Gladiator's Plate Armor",4124,1,86143,274,284,3859,4110,1,10,110200,10401,0
"Cenarion Mender's Battlegear",4125,3592,85575,0,285,14203,0,1,1,20000,1001,0
"Dragonhide Battlegear",4126,3592,0,0,285,14206,4125,1,1,20000,1001,0
"Moonglade Battlegear",4127,3592,0,0,285,14209,4125,1,1,20000,1001,0
"Wastewalker Battlegear",4128,3592,0,2,285,14015,4125,1,1,20000,1001,0
"Boulderfist Mystic's Battlegear",4129,4164,85580,0,285,14204,0,1,1,20000,1001,0
"Tidefury Battlegear",4130,4164,0,0,285,14208,4129,1,1,20000,1001,0
"Boulderfist Mystic's Battlegear",4131,4164,0,2,285,14015,4129,1,1,20000,1001,0
"Seer's Mail Battlegear",4132,4164,0,0,285,14206,4129,1,1,20000,1001,0
"Telhamant Anchorite's Raiment",4133,35,85585,0,285,14205,0,1,1,20000,1001,0
"Crusader's Scaled Battlegear",4134,35,0,0,285,14206,4133,1,1,20000,1001,0
"Righteous Armor",4135,35,0,0,285,14207,4133,1,1,20000,1001,0
"Telhamant Anchorite's Raiment",4136,35,0,2,285,14131,4133,1,1,20000,1001,0
"Auchenai Priest's Raiment",4137,400,85586,0,285,14203,0,1,1,20000,1001,0
"Hallowed Raiment",4138,400,0,0,285,14210,4137,1,1,20000,1001,0
"Mooncloth Vestments",4139,400,0,0,285,14206,4137,1,1,20000,1001,0
"Mana-Etched Vestments",4140,400,0,0,285,14211,4137,1,1,20000,1001,0
"Shadowmoon Warlock's Vestments",4141,400,85587,0,285,14204,0,1,1,20000,1001,0
"Vestments of Oblivion",4142,400,0,0,285,14213,4141,1,1,20000,1001,0
"Dreadweave Raiment",4143,400,0,0,285,14206,4141,1,1,20000,1001,0
"Drakkari Stalker's Trappings",4144,3592,85590,0,287,14212,0,1,2,30001,2002,0
"Jotunheim Berserker's Battleplate",4145,35,85592,0,287,14212,0,1,2,30000,2002,0
"Brunnhildar Scout's Kit",4146,4164,85591,0,287,14205,0,1,2,30001,2002,0
"Ymirjar Deathbringer's Battleplate",4147,35,85593,0,287,14205,0,1,2,30000,2002,0
"Coldarra Spellbinder's Regalia",4148,400,85594,0,287,14205,0,1,2,30000,2002,0
"Khaz Algar Trophymaster's Plate Armor",4149,35,0,0,288,14214,3643,1,10,110005,4370,0
"Khaz Algar Trophymaster's Mail Armor",4150,4164,0,0,288,14214,3642,1,10,110005,4370,0
"Khaz Algar Trophymaster's Leather Armor",4151,3592,0,0,288,14214,3641,1,10,110005,4370,0
"Khaz Algar Trophymaster's Cloth Armor",4152,0,0,0,288,14214,3640,1,10,110005,4370,0
"Reven's Mobile Agency",4153,0,0,131,0,0,0,1,9,0,10,0
"Swabbie's Shovel",4154,0,0,3,0,0,0,1,10,110007,10,0
"Swabbie's Oar",4155,0,0,3,0,0,0,1,10,110007,10,0
"Swabbie's Oar",4156,0,0,3,0,0,0,1,10,110007,10,0
"Plunderlord's Stormridden Neck-Severer",4157,0,0,3,0,0,0,1,10,110007,10,0
"Plunderlord's Stormridden Rapier",4158,0,0,3,0,0,0,1,10,110007,10,0
"Plunderlord's Stormridden Cutlass",4159,0,0,3,0,0,0,1,10,110007,10,0
"Plunderlord's Stormridden Sigil",4160,0,0,3,0,0,0,1,10,110007,10,0
"Plunderlord's Stormridden Hand Cannon",4161,0,0,3,0,0,0,1,10,110007,10,0
"First Mate's Dashing Cap",4162,0,0,3,0,0,0,1,10,110007,10,0
"First Mate's Dashing Headgear",4163,0,0,3,0,0,0,1,10,110007,10,0
"Plunderlord's Stormridden Tricorne",4164,0,0,3,0,0,0,1,10,110007,10,0
"Plunderlord's Old Eye Patch",4165,0,0,3,0,0,0,1,10,110007,10,0
"Plunderlord's Old Hat",4166,0,0,3,0,0,0,1,10,110007,10,0
"Plunderlord's Stormridden Spaulders",4167,0,0,3,0,0,0,1,10,110007,10,0
"Plunderlord's Stormridden Drapery",4168,0,0,3,0,0,0,1,10,110007,10,0
"Plunderlord's Stormridden Waistcoat",4169,0,0,3,0,0,0,1,10,110007,10,0
"Plunderlord's Stormridden Cuffs",4170,0,0,3,0,0,0,1,10,110007,10,0
"Plunderlord's Stormridden Pilferers",4171,0,0,3,0,0,0,1,10,110007,10,0
"Plunderlord's Stormridden Cinch",4172,0,0,3,0,0,0,1,10,110007,10,0
"Plunderlord's Stormridden Trousers",4173,0,0,3,0,0,0,1,10,110007,10,0
"Plunderlord's Stormridden Muckscrapers",4174,0,0,3,0,0,0,1,10,110007,10,0
"Plunderlord's Stormridden Finery",4175,0,0,2,247,13966,3443,1,10,110007,10,0
"Cloak of Infinite Potential",4176,0,0,67,0,0,0,1,10,110005,9901,0
"Cloak of Infinite Potential",4177,0,0,67,0,0,0,1,10,110005,9902,0
"Cloak of Infinite Potential",4178,0,0,67,0,0,0,1,10,110005,9903,0
"Cloak of Infinite Potential",4179,0,0,67,0,0,0,1,10,110005,9904,0
"Cloak of Infinite Potential",4180,0,0,67,0,0,0,1,10,110005,9905,0
"Cloak of Infinite Potential",4181,0,0,67,0,0,0,1,10,110005,9906,0
"Cloak of Infinite Potential",4182,0,0,67,0,0,0,1,10,110005,9907,0
"Cloak of Infinite Potential",4183,0,0,67,0,0,0,1,10,110005,9908,0
"Cloak of Infinite Potential",4184,0,0,67,0,0,0,1,10,110005,9909,0
"Cloak of Infinite Potential",4185,0,0,67,0,0,0,1,10,110005,9910,0
"Cloak of Infinite Potential",4186,0,0,67,0,0,0,1,10,110005,9911,0
"Cloak of Infinite Potential",4187,0,0,67,0,0,0,1,10,110005,9912,0
"Armaments of the Haranir",4188,0,0,1,0,0,0,1,10,110007,10,0
"Forged Aspirant's Arsenal",4189,0,86076,275,0,0,0,1,10,110100,5450,0
"Forged Gladiator's Arsenal",4190,0,86077,275,0,0,0,1,10,110100,5840,0
"Forged Elite's Arsenal",4191,0,86078,275,0,0,0,1,10,110100,10,0
"Prized Aspirant's Arsenal",4192,0,86110,275,0,0,0,1,10,110100,5450,0
"Prized Gladiator's Arsenal",4193,0,86111,275,0,0,0,1,10,110100,5840,0
"Prized Elite's Arsenal",4194,0,86112,275,0,0,0,1,10,110100,10,0
"Astral Aspirant's Arsenal",4195,0,86144,275,0,0,0,1,10,110200,5450,0
"Astral Gladiator's Arsenal",4196,0,86145,275,0,0,0,1,10,110200,5840,0
"Astral Elite Arsenal",4197,0,86146,275,0,0,0,1,10,110200,10,0
"Truly Heartfelt Shoulders",4203,0,86168,323,0,14151,0,1,10,0,1640,0
"Sky Witch's Heartfelt Shoulders",4204,0,86175,67,0,13967,4203,1,10,0,1640,0
"Twilight Witch's Heartfelt Shoulders",4205,0,86176,67,0,14015,4203,1,10,0,1640,0
"Shining Vestments of the Heavens",4206,0,86206,258,290,13967,0,1,10,110100,10,0
"Radiant Vestments of the Heavens",4207,0,86207,258,290,14015,4206,1,10,110100,10,0
"Cobalt Clockwork Attire",4208,0,86333,258,291,13967,0,1,10,110007,10,0
"Golden Clockwork Attire",4209,0,86334,258,291,14130,4208,1,10,110007,10,0
"Green Clockwork Attire",4210,0,86335,258,291,13968,4208,1,10,110007,10,0
"Violet Clockwork Attire",4211,0,86336,258,291,14015,4208,1,10,110007,10,0
"Clockwork Contraptions",4212,0,86344,259,0,13968,0,1,10,110007,1670,0
"Ornate Crimson Lunar Festival Attire",4213,0,86419,2,292,13965,0,1,10,110007,10,0
"Ornate Pink Lunar Festival Attire",4214,0,86420,2,292,14151,4213,1,10,110007,10,0
"Ornate Violet Lunar Festival Attire",4215,0,86421,2,292,14015,4213,1,10,110007,10,0
"Ornate Teal Lunar Festival Attire",4216,0,86422,2,292,14145,4213,1,10,110007,10,0
"Hallowfall Weaponry",4217,0,86471,259,0,14174,0,1,10,110100,5460,0
"Rune Scribe's Vestments",4218,0,86498,257,0,0,0,1,10,110007,4150,0
"Bloodscout Outfit",4219,0,86499,257,0,0,0,1,10,110007,4150,0
"Hydraflayer Regalia",4220,0,86500,257,0,0,0,1,10,110007,4150,0
"Tidecrasher Armor",4221,0,86501,257,0,0,0,1,10,110007,4150,0
"Paradise Beach Loungewear",4222,0,86504,257,0,0,0,1,10,110007,4150,0
"Southsea Cruise Loungewear",4223,0,86505,257,0,0,0,1,10,110007,4150,0
"Salvage Rig Garments",4224,0,86506,257,0,0,0,1,10,110007,4150,0
"Rusty Bruiser's Outfit",4225,0,86507,257,0,0,0,1,10,110007,4150,0
"Sun-Soaked Clothing",4226,0,86508,257,0,0,0,1,10,110007,4150,0
"Adventurous Lamplighter's Attire",4227,0,86524,256,293,13966,3518,1,10,110007,11,0
"Sacred Wayfarer's Attire",4228,0,86525,256,294,14122,3518,1,10,110007,11,0
"Awakened Ambassador's Silver Drapery",4229,0,86523,256,254,14131,3519,1,10,110000,10,0
"Bilgeswabby's Garb",4230,0,86532,257,0,0,0,1,10,110007,4150,0
"Pilfered Mariner's Garb",4231,0,86533,257,0,0,0,1,10,110007,4150,0
"Salt-Stained Garb",4232,0,86534,257,0,0,0,1,10,110007,4150,0
"Vestments of the Twisted Grove",4233,3592,0,257,295,14212,0,1,3,40001,2002,0
"Vestments of the Twisted Grove",4234,3592,0,0,295,14212,0,1,3,40001,2002,0
"Twilight Zealot's Battleplate",4235,35,0,0,295,14222,0,1,3,40001,2002,0
"Twilight Hunter's Guise",4236,4164,0,0,295,14223,0,1,3,40001,2002,0
"Twilight Acolyte's Regalia",4237,400,0,257,295,14224,0,1,3,40001,2002,0
"Twilight Acolyte's Regalia",4238,400,0,0,295,14224,0,1,3,40001,2002,0
"Karabor Priest's Vestments",4239,400,0,257,296,14203,0,1,5,60001,2002,0
"Karabor Priest's Vestments",4240,400,0,0,296,14203,0,1,5,60001,2002,0
"Shattrath Artificer's Regalia",4241,3592,0,257,296,14205,0,1,5,60001,2002,0
"Shattrath Artificer's Regalia",4242,3592,0,0,296,14205,0,1,5,60001,2002,0
"Gorgrond Cragstalker's Hunting Gear",4243,4164,0,0,296,14225,0,1,5,60001,2002,0
"Shadowmoon Anchorite's Guardplate",4244,35,0,0,296,14212,0,1,5,60001,2002,0
"Broken Shore Battlemender's Gear",4245,400,0,0,45,14230,0,1,6,70001,2002,0
"Invasion Stalkers Guise",4246,3592,0,0,45,14212,0,1,6,70001,2002,0
"Drake Hunter's Kit",4247,4164,0,0,297,14212,0,1,6,70001,2002,0
"Drekirjar Warrior's Battlegear",4248,35,0,0,298,14212,0,1,6,70001,2002,0
"Awakened Earthen Regalia",4249,0,86668,3,269,14131,3694,1,10,110000,4150,0
"Awakened Earthen Regalia",4250,0,86668,3,269,14131,3694,1,10,110000,4150,0
"Awakened Earthen Regalia",4251,0,86668,3,269,14131,3694,1,10,110000,4150,0
"Awakened Earthen Regalia",4252,0,86668,3,269,14131,3694,1,10,110000,4150,0
"Awakened Earthen Regalia",4253,0,86668,3,269,14131,3694,1,10,110000,4150,0
"Awakened Earthen Regalia",4254,0,86668,3,269,14131,3694,1,10,110000,4150,0
"Stonebound Earthen Regalia",4255,0,86669,3,269,14120,3694,1,10,110000,4150,0
"Stonebound Earthen Regalia",4256,0,86669,3,269,14120,3694,1,10,110000,4150,0
"Stonebound Earthen Regalia",4257,0,86669,3,269,14120,3694,1,10,110000,4150,0
"Stonebound Earthen Regalia",4258,0,86669,3,269,14120,3694,1,10,110000,4150,0
"Stonebound Earthen Regalia",4259,0,86669,3,269,14120,3694,1,10,110000,4150,0
"Stonebound Earthen Regalia",4260,0,86669,3,269,14120,3694,1,10,110000,4150,0
"Ornaments of the Pearlescent Butterfly",4261,0,86714,2,300,14226,0,1,10,110100,10,0
"Ornaments of the Spring Butterfly",4262,0,86726,2,300,14151,4261,1,10,110100,10,0
"Ornaments of the Ruby Butterfly",4263,0,86727,2,300,13965,4261,1,10,110100,10,0
"Goblin Bruiser's Attire",4265,0,0,0,301,13966,0,1,10,110100,10,0
"Undermine Enforcer's Attire",4266,0,0,0,302,14015,4265,1,10,110100,10,0
"Noxious Injector Apparatus",4267,400,89188,256,303,14174,4337,1,10,110100,10,0
"Nitroclad Kit",4268,3592,89189,256,303,14174,4338,1,10,110100,10,0
"Blastborne Loadout",4269,4164,89190,256,303,14174,4339,1,10,110100,10,0
"Junkreaver's Plates",4270,35,89191,256,303,14174,4340,1,10,110100,10,0
"Forest Dweller's Garden Attire",4271,0,86871,258,304,13968,0,1,10,110100,10,0
"Forest Dweller's Butterfly Attire",4272,0,86875,258,304,14151,4271,1,10,110100,10,0
"Forest Dweller's Blooming Attire",4273,0,86876,258,304,14015,4271,1,10,110100,10,0
"Forest Dweller's Rooted Attire",4274,0,86879,258,304,13967,4271,1,10,110100,10,0
"Cauldron Champion's Encore",4275,32,0,512,305,2015,4277,1,10,110100,111002,0
"Cauldron Champion's Encore",4276,32,0,0,305,13145,4277,1,10,110100,111003,0
"Cauldron Champion's Encore",4277,32,0,512,305,13193,0,1,10,110100,111001,0
"Cauldron Champion's Encore",4278,32,0,512,305,1641,4277,1,10,110100,111000,0
"Fel-Dealer's Contraband",4279,2048,0,512,305,2015,4281,1,10,110100,111002,0
"Fel-Dealer's Contraband",4280,2048,0,0,305,13145,4281,1,10,110100,111003,0
"Fel-Dealer's Contraband",4281,2048,0,512,305,13193,0,1,10,110100,111001,0
"Fel-Dealer's Contraband",4282,2048,0,512,305,1641,4281,1,10,110100,111000,0
"Roots of Reclaiming Blight",4283,1024,0,512,305,2015,4285,1,10,110100,111002,0
"Roots of Reclaiming Blight",4284,1024,0,0,305,13145,4285,1,10,110100,111003,0
"Roots of Reclaiming Blight",4285,1024,0,512,305,13193,0,1,10,110100,111001,0
"Roots of Reclaiming Blight",4286,1024,0,512,305,1641,4285,1,10,110100,111000,0
"Opulent Treasurescale's Hoard",4287,4096,0,512,305,2015,4289,1,10,110100,111002,0
"Opulent Treasurescale's Hoard",4288,4096,0,0,305,13145,4289,1,10,110100,111003,0
"Opulent Treasurescale's Hoard",4289,4096,0,512,305,13193,0,1,10,110100,111001,0
"Opulent Treasurescale's Hoard",4290,4096,0,512,305,1641,4289,1,10,110100,111000,0
"Tireless Collector's Bounties",4291,4,0,512,305,2015,4293,1,10,110100,111002,0
"Tireless Collector's Bounties",4292,4,0,0,305,13145,4293,1,10,110100,111003,0
"Tireless Collector's Bounties",4293,4,0,512,305,13193,0,1,10,110100,111001,0
"Tireless Collector's Bounties",4294,4,0,512,305,1641,4293,1,10,110100,111000,0
"Jewels of the Aspectral Emissary",4295,128,0,512,305,2015,4297,1,10,110100,111002,0
"Jewels of the Aspectral Emissary",4296,128,0,0,305,13145,4297,1,10,110100,111003,0
"Jewels of the Aspectral Emissary",4297,128,0,512,305,13193,0,1,10,110100,111001,0
"Jewels of the Aspectral Emissary",4298,128,0,512,305,1641,4297,1,10,110100,111000,0
"Ageless Serpent's Foresight",4299,512,0,512,305,2015,4301,1,10,110100,111002,0
"Ageless Serpent's Foresight",4300,512,0,0,305,13145,4301,1,10,110100,111003,0
"Ageless Serpent's Foresight",4301,512,0,512,305,13193,0,1,10,110100,111001,0
"Ageless Serpent's Foresight",4302,512,0,512,305,1641,4301,1,10,110100,111000,0
"Oath of the Aureate Sentry",4303,2,0,512,305,2015,4305,1,10,110100,111002,0
"Oath of the Aureate Sentry",4304,2,0,0,305,13145,4305,1,10,110100,111003,0
"Oath of the Aureate Sentry",4305,2,0,512,305,13193,0,1,10,110100,111001,0
"Oath of the Aureate Sentry",4306,2,0,512,305,1641,4305,1,10,110100,111000,0
"Confessor's Unshakable Virtue",4307,16,0,512,305,2015,4309,1,10,110100,111002,0
"Confessor's Unshakable Virtue",4308,16,0,0,305,13145,4309,1,10,110100,111003,0
"Confessor's Unshakable Virtue",4309,16,0,512,305,13193,0,1,10,110100,111001,0
"Confessor's Unshakable Virtue",4310,16,0,512,305,1641,4309,1,10,110100,111000,0
"Spectral Gambler's Last Call",4311,8,0,512,305,2015,4313,1,10,110100,111002,0
"Spectral Gambler's Last Call",4312,8,0,0,305,13145,4313,1,10,110100,111003,0
"Spectral Gambler's Last Call",4313,8,0,512,305,13193,0,1,10,110100,111001,0
"Spectral Gambler's Last Call",4314,8,0,512,305,1641,4313,1,10,110100,111000,0
"Currents of the Gale Sovereign",4315,64,0,512,305,2015,4317,1,10,110100,111002,0
"Currents of the Gale Sovereign",4316,64,0,0,305,13145,4317,1,10,110100,111003,0
"Currents of the Gale Sovereign",4317,64,0,512,305,13193,0,1,10,110100,111001,0
"Currents of the Gale Sovereign",4318,64,0,512,305,1641,4317,1,10,110100,111000,0
"Spliced Fiendtrader's Influence",4319,256,0,512,305,2015,4321,1,10,110100,111002,0
"Spliced Fiendtrader's Influence",4320,256,0,0,305,13145,4321,1,10,110100,111003,0
"Spliced Fiendtrader's Influence",4321,256,0,512,305,13193,0,1,10,110100,111001,0
"Spliced Fiendtrader's Influence",4322,256,0,512,305,1641,4321,1,10,110100,111000,0
"Enforcer's Backalley Brawlplate",4323,1,0,512,305,2015,4325,1,10,110100,111002,0
"Enforcer's Backalley Brawlplate",4324,1,0,0,305,13145,4325,1,10,110100,111003,0
"Enforcer's Backalley Brawlplate",4325,1,0,512,305,13193,0,1,10,110100,111001,0
"Enforcer's Backalley Brawlplate",4326,1,0,512,305,1641,4325,1,10,110100,111000,0
"Scavenged Chains of Karazhan",4327,4164,86908,320,319,0,0,1,6,70000,1001,0
"Ensemble: Topsy Turvy Mask Set",4328,0,86940,323,0,0,0,1,10,0,1640,0
"Cloak of Infinite Potential",4329,0,86963,323,0,0,0,1,10,110005,9901,0
"Vileweave Vestments",4330,400,87159,320,306,13193,4416,1,6,70001,3000,0
"Heritage of the Lightforged",4331,0,87224,70,208,14228,1525,1,0,70305,5000,54202
"Swabbie's Shovel",4332,0,0,3,0,0,0,1,10,110007,10,0
"Venture Co. Bruiser's Attire",4333,0,0,0,308,14122,4265,1,10,110100,10,0
"Steamwheedle Bruiser's Attire",4334,0,0,0,308,13968,4265,1,10,110100,10,0
"Bilgewater Bruiser's Attire",4335,0,0,0,308,13965,4265,1,10,110100,10,0
"Blackwater Bruiser's Attire",4336,0,0,0,308,13967,4265,1,10,110100,10,0
"Prized Aspirant's Silk Armor",4337,400,0,274,283,13303,0,1,10,110100,5450,0
"Prized Aspirant's Leather Armor",4338,3592,0,274,283,13303,0,1,10,110100,5450,0
"Prized Aspirant's Chain Armor",4339,4164,0,274,283,13303,0,1,10,110100,5450,0
"Prized Aspirant's Plate Armor",4340,35,0,274,283,13303,0,1,10,110100,5450,0
"[DNT] 11.1 Mythic VFX Unlock - All Items",4341,0,87353,259,0,0,0,1,10,110100,5710,0
"Undermine Revolutionary's Vestments",4342,400,0,0,303,13989,0,1,10,110100,6000,0
"Undermine Revolutionary's Battleplate",4343,35,0,0,303,13989,0,1,10,110100,6000,0
"Undermine Revolutionary's Battlegear",4344,3592,0,0,303,13989,0,1,10,110100,6000,0
"Undermine Revolutionary's Guise",4345,4164,0,0,303,13989,0,1,10,110100,6000,0
"Slickest in Town",4350,3592,87447,0,313,13591,4344,1,10,110100,4370,0
"Smartest in Town",4351,400,87445,0,313,13591,4342,1,10,110100,2800,0
"Toughest in Town",4352,35,87449,0,313,13591,4343,1,10,110100,2800,0
"Craftiest in Town",4353,4164,87448,0,313,13591,4345,1,10,110100,2800,0
"Mindboost Scholar Regalia",4354,400,0,0,303,14016,4342,1,10,110100,6000,0
"Smoketrail Racer Suit",4355,3592,0,0,303,14016,4344,1,10,110100,0,0
"Dustfire Outlaw Attire",4356,4164,0,0,303,14016,4345,1,10,110100,6000,0
"Rustfang Rebel Gear",4357,35,0,0,303,14016,4343,1,10,110100,6000,0
"Laundered Attire",4358,400,0,0,312,13990,4342,1,10,110100,4000,0
"Upcycled Outfit",4359,3592,0,0,312,13990,4344,1,10,110100,4000,0
"Power-Washed Wardrobe",4360,4164,0,0,312,13990,4345,1,10,110100,4000,0
"Descaled Wear",4361,35,0,0,312,13990,4343,1,10,110100,4000,0
"Malignant Vision's Battleplate",4362,35,0,0,314,14244,0,1,10,110105,4300,0
"Vision Tormentor's Battlekit",4363,4164,0,0,314,14244,0,1,10,110105,4300,0
"Garb of the Insatiable Vision",4364,3592,0,0,314,14244,0,1,10,110105,4300,0
"Vision Manipulator's Vestments",4365,400,0,0,314,14244,0,1,10,110105,4300,0
"Attire of the Woodland Raccoon",4366,0,87523,258,315,14125,0,1,10,110105,10,0
"Woodland Attire of the Grey Wolf",4367,0,87524,258,315,14245,4366,1,10,110105,10,0
"Attire of the Swift Fox",4368,0,87525,258,315,13965,4366,1,10,110105,10,0
"Attire of the Gilneas Fox",4369,0,87526,258,315,14131,4366,1,10,110105,10,0
"Stormstout Collection",4370,0,87671,258,328,13968,0,1,10,110105,10,0
"Undermine Weaponry",4371,0,88773,259,0,14174,0,1,10,110100,5460,0
"Stormstout Sha-Warped Collection",4372,0,88806,258,328,13966,0,1,10,110105,10,0
"Coldflame Battlegear",4373,0,88983,258,316,13967,0,1,10,110105,10,0
"Lavaborn Emerald Attire",4374,0,88984,258,316,13968,4373,1,10,110105,10,0
"Lavaborn Battleplate",4375,0,88990,258,316,13965,4373,1,10,110105,10,0
"Lavaborn Citrine Attire",4376,0,88991,258,316,14122,4373,1,10,110105,10,0
"Feathered Drape of the Archmage",4377,0,0,3,0,0,0,1,10,110105,10,0
"Feathered Cowl of the Archmage",4378,0,0,3,0,0,0,1,10,110105,10,0
"Standard of the Archmage",4379,0,0,3,0,0,0,1,10,110105,10,0
"Feathered Mantle of the Archmage",4380,0,0,3,0,0,0,1,10,110105,10,0
"Feathered Drape of the Prophet",4381,0,0,3,0,0,0,1,10,110105,10,0
"Feathered Cowl of the Prophet",4382,0,0,3,0,0,0,1,10,110105,10,0
"Feathered Mantle of the Prophet",4383,0,0,3,0,0,0,1,10,110105,10,0
"Standard of the Prophet",4384,0,0,3,0,0,0,1,10,110105,10,0
"Nightfall Executioner's Regalia",4385,35,0,0,267,14258,3655,1,10,110000,111501,0
"Nightfall Shadowalker's Regalia",4386,4164,0,0,267,14258,3656,1,10,110000,111501,0
"Nightfall Curseblade's Regalia",4387,3592,0,0,267,14258,3657,1,10,110000,111501,0
"Nightfall Darkcaster's Regalia",4388,400,0,0,267,14258,3658,1,10,110000,111501,0
"Arathi Crusader's Armor",4389,35,0,0,267,14259,3655,1,10,110000,111500,0
"Arathi Cleric's Armor",4390,4164,0,0,267,14259,3656,1,10,110000,111500,0
"Arathi Zealot's Armor",4391,3592,0,0,267,14259,3657,1,10,110000,111500,0
"Arathi Abbot's Armor",4392,400,0,0,267,14259,3658,1,10,110000,111500,0
"Spiritbringer Attire",4393,0,89495,258,317,13967,0,1,10,110105,10,0
"Soulbringer Attire",4394,0,89498,258,317,14015,4393,1,10,110105,10,0
"Spiritrune Attire",4395,0,89499,258,318,13967,0,1,10,110105,10,0
"Soulrune Attire",4396,0,89500,258,318,14015,4395,1,10,110105,10,0
"Spiritplume Celestial Collection",4397,0,89504,387,0,13967,0,1,10,110105,10,0
"Soul-Touched Collection",4398,0,89508,387,0,14015,0,1,10,110105,10,0
"Netherfiend Battlegear",4399,3592,87160,320,306,13193,0,1,6,70000,3000,0
"Ered'ruin Scalemail",4400,4164,87161,320,306,13193,0,1,6,70000,3000,0
"Xorothian Plate Armor",4401,35,87162,320,306,14130,4488,1,6,70000,3001,0
"Vestments of the Manasinged",4402,400,87163,320,319,13967,0,1,6,70000,1000,0
"Seawitch's Terrorcloth",4403,400,87164,320,320,14145,4402,1,6,70000,1002,0
"Moonfall Robes",4404,400,87165,320,319,14097,4402,1,6,70000,1001,0
"Battlegear of the Dreadhide Stalker",4405,3592,87166,320,319,14015,4406,1,6,70000,1001,0
"Nighthide Coat",4406,3592,87167,320,320,13968,0,1,6,70000,1000,0
"Ambervale Bonehide",4407,3592,87168,320,319,14268,4406,1,6,70000,1002,0
"Chains of Nightmare's Embrace",4408,4164,87169,320,320,13968,4409,1,6,70000,1002,0
"Chains of Helheim",4409,4164,87170,320,319,13967,0,1,6,70000,1000,0
"Darkwatcher Bindings",4410,4164,87171,320,319,14015,4409,1,6,70000,1003,0
"Suramar Silver Plating",4411,35,87172,320,320,14131,4412,1,6,70000,1002,0
"Jandvik Diver's Metal",4412,35,87173,320,319,13967,0,1,6,70000,1000,0
"Leyline Defender's Sunplate Armor",4413,35,87174,320,319,14130,4412,1,6,70000,1001,0
"Vesture of Borrowed Souls",4414,400,87175,320,320,14015,4427,1,6,70000,3002,0
"Sanguine Oath Vestments",4415,400,87176,320,320,13965,4427,1,6,70000,3003,0
"Raiment of Night Eternal",4416,400,87177,320,320,14015,0,1,6,70000,3001,0
"Bindings of Hungering Flesh",4417,3592,87178,320,320,14123,4436,1,6,70000,3001,0
"Thirsting Hides",4418,3592,87179,320,320,13965,4436,1,6,70000,3003,0
"Guise of the Nightstalker",4419,3592,87180,320,320,14015,4399,1,6,70000,3002,0
"Armor of the Skyfather's Chosen",4420,4164,87181,320,320,13967,0,1,6,70000,3000,0
"Ravensteel Mail",4421,4164,87182,320,320,14015,4420,1,6,70000,3002,0
"Scalemail of Devouring Night",4422,4164,87183,320,320,14015,4400,1,6,70000,3001,0
"Honorforged Valorplate",4423,35,87184,320,320,14123,4453,1,6,70000,3001,0
"Bloodforged Battleplate",4424,35,87185,320,320,13965,4453,1,6,70000,3003,0
"Nightforged Felplate",4425,35,87186,320,320,14015,4488,1,6,70000,3002,0
"Blazing Dreamscribed Robes",4427,400,87188,322,321,14097,0,1,6,70000,3001,0
"Dreamwatcher Vestments",4428,400,87189,322,321,13968,0,1,6,70000,1000,0
"Dreamseeker Vestments",4429,400,87190,322,321,14015,4428,1,6,70000,1001,0
"Nightrune Robes",4430,400,87191,322,321,13967,0,1,6,70000,1000,0
"Earthrune Robes",4431,400,87192,322,321,14125,4430,1,6,70000,1001,0
"Skyrune Robes",4432,400,87193,322,321,14126,4430,1,6,70000,1002,0
"Slayer's Golden Scarguards",4433,3592,87194,322,321,14130,0,1,6,70000,1000,0
"Slayer's Silver Scarguards",4434,3592,87195,322,321,14131,4433,1,6,70000,1001,0
"Fel-Bloodied Battlegear",4435,3592,87196,322,321,13965,0,1,6,70000,1000,0
"Searaider's Battlegarb",4436,3592,87197,322,321,13967,0,1,6,70000,3000,0
"Gladeraider's Battlegarb",4437,3592,87198,322,321,13968,4436,1,6,70000,3002,0
"Barkbinds of the Archdruid's Nightmare",4439,3592,65716,322,321,13676,0,1,6,70000,7001,0
"Skyborne Brigandine",4440,3592,87201,320,321,13968,0,1,6,70000,1000,0
"Seaborne Brigandine",4442,3592,87203,320,321,14145,4440,1,6,70000,1001,0
"Jarl's Battlescales",4443,4164,87204,322,321,14270,0,1,6,70000,1000,0
"Ruby Drake Hunter's Kit",4444,4164,87206,322,321,13965,4420,1,6,70000,3003,0
"Sunborne Runemail",4446,4164,87208,322,321,14270,0,1,6,70000,1004,0
"Highpeak Dragonscale",4447,4164,87209,322,321,13967,0,1,6,70000,1000,0
"Dreamweald Dragonscale",4448,4164,87210,322,321,13968,4447,1,6,70000,1001,0
"Earthbreaker Dragonscale",4449,4164,87211,322,321,14015,4447,1,6,70000,1002,0
"Firewurm Dragonscale",4450,4164,87212,322,321,13965,4447,1,6,70000,1003,0
"Jarl's Battlehorns",4452,35,87214,322,321,14270,0,1,6,70000,1000,0
"Storm Champion's Warharness",4453,35,87215,322,321,13967,0,1,6,70000,3000,0
"Val'kyr's Warharness",4454,35,87216,322,321,13968,4453,1,6,70000,3002,0
"Winged Plate of the Valhalas Champion",4456,35,87218,322,321,14270,0,1,6,70000,7000,0
"Argussian Demonsbane Armor",4457,3592,87219,322,321,13966,0,1,6,70000,3000,0
"Stygian Hides",4458,3592,87220,322,319,14015,4457,1,6,70000,3002,0
"Vestments of Eredathian Sacrifice",4459,4164,87221,322,321,14121,0,1,6,70000,3000,0
"Antoran Guard's Golden Battleplate",4460,35,87222,322,321,14130,4484,1,6,70000,3001,0
"Heritage of the Lightforged",4462,0,87225,322,321,14271,1525,1,6,70000,5001,54202
"Heritage of the Lightforged",4463,0,87226,322,321,14272,1525,1,6,70000,5002,54202
"Heritage of the Shal'dorei",4464,0,87227,322,321,14273,1523,1,6,70000,5000,54205
"Regalia of the Hrydshal Runespeaker",4465,400,87228,320,319,13967,0,1,6,70000,1000,0
"Crescent Vale Raiment",4466,400,87229,320,319,13968,4465,1,6,70000,1001,0
"Wine-dark Royal Robes",4467,400,87230,320,319,13965,4465,1,6,70000,1002,0
"Leyline Scholar's Regalia",4468,400,87231,320,319,14120,4465,1,6,70000,1003,0
"Highmountain Hides",4469,3592,87232,320,319,14125,0,1,6,70000,1000,0
"Haustvelt Leathers",4470,3592,87233,320,319,14123,4469,1,6,70000,1001,0
"Sablehide Vestments",4471,3592,87234,320,319,13968,4469,1,6,70000,1002,0
"Llothien Prowler's Kit",4472,3592,87235,320,319,14126,4469,1,6,70000,1003,0
"Dreadthorn Battlegear",4473,4164,87236,320,319,13966,0,1,6,70000,1000,0
"Scales of Remembered Eternity",4474,4164,87237,320,319,14130,4473,1,6,70000,1001,0
"Stormborn Laminar Armor",4475,4164,87238,320,319,14131,4473,1,6,70000,1002,0
"Highmountain Riverscales",4476,4164,87239,320,319,14145,4473,1,6,70000,1003,0
"Thunderpeak Boneguards",4477,35,87240,320,319,13967,0,1,6,70000,1000,0
"Nar'thalas Graduate's Trim",4478,35,87241,320,319,14130,4477,1,6,70000,1001,0
"Kal'delar Battleplate",4479,35,87242,320,319,14245,4477,1,6,70000,1002,0
"Vrykul Funereal Regalia",4480,35,87243,320,319,14097,4477,1,6,70000,1003,0
"Doomsinger's Cloth Armor",4481,400,87244,320,319,13966,0,1,6,70000,3000,0
"Arinor Keeper's Leather Armor",4482,3592,87245,320,319,14130,4457,1,6,70000,3001,0
"Oronaar Disciple's Mail Armor",4483,4164,87246,320,319,14264,4459,1,6,70000,3001,0
"Praetorium Guard's Plate Armor",4484,35,87247,320,319,14266,0,1,6,70000,3000,0
"Riven Priesthood Regalia",4485,400,87248,320,319,14122,4416,1,6,70000,3002,0
"Lunarblight Leathers",4486,3592,87249,320,319,14121,4399,1,6,70000,3001,0
"Shrinebreaker's Battlegear",4487,4164,87250,320,319,14122,4400,1,6,70000,3002,0
"Moonshatter Warplate",4488,35,87251,320,319,14162,0,1,6,70000,3000,0
"Stygian Silks",4489,400,87252,322,321,14015,4481,1,6,70000,3001,0
"Garothi Battleplate",4490,35,87253,320,319,14265,4484,1,6,70000,3002,0
"Verdant Dreamscribed Robes",4491,400,87187,322,321,13968,4427,1,6,70000,3000,0
"Emerald Drake Hunter's Kit",4492,4164,87205,322,321,13968,4420,1,6,70001,3001,0
"Runespeaker Wraps",4494,0,0,451,321,0,0,1,6,70300,130,0
"Stormborne Wraps",4495,0,0,451,321,0,0,1,6,70300,130,0
"Legion Hunter's Capes",4496,0,0,451,321,0,0,1,6,70300,130,0
"Cloaks of the Lost Combatant",4497,0,0,451,321,0,0,1,6,70300,130,0
"Cloaks of the Lost Gladiator",4498,0,0,451,321,0,0,1,6,70300,130,0
"Shrouds of Azj'Aqir",4499,0,0,451,321,0,0,1,6,70300,130,0
"Druidic Fur Drapes",4500,0,0,451,321,0,0,1,6,70300,130,0
"Shrouds of the Lost Deathwyrms",4501,0,0,451,321,0,0,1,6,70300,130,0
"Cloaks of the Fel Battler",4502,0,0,451,321,0,0,1,6,70300,130,0
"Cloaks of the Ironskin Gladiator",4503,0,0,451,321,0,0,1,6,70300,130,0
"Cloaks of Silken Knowledge",4504,0,0,451,321,0,0,1,6,70300,130,0
"Dalaran's Finest Silken Cloaks",4505,0,0,451,321,0,0,1,6,70300,130,0
"Drapes of Devouring Night",4506,0,0,451,321,0,0,1,6,70300,130,0
"Drapes of Eredar Finery",4507,0,0,451,321,0,0,1,6,70300,130,0
"Argussian Demonsbane Cloaks",4508,0,0,451,321,0,0,1,6,70300,130,0
"Cloaks of the Antoran Guard",4509,0,0,451,321,0,0,1,6,70300,130,0
"Eredar Battle Capes",4510,0,0,451,321,0,0,1,6,70300,130,0
"Cloaks of the Green Mountains",4511,0,0,451,321,0,0,1,6,70300,130,0
"Children's Stormwind Guard Weapons",4516,0,90597,259,0,0,0,1,10,110105,5460,0
"Children's Orgrimmar Guard Weapons",4517,0,90598,259,0,0,0,1,10,110105,5460,0
"Squall Braced Attire",4519,0,90607,258,322,13967,0,1,10,110107,10,0
"Girded Mist Attire",4520,0,90608,258,322,13968,4519,1,10,110107,10,0
"Rainy Day Attire",4521,0,90609,258,322,13965,4519,1,10,110107,10,0
"Waterproof Attire",4522,0,90610,258,322,14122,4519,1,10,110107,10,0
"The First Satyr's Spaulders",4523,0,90628,323,0,0,0,1,6,70000,7000,0
"Midnight Sweatsuit",4524,0,90639,67,0,0,0,1,10,110107,1640,0
"Azure Sweatsuit",4525,0,90640,67,0,0,0,1,10,110107,1640,0
"Sepia Sweatsuit",4526,0,90641,67,0,0,0,1,10,110107,1640,0
"Grassy Sweatsuit",4527,0,90642,67,0,0,0,1,10,110107,1640,0
"Cloudy Sweatsuit",4528,0,90643,67,0,0,0,1,10,110107,1640,0
"Deep Sweatsuit",4529,0,90644,67,0,0,0,1,10,110107,1640,0
"Camo Sweatsuit",4530,0,90645,67,0,0,0,1,10,110107,1640,0
"Brick Sweatsuit",4531,0,90646,67,0,0,0,1,10,110107,1640,0
"Lively Sweatsuit",4532,0,90648,67,0,0,0,1,10,110107,1640,0
"Faded Sweatsuit",4533,0,90649,67,0,0,0,1,10,110107,1640,0
"Carrot Sweatsuit",4534,0,90650,67,0,0,0,1,10,110107,1640,0
"Pink Sweatsuit",4535,0,90651,67,0,0,0,1,10,110107,1640,0
"Plum Sweatsuit",4536,0,90652,67,0,0,0,1,10,110107,1640,0
"Crimson Sweatsuit",4537,0,90653,67,0,0,0,1,10,110107,1640,0
"Violet Sweatsuit",4538,0,90654,67,0,0,0,1,10,110107,1640,0
"Aquatic Sweatsuit",4539,0,90655,67,0,0,0,1,10,110107,1640,0
"Snowy Sweatsuit",4540,0,90656,67,0,0,0,1,10,110107,1640,0
"Sunny Sweatsuit",4541,0,90657,67,0,0,0,1,10,110107,1640,0
"Fel Inferno Helm",4543,0,0,131,0,0,0,1,10,0,10,0
"Grandmaster's Prophetic Attire",4544,0,90853,258,324,13965,0,1,10,110107,10,0
"Grandmaster's Deep Attire",4545,0,90855,258,324,13967,4544,1,10,110107,10,0
"Grandmaster's Royal Attire",4548,0,90856,258,324,14130,4544,1,10,110107,10,0
"Grandmaster's Smoke Attire",4549,0,90857,258,324,14120,4544,1,10,110107,10,0
"Feathered Collection of the Archmage",4550,0,90877,258,329,13967,4551,1,10,110105,10,0
"Feathered Collection of the Prophet",4551,0,90878,258,329,13965,0,1,10,110105,10,0
"Ashvane Smuggler's Attire",4552,0,90909,256,325,13966,0,1,7,80001,10,0
"Bloodsail Smuggler's Attire",4553,0,90925,256,325,13965,4552,1,7,80001,10,0
"Banshee's Chilling Collection",4554,0,90926,258,326,13967,0,1,10,110107,10,0
"Forsaken's Grotesque Collection",4555,0,90927,258,326,13968,4554,1,10,110107,10,0
"Wailing Banshee's Collection",4556,0,90928,258,326,14015,4554,1,10,110107,10,0
"Banshee's Sickly Collection",4557,0,90929,258,326,14122,4554,1,10,110107,10,0
"Stillwater Fisher Attire",4558,0,90930,258,0,0,0,1,10,110107,10,0
"Golden Fleet Garb",4559,0,90939,256,327,13965,0,1,7,80000,10,0
"Zocalo Merchant's Wear",4560,0,90940,256,327,13967,4559,1,7,80000,10,0
"Reshii Regalia",4561,0,90954,0,340,0,0,1,10,110200,2800,0
"Life-Binder's Armor",4562,4096,0,0,274,13965,0,1,10,110005,20,0
"Timestalker's Armor",4563,4,0,0,274,13966,0,1,10,110005,20,0
"Executioner's Bladed Battlegear",4564,1,0,0,274,13966,0,1,10,110005,20,0
"Death-Touched Battlegear",4565,512,0,0,274,13965,0,1,10,110005,20,0
"Armor of Torment",4566,2048,0,0,274,13966,0,1,10,110005,20,0
"Grimforged Armor",4567,32,0,0,274,14290,0,1,10,110005,20,0
"Shadowslayer Armor",4568,8,0,0,274,13966,0,1,10,110005,20,0
"Flamelash Armor",4569,64,0,256,274,13965,0,1,10,110005,20,0
"Emberwind Regalia",4570,128,0,256,274,13965,0,1,10,110005,20,0
"Staghelm Armor",4571,1024,0,256,274,13965,0,1,10,110005,20,0
"Vestments of Searing Radiance",4572,16,0,256,274,13965,0,1,10,110005,20,0
"Hellfire Raiment",4573,256,0,256,274,13965,0,1,10,110005,20,0
"Blood Vindicator's Armor",4574,2,0,256,274,14291,0,1,10,110005,20,0
"Maw of the Damned",4575,32,0,450,0,0,0,1,6,70300,350,0
"Touch of Undeath",4916,32,0,450,0,0,0,1,10,110205,350,0
Soulreaper,4917,32,0,450,0,0,0,1,10,110205,350,0
Executioner,4918,32,0,450,0,0,0,1,10,110205,350,0
Bloodmaw,4919,32,0,450,0,0,0,1,10,110205,350,0
"Blades of the Fallen Prince",4920,32,0,450,0,0,0,1,10,110205,350,0
"Dark Runeblade",4921,32,0,450,0,0,0,1,10,110205,350,0
"Sindragosa's Fury",4922,32,0,450,0,0,0,1,10,110205,350,0
Gravekeeper,4923,32,0,450,0,0,0,1,10,110205,350,0
"Frostmourne's Legacy",4924,32,0,450,0,0,0,1,10,110205,350,0
Apocalypse,4925,32,0,450,0,0,0,1,10,110205,350,0
"Bone Reaper",4926,32,0,450,0,0,0,1,10,110205,350,0
"Herald of Pestilence",4927,32,0,450,0,0,0,1,10,110205,350,0
Faminebearer,4928,32,0,450,0,0,0,1,10,110205,350,0
"Unholy War",4929,32,0,450,0,0,0,1,10,110205,350,0
"Twinblades of the Deceiver",4930,2048,0,450,0,0,0,1,10,110205,350,0
Deathwalker,4931,2048,0,450,0,0,0,1,10,110205,350,0
Darkenblade,4932,2048,0,450,0,0,0,1,10,110205,350,0
"Demon's Touch",4933,2048,0,450,0,0,0,1,10,110205,350,0
"Hand of the Illidari",4934,2048,0,450,0,0,0,1,10,110205,350,0
"Aldrachi Warblades",4935,2048,0,450,0,0,0,1,10,110205,350,0
"Iron Warden",4936,2048,0,450,0,0,0,1,10,110205,350,0
"Dreadlord's Bite",4937,2048,0,450,0,0,0,1,10,110205,350,0
Boneterror,4938,2048,0,450,0,0,0,1,10,110205,350,0
"Illidari Crest",4939,2048,0,450,0,0,0,1,10,110205,350,0
"Scythe of Elune",4940,1024,0,450,0,0,0,1,10,110205,350,0
"Sunkeeper's Reach",4941,1024,0,450,0,0,0,1,10,110205,350,0
Lunarcall,4942,1024,0,450,0,0,0,1,10,110205,350,0
"Nightmare's Affliction",4943,1024,0,450,0,0,0,1,10,110205,350,0
"Envoy of Goldrinn",4944,1024,0,450,0,0,0,1,10,110205,350,0
"Fangs of Ashamane",4945,1024,0,450,0,0,0,1,10,110205,350,0
Moonspirit,4946,1024,0,450,0,0,0,1,10,110205,350,0
"Primal Stalker",4947,1024,0,450,0,0,0,1,10,110205,350,0
"Incarnation of Nightmare",4948,1024,0,450,0,0,0,1,10,110205,350,0
"Nature's Fury",4949,1024,0,450,0,0,0,1,10,110205,350,0
"Claws of Ursoc",4950,1024,0,450,0,0,0,1,10,110205,350,0
"Guardian of the Glade",4951,1024,0,450,0,0,0,1,10,110205,350,0
"Avatar of Ursol",4952,1024,0,450,0,0,0,1,10,110205,350,0
"Fallen to Nightmare",4953,1024,0,450,0,0,0,1,10,110205,350,0
Stonepaw,4954,1024,0,450,0,0,0,1,10,110205,350,0
G'Hanir,4955,1024,0,450,0,0,0,1,10,110205,350,0
"Warden's Crown",4956,1024,0,450,0,0,0,1,10,110205,350,0
"Crystalline Awakening",4957,1024,0,450,0,0,0,1,10,110205,350,0
"Deadwood Keeper",4958,1024,0,450,0,0,0,1,10,110205,350,0
Eldertree,4959,1024,0,450,0,0,0,1,10,110205,350,0
Titanstrike,4960,4,0,450,0,0,0,1,10,110205,350,0
"Titan's Reach",4961,4,0,450,0,0,0,1,10,110205,350,0
"Elekk's Thunder",4962,4,0,450,0,0,0,1,10,110205,350,0
"Boarshot Cannon",4963,4,0,450,0,0,0,1,10,110205,350,0
Eaglewatch,4964,4,0,450,0,0,0,1,10,110205,350,0
Thas'dorah,4965,4,0,450,0,0,0,1,10,110205,350,0
Ravenguard,4966,4,0,450,0,0,0,1,10,110205,350,0
"Phoenix's Rebirth",4967,4,0,450,0,0,0,1,10,110205,350,0
"Ranger-General's Guard",4968,4,0,450,0,0,0,1,10,110205,350,0
"A Sister's Bond",4969,4,0,450,0,0,0,1,10,110205,350,0
Talonclaw,4970,4,0,450,0,0,0,1,10,110205,350,0
"Bear's Fortitude",4971,4,0,450,0,0,0,1,10,110205,350,0
"Spear of the Alpha",4972,4,0,450,0,0,0,1,10,110205,350,0
Serpentstrike,4973,4,0,450,0,0,0,1,10,110205,350,0
"Eagle's Rebirth",4974,4,0,450,0,0,0,1,10,110205,350,0
Aluneth,4975,128,0,450,0,0,0,1,10,110205,350,0
"Woolomancer's Charge",4976,128,0,450,0,0,0,1,10,110205,350,0
"Magna Unleashed",4977,128,0,450,0,0,0,1,10,110205,350,0
"Aegwynn's Fall",4978,128,0,450,0,0,0,1,10,110205,350,0
"Guardian Spire",4979,128,0,450,0,0,0,1,10,110205,350,0
Felo'melorn,4980,128,0,450,0,0,0,1,10,110205,350,0
"The Stars' Design",4981,128,0,450,0,0,0,1,10,110205,350,0
"Phoenix's Rebirth",4982,128,0,450,0,0,0,1,10,110205,350,0
"Lavaborn Edge",4983,128,0,450,0,0,0,1,10,110205,350,0
"Pride of the Sunstriders",4984,128,0,450,0,0,0,1,10,110205,350,0
Ebonchill,4985,128,0,450,0,0,0,1,10,110205,350,0
"Frostfire Remembrance",4986,128,0,450,0,0,0,1,10,110205,350,0
"Flow of the First",4987,128,0,450,0,0,0,1,10,110205,350,0
"Archmagi's Will",4988,128,0,450,0,0,0,1,10,110205,350,0
"Guardian's Focus",4989,128,0,450,0,0,0,1,10,110205,350,0
"Fu Zan, the Wanderer's Companion",4990,512,0,450,0,0,0,1,10,110205,350,0
"Ancient Brewkeeper",4991,512,0,450,0,0,0,1,10,110205,350,0
"Heart of the Ox",4992,512,0,450,0,0,0,1,10,110205,350,0
"Dragonfire's Grasp",4993,512,0,450,0,0,0,1,10,110205,350,0
"The Monkey King's Burden",4994,512,0,450,0,0,0,1,10,110205,350,0
Sheilun,4995,512,0,450,0,0,0,1,10,110205,350,0
"Breath of the Undying Serpent",4996,512,0,450,0,0,0,1,10,110205,350,0
"Chi-Ji's Spirit",4997,512,0,450,0,0,0,1,10,110205,350,0
"Sha's Torment",4998,512,0,450,0,0,0,1,10,110205,350,0
"Toll of the Deep Mist",4999,512,0,450,0,0,0,1,10,110205,350,0
"Fists of the Heavens",5000,512,0,450,0,0,0,1,10,110205,350,0
Stormfist,5001,512,0,450,0,0,0,1,10,110205,350,0
"Spirit's Reach",5002,512,0,450,0,0,0,1,10,110205,350,0
"Shado-Pan Legacy",5003,512,0,450,0,0,0,1,10,110205,350,0
"Al'Akir's Touch",5004,512,0,450,0,0,0,1,10,110205,350,0
"The Silver Hand",5005,2,0,450,0,0,0,1,10,110205,350,0
"Watcher's Armament",5006,2,0,450,0,0,0,1,10,110205,350,0
"Protector's Judgment",5007,2,0,450,0,0,0,1,10,110205,350,0
Gravewarder,5008,2,0,450,0,0,0,1,10,110205,350,0
"Fist of the Fallen Watcher",5009,2,0,450,0,0,0,1,10,110205,350,0
Truthguard,5010,2,0,450,0,0,0,1,10,110205,350,0
"Vindicator's Bulwark",5011,2,0,450,0,0,0,1,10,110205,350,0
"Divine Protector",5012,2,0,450,0,0,0,1,10,110205,350,0
"Dark Keeper's Ward",5013,2,0,450,0,0,0,1,10,110205,350,0
"Light of the Titans",5014,2,0,450,0,0,0,1,10,110205,350,0
Ashbringer,5015,2,0,450,0,0,0,1,10,110205,350,0
"Corrupted Remembrance",5016,2,0,450,0,0,0,1,10,110205,350,0
"Burning Reprisal",5017,2,0,450,0,0,0,1,10,110205,350,0
"Fallen Hope",5018,2,0,450,0,0,0,1,10,110205,350,0
"Greatsword of the Righteous",5019,2,0,450,0,0,0,1,10,110205,350,0
"Light's Wrath",5020,16,0,450,0,0,0,1,10,110205,350,0
"Tomekeeper's Spire",5021,16,0,450,0,0,0,1,10,110205,350,0
"Chalice of Light",5022,16,0,450,0,0,0,1,10,110205,350,0
"Eternal Vigil",5023,16,0,450,0,0,0,1,10,110205,350,0
"Crest of the Redeemed",5024,16,0,450,0,0,0,1,10,110205,350,0
"T'uure, Beacon of the Naaru",5025,16,0,450,0,0,0,1,10,110205,350,0
"Crest of the Lightborn",5026,16,0,450,0,0,0,1,10,110205,350,0
"Keeper of Light",5027,16,0,450,0,0,0,1,10,110205,350,0
"Embrace of the Void",5028,16,0,450,0,0,0,1,10,110205,350,0
"Banner of Purity",5029,16,0,450,0,0,0,1,10,110205,350,0
"Blade of the Black Empire",5030,16,0,450,0,0,0,1,10,110205,350,0
"Claw of N'Zoth",5031,16,0,450,0,0,0,1,10,110205,350,0
"The Fallen Blade",5032,16,0,450,0,0,0,1,10,110205,350,0
"Vision of Madness",5033,16,0,450,0,0,0,1,10,110205,350,0
"Embrace of the Old Gods",5034,16,0,450,0,0,0,1,10,110205,350,0
"The Kingslayers",5035,8,0,450,0,0,0,1,10,110205,350,0
Bonebreaker,5036,8,0,450,0,0,0,1,10,110205,350,0
Heartstopper,5037,8,0,450,0,0,0,1,10,110205,350,0
"Magekiller's Edge",5038,8,0,450,0,0,0,1,10,110205,350,0
"Cursed Hand",5039,8,0,450,0,0,0,1,10,110205,350,0
"The Dreadblades",5040,8,0,450,0,0,0,1,10,110205,350,0
"Thunderfury, Hallowed Blade of the Windlord",5041,8,0,450,0,0,0,1,10,110205,350,0
"Flame's Kiss",5042,8,0,450,0,0,0,1,10,110205,350,0
"Scoundrel's Last Word",5043,8,0,450,0,0,0,1,10,110205,350,0
"Promise of the Seascourge",5044,8,0,450,0,0,0,1,10,110205,350,0
"Fangs of the Devourer",5045,8,0,450,0,0,0,1,10,110205,350,0
Venombite,5046,8,0,450,0,0,0,1,10,110205,350,0
"Demon's Embrace",5047,8,0,450,0,0,0,1,10,110205,350,0
Bloodfeaster,5048,8,0,450,0,0,0,1,10,110205,350,0
Shadowblade,5049,8,0,450,0,0,0,1,10,110205,350,0
"The Fist of Ra-den",5050,64,0,450,0,0,0,1,10,110205,350,0
"Prestige of the Amani",5051,64,0,450,0,0,0,1,10,110205,350,0
Earthspeaker,5052,64,0,450,0,0,0,1,10,110205,350,0
"Fist of the Fallen Shaman",5053,64,0,450,0,0,0,1,10,110205,350,0
Stormkeeper,5054,64,0,450,0,0,0,1,10,110205,350,0
Doomhammer,5055,64,0,450,0,0,0,1,10,110205,350,0
"Zandalar Champion",5056,64,0,450,0,0,0,1,10,110205,350,0
"Legion's Doom",5057,64,0,450,0,0,0,1,10,110205,350,0
"Blackhand's Fate",5058,64,0,450,0,0,0,1,10,110205,350,0
Stormbringer,5059,64,0,450,0,0,0,1,10,110205,350,0
Titanborn,5060,64,0,450,0,0,0,1,10,110205,350,0
Totembearer,5061,64,0,450,0,0,0,1,10,110205,350,0
"Scepter of the Deep",5062,64,0,450,0,0,0,1,10,110205,350,0
"Sharas'dal, Scepter of Tides",5063,64,0,450,0,0,0,1,10,110205,350,0
"Serpent's Coil",5064,64,0,450,0,0,0,1,10,110205,350,0
"Deadwind Harvester",5065,256,0,450,0,0,0,1,10,110205,350,0
"Fate's End",5066,256,0,450,0,0,0,1,10,110205,350,0
"Soul Siphon",5067,256,0,450,0,0,0,1,10,110205,350,0
"Death's Hand",5068,256,0,450,0,0,0,1,10,110205,350,0
"Hand of the Afflicted",5069,256,0,450,0,0,0,1,10,110205,350,0
"Skull of the Man'ari",5070,256,0,450,0,0,0,1,10,110205,350,0
"Thal'kiel's Visage",5071,256,0,450,0,0,0,1,10,110205,350,0
"Pride of the Pit Lord",5072,256,0,450,0,0,0,1,10,110205,350,0
"Burning Remnant",5073,256,0,450,0,0,0,1,10,110205,350,0
"Gaze of the First Summoner",5074,256,0,450,0,0,0,1,10,110205,350,0
"Scepter of Sargeras",5075,256,0,450,0,0,0,1,10,110205,350,0
Legionterror,5076,256,0,450,0,0,0,1,10,110205,350,0
"Echo of Gul'dan",5077,256,0,450,0,0,0,1,10,110205,350,0
"Shadow of the Destroyer",5078,256,0,450,0,0,0,1,10,110205,350,0
"Hubris of the Dark Titan",5079,256,0,450,0,0,0,1,10,110205,350,0
"Stromkar, the Warbreaker",5080,1,0,450,0,0,0,1,10,110205,350,0
"Arcanite Bladebreaker",5081,1,0,450,0,0,0,1,10,110205,350,0
Flamereaper,5082,1,0,450,0,0,0,1,10,110205,350,0
"Wrath's Edge",5083,1,0,450,0,0,0,1,10,110205,350,0
"Vengeance of the Fallen",5084,1,0,450,0,0,0,1,10,110205,350,0
"Warswords of the Valarjar",5085,1,0,450,0,0,0,1,10,110205,350,0
"Dragonslayer's Edge",5086,1,0,450,0,0,0,1,10,110205,350,0
Valormaw,5087,1,0,450,0,0,0,1,10,110205,350,0
Stormbreath,5088,1,0,450,0,0,0,1,10,110205,350,0
"Arm of the Dragonrider",5089,1,0,450,0,0,0,1,10,110205,350,0
Earth-Warder,5090,1,0,450,0,0,0,1,10,110205,350,0
"Last Breath of the Worldbreaker",5091,1,0,450,0,0,0,1,10,110205,350,0
"Unbroken Stand",5092,1,0,450,0,0,0,1,10,110205,350,0
"Deathguard's Gaze",5093,1,0,450,0,0,0,1,10,110205,350,0
"Arm of the Fallen King",5094,1,0,450,0,0,0,1,10,110205,350,0
"Regalia of the Trust",5095,0,0,0,341,13591,0,1,10,110200,10,0
"Lana'thel's Crimson Couture",5096,0,91337,258,0,13965,0,1,10,110205,10,0
"Hollow Sentinel's Vigil",5097,32,0,512,330,2015,5099,1,10,110200,112002,0
"Hollow Sentinel's Vigil",5098,32,0,0,330,13145,5099,1,10,110200,112003,0
"Hollow Sentinel's Vigil",5099,32,0,512,330,13193,0,1,10,110200,112001,0
"Hollow Sentinel's Vigil",5100,32,0,512,330,1641,5099,1,10,110200,112000,0
"Charhound's Vicious Hunt",5101,2048,0,512,330,2015,5103,1,10,110200,112002,0
"Charhound's Vicious Hunt",5102,2048,0,0,330,13145,5103,1,10,110200,112003,0
"Charhound's Vicious Hunt",5103,2048,0,512,330,13193,0,1,10,110200,112001,0
"Charhound's Vicious Hunt",5104,2048,0,512,330,1641,5103,1,10,110200,112000,0
"Ornaments of the Mother Eagle",5105,1024,0,512,330,2015,5107,1,10,110200,112002,0
"Ornaments of the Mother Eagle",5106,1024,0,0,330,13145,5107,1,10,110200,112003,0
"Ornaments of the Mother Eagle",5107,1024,0,512,330,13193,0,1,10,110200,112001,0
"Ornaments of the Mother Eagle",5108,1024,0,512,330,1641,5107,1,10,110200,112000,0
"Spellweaver's Immaculate Design",5109,4096,0,512,330,2015,5111,1,10,110200,112002,0
"Spellweaver's Immaculate Design",5110,4096,0,0,330,13145,5111,1,10,110200,112003,0
"Spellweaver's Immaculate Design",5111,4096,0,512,330,13193,0,1,10,110200,112001,0
"Spellweaver's Immaculate Design",5112,4096,0,512,330,1641,5111,1,10,110200,112000,0
"Midnight Herald's Pledge",5113,4,0,512,330,2015,5115,1,10,110200,112002,0
"Midnight Herald's Pledge",5114,4,0,0,330,13145,5115,1,10,110200,112003,0
"Midnight Herald's Pledge",5115,4,0,512,330,13193,0,1,10,110200,112001,0
"Midnight Herald's Pledge",5116,4,0,512,330,1641,5115,1,10,110200,112000,0
"Augur's Ephemeral Plumage",5117,128,0,512,330,2015,5119,1,10,110200,112002,0
"Augur's Ephemeral Plumage",5118,128,0,0,330,13145,5119,1,10,110200,112003,0
"Augur's Ephemeral Plumage",5119,128,0,512,330,13193,0,1,10,110200,112001,0
"Augur's Ephemeral Plumage",5120,128,0,512,330,1641,5119,1,10,110200,112000,0
"Crash of Fallen Storms",5121,512,0,512,330,2015,5123,1,10,110200,112002,0
"Crash of Fallen Storms",5122,512,0,0,330,13145,5123,1,10,110200,112003,0
"Crash of Fallen Storms",5123,512,0,512,330,13193,0,1,10,110200,112001,0
"Crash of Fallen Storms",5124,512,0,512,330,1641,5123,1,10,110200,112000,0
"Vows of the Lucent Battalion",5125,2,0,512,330,2015,5127,1,10,110200,112002,0
"Vows of the Lucent Battalion",5126,2,0,0,330,13145,5127,1,10,110200,112003,0
"Vows of the Lucent Battalion",5127,2,0,512,330,13193,0,1,10,110200,112001,0
"Vows of the Lucent Battalion",5128,2,0,512,330,1641,5127,1,10,110200,112000,0
"Eulogy to a Dying Star",5129,16,0,512,330,2015,5131,1,10,110200,112002,0
"Eulogy to a Dying Star",5130,16,0,0,330,13145,5131,1,10,110200,112003,0
"Eulogy to a Dying Star",5131,16,0,512,330,13193,0,1,10,110200,112001,0
"Eulogy to a Dying Star",5132,16,0,512,330,1641,5131,1,10,110200,112000,0
"Shroud of the Sudden Eclipse",5133,8,0,512,330,2015,5135,1,10,110200,112002,0
"Shroud of the Sudden Eclipse",5134,8,0,0,330,13145,5135,1,10,110200,112003,0
"Shroud of the Sudden Eclipse",5135,8,0,512,330,13193,0,1,10,110200,112001,0
"Shroud of the Sudden Eclipse",5136,8,0,512,330,1641,5135,1,10,110200,112000,0
"Howls of Channeled Fury",5137,64,0,512,330,2015,5139,1,10,110200,112002,0
"Howls of Channeled Fury",5138,64,0,0,330,13145,5139,1,10,110200,112003,0
"Howls of Channeled Fury",5139,64,0,512,330,13193,0,1,10,110200,112001,0
"Howls of Channeled Fury",5140,64,0,512,330,1641,5139,1,10,110200,112000,0
"Inquisitor's Feast of Madness",5141,256,0,512,330,2015,5143,1,10,110200,112002,0
"Inquisitor's Feast of Madness",5142,256,0,0,330,13145,5143,1,10,110200,112003,0
"Inquisitor's Feast of Madness",5143,256,0,512,330,13193,0,1,10,110200,112001,0
"Inquisitor's Feast of Madness",5144,256,0,512,330,1641,5143,1,10,110200,112000,0
"Chains of the Living Weapon",5145,1,0,512,330,2015,5147,1,10,110200,112002,0
"Chains of the Living Weapon",5146,1,0,0,330,13145,5147,1,10,110200,112003,0
"Chains of the Living Weapon",5147,1,0,512,330,13193,0,1,10,110200,112001,0
"Chains of the Living Weapon",5148,1,0,512,330,1641,5147,1,10,110200,112000,0
"Void's Binding Swimwear",5149,0,91625,2,0,0,0,1,9,110200,10,0
"Ethereal Weaponry",5150,0,91626,259,0,14174,0,1,10,110207,5560,0
"Felrider's Azure Attire",5151,0,91635,258,331,13967,0,1,10,110200,10,0
"Fashion of the Fanatic Felcyclist",5152,0,91636,258,331,13968,5151,1,10,110200,10,0
"Felreaver's Hellfire Attire",5153,0,91637,258,331,14097,5151,1,10,110200,10,0
"Felreaver's Arcane Attire",5154,0,91638,258,331,14015,5151,1,10,110200,10,0
"[DNT] 11.2 Mythic VFX Unlock - All Items",5155,0,91521,259,0,0,0,1,10,110200,5710,0
"The Horseman's Chilling Collection",5156,0,91761,258,332,13967,0,1,10,110200,10,0
"The Horseman's Ghoulish Collection",5160,0,91771,258,332,13968,5156,1,10,110200,10,0
"The Horseman's Burning Collection",5161,0,91773,258,332,13965,5156,1,10,110200,10,0
"The Horseman's Hallowed Collection",5162,0,91774,258,332,14120,5156,1,10,110200,10,0
"Weathered Twilight's Hammer Armaments",5163,0,91788,259,333,14341,0,1,11,120000,5460,0
"Voidstrider Raiment",5164,0,91953,258,334,14342,5165,1,11,120000,10,0
"Lightstrider Raiment",5165,0,91814,258,334,14343,0,1,11,120000,10,0
"Bronzebeard's Ceremonial Collection",5166,0,91815,258,335,13964,0,1,10,110200,10,0
"The Speaker's Ceremonial Collection",5167,0,91816,258,335,14120,5166,1,10,110200,10,0
"Wildhammer's Ceremonial Collection",5168,0,91817,258,335,13967,5166,1,10,110200,10,0
"Dark Iron's Ceremonial Collection",5169,0,91818,258,335,13965,5166,1,10,110200,10,0
"Astral Aspirant's Plate Armor",5170,35,0,274,284,13303,5176,1,10,110200,5450,0
"Astral Aspirant's Chain Armor",5171,4164,0,274,284,13303,5174,1,10,110200,5450,0
"Astral Aspirant's Leather Armor",5172,3592,0,274,284,13303,5175,1,10,110200,5450,0
"Astral Aspirant's Silk Armor",5173,400,0,274,284,13303,5177,1,10,110200,5450,0
"Etherbound Panoply",5174,4164,0,0,336,13989,0,1,10,110200,6000,0
"Dunewalker Leathers",5175,3592,0,0,336,13989,0,1,10,110200,6000,0
"Arcanoforged Bulwark",5176,35,0,0,336,13989,0,1,10,110200,6000,0
"Luminant Regalia",5177,400,0,0,336,13989,0,1,10,110200,6000,0
"Untethered Seer's Vestiture",5178,400,91890,0,337,14349,5177,1,10,110200,10,0
"Untethered Blade's Garb",5179,3592,91891,0,337,14349,5175,1,10,110200,10,0
"Untethered Striker's Gear",5180,4164,91892,0,337,14349,5174,1,10,110200,10,0
"Untethered Captain's Full-Plate",5181,35,91893,0,337,14349,5176,1,10,110200,10,0
"Reshii Magi's Resplendence",5182,400,0,0,338,14214,5177,1,10,110200,10,0
"Reshii Scout's Cunning",5183,3592,0,0,338,14214,5175,1,10,110200,10,0
"Reshii Skirmisher's Ferocity",5184,4164,0,0,338,14214,5174,1,10,110200,10,0
"Reshii Brute's Bastion",5185,4164,0,0,338,14214,5176,1,10,110200,10,0
"Void-Scarred Blade's Attire",5186,3592,91897,256,336,14174,5175,1,10,110200,10,0
"Void-Scarred Captain's Plate",5187,35,91895,256,336,14174,5176,1,10,110200,10,0
"Void-Scarred Striker's Battlegear",5188,4164,91896,256,336,14174,5174,1,10,110200,10,0
"Void-Scarred Seer's Wrappings",5189,400,91898,256,336,14174,5177,1,10,110200,10,0
"Cloak of Infinite Potential",5190,0,91914,323,0,0,0,1,10,110200,10,0
"K'areshi Ribbon Stash",5191,0,91915,257,0,0,0,1,10,110200,2800,0
"Ethereal Sash Cache",5192,0,91916,257,0,0,0,1,10,110200,2800,0
"Magi of the Wastes",5193,400,0,0,339,14350,5177,1,10,110200,10,0
"Scout of the Wastes",5194,3592,0,0,339,14350,5175,1,10,110200,10,0
"Skirmisher of the Wastes",5195,4164,0,0,339,14350,5174,1,10,110200,10,0
"Brute of the Wastes",5196,35,0,0,339,14350,5176,1,10,110200,10,0
"Hollow Sentinel's Wingdrapes",5198,0,91939,323,0,0,0,1,10,110200,10,0
"Vicious Charhound's Felcovers",5199,0,91941,323,0,0,0,1,10,110200,10,0
"Plumes of the Mother Eagle",5200,0,91940,323,0,0,0,1,10,110200,10,0
"Spellweaver's Immaculate Runecloaks",5201,0,91942,323,0,0,0,1,10,110200,10,0
"Midnight Herald's Shrouds",5202,0,91943,323,0,0,0,1,10,110200,10,0
"Augur's Ephemeral Brilliance",5203,0,91944,323,0,0,0,1,10,110200,10,0
"Breeze of Fallen Storms",5204,0,91945,323,0,0,0,1,10,110200,10,0
"Gilded Cloaks of the Lucent Battalion",5205,0,91946,323,0,0,0,1,10,110200,10,0
"Memories of a Dying Star",5206,0,91947,323,0,0,0,1,10,110200,10,0
"Capes of the Sudden Eclipse",5207,0,91948,323,0,0,0,1,10,110200,10,0
"Inquisitor's All-Seeing Madness",5208,0,91950,323,0,0,0,1,10,110200,10,0
"Living Weapon's Capes",5209,0,91951,323,0,0,0,1,10,110200,10,0
"Shawls of Channeled Fury",5210,0,91951,323,0,0,0,1,10,110200,10,0
"Well-Worn Twilight Cultist's Attire",5211,0,92019,259,0,13989,0,1,11,120000,600,0
"The Noble's Winter Collection",5238,0,92095,258,342,13967,0,1,10,110205,4000,0
"The Seafarer's Winter Collection",5239,0,92096,258,342,14145,5238,1,10,110205,4000,0
"The Drustvar Winter Collection",5240,0,92097,258,342,13965,5238,1,10,110205,4000,0
"Void-Touched Winter Collection",5241,0,0,0,342,14015,5238,1,10,110205,4000,0
"Villager's Forest Attire",5242,0,92112,258,343,13968,0,1,10,110205,4000,0
"Villager's Seaside Attire",5243,0,92115,258,343,13967,5242,1,10,110205,4000,0
"Villager's Country Attire",5244,0,92116,258,343,14125,5242,1,10,110205,4000,0
"Villager's City Attire",5245,0,92117,258,343,13965,5242,1,10,110205,4000,0
"Shoulderguards of the Wastelander Seer",5246,0,92173,257,337,14349,0,1,10,110200,10,0
"Ancient Capes of the Reshii",5247,0,92175,257,337,14349,0,1,10,110200,10,0
"Villager's Forest Collection",5251,0,92367,258,343,13968,0,1,10,110205,4000,0
"Villager's Seaside Collection",5252,0,92368,258,343,13967,5251,1,10,110205,4000,0
"Villager's Country Collection",5253,0,92369,258,343,14125,5251,1,10,110205,4000,0
"Villager's City Collection",5254,0,92370,258,343,13965,5251,1,10,110205,4000,0
"Ensemble: Forged Warmonger's Cloth Armor",5255,400,0,273,0,0,0,1,10,110000,3500,0
"Ensemble: Forged Warmonger's Leather Armor",5256,3592,0,273,0,0,0,1,10,110000,3500,0
"Ensemble: Forged Warmonger's Mail Armor",5257,4164,0,273,0,0,0,1,10,110000,3500,0
"Ensemble: Forged Warmonger's Plate Armor",5258,35,0,273,0,0,0,1,10,110000,3500,0
"Forged Warmonger's Arsenal",5259,0,0,273,0,0,0,1,10,110000,3500,0
"Ensemble: Prized Warmonger's Cloth Armor",5260,400,0,273,0,0,0,1,10,110100,3500,0
"Ensemble: Prized Warmonger's Leather Armor",5261,3592,0,273,0,0,0,1,10,110100,3500,0
"Ensemble: Prized Warmonger's Mail Armor",5262,4164,0,273,0,0,0,1,10,110100,3500,0
"Ensemble: Prized Warmonger's Plate Armor",5263,35,0,273,0,0,0,1,10,110100,3500,0
"Prized Warmonger's Arsenal",5264,0,0,273,0,0,0,1,10,110100,3500,0
"Ensemble: Astral Warmonger's Cloth Armor",5265,400,0,273,0,0,0,1,10,110200,3500,0
"Ensemble: Astral Warmonger's Leather Armor",5266,3592,0,273,0,0,0,1,10,110200,3500,0
"Ensemble: Astral Warmonger's Mail Armor",5267,4164,0,273,0,0,0,1,10,110200,3500,0
"Ensemble: Astral Warmonger's Plate Armor",5268,35,0,273,0,0,0,1,10,110200,3500,0
"Astral Warmonger's Arsenal",5269,0,0,273,0,0,0,1,10,110200,3500,0
"Tidesoaked Champion's Battlegear",5270,35,92400,322,321,14015,4248,1,6,70000,1003,0
"Loa-Blessed Regalia",5271,0,0,1,344,13591,0,1,11,120000,10,0
"Felscorned Scythe of the Unmaker",5272,0,92586,323,0,0,0,1,6,70300,7000,0
"Bulwark of Mannoroth",5273,0,92587,323,0,0,0,1,6,70300,7000,0
"Bulwark of Mannoroth",5274,0,92587,323,0,0,0,1,6,70300,7000,0
"Fallen Kings Corrupted Blades",5275,0,92588,323,0,0,0,1,6,70300,7000,0
"Scythe of the Unmaker",5276,0,92599,323,0,0,0,1,6,70300,7000,0
"Scythe of the Unmaker",5277,0,92602,323,0,0,0,1,6,70300,7000,0
"Sargerei Commander's Felscorned Regalia",5278,0,0,322,321,13989,0,1,6,70300,7000,0
"Sargerei Commander's Lightbound Regalia",5279,0,0,322,321,14359,5278,1,6,70300,7000,0
"Sargerei Commander's Hellforged Regalia",5280,0,0,322,321,14095,5278,1,6,70300,7000,0
"Sargerei Commander's Voidscarred Regalia",5281,0,93154,322,321,14360,5278,1,6,70300,7000,0
"Moonpriest's Vestments",5282,400,0,276,168,2015,1796,1,7,80100,11101,0
"Darkwood Sentinel's Guise",5283,3592,0,276,168,2015,1789,1,7,80100,11101,0
"Kaldorei Archer's Chainmail",5284,4164,0,276,168,2015,1782,1,7,80100,11101,0
"Wardenguard's Battleplate",5285,35,0,276,168,2015,1775,1,7,80100,11101,0
"Kaldorei Queen's Royal Vestments",5286,0,0,322,321,13590,0,1,6,70300,7000,0
"Plaguebringer's Raiment",5287,400,0,280,168,2015,1766,1,7,80100,11101,0
"Deathstalker's Guise",5288,3592,0,280,168,2015,1759,1,7,80100,11101,0
"Blightguard's Chains",5289,4164,0,280,168,2015,1752,1,7,80100,11101,0
"Deathguard's Battleplate",5290,35,0,280,168,2015,1745,1,7,80100,11101,0
"Tideskorn Hunter's Munitions",5291,0,92613,451,0,0,0,1,6,0,1640,0
"Windrunner Quivers",5292,4,92614,451,0,0,0,1,6,0,1641,0
"Arms of the Felforged Knight",5293,0,92615,451,0,0,0,1,6,0,1641,0
"Mantles of the Nightwell",5294,0,92619,451,0,0,0,1,6,0,1641,0
"Mo'arg Swords",5295,0,92655,451,0,0,0,1,6,0,1641,0
"Bone Scythes",5296,0,92656,451,0,0,0,1,6,0,1641,0
"Immortal Maces",5297,0,92663,451,0,0,0,1,6,0,1641,0
"Mo'arg Hornmaces",5298,0,92664,451,0,0,0,1,6,0,1641,0
"Gems of the Lightforged Draenei",5299,0,92665,451,0,0,0,1,6,0,1641,0
"World-Defiler's Battle Armor",5300,35,92680,448,355,0,0,1,6,70300,130,0
"Zealous Felslingers Battle Armor",5301,400,92681,448,355,0,0,1,6,70300,130,0
"Eredath Lightseeker's Regalia",5302,35,92861,450,356,0,0,1,6,70300,130,0
"Forgotten Conservatory Clothes",5303,0,92862,448,356,0,0,1,6,70300,130,0
"Triumvirate High Guard's Battlegear",5304,35,92863,450,356,0,0,1,6,70300,130,0
Taeshalach,5305,0,92886,323,0,0,0,1,6,70300,7000,0
"Odyn's Spears",5306,0,92889,451,0,0,0,1,6,0,1641,0
"Loyal Watchman's Garb",5307,0,0,2,351,14173,2669,1,10,110205,10,0
"Bot Wrangler's Violet Apron",5308,0,0,131,0,0,0,1,10,0,10,0
"Classic Lively Tabard",5309,0,0,131,0,0,0,1,10,0,10,0
"Tropical Sunrise Mrgl Floater",5310,0,0,131,0,0,0,1,10,0,10,0
"Bot Wrangler's Crimson Apron",5311,0,0,131,0,0,0,1,10,0,10,0
"Crown of the Violet Rose",5312,0,0,131,0,0,0,1,10,0,10,0
"Treasure Nabbin' Bag",5313,0,0,131,0,0,0,1,10,0,10,0
"Wirt's Haunted Leg",5314,0,0,131,0,0,0,1,10,0,10,0
"Tabard of Frost",5315,0,0,131,0,0,0,1,10,0,10,0
"Classic Sunny Tabard",5316,0,0,131,0,0,0,1,10,0,10,0
"Classic Brick Tabard",5317,0,0,131,0,0,0,1,10,0,10,0
"Wirt's Fightin' Leg",5318,0,0,131,0,0,0,1,10,0,10,0
"War Mantle of the Horde",5319,0,0,131,0,0,0,1,10,0,10,0
"Wirt's Last Leg",5320,0,0,131,0,0,0,1,10,0,10,0
"Gossamer Magenta Gown",5321,0,0,131,0,0,0,1,10,0,10,0
"War Mantle of the Alliance",5322,0,0,131,0,0,0,1,10,0,10,0
"Drape of Foreboding Mists",5323,0,0,131,0,0,0,1,10,0,10,0
"Tabard of Fury",5324,0,0,131,0,0,0,1,10,0,10,0
"Jewel of the Firelord",5325,0,0,131,0,0,0,1,10,0,10,0
"Enmity Cloak",5326,0,0,131,0,0,0,1,10,0,10,0
"Bot Wrangler's Belt",5327,0,0,131,0,0,0,1,10,0,10,0
"Adorned Half Shell",5328,0,0,131,0,0,0,1,10,0,10,0
"Livestock Lochaber Axe",5329,0,0,131,0,0,0,1,10,0,10,0
"Classic Crimson Tabard",5330,0,0,131,0,0,0,1,10,0,10,0
"The Coward's Azure Target",5331,0,0,131,0,0,0,1,10,0,10,0
"Halfhill Farmer's Backpack",5332,0,0,131,0,0,0,1,10,0,10,0
"Chen Stormstout's Keg",5333,0,0,131,0,0,0,1,10,0,10,0
"Enmity Hood",5334,0,0,131,0,0,0,1,10,0,10,0
"Scorching Conqueror",5335,0,93198,258,0,13965,0,1,10,110207,10,0
"Haranir Militia Wear",5336,24575,0,2,354,13989,0,1,11,120000,1000,154267
"Sorcerer's Midnight Garb",5337,0,93321,67,0,0,0,1,10,110207,10,0
"Sorcerer's Azure Garb",5338,0,93322,67,0,0,0,1,10,110207,10,0
"Sorcerer's Sepia Garb",5339,0,93323,67,0,0,0,1,10,110207,10,0
"Sorcerer's Grassy Garb",5340,0,93324,67,0,0,0,1,10,110207,10,0
"Sorcerer's Cloudy Garb",5341,0,93325,67,0,0,0,1,10,110207,10,0
"Sorcerer's Deep Garb",5342,0,93326,67,0,0,0,1,10,110207,10,0
"Sorcerer's Camo Garb",5343,0,93327,67,0,0,0,1,10,110207,10,0
"Sorcerer's Brick Garb",5344,0,93328,67,0,0,0,1,10,110207,10,0
"Sorcerer's Lively Garb",5345,0,93329,67,0,0,0,1,10,110207,10,0
"Sorcerer's Faded Garb",5346,0,93330,67,0,0,0,1,10,110207,10,0
"Sorcerer's Carrot Garb",5347,0,93331,67,0,0,0,1,10,110207,10,0
"Sorcerer's Rosy Garb",5348,0,93332,67,0,0,0,1,10,110207,10,0
"Sorcerer's Plum Garb",5349,0,93333,67,0,0,0,1,10,110207,10,0
"Hara'ti Rootdancer's Garb",5350,400,93363,256,353,13591,5626,1,11,120000,2000,0
"Hara'ti Rootwarden's Wear",5351,3592,93364,256,353,13591,5627,1,11,120000,2000,0
"Hara'ti Scout's Outfit",5352,4164,93366,256,353,13591,5628,1,11,120000,2000,0
"Hara'ti Guardian's Armor",5353,35,93367,256,353,13591,5629,1,11,120000,2000,0
"Sorcerer's Crimson Garb",5354,0,93334,67,0,0,0,1,10,110207,10,0
"Sorcerer's Violet Garb",5355,0,93335,67,0,0,0,1,10,110207,10,0
"Sorcerer's Aquatic Garb",5356,0,93336,67,0,0,0,1,10,110207,10,0
"Sorcerer's Snowy Garb",5357,0,93337,67,0,0,0,1,10,110207,10,0
"Sorcerer's Sunny Garb",5358,0,93338,67,0,0,0,1,10,110207,10,0
"Skilled Preyseeker's Attire",5359,0,0,1,352,14362,0,1,11,120000,4000,0
"Famed Preyseeker's Attire",5360,0,0,1,352,14362,5359,1,11,120000,4000,0
"Vaunted Preyhunter's Attire",5361,0,0,259,402,14362,0,1,11,120100,4000,0
"Corrupted Regalia of the Crusader",5362,0,93398,258,357,13968,0,1,10,110207,10,0
"Twilight Regalia of the Crusader",5363,0,93402,258,357,14015,5362,1,10,110207,10,0
"Vengeful Regalia of the Crusader",5364,0,93403,258,357,13965,5362,1,10,110207,10,0
"Pious Regalia of the Crusader",5365,0,93405,258,357,14120,5362,1,10,110207,10,0
Tushui,5366,0,0,4,0,13967,5368,1,10,110207,10,147474
"Wandering Isle",5368,0,0,0,0,13193,0,1,10,110207,10,147474
"Elaborate Charcoal Mageweave",5369,0,93445,258,359,13966,0,1,11,120000,10,0
"Elaborate Lavender Mageweave",5370,0,93446,258,359,14015,5369,1,11,120000,10,0
"Elaborate Ruby Mageweave",5371,0,93447,258,359,13965,5369,1,11,120000,10,0
"Elaborate Golden Mageweave",5372,0,93448,258,359,14122,5369,1,11,120000,10,0
"Ascension Arrestor's Regalia",5373,400,0,0,360,14365,3892,1,11,120000,1000,0
"Ascension Arrestor's Garb",5374,3592,0,0,360,14365,3891,1,11,120000,1000,0
"Ascension Arrestor's Wear",5375,4164,0,0,360,14365,3890,1,11,120000,1000,0
"Ascension Arrestor's Armor",5376,35,0,0,360,14365,3889,1,11,120000,1000,0
"South Guard's Silver Raiment",5377,0,93468,258,361,14131,0,1,10,110207,10,0
"South Guard's Golden Raiment",5378,0,93469,258,361,14130,5377,1,10,110207,10,0
"South Guard's Copper Raiment",5379,0,93477,258,361,14162,5377,1,10,110207,10,0
"South Guard's Iron Raiment",5380,0,93492,258,361,13966,5377,1,10,110207,10,0
"Heritage of Harandar",5381,0,94464,258,362,14402,0,1,11,120000,10,154267
"Heritage of Harandar",5382,0,94464,258,362,14403,5381,1,11,120000,10,154267
"Bloodknight's Elegant Regalia",5383,0,0,0,363,13966,5384,1,11,0,10,0
"Haven's Elegant Regalia",5384,0,0,0,363,13965,0,1,11,0,10,0
"Arms of the Hara'ti",5385,0,93518,257,364,13591,0,1,11,120000,2000,0
"Magister's Elegant Regalia",5386,0,0,0,363,13967,5384,1,11,0,10,0
"Pilfered Elegant Regalia",5387,0,0,0,363,14120,5384,1,11,0,10,0
"Farstrider's Elegant Regalia",5388,0,0,0,363,13968,5384,1,11,0,10,0
"Pilfered Dignitary's Trappings",5389,0,0,0,365,14120,5392,1,11,0,10,0
"Farstrider Dignitary's Trappings",5390,0,0,0,365,13968,5392,1,11,0,10,0
"Magister Dignitary's Trappings",5391,0,0,0,365,13967,5392,1,11,0,10,0
"Haven Dignitary's Trappings",5392,0,0,0,365,13965,0,1,11,0,10,0
"Bloodknight Dignitary's Trappings",5393,0,0,0,365,13966,5392,1,11,0,10,0
"Pilfered Socialite's Attire",5394,0,0,0,366,14120,5398,1,11,0,10,0
"Bloodknight Socialite's Attire",5395,0,0,0,366,13966,5398,1,11,0,10,0
"Magister Socialite's Attire",5396,0,0,0,366,13967,5398,1,11,0,10,0
"Farstrider Socialite's Attire",5397,0,0,0,366,13968,5398,1,11,0,10,0
"Haven Socialite's Attire",5398,0,0,0,366,13965,0,1,11,0,10,0
"Galactic Gladiator's Tabard",5399,0,0,19,0,0,0,1,11,120000,10,0
"Galactic Gladiator's Prestigious Cloak",5400,0,0,19,0,0,0,1,11,120000,1550,0
"Earthwarden's Battlegear",5401,0,93741,320,367,13966,0,1,9,100100,10,0
"Lost Plunder Key",5402,0,93748,321,0,0,0,1,9,100000,10,0
"Found Plunder Key",5403,0,93749,321,0,0,0,1,11,120007,10,0
"Druid of the Shadowflame",5404,0,93750,320,368,13965,0,1,9,100200,10,0
"Pink Candlelight Kobold Romper",5405,0,93760,258,369,14151,0,1,11,120000,1000,0
"Blue Candlelight Kobold Romper",5406,0,93761,258,369,13967,5405,1,11,120000,1000,0
"Brown Candlelight Kobold Romper",5407,0,93762,258,369,14125,5405,1,11,120000,1000,0
"Tan Candlelight Kobold Romper",5408,0,93763,258,369,14410,5405,1,11,120000,1000,0
"Pristine Draconic Scholar's Finery",5409,0,93768,320,0,0,0,1,9,100000,10,0
"Ensemble: Winter's Dreaming Garb",5410,0,93770,320,0,0,0,1,9,0,10,0
"Razorscale Pauldrons",5411,0,93772,321,0,0,0,1,11,120007,10,0
"Dragonstone Shoulderguards",5416,0,93781,321,0,0,0,1,11,120007,10,0
"Relentless Rider's Lament",5417,32,0,512,372,1641,5418,1,11,120000,7000,0
"Relentless Rider's Lament",5418,32,0,512,372,13193,0,1,11,120000,7001,0
"Relentless Rider's Lament",5419,32,0,512,372,2015,5418,1,11,120000,7002,0
"Relentless Rider's Lament",5420,32,0,0,372,13145,5418,1,11,120000,7003,0
"Devouring Reaver's Sheathe",5421,2048,0,512,372,1641,5422,1,11,120000,7000,0
"Devouring Reaver's Sheathe",5422,2048,0,512,372,13193,0,1,11,120000,7001,0
"Devouring Reaver's Sheathe",5423,2048,0,512,372,2015,5422,1,11,120000,7002,0
"Devouring Reaver's Sheathe",5424,2048,0,0,372,13145,5422,1,11,120000,7003,0
"Sprouts of the Luminous Bloom",5425,1024,0,512,372,1641,5426,1,11,120000,7000,0
"Sprouts of the Luminous Bloom",5426,1024,0,512,372,13193,0,1,11,120000,7001,0
"Sprouts of the Luminous Bloom",5427,1024,0,512,372,2015,5426,1,11,120000,7002,0
"Sprouts of the Luminous Bloom",5428,1024,0,0,372,13145,5426,1,11,120000,7003,0
"Livery of the Black Talon",5429,4096,0,512,372,1641,5430,1,11,120000,7000,0
"Livery of the Black Talon",5430,4096,0,512,372,13193,0,1,11,120000,7001,0
"Livery of the Black Talon",5431,4096,0,512,372,2015,5430,1,11,120000,7002,0
"Livery of the Black Talon",5432,4096,0,0,372,13145,5430,1,11,120000,7003,0
"Primal Sentry's Camouflage",5433,4,0,512,372,1641,5434,1,11,120000,7000,0
"Primal Sentry's Camouflage",5434,4,0,512,372,13193,0,1,11,120000,7001,0
"Primal Sentry's Camouflage",5435,4,0,512,372,2015,5434,1,11,120000,7002,0
"Primal Sentry's Camouflage",5436,4,0,0,372,13145,5434,1,11,120000,7003,0
"Voidbreaker's Accordance",5437,128,0,512,372,1641,5438,1,11,120000,7000,0
"Voidbreaker's Accordance",5438,128,0,512,372,13193,0,1,11,120000,7001,0
"Voidbreaker's Accordance",5439,128,0,512,372,2015,5438,1,11,120000,7002,0
"Voidbreaker's Accordance",5440,128,0,0,372,13145,5438,1,11,120000,7003,0
"Way of Ra-den's Chosen",5441,512,0,512,372,1641,5442,1,11,120000,7000,0
"Way of Ra-den's Chosen",5442,512,0,512,372,13193,0,1,11,120000,7001,0
"Way of Ra-den's Chosen",5443,512,0,512,372,2015,5442,1,11,120000,7002,0
"Way of Ra-den's Chosen",5444,512,0,0,372,13145,5442,1,11,120000,7003,0
"Luminant Verdict's Vestments",5445,2,0,512,372,1641,5446,1,11,120000,7000,0
"Luminant Verdict's Vestments",5446,2,0,512,372,13193,0,1,11,120000,7001,0
"Luminant Verdict's Vestments",5447,2,0,512,372,2015,5446,1,11,120000,7002,0
"Luminant Verdict's Vestments",5448,2,0,0,372,13145,5446,1,11,120000,7003,0
"Blind Oath's Burden",5449,16,0,512,372,1641,5450,1,11,120000,7000,0
"Blind Oath's Burden",5450,16,0,512,372,13193,0,1,11,120000,7001,0
"Blind Oath's Burden",5451,16,0,512,372,2015,5450,1,11,120000,7002,0
"Blind Oath's Burden",5452,16,0,0,372,13145,5450,1,11,120000,7003,0
"Motley of the Grim Jest",5453,8,0,512,372,1641,5454,1,11,120000,7000,0
"Motley of the Grim Jest",5454,8,0,512,372,13193,0,1,11,120000,7001,0
"Motley of the Grim Jest",5455,8,0,512,372,2015,5454,1,11,120000,7002,0
"Motley of the Grim Jest",5456,8,0,0,372,13145,5454,1,11,120000,7003,0
"Mantle of the Primal Core",5457,64,0,512,372,1641,5458,1,11,120000,7000,0
"Mantle of the Primal Core",5458,64,0,512,372,13193,0,1,11,120000,7001,0
"Mantle of the Primal Core",5459,64,0,512,372,2015,5458,1,11,120000,7002,0
"Mantle of the Primal Core",5460,64,0,0,372,13145,5458,1,11,120000,7003,0
"Reign of the Abyssal Immolator",5461,256,0,512,372,1641,5462,1,11,120000,7000,0
"Reign of the Abyssal Immolator",5462,256,0,512,372,13193,0,1,11,120000,7001,0
"Reign of the Abyssal Immolator",5463,256,0,512,372,2015,5462,1,11,120000,7002,0
"Reign of the Abyssal Immolator",5464,256,0,0,372,13145,5462,1,11,120000,7003,0
"Rage of the Night Ender",5465,1,0,512,372,1641,5466,1,11,120000,7000,0
"Rage of the Night Ender",5466,1,0,512,372,13193,0,1,11,120000,7001,0
"Rage of the Night Ender",5467,1,0,512,372,2015,5466,1,11,120000,7002,0
"Rage of the Night Ender",5468,1,0,0,372,13145,5466,1,11,120000,7003,0
"Galactic Aspirant's Silk Armor",5469,400,0,272,371,13303,5350,1,11,120000,5450,0
"Galactic Aspirant's Leather Armor",5470,3592,0,272,371,13303,5351,1,11,120000,5450,0
"Galactic Aspirant's Chain Armor",5471,4164,0,272,371,13303,5352,1,11,120000,5450,0
"Galactic Aspirant's Plate Armor",5472,35,0,272,371,13303,5353,1,11,120000,5450,0
"Arsenal: Galactic Aspirant's Weapons",5473,0,0,273,0,0,0,1,11,120000,5450,0
"Galactic Warmonger's Silk Armor",5474,400,0,272,377,13980,0,1,11,120000,5450,0
"Galactic Warmonger's Leather Armor",5475,3592,0,272,377,13980,0,1,11,120000,5450,0
"Galactic Warmonger's Chain Armor",5476,4164,0,272,377,13980,0,1,11,120000,5450,0
"Galactic Warmonger's Plate Armor",5477,35,0,272,377,13980,0,1,11,120000,5450,0
"Arsenal: Galactic Warmonger's Weapons",5478,0,0,273,0,0,0,1,11,120000,3500,0
"Galactic Gladiator's Silk Armor",5481,128,0,19,0,0,0,1,11,120000,3820,0
"Galactic Gladiator's Silk Armor",5482,128,0,19,0,0,0,1,11,120000,3820,0
"Galactic Gladiator's Silk Armor",5483,128,0,19,0,0,0,1,11,120000,3820,0
"Galactic Gladiator's Silk Armor",5484,128,0,19,0,0,0,1,11,120000,3820,0
"Galactic Gladiator's Silk Armor",5485,128,0,19,0,0,0,1,11,120000,3820,0
"Galactic Gladiator's Silk Armor",5486,16,0,19,0,0,0,1,11,120000,3820,0
"Galactic Gladiator's Silk Armor",5487,16,0,19,0,0,0,1,11,120000,3820,0
"Galactic Gladiator's Silk Armor",5488,16,0,19,0,0,0,1,11,120000,3820,0
"Galactic Gladiator's Silk Armor",5489,16,0,19,0,0,0,1,11,120000,3820,0
"Galactic Gladiator's Silk Armor",5490,16,0,19,0,0,0,1,11,120000,3820,0
"Galactic Gladiator's Silk Armor",5491,256,0,19,0,0,0,1,11,120000,3820,0
"Galactic Gladiator's Silk Armor",5492,256,0,19,0,0,0,1,11,120000,3820,0
"Galactic Gladiator's Silk Armor",5493,256,0,19,0,0,0,1,11,120000,3820,0
"Galactic Gladiator's Silk Armor",5494,256,0,19,0,0,0,1,11,120000,3820,0
"Galactic Gladiator's Silk Armor",5495,256,0,19,0,0,0,1,11,120000,3820,0
"Galactic Gladiator's Leather Armor",5496,1024,0,19,0,0,0,1,11,120000,3820,0
"Galactic Gladiator's Leather Armor",5497,1024,0,19,0,0,0,1,11,120000,3820,0
"Galactic Gladiator's Leather Armor",5498,1024,0,19,0,0,0,1,11,120000,3820,0
"Galactic Gladiator's Leather Armor",5499,1024,0,19,0,0,0,1,11,120000,3820,0
"Galactic Gladiator's Leather Armor",5500,1024,0,19,0,0,0,1,11,120000,3820,0
"Galactic Gladiator's Leather Armor",5501,2048,0,19,0,0,0,1,11,120000,3820,0
"Galactic Gladiator's Leather Armor",5502,2048,0,19,0,0,0,1,11,120000,3820,0
"Galactic Gladiator's Leather Armor",5503,2048,0,19,0,0,0,1,11,120000,3820,0
"Galactic Gladiator's Leather Armor",5504,2048,0,19,0,0,0,1,11,120000,3820,0
"Galactic Gladiator's Leather Armor",5505,2048,0,19,0,0,0,1,11,120000,3820,0
"Galactic Gladiator's Leather Armor",5506,512,0,19,0,0,0,1,11,120000,3820,0
"Galactic Gladiator's Leather Armor",5507,512,0,19,0,0,0,1,11,120000,3820,0
"Galactic Gladiator's Leather Armor",5508,512,0,19,0,0,0,1,11,120000,3820,0
"Galactic Gladiator's Leather Armor",5509,512,0,19,0,0,0,1,11,120000,3820,0
"Galactic Gladiator's Leather Armor",5510,512,0,19,0,0,0,1,11,120000,3820,0
"Galactic Gladiator's Leather Armor",5511,8,0,19,0,0,0,1,11,120000,3820,0
"Galactic Gladiator's Leather Armor",5512,8,0,19,0,0,0,1,11,120000,3820,0
"Galactic Gladiator's Leather Armor",5513,8,0,19,0,0,0,1,11,120000,3820,0
"Galactic Gladiator's Leather Armor",5514,8,0,19,0,0,0,1,11,120000,3820,0
"Galactic Gladiator's Leather Armor",5515,8,0,19,0,0,0,1,11,120000,3820,0
"Galactic Gladiator's Chain Armor",5516,4096,0,19,0,0,0,1,11,120000,3820,0
"Galactic Gladiator's Chain Armor",5517,4096,0,19,0,0,0,1,11,120000,3820,0
"Galactic Gladiator's Chain Armor",5518,4096,0,19,0,0,0,1,11,120000,3820,0
"Galactic Gladiator's Chain Armor",5519,4096,0,19,0,0,0,1,11,120000,3820,0
"Galactic Gladiator's Chain Armor",5520,4096,0,19,0,0,0,1,11,120000,3820,0
"Galactic Gladiator's Chain Armor",5521,4,0,19,0,0,0,1,11,120000,3820,0
"Galactic Gladiator's Chain Armor",5522,4,0,19,0,0,0,1,11,120000,3820,0
"Galactic Gladiator's Chain Armor",5523,4,0,19,0,0,0,1,11,120000,3820,0
"Galactic Gladiator's Chain Armor",5524,4,0,19,0,0,0,1,11,120000,3820,0
"Galactic Gladiator's Chain Armor",5525,4,0,19,0,0,0,1,11,120000,3820,0
"Galactic Gladiator's Chain Armor",5526,64,0,19,0,0,0,1,11,120000,3820,0
"Galactic Gladiator's Chain Armor",5527,64,0,19,0,0,0,1,11,120000,3820,0
"Galactic Gladiator's Chain Armor",5528,64,0,19,0,0,0,1,11,120000,3820,0
"Galactic Gladiator's Chain Armor",5529,64,0,19,0,0,0,1,11,120000,3820,0
"Galactic Gladiator's Chain Armor",5530,64,0,19,0,0,0,1,11,120000,3820,0
"Galactic Gladiator's Plate Armor",5531,32,0,19,0,0,0,1,11,120000,3820,0
"Galactic Gladiator's Plate Armor",5532,32,0,19,0,0,0,1,11,120000,3820,0
"Galactic Gladiator's Plate Armor",5533,32,0,19,0,0,0,1,11,120000,3820,0
"Galactic Gladiator's Plate Armor",5534,32,0,19,0,0,0,1,11,120000,3820,0
"Galactic Gladiator's Plate Armor",5535,32,0,19,0,0,0,1,11,120000,3820,0
"Galactic Gladiator's Plate Armor",5536,2,0,19,0,0,0,1,11,120000,3820,0
"Galactic Gladiator's Plate Armor",5537,2,0,19,0,0,0,1,11,120000,3820,0
"Galactic Gladiator's Plate Armor",5538,2,0,19,0,0,0,1,11,120000,3820,0
"Galactic Gladiator's Plate Armor",5539,2,0,19,0,0,0,1,11,120000,3820,0
"Galactic Gladiator's Plate Armor",5540,2,0,19,0,0,0,1,11,120000,3820,0
"Galactic Gladiator's Plate Armor",5541,1,0,19,0,0,0,1,11,120000,3820,0
"Galactic Gladiator's Plate Armor",5542,1,0,19,0,0,0,1,11,120000,3820,0
"Galactic Gladiator's Plate Armor",5543,1,0,19,0,0,0,1,11,120000,3820,0
"Galactic Gladiator's Plate Armor",5544,1,0,19,0,0,0,1,11,120000,3820,0
"Galactic Gladiator's Plate Armor",5545,1,0,19,0,0,0,1,11,120000,3820,0
"Sprawling Garb",5546,400,93957,256,373,14174,5626,1,11,120000,2000,0
"Osseoclad's Wear",5547,3592,93959,256,373,14174,5627,1,11,120000,2000,0
"Elder Moss Outfit",5548,4164,93960,256,373,14174,5628,1,11,120000,2000,0
"Rampant Thorn Armor",5549,35,93961,256,373,14174,5629,1,11,120000,2000,0
"Harandar Weaponry",5550,0,93962,257,373,14174,0,1,11,120000,2000,0
"Void Rider's Armor",5551,32767,0,0,274,14369,3864,1,11,120005,10,0
"Voidrage Armor",5552,32767,0,0,274,14369,3870,1,11,120005,10,0
"Voidstalker's Armor",5553,32767,0,0,274,14369,3869,1,11,120005,10,0
"Battlegear of the Void Acolyte",5554,32767,0,0,274,14369,3861,1,11,120005,10,0
"Battlegear of Voidrath",5555,32767,0,0,274,14369,3872,1,11,120005,10,0
"Vestments of Voidcendence",5556,32767,0,0,274,14369,3865,1,11,120005,10,0
"Courtier's Crimson Vestments",5557,0,0,0,376,13965,0,1,11,0,0,0
"Courtier's Viridian Vestments",5558,0,0,0,376,13968,5557,1,11,0,130,0
"Courtier's Azure Vestments",5559,0,0,0,376,13967,5557,1,11,0,130,0
"Courtier's Umbral Vestments",5560,0,0,0,376,13966,5557,1,11,0,130,0
"Courtier's Lucent Vestments",5561,0,0,0,376,14120,5557,1,11,0,130,0
"Augur's Viridian Garments",5567,0,0,0,374,13968,5570,1,11,0,130,0
"Augur's Lucent Garments",5568,0,0,0,374,14120,5570,1,11,0,130,0
"Augur's Azure Garments",5569,0,0,0,374,13967,5570,1,11,0,130,0
"Augur's Crimson Garments",5570,0,0,0,374,13965,0,1,11,0,0,0
"Augur's Umbral Garments",5571,0,0,0,374,13966,5570,1,11,0,130,0
"Galactic Gladiator's Plate Armor",5572,32,0,272,371,13301,0,1,11,120000,6000,0
"Galactic Gladiator's Leather Armor",5573,2048,0,272,371,13301,0,1,11,120000,6000,0
"Galactic Gladiator's Leather Armor",5574,1024,0,272,371,13301,0,1,11,120000,6000,0
"Galactic Gladiator's Chain Armor",5575,4096,0,272,371,13301,0,1,11,120000,6000,0
"Galactic Gladiator's Chain Armor",5576,4,0,272,371,13301,0,1,11,120000,6000,0
"Galactic Gladiator's Silk Armor",5577,128,0,272,371,13301,0,1,11,120000,6000,0
"Galactic Gladiator's Leather Armor",5578,512,0,272,371,13301,0,1,11,120000,6000,0
"Galactic Gladiator's Plate Armor",5579,2,0,272,371,13301,0,1,11,120000,6000,0
"Galactic Gladiator's Silk Armor",5580,16,0,272,371,13301,0,1,11,120000,6000,0
"Galactic Gladiator's Leather Armor",5581,8,0,272,371,13301,0,1,11,120000,6000,0
"Galactic Gladiator's Chain Armor",5582,64,0,272,371,13301,0,1,11,120000,6000,0
"Galactic Gladiator's Silk Armor",5583,256,0,272,371,13301,0,1,11,120000,6000,0
"Galactic Gladiator's Plate Armor",5584,1,0,272,371,13301,0,1,11,120000,6000,0
"Galactic Gladiator's Plate Armor",5585,32,0,274,371,3859,5572,1,11,120000,6001,0
"Galactic Gladiator's Leather Armor",5586,2048,0,274,371,3859,5573,1,11,120000,6001,0
"Galactic Gladiator's Leather Armor",5587,1024,0,274,371,3859,5574,1,11,120000,6001,0
"Galactic Gladiator's Chain Armor",5588,4096,0,274,371,3859,5575,1,11,120000,6001,0
"Galactic Gladiator's Chain Armor",5589,4,0,274,371,3859,5576,1,11,120000,6001,0
"Galactic Gladiator's Silk Armor",5590,128,0,274,371,3859,5577,1,11,120000,6001,0
"Galactic Gladiator's Leather Armor",5591,512,0,274,371,3859,5578,1,11,120000,6001,0
"Galactic Gladiator's Plate Armor",5592,2,0,274,371,3859,5579,1,11,120000,6001,0
"Galactic Gladiator's Silk Armor",5593,16,0,274,371,3859,5580,1,11,120000,6001,0
"Galactic Gladiator's Leather Armor",5594,8,0,274,371,3859,5581,1,11,120000,6001,0
"Galactic Gladiator's Chain Armor",5595,64,0,274,371,3859,5582,1,11,120000,6001,0
"Galactic Gladiator's Silk Armor",5596,256,0,274,371,3859,5583,1,11,120000,6001,0
"Galactic Gladiator's Plate Armor",5597,1,0,274,371,3859,5584,1,11,120000,6001,0
"Arsenal: Galactic Gladiator's Weapons",5598,0,0,275,0,0,0,1,11,120000,5840,0
"Arsenal: Elite Galactic Gladiator's Weapons",5599,0,0,275,0,0,0,1,11,120000,10,0
"Heirlooms of Atal'Aman",5600,0,94362,257,0,14152,0,1,11,120000,10,0
"[DNT] 12.0 Mythic VFX Unlock - All Items",5601,0,94482,259,0,0,0,1,11,120000,5710,0
"Heirlooms of Atal'Aman: Quiver",5602,0,0,257,0,14152,5600,1,11,120000,10,0
"[PH] Arsenal: Twilight Blade - Purple",5606,0,94570,259,0,14018,0,1,11,120000,10,0
"Silvermoon Court Apparel",5608,0,0,1,378,13591,0,1,11,120000,10,0
"Thalassian Cloth Armor",5610,400,0,0,380,13989,5630,1,11,120000,3,0
"Thalassian Leather Armor",5611,3592,0,0,380,13989,5634,1,11,120000,3,0
"Thalassian Mail Armor",5612,4164,0,0,380,13989,5638,1,11,120000,3,0
"Thalassian Plate Armor",5613,35,0,0,380,13989,5642,1,11,120000,3,0
"Voidbreaker's Threads",5614,400,0,0,381,13590,0,1,11,120000,2000,0
"Voidbreaker's Leathers",5615,3592,0,0,381,13590,0,1,11,120000,2000,0
"Voidbreaker's Chainmail",5616,4164,0,0,381,13590,0,1,11,120000,2000,0
"Voidbreaker's Bastion",5617,35,0,0,381,13590,0,1,11,120000,2000,0
"Preyseeker's Refined Armor",5618,400,0,0,379,14362,5614,1,11,120000,3000,0
"Preyseeker's Sleek Armor",5619,3592,0,0,379,14362,5615,1,11,120000,3000,0
"Preyseeker's Rugged Armor",5620,4164,0,0,379,14362,5616,1,11,120000,3000,0
"Preyseeker's Polished Armor",5621,35,0,0,379,14362,5617,1,11,120000,3000,0
"Deepvine Weavings",5622,400,0,0,382,14405,5626,1,11,120000,2000,0
"Verdant Tracker Wrappings",5623,3592,0,0,382,14405,5627,1,11,120000,2000,0
"Rootspeaker's Embrace",5624,4164,0,0,382,14405,5628,1,11,120000,2000,0
"Steelbark Carapace",5625,35,0,0,382,14405,5629,1,11,120000,2000,0
"Valeguard Vestments",5626,400,0,0,383,13988,0,1,11,120000,3000,0
"Grotto Garb",5627,3592,0,0,383,13988,0,1,11,120000,3000,0
"Rootward Regalia",5628,4164,0,0,383,13988,0,1,11,120000,3000,0
"Blossoming Battleplate",5629,35,0,0,383,13988,0,1,11,120000,3000,0
"Thalassian Cloth Armor",5630,400,0,0,380,14407,0,1,11,120000,1,0
"Thalassian Cloth Armor",5631,400,0,0,380,14214,5630,1,11,120000,5,0
"Thalassian Cloth Armor",5632,400,0,0,380,14406,5630,1,11,120000,4,0
"Thalassian Cloth Armor",5633,400,0,0,380,13992,5630,1,11,120000,2,0
"Thalassian Leather Armor",5634,3592,0,0,380,14407,0,1,11,120000,1,0
"Thalassian Leather Armor",5635,3592,0,0,380,14214,5634,1,11,120000,5,0
"Thalassian Leather Armor",5636,3592,0,0,380,14406,5634,1,11,120000,4,0
"Thalassian Leather Armor",5637,3592,0,0,380,13992,5634,1,11,120000,2,0
"Thalassian Mail Armor",5638,4164,0,0,380,14407,0,1,11,120000,1,0
"Thalassian Mail Armor",5639,4164,0,0,380,14214,5638,1,11,120000,5,0
"Thalassian Mail Armor",5640,4164,0,0,380,14406,5638,1,11,120000,4,0
"Thalassian Mail Armor",5641,4164,0,0,380,13992,5638,1,11,120000,2,0
"Thalassian Plate Armor",5642,35,0,0,380,14407,0,1,11,120000,1,0
"Thalassian Plate Armor",5643,35,0,0,380,14214,5642,1,11,120000,5,0
"Thalassian Plate Armor",5644,35,0,0,380,14406,5642,1,11,120000,4,0
"Thalassian Plate Armor",5645,35,0,0,380,13992,5642,1,11,120000,2,0
"Depthdiver Vestments",5646,0,94942,1,344,14015,0,1,11,120000,10,0
"Abundant Raiment",5647,0,0,1,344,14125,0,1,11,120000,10,0
"Garb of the Hara'ti Seer",5648,0,0,1,384,14122,5650,1,11,120000,1000,0
"Garb of the Hara'ti Sage",5649,0,0,1,384,13967,5650,1,11,120000,1000,0
"Garb of the Hara'ti Elder",5650,0,0,1,384,14097,0,1,11,120000,1000,0
"Silversun Compact Regalia",5651,0,95044,257,385,13590,0,1,11,120000,10,0
"Gilneas Loyalist Streetwear",5653,0,95149,258,386,14131,0,1,11,120005,10,0
"Emberstone Loyalist Streetware",5654,0,95150,258,386,13968,5653,1,11,120005,10,0
"Pyrewood Rebel Streetwear",5655,0,95151,258,386,14130,5653,1,11,120005,10,0
"Ambermill Rebel Streetware",5656,0,95152,258,386,14015,5653,1,11,120005,10,0
"Blue Sunwalker Guard",5657,0,95255,258,387,13967,0,1,11,120005,10,0
"Duskrunner's Painted Battle Garb",5658,0,95274,258,387,14123,5657,1,11,120005,10,0
"Sunbringer's Painted Battle Garb",5659,0,95280,258,387,14130,5657,1,11,120005,10,0
"Dawnchaser's Painted Battle Garb",5660,0,95282,258,387,14120,5657,1,11,120005,10,0
"Blue Sunwalker Totem",5661,0,95345,259,0,13967,0,1,11,120005,10,0
"Dark Sunwalker Totem",5662,0,95346,259,0,14123,0,1,11,120005,10,0
"Gold Sunwalker Totem",5663,0,95347,259,0,14130,0,1,11,120005,10,0
"White Sunwalker Totem",5664,0,95348,259,0,14120,0,1,11,120005,10,0
"Arsenal: Drakebreaker's Weapons",5665,0,0,273,0,0,0,1,9,100000,4150,0
"Arsenal: Hellbloom Weapons",5666,0,0,273,0,0,0,1,9,100200,4150,0
"Sire's Ornate Attire",5688,0,95681,258,0,13965,0,1,11,120005,10,0
"Sunlit Petalweave",5691,0,95831,258,391,14120,0,1,11,120007,10,0
"Scarlet Petalweave",5692,0,95832,258,391,13965,5691,1,11,120007,10,0
"Blush Petalweave",5693,0,95833,258,391,14151,5691,1,11,120007,10,0
"Azure Petalweave",5694,0,95834,258,391,13967,5691,1,11,120007,10,0
"Righteous Lawbringer",5695,0,95914,258,392,14120,0,1,11,120007,4000,0
"Bloodwatch Outlaw",5696,0,95915,258,392,13965,5695,1,11,120007,4000,0
"Duskwatch Outlaw",5697,0,95920,258,392,14015,5695,1,11,120007,4000,0
"Badlands Lawbringer",5698,0,95930,258,392,14097,5695,1,11,120007,4000,0
"Midnight Outlaw",5699,0,95932,258,392,13966,5695,1,11,120007,4000,0
"Slinger's Munitions",5706,0,96298,323,0,0,0,1,11,120007,1640,0
"Response Team's Plate Armor",5707,35,0,0,395,13966,5617,1,11,120000,3000,0
"Response Team's Mail Armor",5708,4164,0,0,395,13966,5616,1,11,120000,3000,0
"Response Team's Leather Armor",5709,3592,0,0,395,13966,5615,1,11,120000,3000,0
"Response Team's Cloth Armor",5710,400,0,0,395,13966,5614,1,11,120000,3000,0
"Venomous Gladiator's Prestigious Cloak",5711,0,0,19,0,0,0,1,11,120100,1550,0
"Sun Festival's Flame Totems",5712,0,96977,259,0,14097,0,1,11,120007,10,0
"Sun Festival's Painted Battle Garb",5713,0,97030,0,387,14097,5657,1,11,120007,10,0
"Arsenal: Lightforged Armaments",5714,0,97090,259,0,14018,0,1,11,120000,10,0
"Dawnfire Phoenix",5715,0,97195,322,0,0,0,1,11,120007,1640,0
"Vestments of Jan'alai's Chosen",5716,400,97683,0,396,13591,0,1,11,120100,2000,0
"Battlegear of Halazzi's Chosen",5717,3592,97684,0,396,13591,0,1,11,120100,2000,0
"Chainmail of Akil'zon's Chosen",5718,4164,97685,0,396,13591,0,1,11,120100,2000,0
"Warplate of Nalorakk's Chosen",5719,35,97686,0,396,13591,0,1,11,120100,2000,0
"Armaments of the Loa",5720,0,97687,257,0,13591,0,1,11,120100,2000,0
"Venomous Warmonger's Silk Armor",5721,400,0,273,401,13980,5716,1,11,120100,6100,0
"Venomous Warmonger's Leather Armor",5722,3592,0,273,401,13980,5717,1,11,120100,6100,0
"Venomous Warmonger's Chain Armor",5723,4164,0,273,401,13980,5718,1,11,120100,6100,0
"Venomous Warmonger's Plate Armor",5724,35,0,273,401,13980,5719,1,11,120100,6100,0
"Arsenal: Venomous Warmonger's Weapons",5725,0,0,273,0,13980,0,1,11,120100,6100,0
"Venomous Gladiator's Plate Armor",5727,1,0,272,401,13301,0,1,11,120100,6000,0
"Venomous Gladiator's Plate Armor",5728,1,0,19,0,0,0,1,11,120100,3820,0
"Venomous Gladiator's Plate Armor",5729,1,0,19,0,0,0,1,11,120100,3820,0
"Venomous Gladiator's Plate Armor",5730,1,0,19,0,0,0,1,11,120100,3820,0
"Venomous Gladiator's Plate Armor",5731,1,0,19,0,0,0,1,11,120100,3820,0
"Venomous Gladiator's Plate Armor",5732,1,0,19,0,0,0,1,11,120100,3820,0
"Venomous Gladiator's Plate Armor",5733,1,0,304,401,3859,5727,1,11,120100,6001,0
"Venomous Gladiator's Silk Armor",5734,256,0,272,401,13301,0,1,11,120100,6000,0
"Venomous Gladiator's Silk Armor",5735,256,0,19,0,0,0,1,11,120100,3820,0
"Venomous Gladiator's Silk Armor",5736,256,0,19,0,0,0,1,11,120100,3820,0
"Venomous Gladiator's Silk Armor",5737,256,0,19,0,0,0,1,11,120100,3820,0
"Venomous Gladiator's Silk Armor",5738,256,0,19,0,0,0,1,11,120100,3820,0
"Venomous Gladiator's Silk Armor",5739,256,0,19,0,0,0,1,11,120100,3820,0
"Venomous Gladiator's Silk Armor",5740,256,0,304,401,3859,5734,1,11,120100,6001,0
"Venomous Gladiator's Chain Armor",5741,64,0,272,401,13301,0,1,11,120100,6000,0
"Venomous Gladiator's Chain Armor",5742,64,0,19,0,0,0,1,11,120100,3820,0
"Venomous Gladiator's Chain Armor",5743,64,0,19,0,0,0,1,11,120100,3820,0
"Venomous Gladiator's Chain Armor",5744,64,0,19,0,0,0,1,11,120100,3820,0
"Venomous Gladiator's Chain Armor",5745,64,0,19,0,0,0,1,11,120100,3820,0
"Venomous Gladiator's Chain Armor",5746,64,0,19,0,0,0,1,11,120100,3820,0
"Venomous Gladiator's Chain Armor",5747,64,0,304,401,3859,5741,1,11,120100,6001,0
"Venomous Gladiator's Leather Armor",5748,8,0,272,401,13301,0,1,11,120100,6000,0
"Venomous Gladiator's Leather Armor",5749,8,0,19,0,0,0,1,11,120100,3820,0
"Venomous Gladiator's Leather Armor",5750,8,0,19,0,0,0,1,11,120100,3820,0
"Venomous Gladiator's Leather Armor",5751,8,0,19,0,0,0,1,11,120100,3820,0
"Venomous Gladiator's Leather Armor",5752,8,0,19,0,0,0,1,11,120100,3820,0
"Venomous Gladiator's Leather Armor",5753,8,0,19,0,0,0,1,11,120100,3820,0
"Venomous Gladiator's Leather Armor",5754,8,0,304,401,3859,5748,1,11,120100,6001,0
"Venomous Gladiator's Silk Armor",5755,16,0,272,401,13301,0,1,11,120100,6000,0
"Venomous Gladiator's Silk Armor",5756,16,0,19,0,0,0,1,11,120100,3820,0
"Venomous Gladiator's Silk Armor",5757,16,0,19,0,0,0,1,11,120100,3820,0
"Venomous Gladiator's Silk Armor",5758,16,0,19,0,0,0,1,11,120100,3820,0
"Venomous Gladiator's Silk Armor",5759,16,0,19,0,0,0,1,11,120100,3820,0
"Venomous Gladiator's Silk Armor",5760,16,0,19,0,0,0,1,11,120100,3820,0
"Venomous Gladiator's Silk Armor",5761,16,0,304,401,3859,5755,1,11,120100,6001,0
"Venomous Gladiator's Plate Armor",5762,2,0,272,401,13301,0,1,11,120100,6000,0
"Venomous Gladiator's Plate Armor",5763,2,0,19,0,0,0,1,11,120100,3820,0
"Venomous Gladiator's Plate Armor",5764,2,0,19,0,0,0,1,11,120100,3820,0
"Venomous Gladiator's Plate Armor",5765,2,0,19,0,0,0,1,11,120100,3820,0
"Venomous Gladiator's Plate Armor",5766,2,0,19,0,0,0,1,11,120100,3820,0
"Venomous Gladiator's Plate Armor",5767,2,0,19,0,0,0,1,11,120100,3820,0
"Venomous Gladiator's Plate Armor",5768,2,0,304,401,3859,5762,1,11,120100,6001,0
"Venomous Gladiator's Leather Armor",5769,512,0,272,401,13301,0,1,11,120100,6000,0
"Venomous Gladiator's Leather Armor",5770,512,0,19,0,0,0,1,11,120100,3820,0
"Venomous Gladiator's Leather Armor",5771,512,0,19,0,0,0,1,11,120100,3820,0
"Venomous Gladiator's Leather Armor",5772,512,0,19,0,0,0,1,11,120100,3820,0
"Venomous Gladiator's Leather Armor",5773,512,0,19,0,0,0,1,11,120100,3820,0
"Venomous Gladiator's Leather Armor",5774,512,0,19,0,0,0,1,11,120100,3820,0
"Venomous Gladiator's Leather Armor",5775,512,0,304,401,3859,5769,1,11,120100,6001,0
"Venomous Gladiator's Silk Armor",5776,128,0,272,401,13301,0,1,11,120100,6000,0
"Venomous Gladiator's Silk Armor",5777,128,0,19,0,0,0,1,11,120100,3820,0
"Venomous Gladiator's Silk Armor",5778,128,0,19,0,0,0,1,11,120100,3820,0
"Venomous Gladiator's Silk Armor",5779,128,0,19,0,0,0,1,11,120100,3820,0
"Venomous Gladiator's Silk Armor",5780,128,0,19,0,0,0,1,11,120100,3820,0
"Venomous Gladiator's Silk Armor",5781,128,0,19,0,0,0,1,11,120100,3820,0
"Venomous Gladiator's Silk Armor",5782,128,0,304,401,3859,5776,1,11,120100,6001,0
"Venomous Gladiator's Chain Armor",5783,4,0,272,401,13301,0,1,11,120100,6000,0
"Venomous Gladiator's Chain Armor",5784,4,0,19,0,0,0,1,11,120100,3820,0
"Venomous Gladiator's Chain Armor",5785,4,0,19,0,0,0,1,11,120100,3820,0
"Venomous Gladiator's Chain Armor",5786,4,0,19,0,0,0,1,11,120100,3820,0
"Venomous Gladiator's Chain Armor",5787,4,0,19,0,0,0,1,11,120100,3820,0
"Venomous Gladiator's Chain Armor",5788,4,0,19,0,0,0,1,11,120100,3820,0
"Venomous Gladiator's Chain Armor",5789,4,0,304,401,3859,5783,1,11,120100,6001,0
"Venomous Gladiator's Chain Armor",5790,4096,0,272,401,13301,0,1,11,120100,6000,0
"Venomous Gladiator's Chain Armor",5791,4096,0,19,0,0,0,1,11,120100,3820,0
"Venomous Gladiator's Chain Armor",5792,4096,0,19,0,0,0,1,11,120100,3820,0
"Venomous Gladiator's Chain Armor",5793,4096,0,19,0,0,0,1,11,120100,3820,0
"Venomous Gladiator's Chain Armor",5794,4096,0,19,0,0,0,1,11,120100,3820,0
"Venomous Gladiator's Chain Armor",5795,4096,0,19,0,0,0,1,11,120100,3820,0
"Venomous Gladiator's Chain Armor",5796,4096,0,304,401,3859,5790,1,11,120100,6001,0
"Venomous Gladiator's Tabard",5797,0,0,19,0,0,0,1,11,120100,10,0
"Venomous Gladiator's Leather Armor",5799,1024,0,272,401,13301,0,1,11,120100,6000,0
"Venomous Gladiator's Leather Armor",5800,1024,0,19,0,0,0,1,11,120100,3820,0
"Venomous Gladiator's Leather Armor",5801,1024,0,19,0,0,0,1,11,120100,3820,0
"Venomous Gladiator's Leather Armor",5802,1024,0,19,0,0,0,1,11,120100,3820,0
"Venomous Gladiator's Leather Armor",5803,1024,0,19,0,0,0,1,11,120100,3820,0
"Venomous Gladiator's Leather Armor",5804,1024,0,19,0,0,0,1,11,120100,3820,0
"Venomous Gladiator's Leather Armor",5805,1024,0,304,401,3859,5799,1,11,120100,6001,0
"Venomous Gladiator's Leather Armor",5806,2048,0,272,401,13301,0,1,11,120100,6000,0
"Venomous Gladiator's Leather Armor",5807,2048,0,19,0,0,0,1,11,120100,3820,0
"Venomous Gladiator's Leather Armor",5808,2048,0,19,0,0,0,1,11,120100,3820,0
"Venomous Gladiator's Leather Armor",5809,2048,0,19,0,0,0,1,11,120100,3820,0
"Venomous Gladiator's Leather Armor",5810,2048,0,19,0,0,0,1,11,120100,3820,0
"Venomous Gladiator's Leather Armor",5811,2048,0,19,0,0,0,1,11,120100,3820,0
"Venomous Gladiator's Leather Armor",5812,2048,0,304,401,3859,5806,1,11,120100,6001,0
"Venomous Gladiator's Plate Armor",5813,32,0,272,401,13301,0,1,11,120100,6000,0
"Venomous Gladiator's Plate Armor",5814,32,0,19,0,0,0,1,11,120100,3820,0
"Venomous Gladiator's Plate Armor",5815,32,0,19,0,0,0,1,11,120100,3820,0
"Venomous Gladiator's Plate Armor",5816,32,0,19,0,0,0,1,11,120100,3820,0
"Venomous Gladiator's Plate Armor",5817,32,0,19,0,0,0,1,11,120100,3820,0
"Venomous Gladiator's Plate Armor",5818,32,0,19,0,0,0,1,11,120100,3820,0
"Venomous Gladiator's Plate Armor",5819,32,0,304,401,3859,5813,1,11,120100,6001,0
"Arsenal: Venomous Gladiator's Weapons",5820,0,0,275,0,0,0,1,11,120100,5840,0
"Arsenal: Elite Venomous Gladiator's Weapons",5821,0,0,275,0,0,0,1,11,120100,10,0
"Arsenal: Venomous Aspirant's Weapons",5822,0,0,273,0,0,0,1,11,120100,5450,0
"Venomous Skirmisher's Silk Armor",5823,400,0,272,401,14478,5716,1,11,120100,5450,0
"Venomous Skirmisher's Leather Armor",5824,3592,0,272,401,14478,5717,1,11,120100,5450,0
"Venomous Skirmisher's Chain Armor",5825,4164,0,272,401,14478,5718,1,11,120100,5450,0
"Venomous Skirmisher's Plate Armor",5826,35,0,272,401,14478,5719,1,11,120100,5450,0
"Venom-Cursed Dragonhawk's Raiment",5827,400,98014,0,397,13988,5716,1,11,120100,3000,0
"Venom-Cursed Lynx's Garb",5828,3592,98018,0,398,13988,5717,1,11,120100,3000,0
"Venom-Cursed Eagle's Scales",5829,4164,98019,0,399,13988,5718,1,11,120100,3000,0
"Venom-Cursed Bear's Guard",5830,35,98022,0,400,13988,5719,1,11,120100,3000,0
"Preyhunter's Polished Armor",5831,35,0,0,403,14362,5719,1,11,120100,3000,0
"Preyhunter's Rugged Armor",5832,4164,0,0,403,14362,5718,1,11,120100,3000,0
"Preyhunter's Sleek Armor",5833,3592,0,0,403,14362,5717,1,11,120100,3000,0
"Preyhunter's Refined Armor",5834,400,0,0,403,14362,5716,1,11,120100,3000,0
"Preyseeker's Lost Armaments",5835,0,0,257,0,14362,0,1,11,120000,2000,0
"Preyhunter's Lost Armaments",5836,0,0,257,0,14362,0,1,11,120100,2000,0
"Baleful Grave-Knight's Crucible",5837,32,0,512,404,1641,5838,1,11,120100,7000,0
"Baleful Grave-Knight's Crucible",5838,32,0,512,404,13193,0,1,11,120100,7001,0
"Baleful Grave-Knight's Crucible",5839,32,0,512,404,2015,5838,1,11,120100,7002,0
"Baleful Grave-Knight's Crucible",5840,32,0,0,404,13145,5838,1,11,120100,7003,0
"Abyssal Doomhound's Pursuit",5841,2048,0,512,404,1641,5842,1,11,120100,7000,0
"Abyssal Doomhound's Pursuit",5842,2048,0,512,404,13193,0,1,11,120100,7001,0
"Abyssal Doomhound's Pursuit",5843,2048,0,512,404,2015,5842,1,11,120100,7002,0
"Abyssal Doomhound's Pursuit",5844,2048,0,0,404,13145,5842,1,11,120100,7003,0
"Bark of the Enigmatic Dreamwatcher",5845,1024,0,512,404,1641,5846,1,11,120100,7000,0
"Bark of the Enigmatic Dreamwatcher",5846,1024,0,512,404,13193,0,1,11,120100,7001,0
"Bark of the Enigmatic Dreamwatcher",5847,1024,0,512,404,2015,5846,1,11,120100,7002,0
"Bark of the Enigmatic Dreamwatcher",5848,1024,0,0,404,13145,5846,1,11,120100,7003,0
"Echo of Calamity",5849,4096,0,512,404,1641,5850,1,11,120100,7000,0
"Echo of Calamity",5850,4096,0,512,404,13193,0,1,11,120100,7001,0
"Echo of Calamity",5851,4096,0,512,404,2015,5850,1,11,120100,7002,0
"Echo of Calamity",5852,4096,0,0,404,13145,5850,1,11,120100,7003,0
"Skulking Viper's Ambush",5853,4,0,512,404,1641,5854,1,11,120100,7000,0
"Skulking Viper's Ambush",5854,4,0,512,404,13193,0,1,11,120100,7001,0
"Skulking Viper's Ambush",5855,4,0,512,404,2015,5854,1,11,120100,7002,0
"Skulking Viper's Ambush",5856,4,0,0,404,13145,5854,1,11,120100,7003,0
"Primal Leywarden's Attire",5857,128,0,512,404,1641,5858,1,11,120100,7000,0
"Primal Leywarden's Attire",5858,128,0,512,404,13193,0,1,11,120100,7001,0
"Primal Leywarden's Attire",5859,128,0,512,404,2015,5858,1,11,120100,7002,0
"Primal Leywarden's Attire",5860,128,0,0,404,13145,5858,1,11,120100,7003,0
"Guile of the Monkey King",5861,512,0,512,404,1641,5862,1,11,120100,7000,0
"Guile of the Monkey King",5862,512,0,512,404,13193,0,1,11,120100,7001,0
"Guile of the Monkey King",5863,512,0,512,404,2015,5862,1,11,120100,7002,0
"Guile of the Monkey King",5864,512,0,0,404,13145,5862,1,11,120100,7003,0
"Radiance of the Consecrated Flame",5865,2,0,512,404,1641,5866,1,11,120100,7000,0
"Radiance of the Consecrated Flame",5866,2,0,512,404,13193,0,1,11,120100,7001,0
"Radiance of the Consecrated Flame",5867,2,0,512,404,2015,5866,1,11,120100,7002,0
"Radiance of the Consecrated Flame",5868,2,0,0,404,13145,5866,1,11,120100,7003,0
"Cosmic Penitent's Raiment",5869,16,0,512,404,1641,5870,1,11,120100,7000,0
"Cosmic Penitent's Raiment",5870,16,0,512,404,13193,0,1,11,120100,7001,0
"Cosmic Penitent's Raiment",5871,16,0,512,404,2015,5870,1,11,120100,7002,0
"Cosmic Penitent's Raiment",5872,16,0,0,404,13145,5870,1,11,120100,7003,0
"Chosen Bloodslayer's Hexweave",5873,8,0,512,404,1641,5874,1,11,120100,7000,0
"Chosen Bloodslayer's Hexweave",5874,8,0,512,404,13193,0,1,11,120100,7001,0
"Chosen Bloodslayer's Hexweave",5875,8,0,512,404,2015,5874,1,11,120100,7002,0
"Chosen Bloodslayer's Hexweave",5876,8,0,0,404,13145,5874,1,11,120100,7003,0
"Ophidian Oracle's Prophecy",5877,64,0,512,404,1641,5878,1,11,120100,7000,0
"Ophidian Oracle's Prophecy",5878,64,0,512,404,13193,0,1,11,120100,7001,0
"Ophidian Oracle's Prophecy",5879,64,0,512,404,2015,5878,1,11,120100,7002,0
"Ophidian Oracle's Prophecy",5880,64,0,0,404,13145,5878,1,11,120100,7003,0
"Damned Necrolyte's Shattered Restraints",5881,256,0,512,404,1641,5882,1,11,120100,7000,0
"Damned Necrolyte's Shattered Restraints",5882,256,0,512,404,13193,0,1,11,120100,7001,0
"Damned Necrolyte's Shattered Restraints",5883,256,0,512,404,2015,5882,1,11,120100,7002,0
"Damned Necrolyte's Shattered Restraints",5884,256,0,0,404,13145,5882,1,11,120100,7003,0
"Jade Warlord's Dominion",5885,1,0,512,404,1641,5886,1,11,120100,7000,0
"Jade Warlord's Dominion",5886,1,0,512,404,13193,0,1,11,120100,7001,0
"Jade Warlord's Dominion",5887,1,0,512,404,2015,5886,1,11,120100,7002,0
"Jade Warlord's Dominion",5888,1,0,0,404,13145,5886,1,11,120100,7003,0
"Ravenholdt Assassin's Attire",5889,0,97750,258,405,13966,0,1,11,120100,10,0
"Thornshadow Assassin's Attire",5890,0,97762,258,405,13968,5889,1,11,120100,10,0
"Bloodfang Assassin's Attire",5891,0,97766,258,405,13965,5889,1,11,120100,10,0
"Moonlit Assassin's Attire",5892,0,97767,258,405,14120,5889,1,11,120100,10,0
"Flamebeak Vestments",5893,400,0,0,409,14405,5716,1,11,120100,2000,0
"Shadowclaw Leathers",5894,3592,0,0,409,14405,5717,1,11,120100,2000,0
"Skytalon Chainmail",5895,4164,0,0,409,14405,5718,1,11,120100,2000,0
"Stonehide Plate",5896,35,0,0,409,14405,5719,1,11,120100,2000,0
"Mogu Masks",5897,0,97845,259,0,0,0,1,11,120100,10,0
"Pyrewalker's Panoply",5898,400,97846,256,408,14174,5716,1,11,120100,2060,0
"Witch Masks",5899,0,97849,259,0,0,0,1,11,120100,10,0
"Miststalker's Harness",5900,3592,97848,256,408,14174,5717,1,11,120100,2060,0
"Galerider's Battlegear",5901,4164,97851,256,408,14174,5718,1,11,120100,2060,0
"Pledgebearer's Warplate",5902,35,97852,256,408,14174,5719,1,11,120100,2060,0
"Tol'vir Masks",5903,0,97874,259,0,0,0,1,11,120100,10,0
"Abomination Masks",5904,0,97875,259,0,0,0,1,11,120100,10,0
"Amani Weaponry",5905,0,97853,257,408,14174,0,1,11,120100,2060,0
"Sha Masks",5906,0,97876,259,0,0,0,1,11,120100,10,0
"Treant Masks",5907,0,97877,259,0,0,0,1,11,120100,10,0
"Wintry Witchwick",5908,0,97912,258,410,13967,0,1,11,120100,10,0
"Mossy Witchwick",5909,0,97962,258,410,13968,5908,1,11,120100,10,0
"Moonlit Witchwick",5910,0,97966,258,410,14245,5908,1,11,120100,10,0
"Scarlet Witchwick",5911,0,97974,258,410,13965,5908,1,11,120100,10,0
"Autumnal Witchwick",5912,0,97975,258,410,14097,5908,1,11,120100,10,0
"Blushing Witchwick",5913,0,97976,258,410,14151,5908,1,11,120100,10,0
"Venom-Cursed Arms",5915,0,98066,257,0,13988,0,1,11,120100,4000,0
"[DNT] 12.1 Mythic VFX Unlock - All Items",5916,0,98217,259,0,0,0,1,11,120100,5710,0
"Scout Team Seven Weapons",5927,0,98460,1,0,0,0,1,11,120100,2000,0
"Scout Team Seven Quiver",5928,0,0,1,0,0,0,1,11,120100,2000,0
"Azshara's Darkscale Raiment",5667,0,95545,258,388,13965,0,1,11,120005,10,0
"Azshara's Deepscale Raiment",5668,0,95546,258,388,14120,5667,1,11,120005,10,0
"Varian's Azure Dragon Attire",5705,0,96144,258,0,14130,0,1,11,120007,10,0
